-130.0000000000,-32.5000000000,0.0000000000
-127.0787829022,-32.5000000000,0.0000000000
-124.1575658043,-32.5000000000,0.0000000000
-121.0902878516,-32.5000000000,0.0000000000
-118.0230098988,-32.5000000000,0.0000000000
-114.8023680484,-32.5000000000,0.0000000000
-111.5817261981,-32.5000000000,0.0000000000
-108.2000522552,-32.5000000000,0.0000000000
-104.8183783123,-32.5000000000,0.0000000000
-101.2676206722,-32.5000000000,0.0000000000
-97.7168630322,-32.5000000000,0.0000000000
-93.9885675101,-32.5000000000,0.0000000000
-90.2602719881,-32.5000000000,0.0000000000
-86.3455616899,-32.5000000000,0.0000000000
-82.4308513918,-32.5000000000,0.0000000000
-78.3204055787,-32.5000000000,0.0000000000
-74.2099597657,-32.5000000000,0.0000000000
-69.8939916620,-32.5000000000,0.0000000000
-65.5780235583,-32.5000000000,0.0000000000
-61.0462570494,-32.5000000000,0.0000000000
-56.5144905405,-32.5000000000,0.0000000000
-51.7561357061,-32.5000000000,0.0000000000
-46.9977808718,-32.5000000000,0.0000000000
-42.0015082958,-32.5000000000,0.0000000000
-37.0052357197,-32.5000000000,0.0000000000
-31.7591495148,-32.5000000000,0.0000000000
-26.5130633100,-32.5000000000,0.0000000000
-21.0046727949,-32.5000000000,0.0000000000
-15.4962822798,-32.5000000000,0.0000000000
-9.7124722389,-32.5000000000,0.0000000000
-3.9286621981,-32.5000000000,0.0000000000
2.1443383448,-32.5000000000,0.0000000000
8.2173388877,-32.5000000000,0.0000000000
14.5939894578,-32.5000000000,0.0000000000
20.9706400278,-32.5000000000,0.0000000000
27.6661231263,-32.5000000000,0.0000000000
34.3616062249,-32.5000000000,0.0000000000
41.3918634784,-32.5000000000,0.0000000000
48.4221207318,-32.5000000000,0.0000000000
55.8038908480,-32.5000000000,0.0000000000
63.1856609641,-32.5000000000,0.0000000000
70.9365195861,-32.5000000000,0.0000000000
78.6873782080,-32.5000000000,0.0000000000
86.8257797611,-32.5000000000,0.0000000000
94.9641813141,-32.5000000000,0.0000000000
103.5095029448,-32.5000000000,0.0000000000
112.0548245755,-32.5000000000,0.0000000000
121.0274122878,-32.5000000000,0.0000000000
130.0000000000,-32.5000000000,0.0000000000
-130.0000000000,-31.5151515152,0.0000000000
-127.0787829022,-31.5151515152,0.0000000000
-124.1575658043,-31.5151515152,0.0000000000
-121.0902878516,-31.5151515152,0.0000000000
-118.0230098988,-31.5151515152,0.0000000000
-114.8023680484,-31.5151515152,0.0000000000
-111.5817261981,-31.5151515152,0.0000000000
-108.2000522552,-31.5151515152,0.0000000000
-104.8183783123,-31.5151515152,0.0000000000
-101.2676206722,-31.5151515152,0.0000000000
-97.7168630322,-31.5151515152,0.0000000000
-93.9885675101,-31.5151515152,0.0000000000
-90.2602719881,-31.5151515152,0.0000000000
-86.3455616899,-31.5151515152,0.0000000000
-82.4308513918,-31.5151515152,0.0000000000
-78.3204055787,-31.5151515152,0.0000000000
-74.2099597657,-31.5151515152,0.0000000000
-69.8939916620,-31.5151515152,0.0000000000
-65.5780235583,-31.5151515152,0.0000000000
-61.0462570494,-31.5151515152,0.0000000000
-56.5144905405,-31.5151515152,0.0000000000
-51.7561357061,-31.5151515152,0.0000000000
-46.9977808718,-31.5151515152,0.0000000000
-42.0015082958,-31.5151515152,0.0000000000
-37.0052357197,-31.5151515152,0.0000000000
-31.7591495148,-31.5151515152,0.0000000000
-26.5130633100,-31.5151515152,0.0000000000
-21.0046727949,-31.5151515152,0.0000000000
-15.4962822798,-31.5151515152,0.0000000000
-9.7124722389,-31.5151515152,0.0000000000
-3.9286621981,-31.5151515152,0.0000000000
2.1443383448,-31.5151515152,0.0000000000
8.2173388877,-31.5151515152,0.0000000000
14.5939894578,-31.5151515152,0.0000000000
20.9706400278,-31.5151515152,0.0000000000
27.6661231263,-31.5151515152,0.0000000000
34.3616062249,-31.5151515152,0.0000000000
41.3918634784,-31.5151515152,0.0000000000
48.4221207318,-31.5151515152,0.0000000000
55.8038908480,-31.5151515152,0.0000000000
63.1856609641,-31.5151515152,0.0000000000
70.9365195861,-31.5151515152,0.0000000000
78.6873782080,-31.5151515152,0.0000000000
86.8257797611,-31.5151515152,0.0000000000
94.9641813141,-31.5151515152,0.0000000000
103.5095029448,-31.5151515152,0.0000000000
112.0548245755,-31.5151515152,0.0000000000
121.0274122878,-31.5151515152,0.0000000000
130.0000000000,-31.5151515152,0.0000000000
-130.0000000000,-30.5303030303,0.0000000000
-127.0787829022,-30.5303030303,0.0000000000
-124.1575658043,-30.5303030303,0.0000000000
-121.0902878516,-30.5303030303,0.0000000000
-118.0230098988,-30.5303030303,0.0000000000
-114.8023680484,-30.5303030303,0.0000000000
-111.5817261981,-30.5303030303,0.0000000000
-108.2000522552,-30.5303030303,0.0000000000
-104.8183783123,-30.5303030303,0.0000000000
-101.2676206722,-30.5303030303,0.0000000000
-97.7168630322,-30.5303030303,0.0000000000
-93.9885675101,-30.5303030303,0.0000000000
-90.2602719881,-30.5303030303,0.0000000000
-86.3455616899,-30.5303030303,0.0000000000
-82.4308513918,-30.5303030303,0.0000000000
-78.3204055787,-30.5303030303,0.0000000000
-74.2099597657,-30.5303030303,0.0000000000
-69.8939916620,-30.5303030303,0.0000000000
-65.5780235583,-30.5303030303,0.0000000000
-61.0462570494,-30.5303030303,0.0000000000
-56.5144905405,-30.5303030303,0.0000000000
-51.7561357061,-30.5303030303,0.0000000000
-46.9977808718,-30.5303030303,0.0000000000
-42.0015082958,-30.5303030303,0.0000000000
-37.0052357197,-30.5303030303,0.0000000000
-31.7591495148,-30.5303030303,0.0000000000
-26.5130633100,-30.5303030303,0.0000000000
-21.0046727949,-30.5303030303,0.0000000000
-15.4962822798,-30.5303030303,0.0000000000
-9.7124722389,-30.5303030303,0.0000000000
-3.9286621981,-30.5303030303,0.0000000000
2.1443383448,-30.5303030303,0.0000000000
8.2173388877,-30.5303030303,0.0000000000
14.5939894578,-30.5303030303,0.0000000000
20.9706400278,-30.5303030303,0.0000000000
27.6661231263,-30.5303030303,0.0000000000
34.3616062249,-30.5303030303,0.0000000000
41.3918634784,-30.5303030303,0.0000000000
48.4221207318,-30.5303030303,0.0000000000
55.8038908480,-30.5303030303,0.0000000000
63.1856609641,-30.5303030303,0.0000000000
70.9365195861,-30.5303030303,0.0000000000
78.6873782080,-30.5303030303,0.0000000000
86.8257797611,-30.5303030303,0.0000000000
94.9641813141,-30.5303030303,0.0000000000
103.5095029448,-30.5303030303,0.0000000000
112.0548245755,-30.5303030303,0.0000000000
121.0274122878,-30.5303030303,0.0000000000
130.0000000000,-30.5303030303,0.0000000000
-130.0000000000,-29.5454545455,0.0000000000
-127.0787829022,-29.5454545455,0.0000000000
-124.1575658043,-29.5454545455,0.0000000000
-121.0902878516,-29.5454545455,0.0000000000
-118.0230098988,-29.5454545455,0.0000000000
-114.8023680484,-29.5454545455,0.0000000000
-111.5817261981,-29.5454545455,0.0000000000
-108.2000522552,-29.5454545455,0.0000000000
-104.8183783123,-29.5454545455,0.0000000000
-101.2676206722,-29.5454545455,0.0000000000
-97.7168630322,-29.5454545455,0.0000000000
-93.9885675101,-29.5454545455,0.0000000000
-90.2602719881,-29.5454545455,0.0000000000
-86.3455616899,-29.5454545455,0.0000000000
-82.4308513918,-29.5454545455,0.0000000000
-78.3204055787,-29.5454545455,0.0000000000
-74.2099597657,-29.5454545455,0.0000000000
-69.8939916620,-29.5454545455,0.0000000000
-65.5780235583,-29.5454545455,0.0000000000
-61.0462570494,-29.5454545455,0.0000000000
-56.5144905405,-29.5454545455,0.0000000000
-51.7561357061,-29.5454545455,0.0000000000
-46.9977808718,-29.5454545455,0.0000000000
-42.0015082958,-29.5454545455,0.0000000000
-37.0052357197,-29.5454545455,0.0000000000
-31.7591495148,-29.5454545455,0.0000000000
-26.5130633100,-29.5454545455,0.0000000000
-21.0046727949,-29.5454545455,0.0000000000
-15.4962822798,-29.5454545455,0.0000000000
-9.7124722389,-29.5454545455,0.0000000000
-3.9286621981,-29.5454545455,0.0000000000
2.1443383448,-29.5454545455,0.0000000000
8.2173388877,-29.5454545455,0.0000000000
14.5939894578,-29.5454545455,0.0000000000
20.9706400278,-29.5454545455,0.0000000000
27.6661231263,-29.5454545455,0.0000000000
34.3616062249,-29.5454545455,0.0000000000
41.3918634784,-29.5454545455,0.0000000000
48.4221207318,-29.5454545455,0.0000000000
55.8038908480,-29.5454545455,0.0000000000
63.1856609641,-29.5454545455,0.0000000000
70.9365195861,-29.5454545455,0.0000000000
78.6873782080,-29.5454545455,0.0000000000
86.8257797611,-29.5454545455,0.0000000000
94.9641813141,-29.5454545455,0.0000000000
103.5095029448,-29.5454545455,0.0000000000
112.0548245755,-29.5454545455,0.0000000000
121.0274122878,-29.5454545455,0.0000000000
130.0000000000,-29.5454545455,0.0000000000
-130.0000000000,-28.5606060606,0.0000000000
-127.0787829022,-28.5606060606,0.0000000000
-124.1575658043,-28.5606060606,0.0000000000
-121.0902878516,-28.5606060606,0.0000000000
-118.0230098988,-28.5606060606,0.0000000000
-114.8023680484,-28.5606060606,0.0000000000
-111.5817261981,-28.5606060606,0.0000000000
-108.2000522552,-28.5606060606,0.0000000000
-104.8183783123,-28.5606060606,0.0000000000
-101.2676206722,-28.5606060606,0.0000000000
-97.7168630322,-28.5606060606,0.0000000000
-93.9885675101,-28.5606060606,0.0000000000
-90.2602719881,-28.5606060606,0.0000000000
-86.3455616899,-28.5606060606,0.0000000000
-82.4308513918,-28.5606060606,0.0000000000
-78.3204055787,-28.5606060606,0.0000000000
-74.2099597657,-28.5606060606,0.0000000000
-69.8939916620,-28.5606060606,0.0000000000
-65.5780235583,-28.5606060606,0.0000000000
-61.0462570494,-28.5606060606,0.0000000000
-56.5144905405,-28.5606060606,0.0000000000
-51.7561357061,-28.5606060606,0.0000000000
-46.9977808718,-28.5606060606,0.0000000000
-42.0015082958,-28.5606060606,0.0000000000
-37.0052357197,-28.5606060606,0.0000000000
-31.7591495148,-28.5606060606,0.0000000000
-26.5130633100,-28.5606060606,0.0000000000
-21.0046727949,-28.5606060606,0.0000000000
-15.4962822798,-28.5606060606,0.0000000000
-9.7124722389,-28.5606060606,0.0000000000
-3.9286621981,-28.5606060606,0.0000000000
2.1443383448,-28.5606060606,0.0000000000
8.2173388877,-28.5606060606,0.0000000000
14.5939894578,-28.5606060606,0.0000000000
20.9706400278,-28.5606060606,0.0000000000
27.6661231263,-28.5606060606,0.0000000000
34.3616062249,-28.5606060606,0.0000000000
41.3918634784,-28.5606060606,0.0000000000
48.4221207318,-28.5606060606,0.0000000000
55.8038908480,-28.5606060606,0.0000000000
63.1856609641,-28.5606060606,0.0000000000
70.9365195861,-28.5606060606,0.0000000000
78.6873782080,-28.5606060606,0.0000000000
86.8257797611,-28.5606060606,0.0000000000
94.9641813141,-28.5606060606,0.0000000000
103.5095029448,-28.5606060606,0.0000000000
112.0548245755,-28.5606060606,0.0000000000
121.0274122878,-28.5606060606,0.0000000000
130.0000000000,-28.5606060606,0.0000000000
-130.0000000000,-27.5757575758,0.0000000000
-127.0787829022,-27.5757575758,0.0000000000
-124.1575658043,-27.5757575758,0.0000000000
-121.0902878516,-27.5757575758,0.0000000000
-118.0230098988,-27.5757575758,0.0000000000
-114.8023680484,-27.5757575758,0.0000000000
-111.5817261981,-27.5757575758,0.0000000000
-108.2000522552,-27.5757575758,0.0000000000
-104.8183783123,-27.5757575758,0.0000000000
-101.2676206722,-27.5757575758,0.0000000000
-97.7168630322,-27.5757575758,0.0000000000
-93.9885675101,-27.5757575758,0.0000000000
-90.2602719881,-27.5757575758,0.0000000000
-86.3455616899,-27.5757575758,0.0000000000
-82.4308513918,-27.5757575758,0.0000000000
-78.3204055787,-27.5757575758,0.0000000000
-74.2099597657,-27.5757575758,0.0000000000
-69.8939916620,-27.5757575758,0.0000000000
-65.5780235583,-27.5757575758,0.0000000000
-61.0462570494,-27.5757575758,0.0000000000
-56.5144905405,-27.5757575758,0.0000000000
-51.7561357061,-27.5757575758,0.0000000000
-46.9977808718,-27.5757575758,0.0000000000
-42.0015082958,-27.5757575758,0.0000000000
-37.0052357197,-27.5757575758,0.0000000000
-31.7591495148,-27.5757575758,0.0000000000
-26.5130633100,-27.5757575758,0.0000000000
-21.0046727949,-27.5757575758,0.0000000000
-15.4962822798,-27.5757575758,0.0000000000
-9.7124722389,-27.5757575758,0.0000000000
-3.9286621981,-27.5757575758,0.0000000000
2.1443383448,-27.5757575758,0.0000000000
8.2173388877,-27.5757575758,0.0000000000
14.5939894578,-27.5757575758,0.0000000000
20.9706400278,-27.5757575758,0.0000000000
27.6661231263,-27.5757575758,0.0000000000
34.3616062249,-27.5757575758,0.0000000000
41.3918634784,-27.5757575758,0.0000000000
48.4221207318,-27.5757575758,0.0000000000
55.8038908480,-27.5757575758,0.0000000000
63.1856609641,-27.5757575758,0.0000000000
70.9365195861,-27.5757575758,0.0000000000
78.6873782080,-27.5757575758,0.0000000000
86.8257797611,-27.5757575758,0.0000000000
94.9641813141,-27.5757575758,0.0000000000
103.5095029448,-27.5757575758,0.0000000000
112.0548245755,-27.5757575758,0.0000000000
121.0274122878,-27.5757575758,0.0000000000
130.0000000000,-27.5757575758,0.0000000000
-130.0000000000,-26.5909090909,0.0000000000
-127.0787829022,-26.5909090909,0.0000000000
-124.1575658043,-26.5909090909,0.0000000000
-121.0902878516,-26.5909090909,0.0000000000
-118.0230098988,-26.5909090909,0.0000000000
-114.8023680484,-26.5909090909,0.0000000000
-111.5817261981,-26.5909090909,0.0000000000
-108.2000522552,-26.5909090909,0.0000000000
-104.8183783123,-26.5909090909,0.0000000000
-101.2676206722,-26.5909090909,0.0000000000
-97.7168630322,-26.5909090909,0.0000000000
-93.9885675101,-26.5909090909,0.0000000000
-90.2602719881,-26.5909090909,0.0000000000
-86.3455616899,-26.5909090909,0.0000000000
-82.4308513918,-26.5909090909,0.0000000000
-78.3204055787,-26.5909090909,0.0000000000
-74.2099597657,-26.5909090909,0.0000000000
-69.8939916620,-26.5909090909,0.0000000000
-65.5780235583,-26.5909090909,0.0000000000
-61.0462570494,-26.5909090909,0.0000000000
-56.5144905405,-26.5909090909,0.0000000000
-51.7561357061,-26.5909090909,0.0000000000
-46.9977808718,-26.5909090909,0.0000000000
-42.0015082958,-26.5909090909,0.0000000000
-37.0052357197,-26.5909090909,0.0000000000
-31.7591495148,-26.5909090909,0.0000000000
-26.5130633100,-26.5909090909,0.0000000000
-21.0046727949,-26.5909090909,0.0000000000
-15.4962822798,-26.5909090909,0.0000000000
-9.7124722389,-26.5909090909,0.0000000000
-3.9286621981,-26.5909090909,0.0000000000
2.1443383448,-26.5909090909,0.0000000000
8.2173388877,-26.5909090909,0.0000000000
14.5939894578,-26.5909090909,0.0000000000
20.9706400278,-26.5909090909,0.0000000000
27.6661231263,-26.5909090909,0.0000000000
34.3616062249,-26.5909090909,0.0000000000
41.3918634784,-26.5909090909,0.0000000000
48.4221207318,-26.5909090909,0.0000000000
55.8038908480,-26.5909090909,0.0000000000
63.1856609641,-26.5909090909,0.0000000000
70.9365195861,-26.5909090909,0.0000000000
78.6873782080,-26.5909090909,0.0000000000
86.8257797611,-26.5909090909,0.0000000000
94.9641813141,-26.5909090909,0.0000000000
103.5095029448,-26.5909090909,0.0000000000
112.0548245755,-26.5909090909,0.0000000000
121.0274122878,-26.5909090909,0.0000000000
130.0000000000,-26.5909090909,0.0000000000
-130.0000000000,-25.6060606061,0.0000000000
-127.0787829022,-25.6060606061,0.0000000000
-124.1575658043,-25.6060606061,0.0000000000
-121.0902878516,-25.6060606061,0.0000000000
-118.0230098988,-25.6060606061,0.0000000000
-114.8023680484,-25.6060606061,0.0000000000
-111.5817261981,-25.6060606061,0.0000000000
-108.2000522552,-25.6060606061,0.0000000000
-104.8183783123,-25.6060606061,0.0000000000
-101.2676206722,-25.6060606061,0.0000000000
-97.7168630322,-25.6060606061,0.0000000000
-93.9885675101,-25.6060606061,0.0000000000
-90.2602719881,-25.6060606061,0.0000000000
-86.3455616899,-25.6060606061,0.0000000000
-82.4308513918,-25.6060606061,0.0000000000
-78.3204055787,-25.6060606061,0.0000000000
-74.2099597657,-25.6060606061,0.0000000000
-69.8939916620,-25.6060606061,0.0000000000
-65.5780235583,-25.6060606061,0.0000000000
-61.0462570494,-25.6060606061,0.0000000000
-56.5144905405,-25.6060606061,0.0000000000
-51.7561357061,-25.6060606061,0.0000000000
-46.9977808718,-25.6060606061,0.0000000000
-42.0015082958,-25.6060606061,0.0000000000
-37.0052357197,-25.6060606061,0.0000000000
-31.7591495148,-25.6060606061,0.0000000000
-26.5130633100,-25.6060606061,0.0000000000
-21.0046727949,-25.6060606061,0.0000000000
-15.4962822798,-25.6060606061,0.0000000000
-9.7124722389,-25.6060606061,0.0000000000
-3.9286621981,-25.6060606061,0.0000000000
2.1443383448,-25.6060606061,0.0000000000
8.2173388877,-25.6060606061,0.0000000000
14.5939894578,-25.6060606061,0.0000000000
20.9706400278,-25.6060606061,0.0000000000
27.6661231263,-25.6060606061,0.0000000000
34.3616062249,-25.6060606061,0.0000000000
41.3918634784,-25.6060606061,0.0000000000
48.4221207318,-25.6060606061,0.0000000000
55.8038908480,-25.6060606061,0.0000000000
63.1856609641,-25.6060606061,0.0000000000
70.9365195861,-25.6060606061,0.0000000000
78.6873782080,-25.6060606061,0.0000000000
86.8257797611,-25.6060606061,0.0000000000
94.9641813141,-25.6060606061,0.0000000000
103.5095029448,-25.6060606061,0.0000000000
112.0548245755,-25.6060606061,0.0000000000
121.0274122878,-25.6060606061,0.0000000000
130.0000000000,-25.6060606061,0.0000000000
-130.0000000000,-24.6212121212,0.0000000000
-127.0787829022,-24.6212121212,0.0000000000
-124.1575658043,-24.6212121212,0.0000000000
-121.0902878516,-24.6212121212,0.0000000000
-118.0230098988,-24.6212121212,0.0000000000
-114.8023680484,-24.6212121212,0.0000000000
-111.5817261981,-24.6212121212,0.0000000000
-108.2000522552,-24.6212121212,0.0000000000
-104.8183783123,-24.6212121212,0.0000000000
-101.2676206722,-24.6212121212,0.0000000000
-97.7168630322,-24.6212121212,0.0000000000
-93.9885675101,-24.6212121212,0.0000000000
-90.2602719881,-24.6212121212,0.0000000000
-86.3455616899,-24.6212121212,0.0000000000
-82.4308513918,-24.6212121212,0.0000000000
-78.3204055787,-24.6212121212,0.0000000000
-74.2099597657,-24.6212121212,0.0000000000
-69.8939916620,-24.6212121212,0.0000000000
-65.5780235583,-24.6212121212,0.0000000000
-61.0462570494,-24.6212121212,0.0000000000
-56.5144905405,-24.6212121212,0.0000000000
-51.7561357061,-24.6212121212,0.0000000000
-46.9977808718,-24.6212121212,0.0000000000
-42.0015082958,-24.6212121212,0.0000000000
-37.0052357197,-24.6212121212,0.0000000000
-31.7591495148,-24.6212121212,0.0000000000
-26.5130633100,-24.6212121212,0.0000000000
-21.0046727949,-24.6212121212,0.0000000000
-15.4962822798,-24.6212121212,0.0000000000
-9.7124722389,-24.6212121212,0.0000000000
-3.9286621981,-24.6212121212,0.0000000000
2.1443383448,-24.6212121212,0.0000000000
8.2173388877,-24.6212121212,0.0000000000
14.5939894578,-24.6212121212,0.0000000000
20.9706400278,-24.6212121212,0.0000000000
27.6661231263,-24.6212121212,0.0000000000
34.3616062249,-24.6212121212,0.0000000000
41.3918634784,-24.6212121212,0.0000000000
48.4221207318,-24.6212121212,0.0000000000
55.8038908480,-24.6212121212,0.0000000000
63.1856609641,-24.6212121212,0.0000000000
70.9365195861,-24.6212121212,0.0000000000
78.6873782080,-24.6212121212,0.0000000000
86.8257797611,-24.6212121212,0.0000000000
94.9641813141,-24.6212121212,0.0000000000
103.5095029448,-24.6212121212,0.0000000000
112.0548245755,-24.6212121212,0.0000000000
121.0274122878,-24.6212121212,0.0000000000
130.0000000000,-24.6212121212,0.0000000000
-130.0000000000,-23.6363636364,0.0000000000
-127.0787829022,-23.6363636364,0.0000000000
-124.1575658043,-23.6363636364,0.0000000000
-121.0902878516,-23.6363636364,0.0000000000
-118.0230098988,-23.6363636364,0.0000000000
-114.8023680484,-23.6363636364,0.0000000000
-111.5817261981,-23.6363636364,0.0000000000
-108.2000522552,-23.6363636364,0.0000000000
-104.8183783123,-23.6363636364,0.0000000000
-101.2676206722,-23.6363636364,0.0000000000
-97.7168630322,-23.6363636364,0.0000000000
-93.9885675101,-23.6363636364,0.0000000000
-90.2602719881,-23.6363636364,0.0000000000
-86.3455616899,-23.6363636364,0.0000000000
-82.4308513918,-23.6363636364,0.0000000000
-78.3204055787,-23.6363636364,0.0000000000
-74.2099597657,-23.6363636364,0.0000000000
-69.8939916620,-23.6363636364,0.0000000000
-65.5780235583,-23.6363636364,0.0000000000
-61.0462570494,-23.6363636364,0.0000000000
-56.5144905405,-23.6363636364,0.0000000000
-51.7561357061,-23.6363636364,0.0000000000
-46.9977808718,-23.6363636364,0.0000000000
-42.0015082958,-23.6363636364,0.0000000000
-37.0052357197,-23.6363636364,0.0000000000
-31.7591495148,-23.6363636364,0.0000000000
-26.5130633100,-23.6363636364,0.0000000000
-21.0046727949,-23.6363636364,0.0000000000
-15.4962822798,-23.6363636364,0.0000000000
-9.7124722389,-23.6363636364,0.0000000000
-3.9286621981,-23.6363636364,0.0000000000
2.1443383448,-23.6363636364,0.0000000000
8.2173388877,-23.6363636364,0.0000000000
14.5939894578,-23.6363636364,0.0000000000
20.9706400278,-23.6363636364,0.0000000000
27.6661231263,-23.6363636364,0.0000000000
34.3616062249,-23.6363636364,0.0000000000
41.3918634784,-23.6363636364,0.0000000000
48.4221207318,-23.6363636364,0.0000000000
55.8038908480,-23.6363636364,0.0000000000
63.1856609641,-23.6363636364,0.0000000000
70.9365195861,-23.6363636364,0.0000000000
78.6873782080,-23.6363636364,0.0000000000
86.8257797611,-23.6363636364,0.0000000000
94.9641813141,-23.6363636364,0.0000000000
103.5095029448,-23.6363636364,0.0000000000
112.0548245755,-23.6363636364,0.0000000000
121.0274122878,-23.6363636364,0.0000000000
130.0000000000,-23.6363636364,0.0000000000
-130.0000000000,-22.6515151515,0.0000000000
-127.0787829022,-22.6515151515,0.0000000000
-124.1575658043,-22.6515151515,0.0000000000
-121.0902878516,-22.6515151515,0.0000000000
-118.0230098988,-22.6515151515,0.0000000000
-114.8023680484,-22.6515151515,0.0000000000
-111.5817261981,-22.6515151515,0.0000000000
-108.2000522552,-22.6515151515,0.0000000000
-104.8183783123,-22.6515151515,0.0000000000
-101.2676206722,-22.6515151515,0.0000000000
-97.7168630322,-22.6515151515,0.0000000000
-93.9885675101,-22.6515151515,0.0000000000
-90.2602719881,-22.6515151515,0.0000000000
-86.3455616899,-22.6515151515,0.0000000000
-82.4308513918,-22.6515151515,0.0000000000
-78.3204055787,-22.6515151515,0.0000000000
-74.2099597657,-22.6515151515,0.0000000000
-69.8939916620,-22.6515151515,0.0000000000
-65.5780235583,-22.6515151515,0.0000000000
-61.0462570494,-22.6515151515,0.0000000000
-56.5144905405,-22.6515151515,0.0000000000
-51.7561357061,-22.6515151515,0.0000000000
-46.9977808718,-22.6515151515,0.0000000000
-42.0015082958,-22.6515151515,0.0000000000
-37.0052357197,-22.6515151515,0.0000000000
-31.7591495148,-22.6515151515,0.0000000000
-26.5130633100,-22.6515151515,0.0000000000
-21.0046727949,-22.6515151515,0.0000000000
-15.4962822798,-22.6515151515,0.0000000000
-9.7124722389,-22.6515151515,0.0000000000
-3.9286621981,-22.6515151515,0.0000000000
2.1443383448,-22.6515151515,0.0000000000
8.2173388877,-22.6515151515,0.0000000000
14.5939894578,-22.6515151515,0.0000000000
20.9706400278,-22.6515151515,0.0000000000
27.6661231263,-22.6515151515,0.0000000000
34.3616062249,-22.6515151515,0.0000000000
41.3918634784,-22.6515151515,0.0000000000
48.4221207318,-22.6515151515,0.0000000000
55.8038908480,-22.6515151515,0.0000000000
63.1856609641,-22.6515151515,0.0000000000
70.9365195861,-22.6515151515,0.0000000000
78.6873782080,-22.6515151515,0.0000000000
86.8257797611,-22.6515151515,0.0000000000
94.9641813141,-22.6515151515,0.0000000000
103.5095029448,-22.6515151515,0.0000000000
112.0548245755,-22.6515151515,0.0000000000
121.0274122878,-22.6515151515,0.0000000000
130.0000000000,-22.6515151515,0.0000000000
-130.0000000000,-21.6666666667,0.0000000000
-127.0787829022,-21.6666666667,0.0000000000
-124.1575658043,-21.6666666667,0.0000000000
-121.0902878516,-21.6666666667,0.0000000000
-118.0230098988,-21.6666666667,0.0000000000
-114.8023680484,-21.6666666667,0.0000000000
-111.5817261981,-21.6666666667,0.0000000000
-108.2000522552,-21.6666666667,0.0000000000
-104.8183783123,-21.6666666667,0.0000000000
-101.2676206722,-21.6666666667,0.0000000000
-97.7168630322,-21.6666666667,0.0000000000
-93.9885675101,-21.6666666667,0.0000000000
-90.2602719881,-21.6666666667,0.0000000000
-86.3455616899,-21.6666666667,0.0000000000
-82.4308513918,-21.6666666667,0.0000000000
-78.3204055787,-21.6666666667,0.0000000000
-74.2099597657,-21.6666666667,0.0000000000
-69.8939916620,-21.6666666667,0.0000000000
-65.5780235583,-21.6666666667,0.0000000000
-61.0462570494,-21.6666666667,0.0000000000
-56.5144905405,-21.6666666667,0.0000000000
-51.7561357061,-21.6666666667,0.0000000000
-46.9977808718,-21.6666666667,0.0000000000
-42.0015082958,-21.6666666667,0.0000000000
-37.0052357197,-21.6666666667,0.0000000000
-31.7591495148,-21.6666666667,0.0000000000
-26.5130633100,-21.6666666667,0.0000000000
-21.0046727949,-21.6666666667,0.0000000000
-15.4962822798,-21.6666666667,0.0000000000
-9.7124722389,-21.6666666667,0.0000000000
-3.9286621981,-21.6666666667,0.0000000000
2.1443383448,-21.6666666667,0.0000000000
8.2173388877,-21.6666666667,0.0000000000
14.5939894578,-21.6666666667,0.0000000000
20.9706400278,-21.6666666667,0.0000000000
27.6661231263,-21.6666666667,0.0000000000
34.3616062249,-21.6666666667,0.0000000000
41.3918634784,-21.6666666667,0.0000000000
48.4221207318,-21.6666666667,0.0000000000
55.8038908480,-21.6666666667,0.0000000000
63.1856609641,-21.6666666667,0.0000000000
70.9365195861,-21.6666666667,0.0000000000
78.6873782080,-21.6666666667,0.0000000000
86.8257797611,-21.6666666667,0.0000000000
94.9641813141,-21.6666666667,0.0000000000
103.5095029448,-21.6666666667,0.0000000000
112.0548245755,-21.6666666667,0.0000000000
121.0274122878,-21.6666666667,0.0000000000
130.0000000000,-21.6666666667,0.0000000000
-130.0000000000,-20.6818181818,0.0000000000
-127.0787829022,-20.6818181818,0.0000000000
-124.1575658043,-20.6818181818,0.0000000000
-121.0902878516,-20.6818181818,0.0000000000
-118.0230098988,-20.6818181818,0.0000000000
-114.8023680484,-20.6818181818,0.0000000000
-111.5817261981,-20.6818181818,0.0000000000
-108.2000522552,-20.6818181818,0.0000000000
-104.8183783123,-20.6818181818,0.0000000000
-101.2676206722,-20.6818181818,0.0000000000
-97.7168630322,-20.6818181818,0.0000000000
-93.9885675101,-20.6818181818,0.0000000000
-90.2602719881,-20.6818181818,0.0000000000
-86.3455616899,-20.6818181818,0.0000000000
-82.4308513918,-20.6818181818,0.0000000000
-78.3204055787,-20.6818181818,0.0000000000
-74.2099597657,-20.6818181818,0.0000000000
-69.8939916620,-20.6818181818,0.0000000000
-65.5780235583,-20.6818181818,0.0000000000
-61.0462570494,-20.6818181818,0.0000000000
-56.5144905405,-20.6818181818,0.0000000000
-51.7561357061,-20.6818181818,0.0000000000
-46.9977808718,-20.6818181818,0.0000000000
-42.0015082958,-20.6818181818,0.0000000000
-37.0052357197,-20.6818181818,0.0000000000
-31.7591495148,-20.6818181818,0.0000000000
-26.5130633100,-20.6818181818,0.0000000000
-21.0046727949,-20.6818181818,0.0000000000
-15.4962822798,-20.6818181818,0.0000000000
-9.7124722389,-20.6818181818,0.0000000000
-3.9286621981,-20.6818181818,0.0000000000
2.1443383448,-20.6818181818,0.0000000000
8.2173388877,-20.6818181818,0.0000000000
14.5939894578,-20.6818181818,0.0000000000
20.9706400278,-20.6818181818,0.0000000000
27.6661231263,-20.6818181818,0.0000000000
34.3616062249,-20.6818181818,0.0000000000
41.3918634784,-20.6818181818,0.0000000000
48.4221207318,-20.6818181818,0.0000000000
55.8038908480,-20.6818181818,0.0000000000
63.1856609641,-20.6818181818,0.0000000000
70.9365195861,-20.6818181818,0.0000000000
78.6873782080,-20.6818181818,0.0000000000
86.8257797611,-20.6818181818,0.0000000000
94.9641813141,-20.6818181818,0.0000000000
103.5095029448,-20.6818181818,0.0000000000
112.0548245755,-20.6818181818,0.0000000000
121.0274122878,-20.6818181818,0.0000000000
130.0000000000,-20.6818181818,0.0000000000
-130.0000000000,-19.6969696970,0.0000000000
-127.0787829022,-19.6969696970,0.0000000000
-124.1575658043,-19.6969696970,0.0000000000
-121.0902878516,-19.6969696970,0.0000000000
-118.0230098988,-19.6969696970,0.0000000000
-114.8023680484,-19.6969696970,0.0000000000
-111.5817261981,-19.6969696970,0.0000000000
-108.2000522552,-19.6969696970,0.0000000000
-104.8183783123,-19.6969696970,0.0000000000
-101.2676206722,-19.6969696970,0.0000000000
-97.7168630322,-19.6969696970,0.0000000000
-93.9885675101,-19.6969696970,0.0000000000
-90.2602719881,-19.6969696970,0.0000000000
-86.3455616899,-19.6969696970,0.0000000000
-82.4308513918,-19.6969696970,0.0000000000
-78.3204055787,-19.6969696970,0.0000000000
-74.2099597657,-19.6969696970,0.0000000000
-69.8939916620,-19.6969696970,0.0000000000
-65.5780235583,-19.6969696970,0.0000000000
-61.0462570494,-19.6969696970,0.0000000000
-56.5144905405,-19.6969696970,0.0000000000
-51.7561357061,-19.6969696970,0.0000000000
-46.9977808718,-19.6969696970,0.0000000000
-42.0015082958,-19.6969696970,0.0000000000
-37.0052357197,-19.6969696970,0.0000000000
-31.7591495148,-19.6969696970,0.0000000000
-26.5130633100,-19.6969696970,0.0000000000
-21.0046727949,-19.6969696970,0.0000000000
-15.4962822798,-19.6969696970,0.0000000000
-9.7124722389,-19.6969696970,0.0000000000
-3.9286621981,-19.6969696970,0.0000000000
2.1443383448,-19.6969696970,0.0000000000
8.2173388877,-19.6969696970,0.0000000000
14.5939894578,-19.6969696970,0.0000000000
20.9706400278,-19.6969696970,0.0000000000
27.6661231263,-19.6969696970,0.0000000000
34.3616062249,-19.6969696970,0.0000000000
41.3918634784,-19.6969696970,0.0000000000
48.4221207318,-19.6969696970,0.0000000000
55.8038908480,-19.6969696970,0.0000000000
63.1856609641,-19.6969696970,0.0000000000
70.9365195861,-19.6969696970,0.0000000000
78.6873782080,-19.6969696970,0.0000000000
86.8257797611,-19.6969696970,0.0000000000
94.9641813141,-19.6969696970,0.0000000000
103.5095029448,-19.6969696970,0.0000000000
112.0548245755,-19.6969696970,0.0000000000
121.0274122878,-19.6969696970,0.0000000000
130.0000000000,-19.6969696970,0.0000000000
-130.0000000000,-18.7121212121,0.0000000000
-127.0787829022,-18.7121212121,0.0000000000
-124.1575658043,-18.7121212121,0.0000000000
-121.0902878516,-18.7121212121,0.0000000000
-118.0230098988,-18.7121212121,0.0000000000
-114.8023680484,-18.7121212121,0.0000000000
-111.5817261981,-18.7121212121,0.0000000000
-108.2000522552,-18.7121212121,0.0000000000
-104.8183783123,-18.7121212121,0.0000000000
-101.2676206722,-18.7121212121,0.0000000000
-97.7168630322,-18.7121212121,0.0000000000
-93.9885675101,-18.7121212121,0.0000000000
-90.2602719881,-18.7121212121,0.0000000000
-86.3455616899,-18.7121212121,0.0000000000
-82.4308513918,-18.7121212121,0.0000000000
-78.3204055787,-18.7121212121,0.0000000000
-74.2099597657,-18.7121212121,0.0000000000
-69.8939916620,-18.7121212121,0.0000000000
-65.5780235583,-18.7121212121,0.0000000000
-61.0462570494,-18.7121212121,0.0000000000
-56.5144905405,-18.7121212121,0.0000000000
-51.7561357061,-18.7121212121,0.0000000000
-46.9977808718,-18.7121212121,0.0000000000
-42.0015082958,-18.7121212121,0.0000000000
-37.0052357197,-18.7121212121,0.0000000000
-31.7591495148,-18.7121212121,0.0000000000
-26.5130633100,-18.7121212121,0.0000000000
-21.0046727949,-18.7121212121,0.0000000000
-15.4962822798,-18.7121212121,0.0000000000
-9.7124722389,-18.7121212121,0.0000000000
-3.9286621981,-18.7121212121,0.0000000000
2.1443383448,-18.7121212121,0.0000000000
8.2173388877,-18.7121212121,0.0000000000
14.5939894578,-18.7121212121,0.0000000000
20.9706400278,-18.7121212121,0.0000000000
27.6661231263,-18.7121212121,0.0000000000
34.3616062249,-18.7121212121,0.0000000000
41.3918634784,-18.7121212121,0.0000000000
48.4221207318,-18.7121212121,0.0000000000
55.8038908480,-18.7121212121,0.0000000000
63.1856609641,-18.7121212121,0.0000000000
70.9365195861,-18.7121212121,0.0000000000
78.6873782080,-18.7121212121,0.0000000000
86.8257797611,-18.7121212121,0.0000000000
94.9641813141,-18.7121212121,0.0000000000
103.5095029448,-18.7121212121,0.0000000000
112.0548245755,-18.7121212121,0.0000000000
121.0274122878,-18.7121212121,0.0000000000
130.0000000000,-18.7121212121,0.0000000000
-130.0000000000,-17.7272727273,0.0000000000
-127.0787829022,-17.7272727273,0.0000000000
-124.1575658043,-17.7272727273,0.0000000000
-121.0902878516,-17.7272727273,0.0000000000
-118.0230098988,-17.7272727273,0.0000000000
-114.8023680484,-17.7272727273,0.0000000000
-111.5817261981,-17.7272727273,0.0000000000
-108.2000522552,-17.7272727273,0.0000000000
-104.8183783123,-17.7272727273,0.0000000000
-101.2676206722,-17.7272727273,0.0000000000
-97.7168630322,-17.7272727273,0.0000000000
-93.9885675101,-17.7272727273,0.0000000000
-90.2602719881,-17.7272727273,0.0000000000
-86.3455616899,-17.7272727273,0.0000000000
-82.4308513918,-17.7272727273,0.0000000000
-78.3204055787,-17.7272727273,0.0000000000
-74.2099597657,-17.7272727273,0.0000000000
-69.8939916620,-17.7272727273,0.0000000000
-65.5780235583,-17.7272727273,0.0000000000
-61.0462570494,-17.7272727273,0.0000000000
-56.5144905405,-17.7272727273,0.0000000000
-51.7561357061,-17.7272727273,0.0000000000
-46.9977808718,-17.7272727273,0.0000000000
-42.0015082958,-17.7272727273,0.0000000000
-37.0052357197,-17.7272727273,0.0000000000
-31.7591495148,-17.7272727273,0.0000000000
-26.5130633100,-17.7272727273,0.0000000000
-21.0046727949,-17.7272727273,0.0000000000
-15.4962822798,-17.7272727273,0.0000000000
-9.7124722389,-17.7272727273,0.0000000000
-3.9286621981,-17.7272727273,0.0000000000
2.1443383448,-17.7272727273,0.0000000000
8.2173388877,-17.7272727273,0.0000000000
14.5939894578,-17.7272727273,0.0000000000
20.9706400278,-17.7272727273,0.0000000000
27.6661231263,-17.7272727273,0.0000000000
34.3616062249,-17.7272727273,0.0000000000
41.3918634784,-17.7272727273,0.0000000000
48.4221207318,-17.7272727273,0.0000000000
55.8038908480,-17.7272727273,0.0000000000
63.1856609641,-17.7272727273,0.0000000000
70.9365195861,-17.7272727273,0.0000000000
78.6873782080,-17.7272727273,0.0000000000
86.8257797611,-17.7272727273,0.0000000000
94.9641813141,-17.7272727273,0.0000000000
103.5095029448,-17.7272727273,0.0000000000
112.0548245755,-17.7272727273,0.0000000000
121.0274122878,-17.7272727273,0.0000000000
130.0000000000,-17.7272727273,0.0000000000
-130.0000000000,-16.7424242424,0.0000000000
-127.0787829022,-16.7424242424,0.0000000000
-124.1575658043,-16.7424242424,0.0000000000
-121.0902878516,-16.7424242424,0.0000000000
-118.0230098988,-16.7424242424,0.0000000000
-114.8023680484,-16.7424242424,0.0000000000
-111.5817261981,-16.7424242424,0.0000000000
-108.2000522552,-16.7424242424,0.0000000000
-104.8183783123,-16.7424242424,0.0000000000
-101.2676206722,-16.7424242424,0.0000000000
-97.7168630322,-16.7424242424,0.0000000000
-93.9885675101,-16.7424242424,0.0000000000
-90.2602719881,-16.7424242424,0.0000000000
-86.3455616899,-16.7424242424,0.0000000000
-82.4308513918,-16.7424242424,0.0000000000
-78.3204055787,-16.7424242424,0.0000000000
-74.2099597657,-16.7424242424,0.0000000000
-69.8939916620,-16.7424242424,0.0000000000
-65.5780235583,-16.7424242424,0.0000000000
-61.0462570494,-16.7424242424,0.0000000000
-56.5144905405,-16.7424242424,0.0000000000
-51.7561357061,-16.7424242424,0.0000000000
-46.9977808718,-16.7424242424,0.0000000000
-42.0015082958,-16.7424242424,0.0000000000
-37.0052357197,-16.7424242424,0.0000000000
-31.7591495148,-16.7424242424,0.0000000000
-26.5130633100,-16.7424242424,0.0000000000
-21.0046727949,-16.7424242424,0.0000000000
-15.4962822798,-16.7424242424,0.0000000000
-9.7124722389,-16.7424242424,0.0000000000
-3.9286621981,-16.7424242424,0.0000000000
2.1443383448,-16.7424242424,0.0000000000
8.2173388877,-16.7424242424,0.0000000000
14.5939894578,-16.7424242424,0.0000000000
20.9706400278,-16.7424242424,0.0000000000
27.6661231263,-16.7424242424,0.0000000000
34.3616062249,-16.7424242424,0.0000000000
41.3918634784,-16.7424242424,0.0000000000
48.4221207318,-16.7424242424,0.0000000000
55.8038908480,-16.7424242424,0.0000000000
63.1856609641,-16.7424242424,0.0000000000
70.9365195861,-16.7424242424,0.0000000000
78.6873782080,-16.7424242424,0.0000000000
86.8257797611,-16.7424242424,0.0000000000
94.9641813141,-16.7424242424,0.0000000000
103.5095029448,-16.7424242424,0.0000000000
112.0548245755,-16.7424242424,0.0000000000
121.0274122878,-16.7424242424,0.0000000000
130.0000000000,-16.7424242424,0.0000000000
-130.0000000000,-15.7575757576,0.0000000000
-127.0787829022,-15.7575757576,0.0000000000
-124.1575658043,-15.7575757576,0.0000000000
-121.0902878516,-15.7575757576,0.0000000000
-118.0230098988,-15.7575757576,0.0000000000
-114.8023680484,-15.7575757576,0.0000000000
-111.5817261981,-15.7575757576,0.0000000000
-108.2000522552,-15.7575757576,0.0000000000
-104.8183783123,-15.7575757576,0.0000000000
-101.2676206722,-15.7575757576,0.0000000000
-97.7168630322,-15.7575757576,0.0000000000
-93.9885675101,-15.7575757576,0.0000000000
-90.2602719881,-15.7575757576,0.0000000000
-86.3455616899,-15.7575757576,0.0000000000
-82.4308513918,-15.7575757576,0.0000000000
-78.3204055787,-15.7575757576,0.0000000000
-74.2099597657,-15.7575757576,0.0000000000
-69.8939916620,-15.7575757576,0.0000000000
-65.5780235583,-15.7575757576,0.0000000000
-61.0462570494,-15.7575757576,0.0000000000
-56.5144905405,-15.7575757576,0.0000000000
-51.7561357061,-15.7575757576,0.0000000000
-46.9977808718,-15.7575757576,0.0000000000
-42.0015082958,-15.7575757576,0.0000000000
-37.0052357197,-15.7575757576,0.0000000000
-31.7591495148,-15.7575757576,0.0000000000
-26.5130633100,-15.7575757576,0.0000000000
-21.0046727949,-15.7575757576,0.0000000000
-15.4962822798,-15.7575757576,0.0000000000
-9.7124722389,-15.7575757576,0.0000000000
-3.9286621981,-15.7575757576,0.0000000000
2.1443383448,-15.7575757576,0.0000000000
8.2173388877,-15.7575757576,0.0000000000
14.5939894578,-15.7575757576,0.0000000000
20.9706400278,-15.7575757576,0.0000000000
27.6661231263,-15.7575757576,0.0000000000
34.3616062249,-15.7575757576,0.0000000000
41.3918634784,-15.7575757576,0.0000000000
48.4221207318,-15.7575757576,0.0000000000
55.8038908480,-15.7575757576,0.0000000000
63.1856609641,-15.7575757576,0.0000000000
70.9365195861,-15.7575757576,0.0000000000
78.6873782080,-15.7575757576,0.0000000000
86.8257797611,-15.7575757576,0.0000000000
94.9641813141,-15.7575757576,0.0000000000
103.5095029448,-15.7575757576,0.0000000000
112.0548245755,-15.7575757576,0.0000000000
121.0274122878,-15.7575757576,0.0000000000
130.0000000000,-15.7575757576,0.0000000000
-130.0000000000,-14.7727272727,0.0000000000
-127.0787829022,-14.7727272727,0.0000000000
-124.1575658043,-14.7727272727,0.0000000000
-121.0902878516,-14.7727272727,0.0000000000
-118.0230098988,-14.7727272727,0.0000000000
-114.8023680484,-14.7727272727,0.0000000000
-111.5817261981,-14.7727272727,0.0000000000
-108.2000522552,-14.7727272727,0.0000000000
-104.8183783123,-14.7727272727,0.0000000000
-101.2676206722,-14.7727272727,0.0000000000
-97.7168630322,-14.7727272727,0.0000000000
-93.9885675101,-14.7727272727,0.0000000000
-90.2602719881,-14.7727272727,0.0000000000
-86.3455616899,-14.7727272727,0.0000000000
-82.4308513918,-14.7727272727,0.0000000000
-78.3204055787,-14.7727272727,0.0000000000
-74.2099597657,-14.7727272727,0.0000000000
-69.8939916620,-14.7727272727,0.0000000000
-65.5780235583,-14.7727272727,0.0000000000
-61.0462570494,-14.7727272727,0.0000000000
-56.5144905405,-14.7727272727,0.0000000000
-51.7561357061,-14.7727272727,0.0000000000
-46.9977808718,-14.7727272727,0.0000000000
-42.0015082958,-14.7727272727,0.0000000000
-37.0052357197,-14.7727272727,0.0000000000
-31.7591495148,-14.7727272727,0.0000000000
-26.5130633100,-14.7727272727,0.0000000000
-21.0046727949,-14.7727272727,0.0000000000
-15.4962822798,-14.7727272727,0.0000000000
-9.7124722389,-14.7727272727,0.0000000000
-3.9286621981,-14.7727272727,0.0000000000
2.1443383448,-14.7727272727,0.0000000000
8.2173388877,-14.7727272727,0.0000000000
14.5939894578,-14.7727272727,0.0000000000
20.9706400278,-14.7727272727,0.0000000000
27.6661231263,-14.7727272727,0.0000000000
34.3616062249,-14.7727272727,0.0000000000
41.3918634784,-14.7727272727,0.0000000000
48.4221207318,-14.7727272727,0.0000000000
55.8038908480,-14.7727272727,0.0000000000
63.1856609641,-14.7727272727,0.0000000000
70.9365195861,-14.7727272727,0.0000000000
78.6873782080,-14.7727272727,0.0000000000
86.8257797611,-14.7727272727,0.0000000000
94.9641813141,-14.7727272727,0.0000000000
103.5095029448,-14.7727272727,0.0000000000
112.0548245755,-14.7727272727,0.0000000000
121.0274122878,-14.7727272727,0.0000000000
130.0000000000,-14.7727272727,0.0000000000
-130.0000000000,-13.7878787879,0.0000000000
-127.0787829022,-13.7878787879,0.0000000000
-124.1575658043,-13.7878787879,0.0000000000
-121.0902878516,-13.7878787879,0.0000000000
-118.0230098988,-13.7878787879,0.0000000000
-114.8023680484,-13.7878787879,0.0000000000
-111.5817261981,-13.7878787879,0.0000000000
-108.2000522552,-13.7878787879,0.0000000000
-104.8183783123,-13.7878787879,0.0000000000
-101.2676206722,-13.7878787879,0.0000000000
-97.7168630322,-13.7878787879,0.0000000000
-93.9885675101,-13.7878787879,0.0000000000
-90.2602719881,-13.7878787879,0.0000000000
-86.3455616899,-13.7878787879,0.0000000000
-82.4308513918,-13.7878787879,0.0000000000
-78.3204055787,-13.7878787879,0.0000000000
-74.2099597657,-13.7878787879,0.0000000000
-69.8939916620,-13.7878787879,0.0000000000
-65.5780235583,-13.7878787879,0.0000000000
-61.0462570494,-13.7878787879,0.0000000000
-56.5144905405,-13.7878787879,0.0000000000
-51.7561357061,-13.7878787879,0.0000000000
-46.9977808718,-13.7878787879,0.0000000000
-42.0015082958,-13.7878787879,0.0000000000
-37.0052357197,-13.7878787879,0.0000000000
-31.7591495148,-13.7878787879,0.0000000000
-26.5130633100,-13.7878787879,0.0000000000
-21.0046727949,-13.7878787879,0.0000000000
-15.4962822798,-13.7878787879,0.0000000000
-9.7124722389,-13.7878787879,0.0000000000
-3.9286621981,-13.7878787879,0.0000000000
2.1443383448,-13.7878787879,0.0000000000
8.2173388877,-13.7878787879,0.0000000000
14.5939894578,-13.7878787879,0.0000000000
20.9706400278,-13.7878787879,0.0000000000
27.6661231263,-13.7878787879,0.0000000000
34.3616062249,-13.7878787879,0.0000000000
41.3918634784,-13.7878787879,0.0000000000
48.4221207318,-13.7878787879,0.0000000000
55.8038908480,-13.7878787879,0.0000000000
63.1856609641,-13.7878787879,0.0000000000
70.9365195861,-13.7878787879,0.0000000000
78.6873782080,-13.7878787879,0.0000000000
86.8257797611,-13.7878787879,0.0000000000
94.9641813141,-13.7878787879,0.0000000000
103.5095029448,-13.7878787879,0.0000000000
112.0548245755,-13.7878787879,0.0000000000
121.0274122878,-13.7878787879,0.0000000000
130.0000000000,-13.7878787879,0.0000000000
-130.0000000000,-12.8030303030,0.0000000000
-127.0787829022,-12.8030303030,0.0000000000
-124.1575658043,-12.8030303030,0.0000000000
-121.0902878516,-12.8030303030,0.0000000000
-118.0230098988,-12.8030303030,0.0000000000
-114.8023680484,-12.8030303030,0.0000000000
-111.5817261981,-12.8030303030,0.0000000000
-108.2000522552,-12.8030303030,0.0000000000
-104.8183783123,-12.8030303030,0.0000000000
-101.2676206722,-12.8030303030,0.0000000000
-97.7168630322,-12.8030303030,0.0000000000
-93.9885675101,-12.8030303030,0.0000000000
-90.2602719881,-12.8030303030,0.0000000000
-86.3455616899,-12.8030303030,0.0000000000
-82.4308513918,-12.8030303030,0.0000000000
-78.3204055787,-12.8030303030,0.0000000000
-74.2099597657,-12.8030303030,0.0000000000
-69.8939916620,-12.8030303030,0.0000000000
-65.5780235583,-12.8030303030,0.0000000000
-61.0462570494,-12.8030303030,0.0000000000
-56.5144905405,-12.8030303030,0.0000000000
-51.7561357061,-12.8030303030,0.0000000000
-46.9977808718,-12.8030303030,0.0000000000
-42.0015082958,-12.8030303030,0.0000000000
-37.0052357197,-12.8030303030,0.0000000000
-31.7591495148,-12.8030303030,0.0000000000
-26.5130633100,-12.8030303030,0.0000000000
-21.0046727949,-12.8030303030,0.0000000000
-15.4962822798,-12.8030303030,0.0000000000
-9.7124722389,-12.8030303030,0.0000000000
-3.9286621981,-12.8030303030,0.0000000000
2.1443383448,-12.8030303030,0.0000000000
8.2173388877,-12.8030303030,0.0000000000
14.5939894578,-12.8030303030,0.0000000000
20.9706400278,-12.8030303030,0.0000000000
27.6661231263,-12.8030303030,0.0000000000
34.3616062249,-12.8030303030,0.0000000000
41.3918634784,-12.8030303030,0.0000000000
48.4221207318,-12.8030303030,0.0000000000
55.8038908480,-12.8030303030,0.0000000000
63.1856609641,-12.8030303030,0.0000000000
70.9365195861,-12.8030303030,0.0000000000
78.6873782080,-12.8030303030,0.0000000000
86.8257797611,-12.8030303030,0.0000000000
94.9641813141,-12.8030303030,0.0000000000
103.5095029448,-12.8030303030,0.0000000000
112.0548245755,-12.8030303030,0.0000000000
121.0274122878,-12.8030303030,0.0000000000
130.0000000000,-12.8030303030,0.0000000000
-130.0000000000,-11.8181818182,0.0000000000
-127.0787829022,-11.8181818182,0.0000000000
-124.1575658043,-11.8181818182,0.0000000000
-121.0902878516,-11.8181818182,0.0000000000
-118.0230098988,-11.8181818182,0.0000000000
-114.8023680484,-11.8181818182,0.0000000000
-111.5817261981,-11.8181818182,0.0000000000
-108.2000522552,-11.8181818182,0.0000000000
-104.8183783123,-11.8181818182,0.0000000000
-101.2676206722,-11.8181818182,0.0000000000
-97.7168630322,-11.8181818182,0.0000000000
-93.9885675101,-11.8181818182,0.0000000000
-90.2602719881,-11.8181818182,0.0000000000
-86.3455616899,-11.8181818182,0.0000000000
-82.4308513918,-11.8181818182,0.0000000000
-78.3204055787,-11.8181818182,0.0000000000
-74.2099597657,-11.8181818182,0.0000000000
-69.8939916620,-11.8181818182,0.0000000000
-65.5780235583,-11.8181818182,0.0000000000
-61.0462570494,-11.8181818182,0.0000000000
-56.5144905405,-11.8181818182,0.0000000000
-51.7561357061,-11.8181818182,0.0000000000
-46.9977808718,-11.8181818182,0.0000000000
-42.0015082958,-11.8181818182,0.0000000000
-37.0052357197,-11.8181818182,0.0000000000
-31.7591495148,-11.8181818182,0.0000000000
-26.5130633100,-11.8181818182,0.0000000000
-21.0046727949,-11.8181818182,0.0000000000
-15.4962822798,-11.8181818182,0.0000000000
-9.7124722389,-11.8181818182,0.0000000000
-3.9286621981,-11.8181818182,0.0000000000
2.1443383448,-11.8181818182,0.0000000000
8.2173388877,-11.8181818182,0.0000000000
14.5939894578,-11.8181818182,0.0000000000
20.9706400278,-11.8181818182,0.0000000000
27.6661231263,-11.8181818182,0.0000000000
34.3616062249,-11.8181818182,0.0000000000
41.3918634784,-11.8181818182,0.0000000000
48.4221207318,-11.8181818182,0.0000000000
55.8038908480,-11.8181818182,0.0000000000
63.1856609641,-11.8181818182,0.0000000000
70.9365195861,-11.8181818182,0.0000000000
78.6873782080,-11.8181818182,0.0000000000
86.8257797611,-11.8181818182,0.0000000000
94.9641813141,-11.8181818182,0.0000000000
103.5095029448,-11.8181818182,0.0000000000
112.0548245755,-11.8181818182,0.0000000000
121.0274122878,-11.8181818182,0.0000000000
130.0000000000,-11.8181818182,0.0000000000
-130.0000000000,-10.8333333333,0.0000000000
-127.0787829022,-10.8333333333,0.0000000000
-124.1575658043,-10.8333333333,0.0000000000
-121.0902878516,-10.8333333333,0.0000000000
-118.0230098988,-10.8333333333,0.0000000000
-114.8023680484,-10.8333333333,0.0000000000
-111.5817261981,-10.8333333333,0.0000000000
-108.2000522552,-10.8333333333,0.0000000000
-104.8183783123,-10.8333333333,0.0000000000
-101.2676206722,-10.8333333333,0.0000000000
-97.7168630322,-10.8333333333,0.0000000000
-93.9885675101,-10.8333333333,0.0000000000
-90.2602719881,-10.8333333333,0.0000000000
-86.3455616899,-10.8333333333,0.0000000000
-82.4308513918,-10.8333333333,0.0000000000
-78.3204055787,-10.8333333333,0.0000000000
-74.2099597657,-10.8333333333,0.0000000000
-69.8939916620,-10.8333333333,0.0000000000
-65.5780235583,-10.8333333333,0.0000000000
-61.0462570494,-10.8333333333,0.0000000000
-56.5144905405,-10.8333333333,0.0000000000
-51.7561357061,-10.8333333333,0.0000000000
-46.9977808718,-10.8333333333,0.0000000000
-42.0015082958,-10.8333333333,0.0000000000
-37.0052357197,-10.8333333333,0.0000000000
-31.7591495148,-10.8333333333,0.0000000000
-26.5130633100,-10.8333333333,0.0000000000
-21.0046727949,-10.8333333333,0.0000000000
-15.4962822798,-10.8333333333,0.0000000000
-9.7124722389,-10.8333333333,0.0000000000
-3.9286621981,-10.8333333333,0.0000000000
2.1443383448,-10.8333333333,0.0000000000
8.2173388877,-10.8333333333,0.0000000000
14.5939894578,-10.8333333333,0.0000000000
20.9706400278,-10.8333333333,0.0000000000
27.6661231263,-10.8333333333,0.0000000000
34.3616062249,-10.8333333333,0.0000000000
41.3918634784,-10.8333333333,0.0000000000
48.4221207318,-10.8333333333,0.0000000000
55.8038908480,-10.8333333333,0.0000000000
63.1856609641,-10.8333333333,0.0000000000
70.9365195861,-10.8333333333,0.0000000000
78.6873782080,-10.8333333333,0.0000000000
86.8257797611,-10.8333333333,0.0000000000
94.9641813141,-10.8333333333,0.0000000000
103.5095029448,-10.8333333333,0.0000000000
112.0548245755,-10.8333333333,0.0000000000
121.0274122878,-10.8333333333,0.0000000000
130.0000000000,-10.8333333333,0.0000000000
-130.0000000000,-9.8484848485,0.0000000000
-127.0787829022,-9.8484848485,0.0000000000
-124.1575658043,-9.8484848485,0.0000000000
-121.0902878516,-9.8484848485,0.0000000000
-118.0230098988,-9.8484848485,0.0000000000
-114.8023680484,-9.8484848485,0.0000000000
-111.5817261981,-9.8484848485,0.0000000000
-108.2000522552,-9.8484848485,0.0000000000
-104.8183783123,-9.8484848485,0.0000000000
-101.2676206722,-9.8484848485,0.0000000000
-97.7168630322,-9.8484848485,0.0000000000
-93.9885675101,-9.8484848485,0.0000000000
-90.2602719881,-9.8484848485,0.0000000000
-86.3455616899,-9.8484848485,0.0000000000
-82.4308513918,-9.8484848485,0.0000000000
-78.3204055787,-9.8484848485,0.0000000000
-74.2099597657,-9.8484848485,0.0000000000
-69.8939916620,-9.8484848485,0.0000000000
-65.5780235583,-9.8484848485,0.0000000000
-61.0462570494,-9.8484848485,0.0000000000
-56.5144905405,-9.8484848485,0.0000000000
-51.7561357061,-9.8484848485,0.0000000000
-46.9977808718,-9.8484848485,0.0000000000
-42.0015082958,-9.8484848485,0.0000000000
-37.0052357197,-9.8484848485,0.0000000000
-31.7591495148,-9.8484848485,0.0000000000
-26.5130633100,-9.8484848485,0.0000000000
-21.0046727949,-9.8484848485,0.0000000000
-15.4962822798,-9.8484848485,0.0000000000
-9.7124722389,-9.8484848485,0.0000000000
-3.9286621981,-9.8484848485,0.0000000000
2.1443383448,-9.8484848485,0.0000000000
8.2173388877,-9.8484848485,0.0000000000
14.5939894578,-9.8484848485,0.0000000000
20.9706400278,-9.8484848485,0.0000000000
27.6661231263,-9.8484848485,0.0000000000
34.3616062249,-9.8484848485,0.0000000000
41.3918634784,-9.8484848485,0.0000000000
48.4221207318,-9.8484848485,0.0000000000
55.8038908480,-9.8484848485,0.0000000000
63.1856609641,-9.8484848485,0.0000000000
70.9365195861,-9.8484848485,0.0000000000
78.6873782080,-9.8484848485,0.0000000000
86.8257797611,-9.8484848485,0.0000000000
94.9641813141,-9.8484848485,0.0000000000
103.5095029448,-9.8484848485,0.0000000000
112.0548245755,-9.8484848485,0.0000000000
121.0274122878,-9.8484848485,0.0000000000
130.0000000000,-9.8484848485,0.0000000000
-130.0000000000,-8.8636363636,0.0000000000
-127.0787829022,-8.8636363636,0.0000000000
-124.1575658043,-8.8636363636,0.0000000000
-121.0902878516,-8.8636363636,0.0000000000
-118.0230098988,-8.8636363636,0.0000000000
-114.8023680484,-8.8636363636,0.0000000000
-111.5817261981,-8.8636363636,0.0000000000
-108.2000522552,-8.8636363636,0.0000000000
-104.8183783123,-8.8636363636,0.0000000000
-101.2676206722,-8.8636363636,0.0000000000
-97.7168630322,-8.8636363636,0.0000000000
-93.9885675101,-8.8636363636,0.0000000000
-90.2602719881,-8.8636363636,0.0000000000
-86.3455616899,-8.8636363636,0.0000000000
-82.4308513918,-8.8636363636,0.0000000000
-78.3204055787,-8.8636363636,0.0000000000
-74.2099597657,-8.8636363636,0.0000000000
-69.8939916620,-8.8636363636,0.0000000000
-65.5780235583,-8.8636363636,0.0000000000
-61.0462570494,-8.8636363636,0.0000000000
-56.5144905405,-8.8636363636,0.0000000000
-51.7561357061,-8.8636363636,0.0000000000
-46.9977808718,-8.8636363636,0.0000000000
-42.0015082958,-8.8636363636,0.0000000000
-37.0052357197,-8.8636363636,0.0000000000
-31.7591495148,-8.8636363636,0.0000000000
-26.5130633100,-8.8636363636,0.0000000000
-21.0046727949,-8.8636363636,0.0000000000
-15.4962822798,-8.8636363636,0.0000000000
-9.7124722389,-8.8636363636,0.0000000000
-3.9286621981,-8.8636363636,0.0000000000
2.1443383448,-8.8636363636,0.0000000000
8.2173388877,-8.8636363636,0.0000000000
14.5939894578,-8.8636363636,0.0000000000
20.9706400278,-8.8636363636,0.0000000000
27.6661231263,-8.8636363636,0.0000000000
34.3616062249,-8.8636363636,0.0000000000
41.3918634784,-8.8636363636,0.0000000000
48.4221207318,-8.8636363636,0.0000000000
55.8038908480,-8.8636363636,0.0000000000
63.1856609641,-8.8636363636,0.0000000000
70.9365195861,-8.8636363636,0.0000000000
78.6873782080,-8.8636363636,0.0000000000
86.8257797611,-8.8636363636,0.0000000000
94.9641813141,-8.8636363636,0.0000000000
103.5095029448,-8.8636363636,0.0000000000
112.0548245755,-8.8636363636,0.0000000000
121.0274122878,-8.8636363636,0.0000000000
130.0000000000,-8.8636363636,0.0000000000
-130.0000000000,-7.8787878788,0.0000000000
-127.0787829022,-7.8787878788,0.0000000000
-124.1575658043,-7.8787878788,0.0000000000
-121.0902878516,-7.8787878788,0.0000000000
-118.0230098988,-7.8787878788,0.0000000000
-114.8023680484,-7.8787878788,0.0000000000
-111.5817261981,-7.8787878788,0.0000000000
-108.2000522552,-7.8787878788,0.0000000000
-104.8183783123,-7.8787878788,0.0000000000
-101.2676206722,-7.8787878788,0.0000000000
-97.7168630322,-7.8787878788,0.0000000000
-93.9885675101,-7.8787878788,0.0000000000
-90.2602719881,-7.8787878788,0.0000000000
-86.3455616899,-7.8787878788,0.0000000000
-82.4308513918,-7.8787878788,0.0000000000
-78.3204055787,-7.8787878788,0.0000000000
-74.2099597657,-7.8787878788,0.0000000000
-69.8939916620,-7.8787878788,0.0000000000
-65.5780235583,-7.8787878788,0.0000000000
-61.0462570494,-7.8787878788,0.0000000000
-56.5144905405,-7.8787878788,0.0000000000
-51.7561357061,-7.8787878788,0.0000000000
-46.9977808718,-7.8787878788,0.0000000000
-42.0015082958,-7.8787878788,0.0000000000
-37.0052357197,-7.8787878788,0.0000000000
-31.7591495148,-7.8787878788,0.0000000000
-26.5130633100,-7.8787878788,0.0000000000
-21.0046727949,-7.8787878788,0.0000000000
-15.4962822798,-7.8787878788,0.0000000000
-9.7124722389,-7.8787878788,0.0000000000
-3.9286621981,-7.8787878788,0.0000000000
2.1443383448,-7.8787878788,0.0000000000
8.2173388877,-7.8787878788,0.0000000000
14.5939894578,-7.8787878788,0.0000000000
20.9706400278,-7.8787878788,0.0000000000
27.6661231263,-7.8787878788,0.0000000000
34.3616062249,-7.8787878788,0.0000000000
41.3918634784,-7.8787878788,0.0000000000
48.4221207318,-7.8787878788,0.0000000000
55.8038908480,-7.8787878788,0.0000000000
63.1856609641,-7.8787878788,0.0000000000
70.9365195861,-7.8787878788,0.0000000000
78.6873782080,-7.8787878788,0.0000000000
86.8257797611,-7.8787878788,0.0000000000
94.9641813141,-7.8787878788,0.0000000000
103.5095029448,-7.8787878788,0.0000000000
112.0548245755,-7.8787878788,0.0000000000
121.0274122878,-7.8787878788,0.0000000000
130.0000000000,-7.8787878788,0.0000000000
-130.0000000000,-6.8939393939,0.0000000000
-127.0787829022,-6.8939393939,0.0000000000
-124.1575658043,-6.8939393939,0.0000000000
-121.0902878516,-6.8939393939,0.0000000000
-118.0230098988,-6.8939393939,0.0000000000
-114.8023680484,-6.8939393939,0.0000000000
-111.5817261981,-6.8939393939,0.0000000000
-108.2000522552,-6.8939393939,0.0000000000
-104.8183783123,-6.8939393939,0.0000000000
-101.2676206722,-6.8939393939,0.0000000000
-97.7168630322,-6.8939393939,0.0000000000
-93.9885675101,-6.8939393939,0.0000000000
-90.2602719881,-6.8939393939,0.0000000000
-86.3455616899,-6.8939393939,0.0000000000
-82.4308513918,-6.8939393939,0.0000000000
-78.3204055787,-6.8939393939,0.0000000000
-74.2099597657,-6.8939393939,0.0000000000
-69.8939916620,-6.8939393939,0.0000000000
-65.5780235583,-6.8939393939,0.0000000000
-61.0462570494,-6.8939393939,0.0000000000
-56.5144905405,-6.8939393939,0.0000000000
-51.7561357061,-6.8939393939,0.0000000000
-46.9977808718,-6.8939393939,0.0000000000
-42.0015082958,-6.8939393939,0.0000000000
-37.0052357197,-6.8939393939,0.0000000000
-31.7591495148,-6.8939393939,0.0000000000
-26.5130633100,-6.8939393939,0.0000000000
-21.0046727949,-6.8939393939,0.0000000000
-15.4962822798,-6.8939393939,0.0000000000
-9.7124722389,-6.8939393939,0.0000000000
-3.9286621981,-6.8939393939,0.0000000000
2.1443383448,-6.8939393939,0.0000000000
8.2173388877,-6.8939393939,0.0000000000
14.5939894578,-6.8939393939,0.0000000000
20.9706400278,-6.8939393939,0.0000000000
27.6661231263,-6.8939393939,0.0000000000
34.3616062249,-6.8939393939,0.0000000000
41.3918634784,-6.8939393939,0.0000000000
48.4221207318,-6.8939393939,0.0000000000
55.8038908480,-6.8939393939,0.0000000000
63.1856609641,-6.8939393939,0.0000000000
70.9365195861,-6.8939393939,0.0000000000
78.6873782080,-6.8939393939,0.0000000000
86.8257797611,-6.8939393939,0.0000000000
94.9641813141,-6.8939393939,0.0000000000
103.5095029448,-6.8939393939,0.0000000000
112.0548245755,-6.8939393939,0.0000000000
121.0274122878,-6.8939393939,0.0000000000
130.0000000000,-6.8939393939,0.0000000000
-130.0000000000,-5.9090909091,0.0000000000
-127.0787829022,-5.9090909091,0.0000000000
-124.1575658043,-5.9090909091,0.0000000000
-121.0902878516,-5.9090909091,0.0000000000
-118.0230098988,-5.9090909091,0.0000000000
-114.8023680484,-5.9090909091,0.0000000000
-111.5817261981,-5.9090909091,0.0000000000
-108.2000522552,-5.9090909091,0.0000000000
-104.8183783123,-5.9090909091,0.0000000000
-101.2676206722,-5.9090909091,0.0000000000
-97.7168630322,-5.9090909091,0.0000000000
-93.9885675101,-5.9090909091,0.0000000000
-90.2602719881,-5.9090909091,0.0000000000
-86.3455616899,-5.9090909091,0.0000000000
-82.4308513918,-5.9090909091,0.0000000000
-78.3204055787,-5.9090909091,0.0000000000
-74.2099597657,-5.9090909091,0.0000000000
-69.8939916620,-5.9090909091,0.0000000000
-65.5780235583,-5.9090909091,0.0000000000
-61.0462570494,-5.9090909091,0.0000000000
-56.5144905405,-5.9090909091,0.0000000000
-51.7561357061,-5.9090909091,0.0000000000
-46.9977808718,-5.9090909091,0.0000000000
-42.0015082958,-5.9090909091,0.0000000000
-37.0052357197,-5.9090909091,0.0000000000
-31.7591495148,-5.9090909091,0.0000000000
-26.5130633100,-5.9090909091,0.0000000000
-21.0046727949,-5.9090909091,0.0000000000
-15.4962822798,-5.9090909091,0.0000000000
-9.7124722389,-5.9090909091,0.0000000000
-3.9286621981,-5.9090909091,0.0000000000
2.1443383448,-5.9090909091,0.0000000000
8.2173388877,-5.9090909091,0.0000000000
14.5939894578,-5.9090909091,0.0000000000
20.9706400278,-5.9090909091,0.0000000000
27.6661231263,-5.9090909091,0.0000000000
34.3616062249,-5.9090909091,0.0000000000
41.3918634784,-5.9090909091,0.0000000000
48.4221207318,-5.9090909091,0.0000000000
55.8038908480,-5.9090909091,0.0000000000
63.1856609641,-5.9090909091,0.0000000000
70.9365195861,-5.9090909091,0.0000000000
78.6873782080,-5.9090909091,0.0000000000
86.8257797611,-5.9090909091,0.0000000000
94.9641813141,-5.9090909091,0.0000000000
103.5095029448,-5.9090909091,0.0000000000
112.0548245755,-5.9090909091,0.0000000000
121.0274122878,-5.9090909091,0.0000000000
130.0000000000,-5.9090909091,0.0000000000
-130.0000000000,-4.9242424242,0.0000000000
-127.0787829022,-4.9242424242,0.0000000000
-124.1575658043,-4.9242424242,0.0000000000
-121.0902878516,-4.9242424242,0.0000000000
-118.0230098988,-4.9242424242,0.0000000000
-114.8023680484,-4.9242424242,0.0000000000
-111.5817261981,-4.9242424242,0.0000000000
-108.2000522552,-4.9242424242,0.0000000000
-104.8183783123,-4.9242424242,0.0000000000
-101.2676206722,-4.9242424242,0.0000000000
-97.7168630322,-4.9242424242,0.0000000000
-93.9885675101,-4.9242424242,0.0000000000
-90.2602719881,-4.9242424242,0.0000000000
-86.3455616899,-4.9242424242,0.0000000000
-82.4308513918,-4.9242424242,0.0000000000
-78.3204055787,-4.9242424242,0.0000000000
-74.2099597657,-4.9242424242,0.0000000000
-69.8939916620,-4.9242424242,0.0000000000
-65.5780235583,-4.9242424242,0.0000000000
-61.0462570494,-4.9242424242,0.0000000000
-56.5144905405,-4.9242424242,0.0000000000
-51.7561357061,-4.9242424242,0.0000000000
-46.9977808718,-4.9242424242,0.0000000000
-42.0015082958,-4.9242424242,0.0000000000
-37.0052357197,-4.9242424242,0.0000000000
-31.7591495148,-4.9242424242,0.0000000000
-26.5130633100,-4.9242424242,0.0000000000
-21.0046727949,-4.9242424242,0.0000000000
-15.4962822798,-4.9242424242,0.0000000000
-9.7124722389,-4.9242424242,0.0000000000
-3.9286621981,-4.9242424242,0.0000000000
2.1443383448,-4.9242424242,0.0000000000
8.2173388877,-4.9242424242,0.0000000000
14.5939894578,-4.9242424242,0.0000000000
20.9706400278,-4.9242424242,0.0000000000
27.6661231263,-4.9242424242,0.0000000000
34.3616062249,-4.9242424242,0.0000000000
41.3918634784,-4.9242424242,0.0000000000
48.4221207318,-4.9242424242,0.0000000000
55.8038908480,-4.9242424242,0.0000000000
63.1856609641,-4.9242424242,0.0000000000
70.9365195861,-4.9242424242,0.0000000000
78.6873782080,-4.9242424242,0.0000000000
86.8257797611,-4.9242424242,0.0000000000
94.9641813141,-4.9242424242,0.0000000000
103.5095029448,-4.9242424242,0.0000000000
112.0548245755,-4.9242424242,0.0000000000
121.0274122878,-4.9242424242,0.0000000000
130.0000000000,-4.9242424242,0.0000000000
-130.0000000000,-3.9393939394,0.0000000000
-127.0787829022,-3.9393939394,0.0000000000
-124.1575658043,-3.9393939394,0.0000000000
-121.0902878516,-3.9393939394,0.0000000000
-118.0230098988,-3.9393939394,0.0000000000
-114.8023680484,-3.9393939394,0.0000000000
-111.5817261981,-3.9393939394,0.0000000000
-108.2000522552,-3.9393939394,0.0000000000
-104.8183783123,-3.9393939394,0.0000000000
-101.2676206722,-3.9393939394,0.0000000000
-97.7168630322,-3.9393939394,0.0000000000
-93.9885675101,-3.9393939394,0.0000000000
-90.2602719881,-3.9393939394,0.0000000000
-86.3455616899,-3.9393939394,0.0000000000
-82.4308513918,-3.9393939394,0.0000000000
-78.3204055787,-3.9393939394,0.0000000000
-74.2099597657,-3.9393939394,0.0000000000
-69.8939916620,-3.9393939394,0.0000000000
-65.5780235583,-3.9393939394,0.0000000000
-61.0462570494,-3.9393939394,0.0000000000
-56.5144905405,-3.9393939394,0.0000000000
-51.7561357061,-3.9393939394,0.0000000000
-46.9977808718,-3.9393939394,0.0000000000
-42.0015082958,-3.9393939394,0.0000000000
-37.0052357197,-3.9393939394,0.0000000000
-31.7591495148,-3.9393939394,0.0000000000
-26.5130633100,-3.9393939394,0.0000000000
-21.0046727949,-3.9393939394,0.0000000000
-15.4962822798,-3.9393939394,0.0000000000
-9.7124722389,-3.9393939394,0.0000000000
-3.9286621981,-3.9393939394,0.0000000000
2.1443383448,-3.9393939394,0.0000000000
8.2173388877,-3.9393939394,0.0000000000
14.5939894578,-3.9393939394,0.0000000000
20.9706400278,-3.9393939394,0.0000000000
27.6661231263,-3.9393939394,0.0000000000
34.3616062249,-3.9393939394,0.0000000000
41.3918634784,-3.9393939394,0.0000000000
48.4221207318,-3.9393939394,0.0000000000
55.8038908480,-3.9393939394,0.0000000000
63.1856609641,-3.9393939394,0.0000000000
70.9365195861,-3.9393939394,0.0000000000
78.6873782080,-3.9393939394,0.0000000000
86.8257797611,-3.9393939394,0.0000000000
94.9641813141,-3.9393939394,0.0000000000
103.5095029448,-3.9393939394,0.0000000000
112.0548245755,-3.9393939394,0.0000000000
121.0274122878,-3.9393939394,0.0000000000
130.0000000000,-3.9393939394,0.0000000000
-130.0000000000,-2.9545454545,0.0000000000
-127.0787829022,-2.9545454545,0.0000000000
-124.1575658043,-2.9545454545,0.0000000000
-121.0902878516,-2.9545454545,0.0000000000
-118.0230098988,-2.9545454545,0.0000000000
-114.8023680484,-2.9545454545,0.0000000000
-111.5817261981,-2.9545454545,0.0000000000
-108.2000522552,-2.9545454545,0.0000000000
-104.8183783123,-2.9545454545,0.0000000000
-101.2676206722,-2.9545454545,0.0000000000
-97.7168630322,-2.9545454545,0.0000000000
-93.9885675101,-2.9545454545,0.0000000000
-90.2602719881,-2.9545454545,0.0000000000
-86.3455616899,-2.9545454545,0.0000000000
-82.4308513918,-2.9545454545,0.0000000000
-78.3204055787,-2.9545454545,0.0000000000
-74.2099597657,-2.9545454545,0.0000000000
-69.8939916620,-2.9545454545,0.0000000000
-65.5780235583,-2.9545454545,0.0000000000
-61.0462570494,-2.9545454545,0.0000000000
-56.5144905405,-2.9545454545,0.0000000000
-51.7561357061,-2.9545454545,0.0000000000
-46.9977808718,-2.9545454545,0.0000000000
-42.0015082958,-2.9545454545,0.0000000000
-37.0052357197,-2.9545454545,0.0000000000
-31.7591495148,-2.9545454545,0.0000000000
-26.5130633100,-2.9545454545,0.0000000000
-21.0046727949,-2.9545454545,0.0000000000
-15.4962822798,-2.9545454545,0.0000000000
-9.7124722389,-2.9545454545,0.0000000000
-3.9286621981,-2.9545454545,0.0000000000
2.1443383448,-2.9545454545,0.0000000000
8.2173388877,-2.9545454545,0.0000000000
14.5939894578,-2.9545454545,0.0000000000
20.9706400278,-2.9545454545,0.0000000000
27.6661231263,-2.9545454545,0.0000000000
34.3616062249,-2.9545454545,0.0000000000
41.3918634784,-2.9545454545,0.0000000000
48.4221207318,-2.9545454545,0.0000000000
55.8038908480,-2.9545454545,0.0000000000
63.1856609641,-2.9545454545,0.0000000000
70.9365195861,-2.9545454545,0.0000000000
78.6873782080,-2.9545454545,0.0000000000
86.8257797611,-2.9545454545,0.0000000000
94.9641813141,-2.9545454545,0.0000000000
103.5095029448,-2.9545454545,0.0000000000
112.0548245755,-2.9545454545,0.0000000000
121.0274122878,-2.9545454545,0.0000000000
130.0000000000,-2.9545454545,0.0000000000
-130.0000000000,-1.9696969697,0.0000000000
-127.0787829022,-1.9696969697,0.0000000000
-124.1575658043,-1.9696969697,0.0000000000
-121.0902878516,-1.9696969697,0.0000000000
-118.0230098988,-1.9696969697,0.0000000000
-114.8023680484,-1.9696969697,0.0000000000
-111.5817261981,-1.9696969697,0.0000000000
-108.2000522552,-1.9696969697,0.0000000000
-104.8183783123,-1.9696969697,0.0000000000
-101.2676206722,-1.9696969697,0.0000000000
-97.7168630322,-1.9696969697,0.0000000000
-93.9885675101,-1.9696969697,0.0000000000
-90.2602719881,-1.9696969697,0.0000000000
-86.3455616899,-1.9696969697,0.0000000000
-82.4308513918,-1.9696969697,0.0000000000
-78.3204055787,-1.9696969697,0.0000000000
-74.2099597657,-1.9696969697,0.0000000000
-69.8939916620,-1.9696969697,0.0000000000
-65.5780235583,-1.9696969697,0.0000000000
-61.0462570494,-1.9696969697,0.0000000000
-56.5144905405,-1.9696969697,0.0000000000
-51.7561357061,-1.9696969697,0.0000000000
-46.9977808718,-1.9696969697,0.0000000000
-42.0015082958,-1.9696969697,0.0000000000
-37.0052357197,-1.9696969697,0.0000000000
-31.7591495148,-1.9696969697,0.0000000000
-26.5130633100,-1.9696969697,0.0000000000
-21.0046727949,-1.9696969697,0.0000000000
-15.4962822798,-1.9696969697,0.0000000000
-9.7124722389,-1.9696969697,0.0000000000
-3.9286621981,-1.9696969697,0.0000000000
2.1443383448,-1.9696969697,0.0000000000
8.2173388877,-1.9696969697,0.0000000000
14.5939894578,-1.9696969697,0.0000000000
20.9706400278,-1.9696969697,0.0000000000
27.6661231263,-1.9696969697,0.0000000000
34.3616062249,-1.9696969697,0.0000000000
41.3918634784,-1.9696969697,0.0000000000
48.4221207318,-1.9696969697,0.0000000000
55.8038908480,-1.9696969697,0.0000000000
63.1856609641,-1.9696969697,0.0000000000
70.9365195861,-1.9696969697,0.0000000000
78.6873782080,-1.9696969697,0.0000000000
86.8257797611,-1.9696969697,0.0000000000
94.9641813141,-1.9696969697,0.0000000000
103.5095029448,-1.9696969697,0.0000000000
112.0548245755,-1.9696969697,0.0000000000
121.0274122878,-1.9696969697,0.0000000000
130.0000000000,-1.9696969697,0.0000000000
-130.0000000000,-0.9848484848,0.0000000000
-127.0787829022,-0.9848484848,0.0000000000
-124.1575658043,-0.9848484848,0.0000000000
-121.0902878516,-0.9848484848,0.0000000000
-118.0230098988,-0.9848484848,0.0000000000
-114.8023680484,-0.9848484848,0.0000000000
-111.5817261981,-0.9848484848,0.0000000000
-108.2000522552,-0.9848484848,0.0000000000
-104.8183783123,-0.9848484848,0.0000000000
-101.2676206722,-0.9848484848,0.0000000000
-97.7168630322,-0.9848484848,0.0000000000
-93.9885675101,-0.9848484848,0.0000000000
-90.2602719881,-0.9848484848,0.0000000000
-86.3455616899,-0.9848484848,0.0000000000
-82.4308513918,-0.9848484848,0.0000000000
-78.3204055787,-0.9848484848,0.0000000000
-74.2099597657,-0.9848484848,0.0000000000
-69.8939916620,-0.9848484848,0.0000000000
-65.5780235583,-0.9848484848,0.0000000000
-61.0462570494,-0.9848484848,0.0000000000
-56.5144905405,-0.9848484848,0.0000000000
-51.7561357061,-0.9848484848,0.0000000000
-46.9977808718,-0.9848484848,0.0000000000
-42.0015082958,-0.9848484848,0.0000000000
-37.0052357197,-0.9848484848,0.0000000000
-31.7591495148,-0.9848484848,0.0000000000
-26.5130633100,-0.9848484848,0.0000000000
-21.0046727949,-0.9848484848,0.0000000000
-15.4962822798,-0.9848484848,0.0000000000
-9.7124722389,-0.9848484848,0.0000000000
-3.9286621981,-0.9848484848,0.0000000000
2.1443383448,-0.9848484848,0.0000000000
8.2173388877,-0.9848484848,0.0000000000
14.5939894578,-0.9848484848,0.0000000000
20.9706400278,-0.9848484848,0.0000000000
27.6661231263,-0.9848484848,0.0000000000
34.3616062249,-0.9848484848,0.0000000000
41.3918634784,-0.9848484848,0.0000000000
48.4221207318,-0.9848484848,0.0000000000
55.8038908480,-0.9848484848,0.0000000000
63.1856609641,-0.9848484848,0.0000000000
70.9365195861,-0.9848484848,0.0000000000
78.6873782080,-0.9848484848,0.0000000000
86.8257797611,-0.9848484848,0.0000000000
94.9641813141,-0.9848484848,0.0000000000
103.5095029448,-0.9848484848,0.0000000000
112.0548245755,-0.9848484848,0.0000000000
121.0274122878,-0.9848484848,0.0000000000
130.0000000000,-0.9848484848,0.0000000000
-130.0000000000,-0.0000000000,0.0000000000
-127.0787829022,-0.0000000000,0.0000000000
-124.1575658043,-0.0000000000,0.0000000000
-121.0902878516,-0.0000000000,0.0000000000
-118.0230098988,-0.0000000000,0.0000000000
-114.8023680484,-0.0000000000,0.0000000000
-111.5817261981,-0.0000000000,0.0000000000
-108.2000522552,-0.0000000000,0.0000000000
-104.8183783123,-0.0000000000,0.0000000000
-101.2676206722,-0.0000000000,0.0000000000
-97.7168630322,-0.0000000000,0.0000000000
-93.9885675101,-0.0000000000,0.0000000000
-90.2602719881,-0.0000000000,0.0000000000
-86.3455616899,-0.0000000000,0.0000000000
-82.4308513918,-0.0000000000,0.0000000000
-78.3204055787,-0.0000000000,0.0000000000
-74.2099597657,-0.0000000000,0.0000000000
-69.8939916620,-0.0000000000,0.0000000000
-65.5780235583,-0.0000000000,0.0000000000
-61.0462570494,-0.0000000000,0.0000000000
-56.5144905405,-0.0000000000,0.0000000000
-51.7561357061,-0.0000000000,0.0000000000
-46.9977808718,-0.0000000000,0.0000000000
-42.0015082958,-0.0000000000,0.0000000000
-37.0052357197,-0.0000000000,0.0000000000
-31.7591495148,-0.0000000000,0.0000000000
-26.5130633100,-0.0000000000,0.0000000000
-21.0046727949,-0.0000000000,0.0000000000
-15.4962822798,-0.0000000000,0.0000000000
-9.7124722389,-0.0000000000,0.0000000000
-3.9286621981,-0.0000000000,0.0000000000
2.1443383448,-0.0000000000,0.0000000000
8.2173388877,-0.0000000000,0.0000000000
14.5939894578,-0.0000000000,0.0000000000
20.9706400278,-0.0000000000,0.0000000000
27.6661231263,-0.0000000000,0.0000000000
34.3616062249,-0.0000000000,0.0000000000
41.3918634784,-0.0000000000,0.0000000000
48.4221207318,-0.0000000000,0.0000000000
55.8038908480,-0.0000000000,0.0000000000
63.1856609641,-0.0000000000,0.0000000000
70.9365195861,-0.0000000000,0.0000000000
78.6873782080,-0.0000000000,0.0000000000
86.8257797611,-0.0000000000,0.0000000000
94.9641813141,-0.0000000000,0.0000000000
103.5095029448,-0.0000000000,0.0000000000
112.0548245755,-0.0000000000,0.0000000000
121.0274122878,-0.0000000000,0.0000000000
130.0000000000,-0.0000000000,0.0000000000
-130.0000000000,0.9848484848,0.0000000000
-127.0787829022,0.9848484848,0.0000000000
-124.1575658043,0.9848484848,0.0000000000
-121.0902878516,0.9848484848,0.0000000000
-118.0230098988,0.9848484848,0.0000000000
-114.8023680484,0.9848484848,0.0000000000
-111.5817261981,0.9848484848,0.0000000000
-108.2000522552,0.9848484848,0.0000000000
-104.8183783123,0.9848484848,0.0000000000
-101.2676206722,0.9848484848,0.0000000000
-97.7168630322,0.9848484848,0.0000000000
-93.9885675101,0.9848484848,0.0000000000
-90.2602719881,0.9848484848,0.0000000000
-86.3455616899,0.9848484848,0.0000000000
-82.4308513918,0.9848484848,0.0000000000
-78.3204055787,0.9848484848,0.0000000000
-74.2099597657,0.9848484848,0.0000000000
-69.8939916620,0.9848484848,0.0000000000
-65.5780235583,0.9848484848,0.0000000000
-61.0462570494,0.9848484848,0.0000000000
-56.5144905405,0.9848484848,0.0000000000
-51.7561357061,0.9848484848,0.0000000000
-46.9977808718,0.9848484848,0.0000000000
-42.0015082958,0.9848484848,0.0000000000
-37.0052357197,0.9848484848,0.0000000000
-31.7591495148,0.9848484848,0.0000000000
-26.5130633100,0.9848484848,0.0000000000
-21.0046727949,0.9848484848,0.0000000000
-15.4962822798,0.9848484848,0.0000000000
-9.7124722389,0.9848484848,0.0000000000
-3.9286621981,0.9848484848,0.0000000000
2.1443383448,0.9848484848,0.0000000000
8.2173388877,0.9848484848,0.0000000000
14.5939894578,0.9848484848,0.0000000000
20.9706400278,0.9848484848,0.0000000000
27.6661231263,0.9848484848,0.0000000000
34.3616062249,0.9848484848,0.0000000000
41.3918634784,0.9848484848,0.0000000000
48.4221207318,0.9848484848,0.0000000000
55.8038908480,0.9848484848,0.0000000000
63.1856609641,0.9848484848,0.0000000000
70.9365195861,0.9848484848,0.0000000000
78.6873782080,0.9848484848,0.0000000000
86.8257797611,0.9848484848,0.0000000000
94.9641813141,0.9848484848,0.0000000000
103.5095029448,0.9848484848,0.0000000000
112.0548245755,0.9848484848,0.0000000000
121.0274122878,0.9848484848,0.0000000000
130.0000000000,0.9848484848,0.0000000000
-130.0000000000,1.9696969697,0.0000000000
-127.0787829022,1.9696969697,0.0000000000
-124.1575658043,1.9696969697,0.0000000000
-121.0902878516,1.9696969697,0.0000000000
-118.0230098988,1.9696969697,0.0000000000
-114.8023680484,1.9696969697,0.0000000000
-111.5817261981,1.9696969697,0.0000000000
-108.2000522552,1.9696969697,0.0000000000
-104.8183783123,1.9696969697,0.0000000000
-101.2676206722,1.9696969697,0.0000000000
-97.7168630322,1.9696969697,0.0000000000
-93.9885675101,1.9696969697,0.0000000000
-90.2602719881,1.9696969697,0.0000000000
-86.3455616899,1.9696969697,0.0000000000
-82.4308513918,1.9696969697,0.0000000000
-78.3204055787,1.9696969697,0.0000000000
-74.2099597657,1.9696969697,0.0000000000
-69.8939916620,1.9696969697,0.0000000000
-65.5780235583,1.9696969697,0.0000000000
-61.0462570494,1.9696969697,0.0000000000
-56.5144905405,1.9696969697,0.0000000000
-51.7561357061,1.9696969697,0.0000000000
-46.9977808718,1.9696969697,0.0000000000
-42.0015082958,1.9696969697,0.0000000000
-37.0052357197,1.9696969697,0.0000000000
-31.7591495148,1.9696969697,0.0000000000
-26.5130633100,1.9696969697,0.0000000000
-21.0046727949,1.9696969697,0.0000000000
-15.4962822798,1.9696969697,0.0000000000
-9.7124722389,1.9696969697,0.0000000000
-3.9286621981,1.9696969697,0.0000000000
2.1443383448,1.9696969697,0.0000000000
8.2173388877,1.9696969697,0.0000000000
14.5939894578,1.9696969697,0.0000000000
20.9706400278,1.9696969697,0.0000000000
27.6661231263,1.9696969697,0.0000000000
34.3616062249,1.9696969697,0.0000000000
41.3918634784,1.9696969697,0.0000000000
48.4221207318,1.9696969697,0.0000000000
55.8038908480,1.9696969697,0.0000000000
63.1856609641,1.9696969697,0.0000000000
70.9365195861,1.9696969697,0.0000000000
78.6873782080,1.9696969697,0.0000000000
86.8257797611,1.9696969697,0.0000000000
94.9641813141,1.9696969697,0.0000000000
103.5095029448,1.9696969697,0.0000000000
112.0548245755,1.9696969697,0.0000000000
121.0274122878,1.9696969697,0.0000000000
130.0000000000,1.9696969697,0.0000000000
-130.0000000000,2.9545454545,0.0000000000
-127.0787829022,2.9545454545,0.0000000000
-124.1575658043,2.9545454545,0.0000000000
-121.0902878516,2.9545454545,0.0000000000
-118.0230098988,2.9545454545,0.0000000000
-114.8023680484,2.9545454545,0.0000000000
-111.5817261981,2.9545454545,0.0000000000
-108.2000522552,2.9545454545,0.0000000000
-104.8183783123,2.9545454545,0.0000000000
-101.2676206722,2.9545454545,0.0000000000
-97.7168630322,2.9545454545,0.0000000000
-93.9885675101,2.9545454545,0.0000000000
-90.2602719881,2.9545454545,0.0000000000
-86.3455616899,2.9545454545,0.0000000000
-82.4308513918,2.9545454545,0.0000000000
-78.3204055787,2.9545454545,0.0000000000
-74.2099597657,2.9545454545,0.0000000000
-69.8939916620,2.9545454545,0.0000000000
-65.5780235583,2.9545454545,0.0000000000
-61.0462570494,2.9545454545,0.0000000000
-56.5144905405,2.9545454545,0.0000000000
-51.7561357061,2.9545454545,0.0000000000
-46.9977808718,2.9545454545,0.0000000000
-42.0015082958,2.9545454545,0.0000000000
-37.0052357197,2.9545454545,0.0000000000
-31.7591495148,2.9545454545,0.0000000000
-26.5130633100,2.9545454545,0.0000000000
-21.0046727949,2.9545454545,0.0000000000
-15.4962822798,2.9545454545,0.0000000000
-9.7124722389,2.9545454545,0.0000000000
-3.9286621981,2.9545454545,0.0000000000
2.1443383448,2.9545454545,0.0000000000
8.2173388877,2.9545454545,0.0000000000
14.5939894578,2.9545454545,0.0000000000
20.9706400278,2.9545454545,0.0000000000
27.6661231263,2.9545454545,0.0000000000
34.3616062249,2.9545454545,0.0000000000
41.3918634784,2.9545454545,0.0000000000
48.4221207318,2.9545454545,0.0000000000
55.8038908480,2.9545454545,0.0000000000
63.1856609641,2.9545454545,0.0000000000
70.9365195861,2.9545454545,0.0000000000
78.6873782080,2.9545454545,0.0000000000
86.8257797611,2.9545454545,0.0000000000
94.9641813141,2.9545454545,0.0000000000
103.5095029448,2.9545454545,0.0000000000
112.0548245755,2.9545454545,0.0000000000
121.0274122878,2.9545454545,0.0000000000
130.0000000000,2.9545454545,0.0000000000
-130.0000000000,3.9393939394,0.0000000000
-127.0787829022,3.9393939394,0.0000000000
-124.1575658043,3.9393939394,0.0000000000
-121.0902878516,3.9393939394,0.0000000000
-118.0230098988,3.9393939394,0.0000000000
-114.8023680484,3.9393939394,0.0000000000
-111.5817261981,3.9393939394,0.0000000000
-108.2000522552,3.9393939394,0.0000000000
-104.8183783123,3.9393939394,0.0000000000
-101.2676206722,3.9393939394,0.0000000000
-97.7168630322,3.9393939394,0.0000000000
-93.9885675101,3.9393939394,0.0000000000
-90.2602719881,3.9393939394,0.0000000000
-86.3455616899,3.9393939394,0.0000000000
-82.4308513918,3.9393939394,0.0000000000
-78.3204055787,3.9393939394,0.0000000000
-74.2099597657,3.9393939394,0.0000000000
-69.8939916620,3.9393939394,0.0000000000
-65.5780235583,3.9393939394,0.0000000000
-61.0462570494,3.9393939394,0.0000000000
-56.5144905405,3.9393939394,0.0000000000
-51.7561357061,3.9393939394,0.0000000000
-46.9977808718,3.9393939394,0.0000000000
-42.0015082958,3.9393939394,0.0000000000
-37.0052357197,3.9393939394,0.0000000000
-31.7591495148,3.9393939394,0.0000000000
-26.5130633100,3.9393939394,0.0000000000
-21.0046727949,3.9393939394,0.0000000000
-15.4962822798,3.9393939394,0.0000000000
-9.7124722389,3.9393939394,0.0000000000
-3.9286621981,3.9393939394,0.0000000000
2.1443383448,3.9393939394,0.0000000000
8.2173388877,3.9393939394,0.0000000000
14.5939894578,3.9393939394,0.0000000000
20.9706400278,3.9393939394,0.0000000000
27.6661231263,3.9393939394,0.0000000000
34.3616062249,3.9393939394,0.0000000000
41.3918634784,3.9393939394,0.0000000000
48.4221207318,3.9393939394,0.0000000000
55.8038908480,3.9393939394,0.0000000000
63.1856609641,3.9393939394,0.0000000000
70.9365195861,3.9393939394,0.0000000000
78.6873782080,3.9393939394,0.0000000000
86.8257797611,3.9393939394,0.0000000000
94.9641813141,3.9393939394,0.0000000000
103.5095029448,3.9393939394,0.0000000000
112.0548245755,3.9393939394,0.0000000000
121.0274122878,3.9393939394,0.0000000000
130.0000000000,3.9393939394,0.0000000000
-130.0000000000,4.9242424242,0.0000000000
-127.0787829022,4.9242424242,0.0000000000
-124.1575658043,4.9242424242,0.0000000000
-121.0902878516,4.9242424242,0.0000000000
-118.0230098988,4.9242424242,0.0000000000
-114.8023680484,4.9242424242,0.0000000000
-111.5817261981,4.9242424242,0.0000000000
-108.2000522552,4.9242424242,0.0000000000
-104.8183783123,4.9242424242,0.0000000000
-101.2676206722,4.9242424242,0.0000000000
-97.7168630322,4.9242424242,0.0000000000
-93.9885675101,4.9242424242,0.0000000000
-90.2602719881,4.9242424242,0.0000000000
-86.3455616899,4.9242424242,0.0000000000
-82.4308513918,4.9242424242,0.0000000000
-78.3204055787,4.9242424242,0.0000000000
-74.2099597657,4.9242424242,0.0000000000
-69.8939916620,4.9242424242,0.0000000000
-65.5780235583,4.9242424242,0.0000000000
-61.0462570494,4.9242424242,0.0000000000
-56.5144905405,4.9242424242,0.0000000000
-51.7561357061,4.9242424242,0.0000000000
-46.9977808718,4.9242424242,0.0000000000
-42.0015082958,4.9242424242,0.0000000000
-37.0052357197,4.9242424242,0.0000000000
-31.7591495148,4.9242424242,0.0000000000
-26.5130633100,4.9242424242,0.0000000000
-21.0046727949,4.9242424242,0.0000000000
-15.4962822798,4.9242424242,0.0000000000
-9.7124722389,4.9242424242,0.0000000000
-3.9286621981,4.9242424242,0.0000000000
2.1443383448,4.9242424242,0.0000000000
8.2173388877,4.9242424242,0.0000000000
14.5939894578,4.9242424242,0.0000000000
20.9706400278,4.9242424242,0.0000000000
27.6661231263,4.9242424242,0.0000000000
34.3616062249,4.9242424242,0.0000000000
41.3918634784,4.9242424242,0.0000000000
48.4221207318,4.9242424242,0.0000000000
55.8038908480,4.9242424242,0.0000000000
63.1856609641,4.9242424242,0.0000000000
70.9365195861,4.9242424242,0.0000000000
78.6873782080,4.9242424242,0.0000000000
86.8257797611,4.9242424242,0.0000000000
94.9641813141,4.9242424242,0.0000000000
103.5095029448,4.9242424242,0.0000000000
112.0548245755,4.9242424242,0.0000000000
121.0274122878,4.9242424242,0.0000000000
130.0000000000,4.9242424242,0.0000000000
-130.0000000000,5.9090909091,0.0000000000
-127.0787829022,5.9090909091,0.0000000000
-124.1575658043,5.9090909091,0.0000000000
-121.0902878516,5.9090909091,0.0000000000
-118.0230098988,5.9090909091,0.0000000000
-114.8023680484,5.9090909091,0.0000000000
-111.5817261981,5.9090909091,0.0000000000
-108.2000522552,5.9090909091,0.0000000000
-104.8183783123,5.9090909091,0.0000000000
-101.2676206722,5.9090909091,0.0000000000
-97.7168630322,5.9090909091,0.0000000000
-93.9885675101,5.9090909091,0.0000000000
-90.2602719881,5.9090909091,0.0000000000
-86.3455616899,5.9090909091,0.0000000000
-82.4308513918,5.9090909091,0.0000000000
-78.3204055787,5.9090909091,0.0000000000
-74.2099597657,5.9090909091,0.0000000000
-69.8939916620,5.9090909091,0.0000000000
-65.5780235583,5.9090909091,0.0000000000
-61.0462570494,5.9090909091,0.0000000000
-56.5144905405,5.9090909091,0.0000000000
-51.7561357061,5.9090909091,0.0000000000
-46.9977808718,5.9090909091,0.0000000000
-42.0015082958,5.9090909091,0.0000000000
-37.0052357197,5.9090909091,0.0000000000
-31.7591495148,5.9090909091,0.0000000000
-26.5130633100,5.9090909091,0.0000000000
-21.0046727949,5.9090909091,0.0000000000
-15.4962822798,5.9090909091,0.0000000000
-9.7124722389,5.9090909091,0.0000000000
-3.9286621981,5.9090909091,0.0000000000
2.1443383448,5.9090909091,0.0000000000
8.2173388877,5.9090909091,0.0000000000
14.5939894578,5.9090909091,0.0000000000
20.9706400278,5.9090909091,0.0000000000
27.6661231263,5.9090909091,0.0000000000
34.3616062249,5.9090909091,0.0000000000
41.3918634784,5.9090909091,0.0000000000
48.4221207318,5.9090909091,0.0000000000
55.8038908480,5.9090909091,0.0000000000
63.1856609641,5.9090909091,0.0000000000
70.9365195861,5.9090909091,0.0000000000
78.6873782080,5.9090909091,0.0000000000
86.8257797611,5.9090909091,0.0000000000
94.9641813141,5.9090909091,0.0000000000
103.5095029448,5.9090909091,0.0000000000
112.0548245755,5.9090909091,0.0000000000
121.0274122878,5.9090909091,0.0000000000
130.0000000000,5.9090909091,0.0000000000
-130.0000000000,6.8939393939,0.0000000000
-127.0787829022,6.8939393939,0.0000000000
-124.1575658043,6.8939393939,0.0000000000
-121.0902878516,6.8939393939,0.0000000000
-118.0230098988,6.8939393939,0.0000000000
-114.8023680484,6.8939393939,0.0000000000
-111.5817261981,6.8939393939,0.0000000000
-108.2000522552,6.8939393939,0.0000000000
-104.8183783123,6.8939393939,0.0000000000
-101.2676206722,6.8939393939,0.0000000000
-97.7168630322,6.8939393939,0.0000000000
-93.9885675101,6.8939393939,0.0000000000
-90.2602719881,6.8939393939,0.0000000000
-86.3455616899,6.8939393939,0.0000000000
-82.4308513918,6.8939393939,0.0000000000
-78.3204055787,6.8939393939,0.0000000000
-74.2099597657,6.8939393939,0.0000000000
-69.8939916620,6.8939393939,0.0000000000
-65.5780235583,6.8939393939,0.0000000000
-61.0462570494,6.8939393939,0.0000000000
-56.5144905405,6.8939393939,0.0000000000
-51.7561357061,6.8939393939,0.0000000000
-46.9977808718,6.8939393939,0.0000000000
-42.0015082958,6.8939393939,0.0000000000
-37.0052357197,6.8939393939,0.0000000000
-31.7591495148,6.8939393939,0.0000000000
-26.5130633100,6.8939393939,0.0000000000
-21.0046727949,6.8939393939,0.0000000000
-15.4962822798,6.8939393939,0.0000000000
-9.7124722389,6.8939393939,0.0000000000
-3.9286621981,6.8939393939,0.0000000000
2.1443383448,6.8939393939,0.0000000000
8.2173388877,6.8939393939,0.0000000000
14.5939894578,6.8939393939,0.0000000000
20.9706400278,6.8939393939,0.0000000000
27.6661231263,6.8939393939,0.0000000000
34.3616062249,6.8939393939,0.0000000000
41.3918634784,6.8939393939,0.0000000000
48.4221207318,6.8939393939,0.0000000000
55.8038908480,6.8939393939,0.0000000000
63.1856609641,6.8939393939,0.0000000000
70.9365195861,6.8939393939,0.0000000000
78.6873782080,6.8939393939,0.0000000000
86.8257797611,6.8939393939,0.0000000000
94.9641813141,6.8939393939,0.0000000000
103.5095029448,6.8939393939,0.0000000000
112.0548245755,6.8939393939,0.0000000000
121.0274122878,6.8939393939,0.0000000000
130.0000000000,6.8939393939,0.0000000000
-130.0000000000,7.8787878788,0.0000000000
-127.0787829022,7.8787878788,0.0000000000
-124.1575658043,7.8787878788,0.0000000000
-121.0902878516,7.8787878788,0.0000000000
-118.0230098988,7.8787878788,0.0000000000
-114.8023680484,7.8787878788,0.0000000000
-111.5817261981,7.8787878788,0.0000000000
-108.2000522552,7.8787878788,0.0000000000
-104.8183783123,7.8787878788,0.0000000000
-101.2676206722,7.8787878788,0.0000000000
-97.7168630322,7.8787878788,0.0000000000
-93.9885675101,7.8787878788,0.0000000000
-90.2602719881,7.8787878788,0.0000000000
-86.3455616899,7.8787878788,0.0000000000
-82.4308513918,7.8787878788,0.0000000000
-78.3204055787,7.8787878788,0.0000000000
-74.2099597657,7.8787878788,0.0000000000
-69.8939916620,7.8787878788,0.0000000000
-65.5780235583,7.8787878788,0.0000000000
-61.0462570494,7.8787878788,0.0000000000
-56.5144905405,7.8787878788,0.0000000000
-51.7561357061,7.8787878788,0.0000000000
-46.9977808718,7.8787878788,0.0000000000
-42.0015082958,7.8787878788,0.0000000000
-37.0052357197,7.8787878788,0.0000000000
-31.7591495148,7.8787878788,0.0000000000
-26.5130633100,7.8787878788,0.0000000000
-21.0046727949,7.8787878788,0.0000000000
-15.4962822798,7.8787878788,0.0000000000
-9.7124722389,7.8787878788,0.0000000000
-3.9286621981,7.8787878788,0.0000000000
2.1443383448,7.8787878788,0.0000000000
8.2173388877,7.8787878788,0.0000000000
14.5939894578,7.8787878788,0.0000000000
20.9706400278,7.8787878788,0.0000000000
27.6661231263,7.8787878788,0.0000000000
34.3616062249,7.8787878788,0.0000000000
41.3918634784,7.8787878788,0.0000000000
48.4221207318,7.8787878788,0.0000000000
55.8038908480,7.8787878788,0.0000000000
63.1856609641,7.8787878788,0.0000000000
70.9365195861,7.8787878788,0.0000000000
78.6873782080,7.8787878788,0.0000000000
86.8257797611,7.8787878788,0.0000000000
94.9641813141,7.8787878788,0.0000000000
103.5095029448,7.8787878788,0.0000000000
112.0548245755,7.8787878788,0.0000000000
121.0274122878,7.8787878788,0.0000000000
130.0000000000,7.8787878788,0.0000000000
-130.0000000000,8.8636363636,0.0000000000
-127.0787829022,8.8636363636,0.0000000000
-124.1575658043,8.8636363636,0.0000000000
-121.0902878516,8.8636363636,0.0000000000
-118.0230098988,8.8636363636,0.0000000000
-114.8023680484,8.8636363636,0.0000000000
-111.5817261981,8.8636363636,0.0000000000
-108.2000522552,8.8636363636,0.0000000000
-104.8183783123,8.8636363636,0.0000000000
-101.2676206722,8.8636363636,0.0000000000
-97.7168630322,8.8636363636,0.0000000000
-93.9885675101,8.8636363636,0.0000000000
-90.2602719881,8.8636363636,0.0000000000
-86.3455616899,8.8636363636,0.0000000000
-82.4308513918,8.8636363636,0.0000000000
-78.3204055787,8.8636363636,0.0000000000
-74.2099597657,8.8636363636,0.0000000000
-69.8939916620,8.8636363636,0.0000000000
-65.5780235583,8.8636363636,0.0000000000
-61.0462570494,8.8636363636,0.0000000000
-56.5144905405,8.8636363636,0.0000000000
-51.7561357061,8.8636363636,0.0000000000
-46.9977808718,8.8636363636,0.0000000000
-42.0015082958,8.8636363636,0.0000000000
-37.0052357197,8.8636363636,0.0000000000
-31.7591495148,8.8636363636,0.0000000000
-26.5130633100,8.8636363636,0.0000000000
-21.0046727949,8.8636363636,0.0000000000
-15.4962822798,8.8636363636,0.0000000000
-9.7124722389,8.8636363636,0.0000000000
-3.9286621981,8.8636363636,0.0000000000
2.1443383448,8.8636363636,0.0000000000
8.2173388877,8.8636363636,0.0000000000
14.5939894578,8.8636363636,0.0000000000
20.9706400278,8.8636363636,0.0000000000
27.6661231263,8.8636363636,0.0000000000
34.3616062249,8.8636363636,0.0000000000
41.3918634784,8.8636363636,0.0000000000
48.4221207318,8.8636363636,0.0000000000
55.8038908480,8.8636363636,0.0000000000
63.1856609641,8.8636363636,0.0000000000
70.9365195861,8.8636363636,0.0000000000
78.6873782080,8.8636363636,0.0000000000
86.8257797611,8.8636363636,0.0000000000
94.9641813141,8.8636363636,0.0000000000
103.5095029448,8.8636363636,0.0000000000
112.0548245755,8.8636363636,0.0000000000
121.0274122878,8.8636363636,0.0000000000
130.0000000000,8.8636363636,0.0000000000
-130.0000000000,9.8484848485,0.0000000000
-127.0787829022,9.8484848485,0.0000000000
-124.1575658043,9.8484848485,0.0000000000
-121.0902878516,9.8484848485,0.0000000000
-118.0230098988,9.8484848485,0.0000000000
-114.8023680484,9.8484848485,0.0000000000
-111.5817261981,9.8484848485,0.0000000000
-108.2000522552,9.8484848485,0.0000000000
-104.8183783123,9.8484848485,0.0000000000
-101.2676206722,9.8484848485,0.0000000000
-97.7168630322,9.8484848485,0.0000000000
-93.9885675101,9.8484848485,0.0000000000
-90.2602719881,9.8484848485,0.0000000000
-86.3455616899,9.8484848485,0.0000000000
-82.4308513918,9.8484848485,0.0000000000
-78.3204055787,9.8484848485,0.0000000000
-74.2099597657,9.8484848485,0.0000000000
-69.8939916620,9.8484848485,0.0000000000
-65.5780235583,9.8484848485,0.0000000000
-61.0462570494,9.8484848485,0.0000000000
-56.5144905405,9.8484848485,0.0000000000
-51.7561357061,9.8484848485,0.0000000000
-46.9977808718,9.8484848485,0.0000000000
-42.0015082958,9.8484848485,0.0000000000
-37.0052357197,9.8484848485,0.0000000000
-31.7591495148,9.8484848485,0.0000000000
-26.5130633100,9.8484848485,0.0000000000
-21.0046727949,9.8484848485,0.0000000000
-15.4962822798,9.8484848485,0.0000000000
-9.7124722389,9.8484848485,0.0000000000
-3.9286621981,9.8484848485,0.0000000000
2.1443383448,9.8484848485,0.0000000000
8.2173388877,9.8484848485,0.0000000000
14.5939894578,9.8484848485,0.0000000000
20.9706400278,9.8484848485,0.0000000000
27.6661231263,9.8484848485,0.0000000000
34.3616062249,9.8484848485,0.0000000000
41.3918634784,9.8484848485,0.0000000000
48.4221207318,9.8484848485,0.0000000000
55.8038908480,9.8484848485,0.0000000000
63.1856609641,9.8484848485,0.0000000000
70.9365195861,9.8484848485,0.0000000000
78.6873782080,9.8484848485,0.0000000000
86.8257797611,9.8484848485,0.0000000000
94.9641813141,9.8484848485,0.0000000000
103.5095029448,9.8484848485,0.0000000000
112.0548245755,9.8484848485,0.0000000000
121.0274122878,9.8484848485,0.0000000000
130.0000000000,9.8484848485,0.0000000000
-130.0000000000,10.8333333333,0.0000000000
-127.0787829022,10.8333333333,0.0000000000
-124.1575658043,10.8333333333,0.0000000000
-121.0902878516,10.8333333333,0.0000000000
-118.0230098988,10.8333333333,0.0000000000
-114.8023680484,10.8333333333,0.0000000000
-111.5817261981,10.8333333333,0.0000000000
-108.2000522552,10.8333333333,0.0000000000
-104.8183783123,10.8333333333,0.0000000000
-101.2676206722,10.8333333333,0.0000000000
-97.7168630322,10.8333333333,0.0000000000
-93.9885675101,10.8333333333,0.0000000000
-90.2602719881,10.8333333333,0.0000000000
-86.3455616899,10.8333333333,0.0000000000
-82.4308513918,10.8333333333,0.0000000000
-78.3204055787,10.8333333333,0.0000000000
-74.2099597657,10.8333333333,0.0000000000
-69.8939916620,10.8333333333,0.0000000000
-65.5780235583,10.8333333333,0.0000000000
-61.0462570494,10.8333333333,0.0000000000
-56.5144905405,10.8333333333,0.0000000000
-51.7561357061,10.8333333333,0.0000000000
-46.9977808718,10.8333333333,0.0000000000
-42.0015082958,10.8333333333,0.0000000000
-37.0052357197,10.8333333333,0.0000000000
-31.7591495148,10.8333333333,0.0000000000
-26.5130633100,10.8333333333,0.0000000000
-21.0046727949,10.8333333333,0.0000000000
-15.4962822798,10.8333333333,0.0000000000
-9.7124722389,10.8333333333,0.0000000000
-3.9286621981,10.8333333333,0.0000000000
2.1443383448,10.8333333333,0.0000000000
8.2173388877,10.8333333333,0.0000000000
14.5939894578,10.8333333333,0.0000000000
20.9706400278,10.8333333333,0.0000000000
27.6661231263,10.8333333333,0.0000000000
34.3616062249,10.8333333333,0.0000000000
41.3918634784,10.8333333333,0.0000000000
48.4221207318,10.8333333333,0.0000000000
55.8038908480,10.8333333333,0.0000000000
63.1856609641,10.8333333333,0.0000000000
70.9365195861,10.8333333333,0.0000000000
78.6873782080,10.8333333333,0.0000000000
86.8257797611,10.8333333333,0.0000000000
94.9641813141,10.8333333333,0.0000000000
103.5095029448,10.8333333333,0.0000000000
112.0548245755,10.8333333333,0.0000000000
121.0274122878,10.8333333333,0.0000000000
130.0000000000,10.8333333333,0.0000000000
-130.0000000000,11.8181818182,0.0000000000
-127.0787829022,11.8181818182,0.0000000000
-124.1575658043,11.8181818182,0.0000000000
-121.0902878516,11.8181818182,0.0000000000
-118.0230098988,11.8181818182,0.0000000000
-114.8023680484,11.8181818182,0.0000000000
-111.5817261981,11.8181818182,0.0000000000
-108.2000522552,11.8181818182,0.0000000000
-104.8183783123,11.8181818182,0.0000000000
-101.2676206722,11.8181818182,0.0000000000
-97.7168630322,11.8181818182,0.0000000000
-93.9885675101,11.8181818182,0.0000000000
-90.2602719881,11.8181818182,0.0000000000
-86.3455616899,11.8181818182,0.0000000000
-82.4308513918,11.8181818182,0.0000000000
-78.3204055787,11.8181818182,0.0000000000
-74.2099597657,11.8181818182,0.0000000000
-69.8939916620,11.8181818182,0.0000000000
-65.5780235583,11.8181818182,0.0000000000
-61.0462570494,11.8181818182,0.0000000000
-56.5144905405,11.8181818182,0.0000000000
-51.7561357061,11.8181818182,0.0000000000
-46.9977808718,11.8181818182,0.0000000000
-42.0015082958,11.8181818182,0.0000000000
-37.0052357197,11.8181818182,0.0000000000
-31.7591495148,11.8181818182,0.0000000000
-26.5130633100,11.8181818182,0.0000000000
-21.0046727949,11.8181818182,0.0000000000
-15.4962822798,11.8181818182,0.0000000000
-9.7124722389,11.8181818182,0.0000000000
-3.9286621981,11.8181818182,0.0000000000
2.1443383448,11.8181818182,0.0000000000
8.2173388877,11.8181818182,0.0000000000
14.5939894578,11.8181818182,0.0000000000
20.9706400278,11.8181818182,0.0000000000
27.6661231263,11.8181818182,0.0000000000
34.3616062249,11.8181818182,0.0000000000
41.3918634784,11.8181818182,0.0000000000
48.4221207318,11.8181818182,0.0000000000
55.8038908480,11.8181818182,0.0000000000
63.1856609641,11.8181818182,0.0000000000
70.9365195861,11.8181818182,0.0000000000
78.6873782080,11.8181818182,0.0000000000
86.8257797611,11.8181818182,0.0000000000
94.9641813141,11.8181818182,0.0000000000
103.5095029448,11.8181818182,0.0000000000
112.0548245755,11.8181818182,0.0000000000
121.0274122878,11.8181818182,0.0000000000
130.0000000000,11.8181818182,0.0000000000
-130.0000000000,12.8030303030,0.0000000000
-127.0787829022,12.8030303030,0.0000000000
-124.1575658043,12.8030303030,0.0000000000
-121.0902878516,12.8030303030,0.0000000000
-118.0230098988,12.8030303030,0.0000000000
-114.8023680484,12.8030303030,0.0000000000
-111.5817261981,12.8030303030,0.0000000000
-108.2000522552,12.8030303030,0.0000000000
-104.8183783123,12.8030303030,0.0000000000
-101.2676206722,12.8030303030,0.0000000000
-97.7168630322,12.8030303030,0.0000000000
-93.9885675101,12.8030303030,0.0000000000
-90.2602719881,12.8030303030,0.0000000000
-86.3455616899,12.8030303030,0.0000000000
-82.4308513918,12.8030303030,0.0000000000
-78.3204055787,12.8030303030,0.0000000000
-74.2099597657,12.8030303030,0.0000000000
-69.8939916620,12.8030303030,0.0000000000
-65.5780235583,12.8030303030,0.0000000000
-61.0462570494,12.8030303030,0.0000000000
-56.5144905405,12.8030303030,0.0000000000
-51.7561357061,12.8030303030,0.0000000000
-46.9977808718,12.8030303030,0.0000000000
-42.0015082958,12.8030303030,0.0000000000
-37.0052357197,12.8030303030,0.0000000000
-31.7591495148,12.8030303030,0.0000000000
-26.5130633100,12.8030303030,0.0000000000
-21.0046727949,12.8030303030,0.0000000000
-15.4962822798,12.8030303030,0.0000000000
-9.7124722389,12.8030303030,0.0000000000
-3.9286621981,12.8030303030,0.0000000000
2.1443383448,12.8030303030,0.0000000000
8.2173388877,12.8030303030,0.0000000000
14.5939894578,12.8030303030,0.0000000000
20.9706400278,12.8030303030,0.0000000000
27.6661231263,12.8030303030,0.0000000000
34.3616062249,12.8030303030,0.0000000000
41.3918634784,12.8030303030,0.0000000000
48.4221207318,12.8030303030,0.0000000000
55.8038908480,12.8030303030,0.0000000000
63.1856609641,12.8030303030,0.0000000000
70.9365195861,12.8030303030,0.0000000000
78.6873782080,12.8030303030,0.0000000000
86.8257797611,12.8030303030,0.0000000000
94.9641813141,12.8030303030,0.0000000000
103.5095029448,12.8030303030,0.0000000000
112.0548245755,12.8030303030,0.0000000000
121.0274122878,12.8030303030,0.0000000000
130.0000000000,12.8030303030,0.0000000000
-130.0000000000,13.7878787879,0.0000000000
-127.0787829022,13.7878787879,0.0000000000
-124.1575658043,13.7878787879,0.0000000000
-121.0902878516,13.7878787879,0.0000000000
-118.0230098988,13.7878787879,0.0000000000
-114.8023680484,13.7878787879,0.0000000000
-111.5817261981,13.7878787879,0.0000000000
-108.2000522552,13.7878787879,0.0000000000
-104.8183783123,13.7878787879,0.0000000000
-101.2676206722,13.7878787879,0.0000000000
-97.7168630322,13.7878787879,0.0000000000
-93.9885675101,13.7878787879,0.0000000000
-90.2602719881,13.7878787879,0.0000000000
-86.3455616899,13.7878787879,0.0000000000
-82.4308513918,13.7878787879,0.0000000000
-78.3204055787,13.7878787879,0.0000000000
-74.2099597657,13.7878787879,0.0000000000
-69.8939916620,13.7878787879,0.0000000000
-65.5780235583,13.7878787879,0.0000000000
-61.0462570494,13.7878787879,0.0000000000
-56.5144905405,13.7878787879,0.0000000000
-51.7561357061,13.7878787879,0.0000000000
-46.9977808718,13.7878787879,0.0000000000
-42.0015082958,13.7878787879,0.0000000000
-37.0052357197,13.7878787879,0.0000000000
-31.7591495148,13.7878787879,0.0000000000
-26.5130633100,13.7878787879,0.0000000000
-21.0046727949,13.7878787879,0.0000000000
-15.4962822798,13.7878787879,0.0000000000
-9.7124722389,13.7878787879,0.0000000000
-3.9286621981,13.7878787879,0.0000000000
2.1443383448,13.7878787879,0.0000000000
8.2173388877,13.7878787879,0.0000000000
14.5939894578,13.7878787879,0.0000000000
20.9706400278,13.7878787879,0.0000000000
27.6661231263,13.7878787879,0.0000000000
34.3616062249,13.7878787879,0.0000000000
41.3918634784,13.7878787879,0.0000000000
48.4221207318,13.7878787879,0.0000000000
55.8038908480,13.7878787879,0.0000000000
63.1856609641,13.7878787879,0.0000000000
70.9365195861,13.7878787879,0.0000000000
78.6873782080,13.7878787879,0.0000000000
86.8257797611,13.7878787879,0.0000000000
94.9641813141,13.7878787879,0.0000000000
103.5095029448,13.7878787879,0.0000000000
112.0548245755,13.7878787879,0.0000000000
121.0274122878,13.7878787879,0.0000000000
130.0000000000,13.7878787879,0.0000000000
-130.0000000000,14.7727272727,0.0000000000
-127.0787829022,14.7727272727,0.0000000000
-124.1575658043,14.7727272727,0.0000000000
-121.0902878516,14.7727272727,0.0000000000
-118.0230098988,14.7727272727,0.0000000000
-114.8023680484,14.7727272727,0.0000000000
-111.5817261981,14.7727272727,0.0000000000
-108.2000522552,14.7727272727,0.0000000000
-104.8183783123,14.7727272727,0.0000000000
-101.2676206722,14.7727272727,0.0000000000
-97.7168630322,14.7727272727,0.0000000000
-93.9885675101,14.7727272727,0.0000000000
-90.2602719881,14.7727272727,0.0000000000
-86.3455616899,14.7727272727,0.0000000000
-82.4308513918,14.7727272727,0.0000000000
-78.3204055787,14.7727272727,0.0000000000
-74.2099597657,14.7727272727,0.0000000000
-69.8939916620,14.7727272727,0.0000000000
-65.5780235583,14.7727272727,0.0000000000
-61.0462570494,14.7727272727,0.0000000000
-56.5144905405,14.7727272727,0.0000000000
-51.7561357061,14.7727272727,0.0000000000
-46.9977808718,14.7727272727,0.0000000000
-42.0015082958,14.7727272727,0.0000000000
-37.0052357197,14.7727272727,0.0000000000
-31.7591495148,14.7727272727,0.0000000000
-26.5130633100,14.7727272727,0.0000000000
-21.0046727949,14.7727272727,0.0000000000
-15.4962822798,14.7727272727,0.0000000000
-9.7124722389,14.7727272727,0.0000000000
-3.9286621981,14.7727272727,0.0000000000
2.1443383448,14.7727272727,0.0000000000
8.2173388877,14.7727272727,0.0000000000
14.5939894578,14.7727272727,0.0000000000
20.9706400278,14.7727272727,0.0000000000
27.6661231263,14.7727272727,0.0000000000
34.3616062249,14.7727272727,0.0000000000
41.3918634784,14.7727272727,0.0000000000
48.4221207318,14.7727272727,0.0000000000
55.8038908480,14.7727272727,0.0000000000
63.1856609641,14.7727272727,0.0000000000
70.9365195861,14.7727272727,0.0000000000
78.6873782080,14.7727272727,0.0000000000
86.8257797611,14.7727272727,0.0000000000
94.9641813141,14.7727272727,0.0000000000
103.5095029448,14.7727272727,0.0000000000
112.0548245755,14.7727272727,0.0000000000
121.0274122878,14.7727272727,0.0000000000
130.0000000000,14.7727272727,0.0000000000
-130.0000000000,15.7575757576,0.0000000000
-127.0787829022,15.7575757576,0.0000000000
-124.1575658043,15.7575757576,0.0000000000
-121.0902878516,15.7575757576,0.0000000000
-118.0230098988,15.7575757576,0.0000000000
-114.8023680484,15.7575757576,0.0000000000
-111.5817261981,15.7575757576,0.0000000000
-108.2000522552,15.7575757576,0.0000000000
-104.8183783123,15.7575757576,0.0000000000
-101.2676206722,15.7575757576,0.0000000000
-97.7168630322,15.7575757576,0.0000000000
-93.9885675101,15.7575757576,0.0000000000
-90.2602719881,15.7575757576,0.0000000000
-86.3455616899,15.7575757576,0.0000000000
-82.4308513918,15.7575757576,0.0000000000
-78.3204055787,15.7575757576,0.0000000000
-74.2099597657,15.7575757576,0.0000000000
-69.8939916620,15.7575757576,0.0000000000
-65.5780235583,15.7575757576,0.0000000000
-61.0462570494,15.7575757576,0.0000000000
-56.5144905405,15.7575757576,0.0000000000
-51.7561357061,15.7575757576,0.0000000000
-46.9977808718,15.7575757576,0.0000000000
-42.0015082958,15.7575757576,0.0000000000
-37.0052357197,15.7575757576,0.0000000000
-31.7591495148,15.7575757576,0.0000000000
-26.5130633100,15.7575757576,0.0000000000
-21.0046727949,15.7575757576,0.0000000000
-15.4962822798,15.7575757576,0.0000000000
-9.7124722389,15.7575757576,0.0000000000
-3.9286621981,15.7575757576,0.0000000000
2.1443383448,15.7575757576,0.0000000000
8.2173388877,15.7575757576,0.0000000000
14.5939894578,15.7575757576,0.0000000000
20.9706400278,15.7575757576,0.0000000000
27.6661231263,15.7575757576,0.0000000000
34.3616062249,15.7575757576,0.0000000000
41.3918634784,15.7575757576,0.0000000000
48.4221207318,15.7575757576,0.0000000000
55.8038908480,15.7575757576,0.0000000000
63.1856609641,15.7575757576,0.0000000000
70.9365195861,15.7575757576,0.0000000000
78.6873782080,15.7575757576,0.0000000000
86.8257797611,15.7575757576,0.0000000000
94.9641813141,15.7575757576,0.0000000000
103.5095029448,15.7575757576,0.0000000000
112.0548245755,15.7575757576,0.0000000000
121.0274122878,15.7575757576,0.0000000000
130.0000000000,15.7575757576,0.0000000000
-130.0000000000,16.7424242424,0.0000000000
-127.0787829022,16.7424242424,0.0000000000
-124.1575658043,16.7424242424,0.0000000000
-121.0902878516,16.7424242424,0.0000000000
-118.0230098988,16.7424242424,0.0000000000
-114.8023680484,16.7424242424,0.0000000000
-111.5817261981,16.7424242424,0.0000000000
-108.2000522552,16.7424242424,0.0000000000
-104.8183783123,16.7424242424,0.0000000000
-101.2676206722,16.7424242424,0.0000000000
-97.7168630322,16.7424242424,0.0000000000
-93.9885675101,16.7424242424,0.0000000000
-90.2602719881,16.7424242424,0.0000000000
-86.3455616899,16.7424242424,0.0000000000
-82.4308513918,16.7424242424,0.0000000000
-78.3204055787,16.7424242424,0.0000000000
-74.2099597657,16.7424242424,0.0000000000
-69.8939916620,16.7424242424,0.0000000000
-65.5780235583,16.7424242424,0.0000000000
-61.0462570494,16.7424242424,0.0000000000
-56.5144905405,16.7424242424,0.0000000000
-51.7561357061,16.7424242424,0.0000000000
-46.9977808718,16.7424242424,0.0000000000
-42.0015082958,16.7424242424,0.0000000000
-37.0052357197,16.7424242424,0.0000000000
-31.7591495148,16.7424242424,0.0000000000
-26.5130633100,16.7424242424,0.0000000000
-21.0046727949,16.7424242424,0.0000000000
-15.4962822798,16.7424242424,0.0000000000
-9.7124722389,16.7424242424,0.0000000000
-3.9286621981,16.7424242424,0.0000000000
2.1443383448,16.7424242424,0.0000000000
8.2173388877,16.7424242424,0.0000000000
14.5939894578,16.7424242424,0.0000000000
20.9706400278,16.7424242424,0.0000000000
27.6661231263,16.7424242424,0.0000000000
34.3616062249,16.7424242424,0.0000000000
41.3918634784,16.7424242424,0.0000000000
48.4221207318,16.7424242424,0.0000000000
55.8038908480,16.7424242424,0.0000000000
63.1856609641,16.7424242424,0.0000000000
70.9365195861,16.7424242424,0.0000000000
78.6873782080,16.7424242424,0.0000000000
86.8257797611,16.7424242424,0.0000000000
94.9641813141,16.7424242424,0.0000000000
103.5095029448,16.7424242424,0.0000000000
112.0548245755,16.7424242424,0.0000000000
121.0274122878,16.7424242424,0.0000000000
130.0000000000,16.7424242424,0.0000000000
-130.0000000000,17.7272727273,0.0000000000
-127.0787829022,17.7272727273,0.0000000000
-124.1575658043,17.7272727273,0.0000000000
-121.0902878516,17.7272727273,0.0000000000
-118.0230098988,17.7272727273,0.0000000000
-114.8023680484,17.7272727273,0.0000000000
-111.5817261981,17.7272727273,0.0000000000
-108.2000522552,17.7272727273,0.0000000000
-104.8183783123,17.7272727273,0.0000000000
-101.2676206722,17.7272727273,0.0000000000
-97.7168630322,17.7272727273,0.0000000000
-93.9885675101,17.7272727273,0.0000000000
-90.2602719881,17.7272727273,0.0000000000
-86.3455616899,17.7272727273,0.0000000000
-82.4308513918,17.7272727273,0.0000000000
-78.3204055787,17.7272727273,0.0000000000
-74.2099597657,17.7272727273,0.0000000000
-69.8939916620,17.7272727273,0.0000000000
-65.5780235583,17.7272727273,0.0000000000
-61.0462570494,17.7272727273,0.0000000000
-56.5144905405,17.7272727273,0.0000000000
-51.7561357061,17.7272727273,0.0000000000
-46.9977808718,17.7272727273,0.0000000000
-42.0015082958,17.7272727273,0.0000000000
-37.0052357197,17.7272727273,0.0000000000
-31.7591495148,17.7272727273,0.0000000000
-26.5130633100,17.7272727273,0.0000000000
-21.0046727949,17.7272727273,0.0000000000
-15.4962822798,17.7272727273,0.0000000000
-9.7124722389,17.7272727273,0.0000000000
-3.9286621981,17.7272727273,0.0000000000
2.1443383448,17.7272727273,0.0000000000
8.2173388877,17.7272727273,0.0000000000
14.5939894578,17.7272727273,0.0000000000
20.9706400278,17.7272727273,0.0000000000
27.6661231263,17.7272727273,0.0000000000
34.3616062249,17.7272727273,0.0000000000
41.3918634784,17.7272727273,0.0000000000
48.4221207318,17.7272727273,0.0000000000
55.8038908480,17.7272727273,0.0000000000
63.1856609641,17.7272727273,0.0000000000
70.9365195861,17.7272727273,0.0000000000
78.6873782080,17.7272727273,0.0000000000
86.8257797611,17.7272727273,0.0000000000
94.9641813141,17.7272727273,0.0000000000
103.5095029448,17.7272727273,0.0000000000
112.0548245755,17.7272727273,0.0000000000
121.0274122878,17.7272727273,0.0000000000
130.0000000000,17.7272727273,0.0000000000
-130.0000000000,18.7121212121,0.0000000000
-127.0787829022,18.7121212121,0.0000000000
-124.1575658043,18.7121212121,0.0000000000
-121.0902878516,18.7121212121,0.0000000000
-118.0230098988,18.7121212121,0.0000000000
-114.8023680484,18.7121212121,0.0000000000
-111.5817261981,18.7121212121,0.0000000000
-108.2000522552,18.7121212121,0.0000000000
-104.8183783123,18.7121212121,0.0000000000
-101.2676206722,18.7121212121,0.0000000000
-97.7168630322,18.7121212121,0.0000000000
-93.9885675101,18.7121212121,0.0000000000
-90.2602719881,18.7121212121,0.0000000000
-86.3455616899,18.7121212121,0.0000000000
-82.4308513918,18.7121212121,0.0000000000
-78.3204055787,18.7121212121,0.0000000000
-74.2099597657,18.7121212121,0.0000000000
-69.8939916620,18.7121212121,0.0000000000
-65.5780235583,18.7121212121,0.0000000000
-61.0462570494,18.7121212121,0.0000000000
-56.5144905405,18.7121212121,0.0000000000
-51.7561357061,18.7121212121,0.0000000000
-46.9977808718,18.7121212121,0.0000000000
-42.0015082958,18.7121212121,0.0000000000
-37.0052357197,18.7121212121,0.0000000000
-31.7591495148,18.7121212121,0.0000000000
-26.5130633100,18.7121212121,0.0000000000
-21.0046727949,18.7121212121,0.0000000000
-15.4962822798,18.7121212121,0.0000000000
-9.7124722389,18.7121212121,0.0000000000
-3.9286621981,18.7121212121,0.0000000000
2.1443383448,18.7121212121,0.0000000000
8.2173388877,18.7121212121,0.0000000000
14.5939894578,18.7121212121,0.0000000000
20.9706400278,18.7121212121,0.0000000000
27.6661231263,18.7121212121,0.0000000000
34.3616062249,18.7121212121,0.0000000000
41.3918634784,18.7121212121,0.0000000000
48.4221207318,18.7121212121,0.0000000000
55.8038908480,18.7121212121,0.0000000000
63.1856609641,18.7121212121,0.0000000000
70.9365195861,18.7121212121,0.0000000000
78.6873782080,18.7121212121,0.0000000000
86.8257797611,18.7121212121,0.0000000000
94.9641813141,18.7121212121,0.0000000000
103.5095029448,18.7121212121,0.0000000000
112.0548245755,18.7121212121,0.0000000000
121.0274122878,18.7121212121,0.0000000000
130.0000000000,18.7121212121,0.0000000000
-130.0000000000,19.6969696970,0.0000000000
-127.0787829022,19.6969696970,0.0000000000
-124.1575658043,19.6969696970,0.0000000000
-121.0902878516,19.6969696970,0.0000000000
-118.0230098988,19.6969696970,0.0000000000
-114.8023680484,19.6969696970,0.0000000000
-111.5817261981,19.6969696970,0.0000000000
-108.2000522552,19.6969696970,0.0000000000
-104.8183783123,19.6969696970,0.0000000000
-101.2676206722,19.6969696970,0.0000000000
-97.7168630322,19.6969696970,0.0000000000
-93.9885675101,19.6969696970,0.0000000000
-90.2602719881,19.6969696970,0.0000000000
-86.3455616899,19.6969696970,0.0000000000
-82.4308513918,19.6969696970,0.0000000000
-78.3204055787,19.6969696970,0.0000000000
-74.2099597657,19.6969696970,0.0000000000
-69.8939916620,19.6969696970,0.0000000000
-65.5780235583,19.6969696970,0.0000000000
-61.0462570494,19.6969696970,0.0000000000
-56.5144905405,19.6969696970,0.0000000000
-51.7561357061,19.6969696970,0.0000000000
-46.9977808718,19.6969696970,0.0000000000
-42.0015082958,19.6969696970,0.0000000000
-37.0052357197,19.6969696970,0.0000000000
-31.7591495148,19.6969696970,0.0000000000
-26.5130633100,19.6969696970,0.0000000000
-21.0046727949,19.6969696970,0.0000000000
-15.4962822798,19.6969696970,0.0000000000
-9.7124722389,19.6969696970,0.0000000000
-3.9286621981,19.6969696970,0.0000000000
2.1443383448,19.6969696970,0.0000000000
8.2173388877,19.6969696970,0.0000000000
14.5939894578,19.6969696970,0.0000000000
20.9706400278,19.6969696970,0.0000000000
27.6661231263,19.6969696970,0.0000000000
34.3616062249,19.6969696970,0.0000000000
41.3918634784,19.6969696970,0.0000000000
48.4221207318,19.6969696970,0.0000000000
55.8038908480,19.6969696970,0.0000000000
63.1856609641,19.6969696970,0.0000000000
70.9365195861,19.6969696970,0.0000000000
78.6873782080,19.6969696970,0.0000000000
86.8257797611,19.6969696970,0.0000000000
94.9641813141,19.6969696970,0.0000000000
103.5095029448,19.6969696970,0.0000000000
112.0548245755,19.6969696970,0.0000000000
121.0274122878,19.6969696970,0.0000000000
130.0000000000,19.6969696970,0.0000000000
-130.0000000000,20.6818181818,0.0000000000
-127.0787829022,20.6818181818,0.0000000000
-124.1575658043,20.6818181818,0.0000000000
-121.0902878516,20.6818181818,0.0000000000
-118.0230098988,20.6818181818,0.0000000000
-114.8023680484,20.6818181818,0.0000000000
-111.5817261981,20.6818181818,0.0000000000
-108.2000522552,20.6818181818,0.0000000000
-104.8183783123,20.6818181818,0.0000000000
-101.2676206722,20.6818181818,0.0000000000
-97.7168630322,20.6818181818,0.0000000000
-93.9885675101,20.6818181818,0.0000000000
-90.2602719881,20.6818181818,0.0000000000
-86.3455616899,20.6818181818,0.0000000000
-82.4308513918,20.6818181818,0.0000000000
-78.3204055787,20.6818181818,0.0000000000
-74.2099597657,20.6818181818,0.0000000000
-69.8939916620,20.6818181818,0.0000000000
-65.5780235583,20.6818181818,0.0000000000
-61.0462570494,20.6818181818,0.0000000000
-56.5144905405,20.6818181818,0.0000000000
-51.7561357061,20.6818181818,0.0000000000
-46.9977808718,20.6818181818,0.0000000000
-42.0015082958,20.6818181818,0.0000000000
-37.0052357197,20.6818181818,0.0000000000
-31.7591495148,20.6818181818,0.0000000000
-26.5130633100,20.6818181818,0.0000000000
-21.0046727949,20.6818181818,0.0000000000
-15.4962822798,20.6818181818,0.0000000000
-9.7124722389,20.6818181818,0.0000000000
-3.9286621981,20.6818181818,0.0000000000
2.1443383448,20.6818181818,0.0000000000
8.2173388877,20.6818181818,0.0000000000
14.5939894578,20.6818181818,0.0000000000
20.9706400278,20.6818181818,0.0000000000
27.6661231263,20.6818181818,0.0000000000
34.3616062249,20.6818181818,0.0000000000
41.3918634784,20.6818181818,0.0000000000
48.4221207318,20.6818181818,0.0000000000
55.8038908480,20.6818181818,0.0000000000
63.1856609641,20.6818181818,0.0000000000
70.9365195861,20.6818181818,0.0000000000
78.6873782080,20.6818181818,0.0000000000
86.8257797611,20.6818181818,0.0000000000
94.9641813141,20.6818181818,0.0000000000
103.5095029448,20.6818181818,0.0000000000
112.0548245755,20.6818181818,0.0000000000
121.0274122878,20.6818181818,0.0000000000
130.0000000000,20.6818181818,0.0000000000
-130.0000000000,21.6666666667,0.0000000000
-127.0787829022,21.6666666667,0.0000000000
-124.1575658043,21.6666666667,0.0000000000
-121.0902878516,21.6666666667,0.0000000000
-118.0230098988,21.6666666667,0.0000000000
-114.8023680484,21.6666666667,0.0000000000
-111.5817261981,21.6666666667,0.0000000000
-108.2000522552,21.6666666667,0.0000000000
-104.8183783123,21.6666666667,0.0000000000
-101.2676206722,21.6666666667,0.0000000000
-97.7168630322,21.6666666667,0.0000000000
-93.9885675101,21.6666666667,0.0000000000
-90.2602719881,21.6666666667,0.0000000000
-86.3455616899,21.6666666667,0.0000000000
-82.4308513918,21.6666666667,0.0000000000
-78.3204055787,21.6666666667,0.0000000000
-74.2099597657,21.6666666667,0.0000000000
-69.8939916620,21.6666666667,0.0000000000
-65.5780235583,21.6666666667,0.0000000000
-61.0462570494,21.6666666667,0.0000000000
-56.5144905405,21.6666666667,0.0000000000
-51.7561357061,21.6666666667,0.0000000000
-46.9977808718,21.6666666667,0.0000000000
-42.0015082958,21.6666666667,0.0000000000
-37.0052357197,21.6666666667,0.0000000000
-31.7591495148,21.6666666667,0.0000000000
-26.5130633100,21.6666666667,0.0000000000
-21.0046727949,21.6666666667,0.0000000000
-15.4962822798,21.6666666667,0.0000000000
-9.7124722389,21.6666666667,0.0000000000
-3.9286621981,21.6666666667,0.0000000000
2.1443383448,21.6666666667,0.0000000000
8.2173388877,21.6666666667,0.0000000000
14.5939894578,21.6666666667,0.0000000000
20.9706400278,21.6666666667,0.0000000000
27.6661231263,21.6666666667,0.0000000000
34.3616062249,21.6666666667,0.0000000000
41.3918634784,21.6666666667,0.0000000000
48.4221207318,21.6666666667,0.0000000000
55.8038908480,21.6666666667,0.0000000000
63.1856609641,21.6666666667,0.0000000000
70.9365195861,21.6666666667,0.0000000000
78.6873782080,21.6666666667,0.0000000000
86.8257797611,21.6666666667,0.0000000000
94.9641813141,21.6666666667,0.0000000000
103.5095029448,21.6666666667,0.0000000000
112.0548245755,21.6666666667,0.0000000000
121.0274122878,21.6666666667,0.0000000000
130.0000000000,21.6666666667,0.0000000000
-130.0000000000,22.6515151515,0.0000000000
-127.0787829022,22.6515151515,0.0000000000
-124.1575658043,22.6515151515,0.0000000000
-121.0902878516,22.6515151515,0.0000000000
-118.0230098988,22.6515151515,0.0000000000
-114.8023680484,22.6515151515,0.0000000000
-111.5817261981,22.6515151515,0.0000000000
-108.2000522552,22.6515151515,0.0000000000
-104.8183783123,22.6515151515,0.0000000000
-101.2676206722,22.6515151515,0.0000000000
-97.7168630322,22.6515151515,0.0000000000
-93.9885675101,22.6515151515,0.0000000000
-90.2602719881,22.6515151515,0.0000000000
-86.3455616899,22.6515151515,0.0000000000
-82.4308513918,22.6515151515,0.0000000000
-78.3204055787,22.6515151515,0.0000000000
-74.2099597657,22.6515151515,0.0000000000
-69.8939916620,22.6515151515,0.0000000000
-65.5780235583,22.6515151515,0.0000000000
-61.0462570494,22.6515151515,0.0000000000
-56.5144905405,22.6515151515,0.0000000000
-51.7561357061,22.6515151515,0.0000000000
-46.9977808718,22.6515151515,0.0000000000
-42.0015082958,22.6515151515,0.0000000000
-37.0052357197,22.6515151515,0.0000000000
-31.7591495148,22.6515151515,0.0000000000
-26.5130633100,22.6515151515,0.0000000000
-21.0046727949,22.6515151515,0.0000000000
-15.4962822798,22.6515151515,0.0000000000
-9.7124722389,22.6515151515,0.0000000000
-3.9286621981,22.6515151515,0.0000000000
2.1443383448,22.6515151515,0.0000000000
8.2173388877,22.6515151515,0.0000000000
14.5939894578,22.6515151515,0.0000000000
20.9706400278,22.6515151515,0.0000000000
27.6661231263,22.6515151515,0.0000000000
34.3616062249,22.6515151515,0.0000000000
41.3918634784,22.6515151515,0.0000000000
48.4221207318,22.6515151515,0.0000000000
55.8038908480,22.6515151515,0.0000000000
63.1856609641,22.6515151515,0.0000000000
70.9365195861,22.6515151515,0.0000000000
78.6873782080,22.6515151515,0.0000000000
86.8257797611,22.6515151515,0.0000000000
94.9641813141,22.6515151515,0.0000000000
103.5095029448,22.6515151515,0.0000000000
112.0548245755,22.6515151515,0.0000000000
121.0274122878,22.6515151515,0.0000000000
130.0000000000,22.6515151515,0.0000000000
-130.0000000000,23.6363636364,0.0000000000
-127.0787829022,23.6363636364,0.0000000000
-124.1575658043,23.6363636364,0.0000000000
-121.0902878516,23.6363636364,0.0000000000
-118.0230098988,23.6363636364,0.0000000000
-114.8023680484,23.6363636364,0.0000000000
-111.5817261981,23.6363636364,0.0000000000
-108.2000522552,23.6363636364,0.0000000000
-104.8183783123,23.6363636364,0.0000000000
-101.2676206722,23.6363636364,0.0000000000
-97.7168630322,23.6363636364,0.0000000000
-93.9885675101,23.6363636364,0.0000000000
-90.2602719881,23.6363636364,0.0000000000
-86.3455616899,23.6363636364,0.0000000000
-82.4308513918,23.6363636364,0.0000000000
-78.3204055787,23.6363636364,0.0000000000
-74.2099597657,23.6363636364,0.0000000000
-69.8939916620,23.6363636364,0.0000000000
-65.5780235583,23.6363636364,0.0000000000
-61.0462570494,23.6363636364,0.0000000000
-56.5144905405,23.6363636364,0.0000000000
-51.7561357061,23.6363636364,0.0000000000
-46.9977808718,23.6363636364,0.0000000000
-42.0015082958,23.6363636364,0.0000000000
-37.0052357197,23.6363636364,0.0000000000
-31.7591495148,23.6363636364,0.0000000000
-26.5130633100,23.6363636364,0.0000000000
-21.0046727949,23.6363636364,0.0000000000
-15.4962822798,23.6363636364,0.0000000000
-9.7124722389,23.6363636364,0.0000000000
-3.9286621981,23.6363636364,0.0000000000
2.1443383448,23.6363636364,0.0000000000
8.2173388877,23.6363636364,0.0000000000
14.5939894578,23.6363636364,0.0000000000
20.9706400278,23.6363636364,0.0000000000
27.6661231263,23.6363636364,0.0000000000
34.3616062249,23.6363636364,0.0000000000
41.3918634784,23.6363636364,0.0000000000
48.4221207318,23.6363636364,0.0000000000
55.8038908480,23.6363636364,0.0000000000
63.1856609641,23.6363636364,0.0000000000
70.9365195861,23.6363636364,0.0000000000
78.6873782080,23.6363636364,0.0000000000
86.8257797611,23.6363636364,0.0000000000
94.9641813141,23.6363636364,0.0000000000
103.5095029448,23.6363636364,0.0000000000
112.0548245755,23.6363636364,0.0000000000
121.0274122878,23.6363636364,0.0000000000
130.0000000000,23.6363636364,0.0000000000
-130.0000000000,24.6212121212,0.0000000000
-127.0787829022,24.6212121212,0.0000000000
-124.1575658043,24.6212121212,0.0000000000
-121.0902878516,24.6212121212,0.0000000000
-118.0230098988,24.6212121212,0.0000000000
-114.8023680484,24.6212121212,0.0000000000
-111.5817261981,24.6212121212,0.0000000000
-108.2000522552,24.6212121212,0.0000000000
-104.8183783123,24.6212121212,0.0000000000
-101.2676206722,24.6212121212,0.0000000000
-97.7168630322,24.6212121212,0.0000000000
-93.9885675101,24.6212121212,0.0000000000
-90.2602719881,24.6212121212,0.0000000000
-86.3455616899,24.6212121212,0.0000000000
-82.4308513918,24.6212121212,0.0000000000
-78.3204055787,24.6212121212,0.0000000000
-74.2099597657,24.6212121212,0.0000000000
-69.8939916620,24.6212121212,0.0000000000
-65.5780235583,24.6212121212,0.0000000000
-61.0462570494,24.6212121212,0.0000000000
-56.5144905405,24.6212121212,0.0000000000
-51.7561357061,24.6212121212,0.0000000000
-46.9977808718,24.6212121212,0.0000000000
-42.0015082958,24.6212121212,0.0000000000
-37.0052357197,24.6212121212,0.0000000000
-31.7591495148,24.6212121212,0.0000000000
-26.5130633100,24.6212121212,0.0000000000
-21.0046727949,24.6212121212,0.0000000000
-15.4962822798,24.6212121212,0.0000000000
-9.7124722389,24.6212121212,0.0000000000
-3.9286621981,24.6212121212,0.0000000000
2.1443383448,24.6212121212,0.0000000000
8.2173388877,24.6212121212,0.0000000000
14.5939894578,24.6212121212,0.0000000000
20.9706400278,24.6212121212,0.0000000000
27.6661231263,24.6212121212,0.0000000000
34.3616062249,24.6212121212,0.0000000000
41.3918634784,24.6212121212,0.0000000000
48.4221207318,24.6212121212,0.0000000000
55.8038908480,24.6212121212,0.0000000000
63.1856609641,24.6212121212,0.0000000000
70.9365195861,24.6212121212,0.0000000000
78.6873782080,24.6212121212,0.0000000000
86.8257797611,24.6212121212,0.0000000000
94.9641813141,24.6212121212,0.0000000000
103.5095029448,24.6212121212,0.0000000000
112.0548245755,24.6212121212,0.0000000000
121.0274122878,24.6212121212,0.0000000000
130.0000000000,24.6212121212,0.0000000000
-130.0000000000,25.6060606061,0.0000000000
-127.0787829022,25.6060606061,0.0000000000
-124.1575658043,25.6060606061,0.0000000000
-121.0902878516,25.6060606061,0.0000000000
-118.0230098988,25.6060606061,0.0000000000
-114.8023680484,25.6060606061,0.0000000000
-111.5817261981,25.6060606061,0.0000000000
-108.2000522552,25.6060606061,0.0000000000
-104.8183783123,25.6060606061,0.0000000000
-101.2676206722,25.6060606061,0.0000000000
-97.7168630322,25.6060606061,0.0000000000
-93.9885675101,25.6060606061,0.0000000000
-90.2602719881,25.6060606061,0.0000000000
-86.3455616899,25.6060606061,0.0000000000
-82.4308513918,25.6060606061,0.0000000000
-78.3204055787,25.6060606061,0.0000000000
-74.2099597657,25.6060606061,0.0000000000
-69.8939916620,25.6060606061,0.0000000000
-65.5780235583,25.6060606061,0.0000000000
-61.0462570494,25.6060606061,0.0000000000
-56.5144905405,25.6060606061,0.0000000000
-51.7561357061,25.6060606061,0.0000000000
-46.9977808718,25.6060606061,0.0000000000
-42.0015082958,25.6060606061,0.0000000000
-37.0052357197,25.6060606061,0.0000000000
-31.7591495148,25.6060606061,0.0000000000
-26.5130633100,25.6060606061,0.0000000000
-21.0046727949,25.6060606061,0.0000000000
-15.4962822798,25.6060606061,0.0000000000
-9.7124722389,25.6060606061,0.0000000000
-3.9286621981,25.6060606061,0.0000000000
2.1443383448,25.6060606061,0.0000000000
8.2173388877,25.6060606061,0.0000000000
14.5939894578,25.6060606061,0.0000000000
20.9706400278,25.6060606061,0.0000000000
27.6661231263,25.6060606061,0.0000000000
34.3616062249,25.6060606061,0.0000000000
41.3918634784,25.6060606061,0.0000000000
48.4221207318,25.6060606061,0.0000000000
55.8038908480,25.6060606061,0.0000000000
63.1856609641,25.6060606061,0.0000000000
70.9365195861,25.6060606061,0.0000000000
78.6873782080,25.6060606061,0.0000000000
86.8257797611,25.6060606061,0.0000000000
94.9641813141,25.6060606061,0.0000000000
103.5095029448,25.6060606061,0.0000000000
112.0548245755,25.6060606061,0.0000000000
121.0274122878,25.6060606061,0.0000000000
130.0000000000,25.6060606061,0.0000000000
-130.0000000000,26.5909090909,0.0000000000
-127.0787829022,26.5909090909,0.0000000000
-124.1575658043,26.5909090909,0.0000000000
-121.0902878516,26.5909090909,0.0000000000
-118.0230098988,26.5909090909,0.0000000000
-114.8023680484,26.5909090909,0.0000000000
-111.5817261981,26.5909090909,0.0000000000
-108.2000522552,26.5909090909,0.0000000000
-104.8183783123,26.5909090909,0.0000000000
-101.2676206722,26.5909090909,0.0000000000
-97.7168630322,26.5909090909,0.0000000000
-93.9885675101,26.5909090909,0.0000000000
-90.2602719881,26.5909090909,0.0000000000
-86.3455616899,26.5909090909,0.0000000000
-82.4308513918,26.5909090909,0.0000000000
-78.3204055787,26.5909090909,0.0000000000
-74.2099597657,26.5909090909,0.0000000000
-69.8939916620,26.5909090909,0.0000000000
-65.5780235583,26.5909090909,0.0000000000
-61.0462570494,26.5909090909,0.0000000000
-56.5144905405,26.5909090909,0.0000000000
-51.7561357061,26.5909090909,0.0000000000
-46.9977808718,26.5909090909,0.0000000000
-42.0015082958,26.5909090909,0.0000000000
-37.0052357197,26.5909090909,0.0000000000
-31.7591495148,26.5909090909,0.0000000000
-26.5130633100,26.5909090909,0.0000000000
-21.0046727949,26.5909090909,0.0000000000
-15.4962822798,26.5909090909,0.0000000000
-9.7124722389,26.5909090909,0.0000000000
-3.9286621981,26.5909090909,0.0000000000
2.1443383448,26.5909090909,0.0000000000
8.2173388877,26.5909090909,0.0000000000
14.5939894578,26.5909090909,0.0000000000
20.9706400278,26.5909090909,0.0000000000
27.6661231263,26.5909090909,0.0000000000
34.3616062249,26.5909090909,0.0000000000
41.3918634784,26.5909090909,0.0000000000
48.4221207318,26.5909090909,0.0000000000
55.8038908480,26.5909090909,0.0000000000
63.1856609641,26.5909090909,0.0000000000
70.9365195861,26.5909090909,0.0000000000
78.6873782080,26.5909090909,0.0000000000
86.8257797611,26.5909090909,0.0000000000
94.9641813141,26.5909090909,0.0000000000
103.5095029448,26.5909090909,0.0000000000
112.0548245755,26.5909090909,0.0000000000
121.0274122878,26.5909090909,0.0000000000
130.0000000000,26.5909090909,0.0000000000
-130.0000000000,27.5757575758,0.0000000000
-127.0787829022,27.5757575758,0.0000000000
-124.1575658043,27.5757575758,0.0000000000
-121.0902878516,27.5757575758,0.0000000000
-118.0230098988,27.5757575758,0.0000000000
-114.8023680484,27.5757575758,0.0000000000
-111.5817261981,27.5757575758,0.0000000000
-108.2000522552,27.5757575758,0.0000000000
-104.8183783123,27.5757575758,0.0000000000
-101.2676206722,27.5757575758,0.0000000000
-97.7168630322,27.5757575758,0.0000000000
-93.9885675101,27.5757575758,0.0000000000
-90.2602719881,27.5757575758,0.0000000000
-86.3455616899,27.5757575758,0.0000000000
-82.4308513918,27.5757575758,0.0000000000
-78.3204055787,27.5757575758,0.0000000000
-74.2099597657,27.5757575758,0.0000000000
-69.8939916620,27.5757575758,0.0000000000
-65.5780235583,27.5757575758,0.0000000000
-61.0462570494,27.5757575758,0.0000000000
-56.5144905405,27.5757575758,0.0000000000
-51.7561357061,27.5757575758,0.0000000000
-46.9977808718,27.5757575758,0.0000000000
-42.0015082958,27.5757575758,0.0000000000
-37.0052357197,27.5757575758,0.0000000000
-31.7591495148,27.5757575758,0.0000000000
-26.5130633100,27.5757575758,0.0000000000
-21.0046727949,27.5757575758,0.0000000000
-15.4962822798,27.5757575758,0.0000000000
-9.7124722389,27.5757575758,0.0000000000
-3.9286621981,27.5757575758,0.0000000000
2.1443383448,27.5757575758,0.0000000000
8.2173388877,27.5757575758,0.0000000000
14.5939894578,27.5757575758,0.0000000000
20.9706400278,27.5757575758,0.0000000000
27.6661231263,27.5757575758,0.0000000000
34.3616062249,27.5757575758,0.0000000000
41.3918634784,27.5757575758,0.0000000000
48.4221207318,27.5757575758,0.0000000000
55.8038908480,27.5757575758,0.0000000000
63.1856609641,27.5757575758,0.0000000000
70.9365195861,27.5757575758,0.0000000000
78.6873782080,27.5757575758,0.0000000000
86.8257797611,27.5757575758,0.0000000000
94.9641813141,27.5757575758,0.0000000000
103.5095029448,27.5757575758,0.0000000000
112.0548245755,27.5757575758,0.0000000000
121.0274122878,27.5757575758,0.0000000000
130.0000000000,27.5757575758,0.0000000000
-130.0000000000,28.5606060606,0.0000000000
-127.0787829022,28.5606060606,0.0000000000
-124.1575658043,28.5606060606,0.0000000000
-121.0902878516,28.5606060606,0.0000000000
-118.0230098988,28.5606060606,0.0000000000
-114.8023680484,28.5606060606,0.0000000000
-111.5817261981,28.5606060606,0.0000000000
-108.2000522552,28.5606060606,0.0000000000
-104.8183783123,28.5606060606,0.0000000000
-101.2676206722,28.5606060606,0.0000000000
-97.7168630322,28.5606060606,0.0000000000
-93.9885675101,28.5606060606,0.0000000000
-90.2602719881,28.5606060606,0.0000000000
-86.3455616899,28.5606060606,0.0000000000
-82.4308513918,28.5606060606,0.0000000000
-78.3204055787,28.5606060606,0.0000000000
-74.2099597657,28.5606060606,0.0000000000
-69.8939916620,28.5606060606,0.0000000000
-65.5780235583,28.5606060606,0.0000000000
-61.0462570494,28.5606060606,0.0000000000
-56.5144905405,28.5606060606,0.0000000000
-51.7561357061,28.5606060606,0.0000000000
-46.9977808718,28.5606060606,0.0000000000
-42.0015082958,28.5606060606,0.0000000000
-37.0052357197,28.5606060606,0.0000000000
-31.7591495148,28.5606060606,0.0000000000
-26.5130633100,28.5606060606,0.0000000000
-21.0046727949,28.5606060606,0.0000000000
-15.4962822798,28.5606060606,0.0000000000
-9.7124722389,28.5606060606,0.0000000000
-3.9286621981,28.5606060606,0.0000000000
2.1443383448,28.5606060606,0.0000000000
8.2173388877,28.5606060606,0.0000000000
14.5939894578,28.5606060606,0.0000000000
20.9706400278,28.5606060606,0.0000000000
27.6661231263,28.5606060606,0.0000000000
34.3616062249,28.5606060606,0.0000000000
41.3918634784,28.5606060606,0.0000000000
48.4221207318,28.5606060606,0.0000000000
55.8038908480,28.5606060606,0.0000000000
63.1856609641,28.5606060606,0.0000000000
70.9365195861,28.5606060606,0.0000000000
78.6873782080,28.5606060606,0.0000000000
86.8257797611,28.5606060606,0.0000000000
94.9641813141,28.5606060606,0.0000000000
103.5095029448,28.5606060606,0.0000000000
112.0548245755,28.5606060606,0.0000000000
121.0274122878,28.5606060606,0.0000000000
130.0000000000,28.5606060606,0.0000000000
-130.0000000000,29.5454545455,0.0000000000
-127.0787829022,29.5454545455,0.0000000000
-124.1575658043,29.5454545455,0.0000000000
-121.0902878516,29.5454545455,0.0000000000
-118.0230098988,29.5454545455,0.0000000000
-114.8023680484,29.5454545455,0.0000000000
-111.5817261981,29.5454545455,0.0000000000
-108.2000522552,29.5454545455,0.0000000000
-104.8183783123,29.5454545455,0.0000000000
-101.2676206722,29.5454545455,0.0000000000
-97.7168630322,29.5454545455,0.0000000000
-93.9885675101,29.5454545455,0.0000000000
-90.2602719881,29.5454545455,0.0000000000
-86.3455616899,29.5454545455,0.0000000000
-82.4308513918,29.5454545455,0.0000000000
-78.3204055787,29.5454545455,0.0000000000
-74.2099597657,29.5454545455,0.0000000000
-69.8939916620,29.5454545455,0.0000000000
-65.5780235583,29.5454545455,0.0000000000
-61.0462570494,29.5454545455,0.0000000000
-56.5144905405,29.5454545455,0.0000000000
-51.7561357061,29.5454545455,0.0000000000
-46.9977808718,29.5454545455,0.0000000000
-42.0015082958,29.5454545455,0.0000000000
-37.0052357197,29.5454545455,0.0000000000
-31.7591495148,29.5454545455,0.0000000000
-26.5130633100,29.5454545455,0.0000000000
-21.0046727949,29.5454545455,0.0000000000
-15.4962822798,29.5454545455,0.0000000000
-9.7124722389,29.5454545455,0.0000000000
-3.9286621981,29.5454545455,0.0000000000
2.1443383448,29.5454545455,0.0000000000
8.2173388877,29.5454545455,0.0000000000
14.5939894578,29.5454545455,0.0000000000
20.9706400278,29.5454545455,0.0000000000
27.6661231263,29.5454545455,0.0000000000
34.3616062249,29.5454545455,0.0000000000
41.3918634784,29.5454545455,0.0000000000
48.4221207318,29.5454545455,0.0000000000
55.8038908480,29.5454545455,0.0000000000
63.1856609641,29.5454545455,0.0000000000
70.9365195861,29.5454545455,0.0000000000
78.6873782080,29.5454545455,0.0000000000
86.8257797611,29.5454545455,0.0000000000
94.9641813141,29.5454545455,0.0000000000
103.5095029448,29.5454545455,0.0000000000
112.0548245755,29.5454545455,0.0000000000
121.0274122878,29.5454545455,0.0000000000
130.0000000000,29.5454545455,0.0000000000
-130.0000000000,30.5303030303,0.0000000000
-127.0787829022,30.5303030303,0.0000000000
-124.1575658043,30.5303030303,0.0000000000
-121.0902878516,30.5303030303,0.0000000000
-118.0230098988,30.5303030303,0.0000000000
-114.8023680484,30.5303030303,0.0000000000
-111.5817261981,30.5303030303,0.0000000000
-108.2000522552,30.5303030303,0.0000000000
-104.8183783123,30.5303030303,0.0000000000
-101.2676206722,30.5303030303,0.0000000000
-97.7168630322,30.5303030303,0.0000000000
-93.9885675101,30.5303030303,0.0000000000
-90.2602719881,30.5303030303,0.0000000000
-86.3455616899,30.5303030303,0.0000000000
-82.4308513918,30.5303030303,0.0000000000
-78.3204055787,30.5303030303,0.0000000000
-74.2099597657,30.5303030303,0.0000000000
-69.8939916620,30.5303030303,0.0000000000
-65.5780235583,30.5303030303,0.0000000000
-61.0462570494,30.5303030303,0.0000000000
-56.5144905405,30.5303030303,0.0000000000
-51.7561357061,30.5303030303,0.0000000000
-46.9977808718,30.5303030303,0.0000000000
-42.0015082958,30.5303030303,0.0000000000
-37.0052357197,30.5303030303,0.0000000000
-31.7591495148,30.5303030303,0.0000000000
-26.5130633100,30.5303030303,0.0000000000
-21.0046727949,30.5303030303,0.0000000000
-15.4962822798,30.5303030303,0.0000000000
-9.7124722389,30.5303030303,0.0000000000
-3.9286621981,30.5303030303,0.0000000000
2.1443383448,30.5303030303,0.0000000000
8.2173388877,30.5303030303,0.0000000000
14.5939894578,30.5303030303,0.0000000000
20.9706400278,30.5303030303,0.0000000000
27.6661231263,30.5303030303,0.0000000000
34.3616062249,30.5303030303,0.0000000000
41.3918634784,30.5303030303,0.0000000000
48.4221207318,30.5303030303,0.0000000000
55.8038908480,30.5303030303,0.0000000000
63.1856609641,30.5303030303,0.0000000000
70.9365195861,30.5303030303,0.0000000000
78.6873782080,30.5303030303,0.0000000000
86.8257797611,30.5303030303,0.0000000000
94.9641813141,30.5303030303,0.0000000000
103.5095029448,30.5303030303,0.0000000000
112.0548245755,30.5303030303,0.0000000000
121.0274122878,30.5303030303,0.0000000000
130.0000000000,30.5303030303,0.0000000000
-130.0000000000,31.5151515152,0.0000000000
-127.0787829022,31.5151515152,0.0000000000
-124.1575658043,31.5151515152,0.0000000000
-121.0902878516,31.5151515152,0.0000000000
-118.0230098988,31.5151515152,0.0000000000
-114.8023680484,31.5151515152,0.0000000000
-111.5817261981,31.5151515152,0.0000000000
-108.2000522552,31.5151515152,0.0000000000
-104.8183783123,31.5151515152,0.0000000000
-101.2676206722,31.5151515152,0.0000000000
-97.7168630322,31.5151515152,0.0000000000
-93.9885675101,31.5151515152,0.0000000000
-90.2602719881,31.5151515152,0.0000000000
-86.3455616899,31.5151515152,0.0000000000
-82.4308513918,31.5151515152,0.0000000000
-78.3204055787,31.5151515152,0.0000000000
-74.2099597657,31.5151515152,0.0000000000
-69.8939916620,31.5151515152,0.0000000000
-65.5780235583,31.5151515152,0.0000000000
-61.0462570494,31.5151515152,0.0000000000
-56.5144905405,31.5151515152,0.0000000000
-51.7561357061,31.5151515152,0.0000000000
-46.9977808718,31.5151515152,0.0000000000
-42.0015082958,31.5151515152,0.0000000000
-37.0052357197,31.5151515152,0.0000000000
-31.7591495148,31.5151515152,0.0000000000
-26.5130633100,31.5151515152,0.0000000000
-21.0046727949,31.5151515152,0.0000000000
-15.4962822798,31.5151515152,0.0000000000
-9.7124722389,31.5151515152,0.0000000000
-3.9286621981,31.5151515152,0.0000000000
2.1443383448,31.5151515152,0.0000000000
8.2173388877,31.5151515152,0.0000000000
14.5939894578,31.5151515152,0.0000000000
20.9706400278,31.5151515152,0.0000000000
27.6661231263,31.5151515152,0.0000000000
34.3616062249,31.5151515152,0.0000000000
41.3918634784,31.5151515152,0.0000000000
48.4221207318,31.5151515152,0.0000000000
55.8038908480,31.5151515152,0.0000000000
63.1856609641,31.5151515152,0.0000000000
70.9365195861,31.5151515152,0.0000000000
78.6873782080,31.5151515152,0.0000000000
86.8257797611,31.5151515152,0.0000000000
94.9641813141,31.5151515152,0.0000000000
103.5095029448,31.5151515152,0.0000000000
112.0548245755,31.5151515152,0.0000000000
121.0274122878,31.5151515152,0.0000000000
130.0000000000,31.5151515152,0.0000000000
-130.0000000000,32.5000000000,0.0000000000
-127.0787829022,32.5000000000,0.0000000000
-124.1575658043,32.5000000000,0.0000000000
-121.0902878516,32.5000000000,0.0000000000
-118.0230098988,32.5000000000,0.0000000000
-114.8023680484,32.5000000000,0.0000000000
-111.5817261981,32.5000000000,0.0000000000
-108.2000522552,32.5000000000,0.0000000000
-104.8183783123,32.5000000000,0.0000000000
-101.2676206722,32.5000000000,0.0000000000
-97.7168630322,32.5000000000,0.0000000000
-93.9885675101,32.5000000000,0.0000000000
-90.2602719881,32.5000000000,0.0000000000
-86.3455616899,32.5000000000,0.0000000000
-82.4308513918,32.5000000000,0.0000000000
-78.3204055787,32.5000000000,0.0000000000
-74.2099597657,32.5000000000,0.0000000000
-69.8939916620,32.5000000000,0.0000000000
-65.5780235583,32.5000000000,0.0000000000
-61.0462570494,32.5000000000,0.0000000000
-56.5144905405,32.5000000000,0.0000000000
-51.7561357061,32.5000000000,0.0000000000
-46.9977808718,32.5000000000,0.0000000000
-42.0015082958,32.5000000000,0.0000000000
-37.0052357197,32.5000000000,0.0000000000
-31.7591495148,32.5000000000,0.0000000000
-26.5130633100,32.5000000000,0.0000000000
-21.0046727949,32.5000000000,0.0000000000
-15.4962822798,32.5000000000,0.0000000000
-9.7124722389,32.5000000000,0.0000000000
-3.9286621981,32.5000000000,0.0000000000
2.1443383448,32.5000000000,0.0000000000
8.2173388877,32.5000000000,0.0000000000
14.5939894578,32.5000000000,0.0000000000
20.9706400278,32.5000000000,0.0000000000
27.6661231263,32.5000000000,0.0000000000
34.3616062249,32.5000000000,0.0000000000
41.3918634784,32.5000000000,0.0000000000
48.4221207318,32.5000000000,0.0000000000
55.8038908480,32.5000000000,0.0000000000
63.1856609641,32.5000000000,0.0000000000
70.9365195861,32.5000000000,0.0000000000
78.6873782080,32.5000000000,0.0000000000
86.8257797611,32.5000000000,0.0000000000
94.9641813141,32.5000000000,0.0000000000
103.5095029448,32.5000000000,0.0000000000
112.0548245755,32.5000000000,0.0000000000
121.0274122878,32.5000000000,0.0000000000
130.0000000000,32.5000000000,0.0000000000
