0,4,700,431,43,5926,5927,565,5928
431,700,701,432,5927,5929,5930,566,5931
432,701,702,433,5930,5932,5933,567,5934
433,702,703,434,5933,5935,5936,568,5937
434,703,704,435,5936,5938,5939,569,5940
435,704,705,436,5939,5941,5942,570,5943
436,705,706,437,5942,5944,5945,571,5946
437,706,707,438,5945,5947,5948,572,5949
438,707,708,439,5948,5950,5951,573,5952
439,708,709,440,5951,5953,5954,574,5955
440,709,710,441,5954,5956,5957,575,5958
441,710,711,442,5957,5959,5960,576,5961
442,711,712,443,5960,5962,5963,577,5964
443,712,713,444,5963,5965,5966,578,5967
444,713,714,445,5966,5968,5969,579,5970
445,714,715,446,5969,5971,5972,580,5973
446,715,716,447,5972,5974,5975,581,5976
447,716,717,448,5975,5977,5978,582,5979
448,717,718,449,5978,5980,5981,583,5982
449,718,719,450,5981,5983,5984,584,5985
450,719,720,451,5984,5986,5987,585,5988
451,720,721,452,5987,5989,5990,586,5991
452,721,722,453,5990,5992,5993,587,5994
453,722,723,454,5993,5995,5996,588,5997
454,723,724,455,5996,5998,5999,589,6000
455,724,725,456,5999,6001,6002,590,6003
456,725,726,457,6002,6004,6005,591,6006
457,726,727,458,6005,6007,6008,592,6009
458,727,728,459,6008,6010,6011,593,6012
459,728,729,460,6011,6013,6014,594,6015
460,729,730,461,6014,6016,6017,595,6018
461,730,731,462,6017,6019,6020,596,6021
462,731,732,463,6020,6022,6023,597,6024
463,732,733,464,6023,6025,6026,598,6027
464,733,734,465,6026,6028,6029,599,6030
465,734,735,466,6029,6031,6032,600,6033
466,735,736,467,6032,6034,6035,601,6036
467,736,737,468,6035,6037,6038,602,6039
468,737,738,469,6038,6040,6041,603,6042
469,738,739,470,6041,6043,6044,604,6045
470,739,740,471,6044,6046,6047,605,6048
471,740,741,472,6047,6049,6050,606,6051
472,741,742,473,6050,6052,6053,607,6054
473,742,743,474,6053,6055,6056,608,6057
474,743,744,475,6056,6058,6059,609,6060
475,744,745,476,6059,6061,6062,610,6063
476,745,746,477,6062,6064,6065,611,6066
477,746,747,478,6065,6067,6068,612,6069
478,747,748,479,6068,6070,6071,613,6072
479,748,749,480,6071,6073,6074,614,6075
480,749,750,481,6074,6076,6077,615,6078
481,750,751,482,6077,6079,6080,616,6081
482,751,752,483,6080,6082,6083,617,6084
483,752,753,484,6083,6085,6086,618,6087
484,753,754,485,6086,6088,6089,619,6090
485,754,755,486,6089,6091,6092,620,6093
486,755,756,487,6092,6094,6095,621,6096
487,756,757,488,6095,6097,6098,622,6099
488,757,758,489,6098,6100,6101,623,6102
489,758,759,490,6101,6103,6104,624,6105
490,759,760,491,6104,6106,6107,625,6108
491,760,761,492,6107,6109,6110,626,6111
492,761,762,493,6110,6112,6113,627,6114
493,762,763,494,6113,6115,6116,628,6117
494,763,764,495,6116,6118,6119,629,6120
495,764,765,496,6119,6121,6122,630,6123
496,765,766,497,6122,6124,6125,631,6126
497,766,767,498,6125,6127,6128,632,6129
498,767,768,499,6128,6130,6131,633,6132
499,768,769,500,6131,6133,6134,634,6135
500,769,770,501,6134,6136,6137,635,6138
501,770,771,502,6137,6139,6140,636,6141
502,771,772,503,6140,6142,6143,637,6144
503,772,773,504,6143,6145,6146,638,6147
504,773,774,505,6146,6148,6149,639,6150
505,774,775,506,6149,6151,6152,640,6153
506,775,776,507,6152,6154,6155,641,6156
507,776,777,508,6155,6157,6158,642,6159
508,777,778,509,6158,6160,6161,643,6162
509,778,779,510,6161,6163,6164,644,6165
510,779,780,511,6164,6166,6167,645,6168
511,780,781,512,6167,6169,6170,646,6171
512,781,782,513,6170,6172,6173,647,6174
513,782,783,514,6173,6175,6176,648,6177
514,783,784,515,6176,6178,6179,649,6180
515,784,785,516,6179,6181,6182,650,6183
516,785,786,517,6182,6184,6185,651,6186
517,786,787,518,6185,6187,6188,652,6189
518,787,788,519,6188,6190,6191,653,6192
519,788,789,520,6191,6193,6194,654,6195
520,789,790,521,6194,6196,6197,655,6198
521,790,791,522,6197,6199,6200,656,6201
522,791,792,523,6200,6202,6203,657,6204
523,792,793,524,6203,6205,6206,658,6207
524,793,794,525,6206,6208,6209,659,6210
525,794,795,526,6209,6211,6212,660,6213
526,795,796,527,6212,6214,6215,661,6216
527,796,797,528,6215,6217,6218,662,6219
528,797,798,529,6218,6220,6221,663,6222
529,798,799,530,6221,6223,6224,664,6225
530,799,800,531,6224,6226,6227,665,6228
531,800,801,532,6227,6229,6230,666,6231
532,801,802,533,6230,6232,6233,667,6234
533,802,803,534,6233,6235,6236,668,6237
534,803,804,535,6236,6238,6239,669,6240
535,804,805,536,6239,6241,6242,670,6243
536,805,806,537,6242,6244,6245,671,6246
537,806,807,538,6245,6247,6248,672,6249
538,807,808,539,6248,6250,6251,673,6252
539,808,809,540,6251,6253,6254,674,6255
540,809,810,541,6254,6256,6257,675,6258
541,810,811,542,6257,6259,6260,676,6261
542,811,812,543,6260,6262,6263,677,6264
543,812,813,544,6263,6265,6266,678,6267
544,813,814,545,6266,6268,6269,679,6270
545,814,815,546,6269,6271,6272,680,6273
546,815,816,547,6272,6274,6275,681,6276
547,816,817,548,6275,6277,6278,682,6279
548,817,818,549,6278,6280,6281,683,6282
549,818,819,550,6281,6283,6284,684,6285
550,819,820,551,6284,6286,6287,685,6288
551,820,821,552,6287,6289,6290,686,6291
552,821,822,553,6290,6292,6293,687,6294
553,822,823,554,6293,6295,6296,688,6297
554,823,824,555,6296,6298,6299,689,6300
555,824,825,556,6299,6301,6302,690,6303
556,825,826,557,6302,6304,6305,691,6306
557,826,827,558,6305,6307,6308,692,6309
558,827,828,559,6308,6310,6311,693,6312
559,828,829,560,6311,6313,6314,694,6315
560,829,830,561,6314,6316,6317,695,6318
561,830,831,562,6317,6319,6320,696,6321
562,831,832,563,6320,6322,6323,697,6324
563,832,833,564,6323,6325,6326,698,6327
564,833,352,3,6326,6328,391,699,6329
4,5,834,700,44,6330,6331,5926,6332
700,834,835,701,6331,6333,6334,5929,6335
701,835,836,702,6334,6336,6337,5932,6338
702,836,837,703,6337,6339,6340,5935,6341
703,837,838,704,6340,6342,6343,5938,6344
704,838,839,705,6343,6345,6346,5941,6347
705,839,840,706,6346,6348,6349,5944,6350
706,840,841,707,6349,6351,6352,5947,6353
707,841,842,708,6352,6354,6355,5950,6356
708,842,843,709,6355,6357,6358,5953,6359
709,843,844,710,6358,6360,6361,5956,6362
710,844,845,711,6361,6363,6364,5959,6365
711,845,846,712,6364,6366,6367,5962,6368
712,846,847,713,6367,6369,6370,5965,6371
713,847,848,714,6370,6372,6373,5968,6374
714,848,849,715,6373,6375,6376,5971,6377
715,849,850,716,6376,6378,6379,5974,6380
716,850,851,717,6379,6381,6382,5977,6383
717,851,852,718,6382,6384,6385,5980,6386
718,852,853,719,6385,6387,6388,5983,6389
719,853,854,720,6388,6390,6391,5986,6392
720,854,855,721,6391,6393,6394,5989,6395
721,855,856,722,6394,6396,6397,5992,6398
722,856,857,723,6397,6399,6400,5995,6401
723,857,858,724,6400,6402,6403,5998,6404
724,858,859,725,6403,6405,6406,6001,6407
725,859,860,726,6406,6408,6409,6004,6410
726,860,861,727,6409,6411,6412,6007,6413
727,861,862,728,6412,6414,6415,6010,6416
728,862,863,729,6415,6417,6418,6013,6419
729,863,864,730,6418,6420,6421,6016,6422
730,864,865,731,6421,6423,6424,6019,6425
731,865,866,732,6424,6426,6427,6022,6428
732,866,867,733,6427,6429,6430,6025,6431
733,867,868,734,6430,6432,6433,6028,6434
734,868,869,735,6433,6435,6436,6031,6437
735,869,870,736,6436,6438,6439,6034,6440
736,870,871,737,6439,6441,6442,6037,6443
737,871,872,738,6442,6444,6445,6040,6446
738,872,873,739,6445,6447,6448,6043,6449
739,873,874,740,6448,6450,6451,6046,6452
740,874,875,741,6451,6453,6454,6049,6455
741,875,876,742,6454,6456,6457,6052,6458
742,876,877,743,6457,6459,6460,6055,6461
743,877,878,744,6460,6462,6463,6058,6464
744,878,879,745,6463,6465,6466,6061,6467
745,879,880,746,6466,6468,6469,6064,6470
746,880,881,747,6469,6471,6472,6067,6473
747,881,882,748,6472,6474,6475,6070,6476
748,882,883,749,6475,6477,6478,6073,6479
749,883,884,750,6478,6480,6481,6076,6482
750,884,885,751,6481,6483,6484,6079,6485
751,885,886,752,6484,6486,6487,6082,6488
752,886,887,753,6487,6489,6490,6085,6491
753,887,888,754,6490,6492,6493,6088,6494
754,888,889,755,6493,6495,6496,6091,6497
755,889,890,756,6496,6498,6499,6094,6500
756,890,891,757,6499,6501,6502,6097,6503
757,891,892,758,6502,6504,6505,6100,6506
758,892,893,759,6505,6507,6508,6103,6509
759,893,894,760,6508,6510,6511,6106,6512
760,894,895,761,6511,6513,6514,6109,6515
761,895,896,762,6514,6516,6517,6112,6518
762,896,897,763,6517,6519,6520,6115,6521
763,897,898,764,6520,6522,6523,6118,6524
764,898,899,765,6523,6525,6526,6121,6527
765,899,900,766,6526,6528,6529,6124,6530
766,900,901,767,6529,6531,6532,6127,6533
767,901,902,768,6532,6534,6535,6130,6536
768,902,903,769,6535,6537,6538,6133,6539
769,903,904,770,6538,6540,6541,6136,6542
770,904,905,771,6541,6543,6544,6139,6545
771,905,906,772,6544,6546,6547,6142,6548
772,906,907,773,6547,6549,6550,6145,6551
773,907,908,774,6550,6552,6553,6148,6554
774,908,909,775,6553,6555,6556,6151,6557
775,909,910,776,6556,6558,6559,6154,6560
776,910,911,777,6559,6561,6562,6157,6563
777,911,912,778,6562,6564,6565,6160,6566
778,912,913,779,6565,6567,6568,6163,6569
779,913,914,780,6568,6570,6571,6166,6572
780,914,915,781,6571,6573,6574,6169,6575
781,915,916,782,6574,6576,6577,6172,6578
782,916,917,783,6577,6579,6580,6175,6581
783,917,918,784,6580,6582,6583,6178,6584
784,918,919,785,6583,6585,6586,6181,6587
785,919,920,786,6586,6588,6589,6184,6590
786,920,921,787,6589,6591,6592,6187,6593
787,921,922,788,6592,6594,6595,6190,6596
788,922,923,789,6595,6597,6598,6193,6599
789,923,924,790,6598,6600,6601,6196,6602
790,924,925,791,6601,6603,6604,6199,6605
791,925,926,792,6604,6606,6607,6202,6608
792,926,927,793,6607,6609,6610,6205,6611
793,927,928,794,6610,6612,6613,6208,6614
794,928,929,795,6613,6615,6616,6211,6617
795,929,930,796,6616,6618,6619,6214,6620
796,930,931,797,6619,6621,6622,6217,6623
797,931,932,798,6622,6624,6625,6220,6626
798,932,933,799,6625,6627,6628,6223,6629
799,933,934,800,6628,6630,6631,6226,6632
800,934,935,801,6631,6633,6634,6229,6635
801,935,936,802,6634,6636,6637,6232,6638
802,936,937,803,6637,6639,6640,6235,6641
803,937,938,804,6640,6642,6643,6238,6644
804,938,939,805,6643,6645,6646,6241,6647
805,939,940,806,6646,6648,6649,6244,6650
806,940,941,807,6649,6651,6652,6247,6653
807,941,942,808,6652,6654,6655,6250,6656
808,942,943,809,6655,6657,6658,6253,6659
809,943,944,810,6658,6660,6661,6256,6662
810,944,945,811,6661,6663,6664,6259,6665
811,945,946,812,6664,6666,6667,6262,6668
812,946,947,813,6667,6669,6670,6265,6671
813,947,948,814,6670,6672,6673,6268,6674
814,948,949,815,6673,6675,6676,6271,6677
815,949,950,816,6676,6678,6679,6274,6680
816,950,951,817,6679,6681,6682,6277,6683
817,951,952,818,6682,6684,6685,6280,6686
818,952,953,819,6685,6687,6688,6283,6689
819,953,954,820,6688,6690,6691,6286,6692
820,954,955,821,6691,6693,6694,6289,6695
821,955,956,822,6694,6696,6697,6292,6698
822,956,957,823,6697,6699,6700,6295,6701
823,957,958,824,6700,6702,6703,6298,6704
824,958,959,825,6703,6705,6706,6301,6707
825,959,960,826,6706,6708,6709,6304,6710
826,960,961,827,6709,6711,6712,6307,6713
827,961,962,828,6712,6714,6715,6310,6716
828,962,963,829,6715,6717,6718,6313,6719
829,963,964,830,6718,6720,6721,6316,6722
830,964,965,831,6721,6723,6724,6319,6725
831,965,966,832,6724,6726,6727,6322,6728
832,966,967,833,6727,6729,6730,6325,6731
833,967,353,352,6730,6732,392,6328,6733
5,6,968,834,45,6734,6735,6330,6736
834,968,969,835,6735,6737,6738,6333,6739
835,969,970,836,6738,6740,6741,6336,6742
836,970,971,837,6741,6743,6744,6339,6745
837,971,972,838,6744,6746,6747,6342,6748
838,972,973,839,6747,6749,6750,6345,6751
839,973,974,840,6750,6752,6753,6348,6754
840,974,975,841,6753,6755,6756,6351,6757
841,975,976,842,6756,6758,6759,6354,6760
842,976,977,843,6759,6761,6762,6357,6763
843,977,978,844,6762,6764,6765,6360,6766
844,978,979,845,6765,6767,6768,6363,6769
845,979,980,846,6768,6770,6771,6366,6772
846,980,981,847,6771,6773,6774,6369,6775
847,981,982,848,6774,6776,6777,6372,6778
848,982,983,849,6777,6779,6780,6375,6781
849,983,984,850,6780,6782,6783,6378,6784
850,984,985,851,6783,6785,6786,6381,6787
851,985,986,852,6786,6788,6789,6384,6790
852,986,987,853,6789,6791,6792,6387,6793
853,987,988,854,6792,6794,6795,6390,6796
854,988,989,855,6795,6797,6798,6393,6799
855,989,990,856,6798,6800,6801,6396,6802
856,990,991,857,6801,6803,6804,6399,6805
857,991,992,858,6804,6806,6807,6402,6808
858,992,993,859,6807,6809,6810,6405,6811
859,993,994,860,6810,6812,6813,6408,6814
860,994,995,861,6813,6815,6816,6411,6817
861,995,996,862,6816,6818,6819,6414,6820
862,996,997,863,6819,6821,6822,6417,6823
863,997,998,864,6822,6824,6825,6420,6826
864,998,999,865,6825,6827,6828,6423,6829
865,999,1000,866,6828,6830,6831,6426,6832
866,1000,1001,867,6831,6833,6834,6429,6835
867,1001,1002,868,6834,6836,6837,6432,6838
868,1002,1003,869,6837,6839,6840,6435,6841
869,1003,1004,870,6840,6842,6843,6438,6844
870,1004,1005,871,6843,6845,6846,6441,6847
871,1005,1006,872,6846,6848,6849,6444,6850
872,1006,1007,873,6849,6851,6852,6447,6853
873,1007,1008,874,6852,6854,6855,6450,6856
874,1008,1009,875,6855,6857,6858,6453,6859
875,1009,1010,876,6858,6860,6861,6456,6862
876,1010,1011,877,6861,6863,6864,6459,6865
877,1011,1012,878,6864,6866,6867,6462,6868
878,1012,1013,879,6867,6869,6870,6465,6871
879,1013,1014,880,6870,6872,6873,6468,6874
880,1014,1015,881,6873,6875,6876,6471,6877
881,1015,1016,882,6876,6878,6879,6474,6880
882,1016,1017,883,6879,6881,6882,6477,6883
883,1017,1018,884,6882,6884,6885,6480,6886
884,1018,1019,885,6885,6887,6888,6483,6889
885,1019,1020,886,6888,6890,6891,6486,6892
886,1020,1021,887,6891,6893,6894,6489,6895
887,1021,1022,888,6894,6896,6897,6492,6898
888,1022,1023,889,6897,6899,6900,6495,6901
889,1023,1024,890,6900,6902,6903,6498,6904
890,1024,1025,891,6903,6905,6906,6501,6907
891,1025,1026,892,6906,6908,6909,6504,6910
892,1026,1027,893,6909,6911,6912,6507,6913
893,1027,1028,894,6912,6914,6915,6510,6916
894,1028,1029,895,6915,6917,6918,6513,6919
895,1029,1030,896,6918,6920,6921,6516,6922
896,1030,1031,897,6921,6923,6924,6519,6925
897,1031,1032,898,6924,6926,6927,6522,6928
898,1032,1033,899,6927,6929,6930,6525,6931
899,1033,1034,900,6930,6932,6933,6528,6934
900,1034,1035,901,6933,6935,6936,6531,6937
901,1035,1036,902,6936,6938,6939,6534,6940
902,1036,1037,903,6939,6941,6942,6537,6943
903,1037,1038,904,6942,6944,6945,6540,6946
904,1038,1039,905,6945,6947,6948,6543,6949
905,1039,1040,906,6948,6950,6951,6546,6952
906,1040,1041,907,6951,6953,6954,6549,6955
907,1041,1042,908,6954,6956,6957,6552,6958
908,1042,1043,909,6957,6959,6960,6555,6961
909,1043,1044,910,6960,6962,6963,6558,6964
910,1044,1045,911,6963,6965,6966,6561,6967
911,1045,1046,912,6966,6968,6969,6564,6970
912,1046,1047,913,6969,6971,6972,6567,6973
913,1047,1048,914,6972,6974,6975,6570,6976
914,1048,1049,915,6975,6977,6978,6573,6979
915,1049,1050,916,6978,6980,6981,6576,6982
916,1050,1051,917,6981,6983,6984,6579,6985
917,1051,1052,918,6984,6986,6987,6582,6988
918,1052,1053,919,6987,6989,6990,6585,6991
919,1053,1054,920,6990,6992,6993,6588,6994
920,1054,1055,921,6993,6995,6996,6591,6997
921,1055,1056,922,6996,6998,6999,6594,7000
922,1056,1057,923,6999,7001,7002,6597,7003
923,1057,1058,924,7002,7004,7005,6600,7006
924,1058,1059,925,7005,7007,7008,6603,7009
925,1059,1060,926,7008,7010,7011,6606,7012
926,1060,1061,927,7011,7013,7014,6609,7015
927,1061,1062,928,7014,7016,7017,6612,7018
928,1062,1063,929,7017,7019,7020,6615,7021
929,1063,1064,930,7020,7022,7023,6618,7024
930,1064,1065,931,7023,7025,7026,6621,7027
931,1065,1066,932,7026,7028,7029,6624,7030
932,1066,1067,933,7029,7031,7032,6627,7033
933,1067,1068,934,7032,7034,7035,6630,7036
934,1068,1069,935,7035,7037,7038,6633,7039
935,1069,1070,936,7038,7040,7041,6636,7042
936,1070,1071,937,7041,7043,7044,6639,7045
937,1071,1072,938,7044,7046,7047,6642,7048
938,1072,1073,939,7047,7049,7050,6645,7051
939,1073,1074,940,7050,7052,7053,6648,7054
940,1074,1075,941,7053,7055,7056,6651,7057
941,1075,1076,942,7056,7058,7059,6654,7060
942,1076,1077,943,7059,7061,7062,6657,7063
943,1077,1078,944,7062,7064,7065,6660,7066
944,1078,1079,945,7065,7067,7068,6663,7069
945,1079,1080,946,7068,7070,7071,6666,7072
946,1080,1081,947,7071,7073,7074,6669,7075
947,1081,1082,948,7074,7076,7077,6672,7078
948,1082,1083,949,7077,7079,7080,6675,7081
949,1083,1084,950,7080,7082,7083,6678,7084
950,1084,1085,951,7083,7085,7086,6681,7087
951,1085,1086,952,7086,7088,7089,6684,7090
952,1086,1087,953,7089,7091,7092,6687,7093
953,1087,1088,954,7092,7094,7095,6690,7096
954,1088,1089,955,7095,7097,7098,6693,7099
955,1089,1090,956,7098,7100,7101,6696,7102
956,1090,1091,957,7101,7103,7104,6699,7105
957,1091,1092,958,7104,7106,7107,6702,7108
958,1092,1093,959,7107,7109,7110,6705,7111
959,1093,1094,960,7110,7112,7113,6708,7114
960,1094,1095,961,7113,7115,7116,6711,7117
961,1095,1096,962,7116,7118,7119,6714,7120
962,1096,1097,963,7119,7121,7122,6717,7123
963,1097,1098,964,7122,7124,7125,6720,7126
964,1098,1099,965,7125,7127,7128,6723,7129
965,1099,1100,966,7128,7130,7131,6726,7132
966,1100,1101,967,7131,7133,7134,6729,7135
967,1101,354,353,7134,7136,393,6732,7137
6,7,1102,968,46,7138,7139,6734,7140
968,1102,1103,969,7139,7141,7142,6737,7143
969,1103,1104,970,7142,7144,7145,6740,7146
970,1104,1105,971,7145,7147,7148,6743,7149
971,1105,1106,972,7148,7150,7151,6746,7152
972,1106,1107,973,7151,7153,7154,6749,7155
973,1107,1108,974,7154,7156,7157,6752,7158
974,1108,1109,975,7157,7159,7160,6755,7161
975,1109,1110,976,7160,7162,7163,6758,7164
976,1110,1111,977,7163,7165,7166,6761,7167
977,1111,1112,978,7166,7168,7169,6764,7170
978,1112,1113,979,7169,7171,7172,6767,7173
979,1113,1114,980,7172,7174,7175,6770,7176
980,1114,1115,981,7175,7177,7178,6773,7179
981,1115,1116,982,7178,7180,7181,6776,7182
982,1116,1117,983,7181,7183,7184,6779,7185
983,1117,1118,984,7184,7186,7187,6782,7188
984,1118,1119,985,7187,7189,7190,6785,7191
985,1119,1120,986,7190,7192,7193,6788,7194
986,1120,1121,987,7193,7195,7196,6791,7197
987,1121,1122,988,7196,7198,7199,6794,7200
988,1122,1123,989,7199,7201,7202,6797,7203
989,1123,1124,990,7202,7204,7205,6800,7206
990,1124,1125,991,7205,7207,7208,6803,7209
991,1125,1126,992,7208,7210,7211,6806,7212
992,1126,1127,993,7211,7213,7214,6809,7215
993,1127,1128,994,7214,7216,7217,6812,7218
994,1128,1129,995,7217,7219,7220,6815,7221
995,1129,1130,996,7220,7222,7223,6818,7224
996,1130,1131,997,7223,7225,7226,6821,7227
997,1131,1132,998,7226,7228,7229,6824,7230
998,1132,1133,999,7229,7231,7232,6827,7233
999,1133,1134,1000,7232,7234,7235,6830,7236
1000,1134,1135,1001,7235,7237,7238,6833,7239
1001,1135,1136,1002,7238,7240,7241,6836,7242
1002,1136,1137,1003,7241,7243,7244,6839,7245
1003,1137,1138,1004,7244,7246,7247,6842,7248
1004,1138,1139,1005,7247,7249,7250,6845,7251
1005,1139,1140,1006,7250,7252,7253,6848,7254
1006,1140,1141,1007,7253,7255,7256,6851,7257
1007,1141,1142,1008,7256,7258,7259,6854,7260
1008,1142,1143,1009,7259,7261,7262,6857,7263
1009,1143,1144,1010,7262,7264,7265,6860,7266
1010,1144,1145,1011,7265,7267,7268,6863,7269
1011,1145,1146,1012,7268,7270,7271,6866,7272
1012,1146,1147,1013,7271,7273,7274,6869,7275
1013,1147,1148,1014,7274,7276,7277,6872,7278
1014,1148,1149,1015,7277,7279,7280,6875,7281
1015,1149,1150,1016,7280,7282,7283,6878,7284
1016,1150,1151,1017,7283,7285,7286,6881,7287
1017,1151,1152,1018,7286,7288,7289,6884,7290
1018,1152,1153,1019,7289,7291,7292,6887,7293
1019,1153,1154,1020,7292,7294,7295,6890,7296
1020,1154,1155,1021,7295,7297,7298,6893,7299
1021,1155,1156,1022,7298,7300,7301,6896,7302
1022,1156,1157,1023,7301,7303,7304,6899,7305
1023,1157,1158,1024,7304,7306,7307,6902,7308
1024,1158,1159,1025,7307,7309,7310,6905,7311
1025,1159,1160,1026,7310,7312,7313,6908,7314
1026,1160,1161,1027,7313,7315,7316,6911,7317
1027,1161,1162,1028,7316,7318,7319,6914,7320
1028,1162,1163,1029,7319,7321,7322,6917,7323
1029,1163,1164,1030,7322,7324,7325,6920,7326
1030,1164,1165,1031,7325,7327,7328,6923,7329
1031,1165,1166,1032,7328,7330,7331,6926,7332
1032,1166,1167,1033,7331,7333,7334,6929,7335
1033,1167,1168,1034,7334,7336,7337,6932,7338
1034,1168,1169,1035,7337,7339,7340,6935,7341
1035,1169,1170,1036,7340,7342,7343,6938,7344
1036,1170,1171,1037,7343,7345,7346,6941,7347
1037,1171,1172,1038,7346,7348,7349,6944,7350
1038,1172,1173,1039,7349,7351,7352,6947,7353
1039,1173,1174,1040,7352,7354,7355,6950,7356
1040,1174,1175,1041,7355,7357,7358,6953,7359
1041,1175,1176,1042,7358,7360,7361,6956,7362
1042,1176,1177,1043,7361,7363,7364,6959,7365
1043,1177,1178,1044,7364,7366,7367,6962,7368
1044,1178,1179,1045,7367,7369,7370,6965,7371
1045,1179,1180,1046,7370,7372,7373,6968,7374
1046,1180,1181,1047,7373,7375,7376,6971,7377
1047,1181,1182,1048,7376,7378,7379,6974,7380
1048,1182,1183,1049,7379,7381,7382,6977,7383
1049,1183,1184,1050,7382,7384,7385,6980,7386
1050,1184,1185,1051,7385,7387,7388,6983,7389
1051,1185,1186,1052,7388,7390,7391,6986,7392
1052,1186,1187,1053,7391,7393,7394,6989,7395
1053,1187,1188,1054,7394,7396,7397,6992,7398
1054,1188,1189,1055,7397,7399,7400,6995,7401
1055,1189,1190,1056,7400,7402,7403,6998,7404
1056,1190,1191,1057,7403,7405,7406,7001,7407
1057,1191,1192,1058,7406,7408,7409,7004,7410
1058,1192,1193,1059,7409,7411,7412,7007,7413
1059,1193,1194,1060,7412,7414,7415,7010,7416
1060,1194,1195,1061,7415,7417,7418,7013,7419
1061,1195,1196,1062,7418,7420,7421,7016,7422
1062,1196,1197,1063,7421,7423,7424,7019,7425
1063,1197,1198,1064,7424,7426,7427,7022,7428
1064,1198,1199,1065,7427,7429,7430,7025,7431
1065,1199,1200,1066,7430,7432,7433,7028,7434
1066,1200,1201,1067,7433,7435,7436,7031,7437
1067,1201,1202,1068,7436,7438,7439,7034,7440
1068,1202,1203,1069,7439,7441,7442,7037,7443
1069,1203,1204,1070,7442,7444,7445,7040,7446
1070,1204,1205,1071,7445,7447,7448,7043,7449
1071,1205,1206,1072,7448,7450,7451,7046,7452
1072,1206,1207,1073,7451,7453,7454,7049,7455
1073,1207,1208,1074,7454,7456,7457,7052,7458
1074,1208,1209,1075,7457,7459,7460,7055,7461
1075,1209,1210,1076,7460,7462,7463,7058,7464
1076,1210,1211,1077,7463,7465,7466,7061,7467
1077,1211,1212,1078,7466,7468,7469,7064,7470
1078,1212,1213,1079,7469,7471,7472,7067,7473
1079,1213,1214,1080,7472,7474,7475,7070,7476
1080,1214,1215,1081,7475,7477,7478,7073,7479
1081,1215,1216,1082,7478,7480,7481,7076,7482
1082,1216,1217,1083,7481,7483,7484,7079,7485
1083,1217,1218,1084,7484,7486,7487,7082,7488
1084,1218,1219,1085,7487,7489,7490,7085,7491
1085,1219,1220,1086,7490,7492,7493,7088,7494
1086,1220,1221,1087,7493,7495,7496,7091,7497
1087,1221,1222,1088,7496,7498,7499,7094,7500
1088,1222,1223,1089,7499,7501,7502,7097,7503
1089,1223,1224,1090,7502,7504,7505,7100,7506
1090,1224,1225,1091,7505,7507,7508,7103,7509
1091,1225,1226,1092,7508,7510,7511,7106,7512
1092,1226,1227,1093,7511,7513,7514,7109,7515
1093,1227,1228,1094,7514,7516,7517,7112,7518
1094,1228,1229,1095,7517,7519,7520,7115,7521
1095,1229,1230,1096,7520,7522,7523,7118,7524
1096,1230,1231,1097,7523,7525,7526,7121,7527
1097,1231,1232,1098,7526,7528,7529,7124,7530
1098,1232,1233,1099,7529,7531,7532,7127,7533
1099,1233,1234,1100,7532,7534,7535,7130,7536
1100,1234,1235,1101,7535,7537,7538,7133,7539
1101,1235,355,354,7538,7540,394,7136,7541
7,8,1236,1102,47,7542,7543,7138,7544
1102,1236,1237,1103,7543,7545,7546,7141,7547
1103,1237,1238,1104,7546,7548,7549,7144,7550
1104,1238,1239,1105,7549,7551,7552,7147,7553
1105,1239,1240,1106,7552,7554,7555,7150,7556
1106,1240,1241,1107,7555,7557,7558,7153,7559
1107,1241,1242,1108,7558,7560,7561,7156,7562
1108,1242,1243,1109,7561,7563,7564,7159,7565
1109,1243,1244,1110,7564,7566,7567,7162,7568
1110,1244,1245,1111,7567,7569,7570,7165,7571
1111,1245,1246,1112,7570,7572,7573,7168,7574
1112,1246,1247,1113,7573,7575,7576,7171,7577
1113,1247,1248,1114,7576,7578,7579,7174,7580
1114,1248,1249,1115,7579,7581,7582,7177,7583
1115,1249,1250,1116,7582,7584,7585,7180,7586
1116,1250,1251,1117,7585,7587,7588,7183,7589
1117,1251,1252,1118,7588,7590,7591,7186,7592
1118,1252,1253,1119,7591,7593,7594,7189,7595
1119,1253,1254,1120,7594,7596,7597,7192,7598
1120,1254,1255,1121,7597,7599,7600,7195,7601
1121,1255,1256,1122,7600,7602,7603,7198,7604
1122,1256,1257,1123,7603,7605,7606,7201,7607
1123,1257,1258,1124,7606,7608,7609,7204,7610
1124,1258,1259,1125,7609,7611,7612,7207,7613
1125,1259,1260,1126,7612,7614,7615,7210,7616
1126,1260,1261,1127,7615,7617,7618,7213,7619
1127,1261,1262,1128,7618,7620,7621,7216,7622
1128,1262,1263,1129,7621,7623,7624,7219,7625
1129,1263,1264,1130,7624,7626,7627,7222,7628
1130,1264,1265,1131,7627,7629,7630,7225,7631
1131,1265,1266,1132,7630,7632,7633,7228,7634
1132,1266,1267,1133,7633,7635,7636,7231,7637
1133,1267,1268,1134,7636,7638,7639,7234,7640
1134,1268,1269,1135,7639,7641,7642,7237,7643
1135,1269,1270,1136,7642,7644,7645,7240,7646
1136,1270,1271,1137,7645,7647,7648,7243,7649
1137,1271,1272,1138,7648,7650,7651,7246,7652
1138,1272,1273,1139,7651,7653,7654,7249,7655
1139,1273,1274,1140,7654,7656,7657,7252,7658
1140,1274,1275,1141,7657,7659,7660,7255,7661
1141,1275,1276,1142,7660,7662,7663,7258,7664
1142,1276,1277,1143,7663,7665,7666,7261,7667
1143,1277,1278,1144,7666,7668,7669,7264,7670
1144,1278,1279,1145,7669,7671,7672,7267,7673
1145,1279,1280,1146,7672,7674,7675,7270,7676
1146,1280,1281,1147,7675,7677,7678,7273,7679
1147,1281,1282,1148,7678,7680,7681,7276,7682
1148,1282,1283,1149,7681,7683,7684,7279,7685
1149,1283,1284,1150,7684,7686,7687,7282,7688
1150,1284,1285,1151,7687,7689,7690,7285,7691
1151,1285,1286,1152,7690,7692,7693,7288,7694
1152,1286,1287,1153,7693,7695,7696,7291,7697
1153,1287,1288,1154,7696,7698,7699,7294,7700
1154,1288,1289,1155,7699,7701,7702,7297,7703
1155,1289,1290,1156,7702,7704,7705,7300,7706
1156,1290,1291,1157,7705,7707,7708,7303,7709
1157,1291,1292,1158,7708,7710,7711,7306,7712
1158,1292,1293,1159,7711,7713,7714,7309,7715
1159,1293,1294,1160,7714,7716,7717,7312,7718
1160,1294,1295,1161,7717,7719,7720,7315,7721
1161,1295,1296,1162,7720,7722,7723,7318,7724
1162,1296,1297,1163,7723,7725,7726,7321,7727
1163,1297,1298,1164,7726,7728,7729,7324,7730
1164,1298,1299,1165,7729,7731,7732,7327,7733
1165,1299,1300,1166,7732,7734,7735,7330,7736
1166,1300,1301,1167,7735,7737,7738,7333,7739
1167,1301,1302,1168,7738,7740,7741,7336,7742
1168,1302,1303,1169,7741,7743,7744,7339,7745
1169,1303,1304,1170,7744,7746,7747,7342,7748
1170,1304,1305,1171,7747,7749,7750,7345,7751
1171,1305,1306,1172,7750,7752,7753,7348,7754
1172,1306,1307,1173,7753,7755,7756,7351,7757
1173,1307,1308,1174,7756,7758,7759,7354,7760
1174,1308,1309,1175,7759,7761,7762,7357,7763
1175,1309,1310,1176,7762,7764,7765,7360,7766
1176,1310,1311,1177,7765,7767,7768,7363,7769
1177,1311,1312,1178,7768,7770,7771,7366,7772
1178,1312,1313,1179,7771,7773,7774,7369,7775
1179,1313,1314,1180,7774,7776,7777,7372,7778
1180,1314,1315,1181,7777,7779,7780,7375,7781
1181,1315,1316,1182,7780,7782,7783,7378,7784
1182,1316,1317,1183,7783,7785,7786,7381,7787
1183,1317,1318,1184,7786,7788,7789,7384,7790
1184,1318,1319,1185,7789,7791,7792,7387,7793
1185,1319,1320,1186,7792,7794,7795,7390,7796
1186,1320,1321,1187,7795,7797,7798,7393,7799
1187,1321,1322,1188,7798,7800,7801,7396,7802
1188,1322,1323,1189,7801,7803,7804,7399,7805
1189,1323,1324,1190,7804,7806,7807,7402,7808
1190,1324,1325,1191,7807,7809,7810,7405,7811
1191,1325,1326,1192,7810,7812,7813,7408,7814
1192,1326,1327,1193,7813,7815,7816,7411,7817
1193,1327,1328,1194,7816,7818,7819,7414,7820
1194,1328,1329,1195,7819,7821,7822,7417,7823
1195,1329,1330,1196,7822,7824,7825,7420,7826
1196,1330,1331,1197,7825,7827,7828,7423,7829
1197,1331,1332,1198,7828,7830,7831,7426,7832
1198,1332,1333,1199,7831,7833,7834,7429,7835
1199,1333,1334,1200,7834,7836,7837,7432,7838
1200,1334,1335,1201,7837,7839,7840,7435,7841
1201,1335,1336,1202,7840,7842,7843,7438,7844
1202,1336,1337,1203,7843,7845,7846,7441,7847
1203,1337,1338,1204,7846,7848,7849,7444,7850
1204,1338,1339,1205,7849,7851,7852,7447,7853
1205,1339,1340,1206,7852,7854,7855,7450,7856
1206,1340,1341,1207,7855,7857,7858,7453,7859
1207,1341,1342,1208,7858,7860,7861,7456,7862
1208,1342,1343,1209,7861,7863,7864,7459,7865
1209,1343,1344,1210,7864,7866,7867,7462,7868
1210,1344,1345,1211,7867,7869,7870,7465,7871
1211,1345,1346,1212,7870,7872,7873,7468,7874
1212,1346,1347,1213,7873,7875,7876,7471,7877
1213,1347,1348,1214,7876,7878,7879,7474,7880
1214,1348,1349,1215,7879,7881,7882,7477,7883
1215,1349,1350,1216,7882,7884,7885,7480,7886
1216,1350,1351,1217,7885,7887,7888,7483,7889
1217,1351,1352,1218,7888,7890,7891,7486,7892
1218,1352,1353,1219,7891,7893,7894,7489,7895
1219,1353,1354,1220,7894,7896,7897,7492,7898
1220,1354,1355,1221,7897,7899,7900,7495,7901
1221,1355,1356,1222,7900,7902,7903,7498,7904
1222,1356,1357,1223,7903,7905,7906,7501,7907
1223,1357,1358,1224,7906,7908,7909,7504,7910
1224,1358,1359,1225,7909,7911,7912,7507,7913
1225,1359,1360,1226,7912,7914,7915,7510,7916
1226,1360,1361,1227,7915,7917,7918,7513,7919
1227,1361,1362,1228,7918,7920,7921,7516,7922
1228,1362,1363,1229,7921,7923,7924,7519,7925
1229,1363,1364,1230,7924,7926,7927,7522,7928
1230,1364,1365,1231,7927,7929,7930,7525,7931
1231,1365,1366,1232,7930,7932,7933,7528,7934
1232,1366,1367,1233,7933,7935,7936,7531,7937
1233,1367,1368,1234,7936,7938,7939,7534,7940
1234,1368,1369,1235,7939,7941,7942,7537,7943
1235,1369,356,355,7942,7944,395,7540,7945
8,9,1370,1236,48,7946,7947,7542,7948
1236,1370,1371,1237,7947,7949,7950,7545,7951
1237,1371,1372,1238,7950,7952,7953,7548,7954
1238,1372,1373,1239,7953,7955,7956,7551,7957
1239,1373,1374,1240,7956,7958,7959,7554,7960
1240,1374,1375,1241,7959,7961,7962,7557,7963
1241,1375,1376,1242,7962,7964,7965,7560,7966
1242,1376,1377,1243,7965,7967,7968,7563,7969
1243,1377,1378,1244,7968,7970,7971,7566,7972
1244,1378,1379,1245,7971,7973,7974,7569,7975
1245,1379,1380,1246,7974,7976,7977,7572,7978
1246,1380,1381,1247,7977,7979,7980,7575,7981
1247,1381,1382,1248,7980,7982,7983,7578,7984
1248,1382,1383,1249,7983,7985,7986,7581,7987
1249,1383,1384,1250,7986,7988,7989,7584,7990
1250,1384,1385,1251,7989,7991,7992,7587,7993
1251,1385,1386,1252,7992,7994,7995,7590,7996
1252,1386,1387,1253,7995,7997,7998,7593,7999
1253,1387,1388,1254,7998,8000,8001,7596,8002
1254,1388,1389,1255,8001,8003,8004,7599,8005
1255,1389,1390,1256,8004,8006,8007,7602,8008
1256,1390,1391,1257,8007,8009,8010,7605,8011
1257,1391,1392,1258,8010,8012,8013,7608,8014
1258,1392,1393,1259,8013,8015,8016,7611,8017
1259,1393,1394,1260,8016,8018,8019,7614,8020
1260,1394,1395,1261,8019,8021,8022,7617,8023
1261,1395,1396,1262,8022,8024,8025,7620,8026
1262,1396,1397,1263,8025,8027,8028,7623,8029
1263,1397,1398,1264,8028,8030,8031,7626,8032
1264,1398,1399,1265,8031,8033,8034,7629,8035
1265,1399,1400,1266,8034,8036,8037,7632,8038
1266,1400,1401,1267,8037,8039,8040,7635,8041
1267,1401,1402,1268,8040,8042,8043,7638,8044
1268,1402,1403,1269,8043,8045,8046,7641,8047
1269,1403,1404,1270,8046,8048,8049,7644,8050
1270,1404,1405,1271,8049,8051,8052,7647,8053
1271,1405,1406,1272,8052,8054,8055,7650,8056
1272,1406,1407,1273,8055,8057,8058,7653,8059
1273,1407,1408,1274,8058,8060,8061,7656,8062
1274,1408,1409,1275,8061,8063,8064,7659,8065
1275,1409,1410,1276,8064,8066,8067,7662,8068
1276,1410,1411,1277,8067,8069,8070,7665,8071
1277,1411,1412,1278,8070,8072,8073,7668,8074
1278,1412,1413,1279,8073,8075,8076,7671,8077
1279,1413,1414,1280,8076,8078,8079,7674,8080
1280,1414,1415,1281,8079,8081,8082,7677,8083
1281,1415,1416,1282,8082,8084,8085,7680,8086
1282,1416,1417,1283,8085,8087,8088,7683,8089
1283,1417,1418,1284,8088,8090,8091,7686,8092
1284,1418,1419,1285,8091,8093,8094,7689,8095
1285,1419,1420,1286,8094,8096,8097,7692,8098
1286,1420,1421,1287,8097,8099,8100,7695,8101
1287,1421,1422,1288,8100,8102,8103,7698,8104
1288,1422,1423,1289,8103,8105,8106,7701,8107
1289,1423,1424,1290,8106,8108,8109,7704,8110
1290,1424,1425,1291,8109,8111,8112,7707,8113
1291,1425,1426,1292,8112,8114,8115,7710,8116
1292,1426,1427,1293,8115,8117,8118,7713,8119
1293,1427,1428,1294,8118,8120,8121,7716,8122
1294,1428,1429,1295,8121,8123,8124,7719,8125
1295,1429,1430,1296,8124,8126,8127,7722,8128
1296,1430,1431,1297,8127,8129,8130,7725,8131
1297,1431,1432,1298,8130,8132,8133,7728,8134
1298,1432,1433,1299,8133,8135,8136,7731,8137
1299,1433,1434,1300,8136,8138,8139,7734,8140
1300,1434,1435,1301,8139,8141,8142,7737,8143
1301,1435,1436,1302,8142,8144,8145,7740,8146
1302,1436,1437,1303,8145,8147,8148,7743,8149
1303,1437,1438,1304,8148,8150,8151,7746,8152
1304,1438,1439,1305,8151,8153,8154,7749,8155
1305,1439,1440,1306,8154,8156,8157,7752,8158
1306,1440,1441,1307,8157,8159,8160,7755,8161
1307,1441,1442,1308,8160,8162,8163,7758,8164
1308,1442,1443,1309,8163,8165,8166,7761,8167
1309,1443,1444,1310,8166,8168,8169,7764,8170
1310,1444,1445,1311,8169,8171,8172,7767,8173
1311,1445,1446,1312,8172,8174,8175,7770,8176
1312,1446,1447,1313,8175,8177,8178,7773,8179
1313,1447,1448,1314,8178,8180,8181,7776,8182
1314,1448,1449,1315,8181,8183,8184,7779,8185
1315,1449,1450,1316,8184,8186,8187,7782,8188
1316,1450,1451,1317,8187,8189,8190,7785,8191
1317,1451,1452,1318,8190,8192,8193,7788,8194
1318,1452,1453,1319,8193,8195,8196,7791,8197
1319,1453,1454,1320,8196,8198,8199,7794,8200
1320,1454,1455,1321,8199,8201,8202,7797,8203
1321,1455,1456,1322,8202,8204,8205,7800,8206
1322,1456,1457,1323,8205,8207,8208,7803,8209
1323,1457,1458,1324,8208,8210,8211,7806,8212
1324,1458,1459,1325,8211,8213,8214,7809,8215
1325,1459,1460,1326,8214,8216,8217,7812,8218
1326,1460,1461,1327,8217,8219,8220,7815,8221
1327,1461,1462,1328,8220,8222,8223,7818,8224
1328,1462,1463,1329,8223,8225,8226,7821,8227
1329,1463,1464,1330,8226,8228,8229,7824,8230
1330,1464,1465,1331,8229,8231,8232,7827,8233
1331,1465,1466,1332,8232,8234,8235,7830,8236
1332,1466,1467,1333,8235,8237,8238,7833,8239
1333,1467,1468,1334,8238,8240,8241,7836,8242
1334,1468,1469,1335,8241,8243,8244,7839,8245
1335,1469,1470,1336,8244,8246,8247,7842,8248
1336,1470,1471,1337,8247,8249,8250,7845,8251
1337,1471,1472,1338,8250,8252,8253,7848,8254
1338,1472,1473,1339,8253,8255,8256,7851,8257
1339,1473,1474,1340,8256,8258,8259,7854,8260
1340,1474,1475,1341,8259,8261,8262,7857,8263
1341,1475,1476,1342,8262,8264,8265,7860,8266
1342,1476,1477,1343,8265,8267,8268,7863,8269
1343,1477,1478,1344,8268,8270,8271,7866,8272
1344,1478,1479,1345,8271,8273,8274,7869,8275
1345,1479,1480,1346,8274,8276,8277,7872,8278
1346,1480,1481,1347,8277,8279,8280,7875,8281
1347,1481,1482,1348,8280,8282,8283,7878,8284
1348,1482,1483,1349,8283,8285,8286,7881,8287
1349,1483,1484,1350,8286,8288,8289,7884,8290
1350,1484,1485,1351,8289,8291,8292,7887,8293
1351,1485,1486,1352,8292,8294,8295,7890,8296
1352,1486,1487,1353,8295,8297,8298,7893,8299
1353,1487,1488,1354,8298,8300,8301,7896,8302
1354,1488,1489,1355,8301,8303,8304,7899,8305
1355,1489,1490,1356,8304,8306,8307,7902,8308
1356,1490,1491,1357,8307,8309,8310,7905,8311
1357,1491,1492,1358,8310,8312,8313,7908,8314
1358,1492,1493,1359,8313,8315,8316,7911,8317
1359,1493,1494,1360,8316,8318,8319,7914,8320
1360,1494,1495,1361,8319,8321,8322,7917,8323
1361,1495,1496,1362,8322,8324,8325,7920,8326
1362,1496,1497,1363,8325,8327,8328,7923,8329
1363,1497,1498,1364,8328,8330,8331,7926,8332
1364,1498,1499,1365,8331,8333,8334,7929,8335
1365,1499,1500,1366,8334,8336,8337,7932,8338
1366,1500,1501,1367,8337,8339,8340,7935,8341
1367,1501,1502,1368,8340,8342,8343,7938,8344
1368,1502,1503,1369,8343,8345,8346,7941,8347
1369,1503,357,356,8346,8348,396,7944,8349
9,10,1504,1370,49,8350,8351,7946,8352
1370,1504,1505,1371,8351,8353,8354,7949,8355
1371,1505,1506,1372,8354,8356,8357,7952,8358
1372,1506,1507,1373,8357,8359,8360,7955,8361
1373,1507,1508,1374,8360,8362,8363,7958,8364
1374,1508,1509,1375,8363,8365,8366,7961,8367
1375,1509,1510,1376,8366,8368,8369,7964,8370
1376,1510,1511,1377,8369,8371,8372,7967,8373
1377,1511,1512,1378,8372,8374,8375,7970,8376
1378,1512,1513,1379,8375,8377,8378,7973,8379
1379,1513,1514,1380,8378,8380,8381,7976,8382
1380,1514,1515,1381,8381,8383,8384,7979,8385
1381,1515,1516,1382,8384,8386,8387,7982,8388
1382,1516,1517,1383,8387,8389,8390,7985,8391
1383,1517,1518,1384,8390,8392,8393,7988,8394
1384,1518,1519,1385,8393,8395,8396,7991,8397
1385,1519,1520,1386,8396,8398,8399,7994,8400
1386,1520,1521,1387,8399,8401,8402,7997,8403
1387,1521,1522,1388,8402,8404,8405,8000,8406
1388,1522,1523,1389,8405,8407,8408,8003,8409
1389,1523,1524,1390,8408,8410,8411,8006,8412
1390,1524,1525,1391,8411,8413,8414,8009,8415
1391,1525,1526,1392,8414,8416,8417,8012,8418
1392,1526,1527,1393,8417,8419,8420,8015,8421
1393,1527,1528,1394,8420,8422,8423,8018,8424
1394,1528,1529,1395,8423,8425,8426,8021,8427
1395,1529,1530,1396,8426,8428,8429,8024,8430
1396,1530,1531,1397,8429,8431,8432,8027,8433
1397,1531,1532,1398,8432,8434,8435,8030,8436
1398,1532,1533,1399,8435,8437,8438,8033,8439
1399,1533,1534,1400,8438,8440,8441,8036,8442
1400,1534,1535,1401,8441,8443,8444,8039,8445
1401,1535,1536,1402,8444,8446,8447,8042,8448
1402,1536,1537,1403,8447,8449,8450,8045,8451
1403,1537,1538,1404,8450,8452,8453,8048,8454
1404,1538,1539,1405,8453,8455,8456,8051,8457
1405,1539,1540,1406,8456,8458,8459,8054,8460
1406,1540,1541,1407,8459,8461,8462,8057,8463
1407,1541,1542,1408,8462,8464,8465,8060,8466
1408,1542,1543,1409,8465,8467,8468,8063,8469
1409,1543,1544,1410,8468,8470,8471,8066,8472
1410,1544,1545,1411,8471,8473,8474,8069,8475
1411,1545,1546,1412,8474,8476,8477,8072,8478
1412,1546,1547,1413,8477,8479,8480,8075,8481
1413,1547,1548,1414,8480,8482,8483,8078,8484
1414,1548,1549,1415,8483,8485,8486,8081,8487
1415,1549,1550,1416,8486,8488,8489,8084,8490
1416,1550,1551,1417,8489,8491,8492,8087,8493
1417,1551,1552,1418,8492,8494,8495,8090,8496
1418,1552,1553,1419,8495,8497,8498,8093,8499
1419,1553,1554,1420,8498,8500,8501,8096,8502
1420,1554,1555,1421,8501,8503,8504,8099,8505
1421,1555,1556,1422,8504,8506,8507,8102,8508
1422,1556,1557,1423,8507,8509,8510,8105,8511
1423,1557,1558,1424,8510,8512,8513,8108,8514
1424,1558,1559,1425,8513,8515,8516,8111,8517
1425,1559,1560,1426,8516,8518,8519,8114,8520
1426,1560,1561,1427,8519,8521,8522,8117,8523
1427,1561,1562,1428,8522,8524,8525,8120,8526
1428,1562,1563,1429,8525,8527,8528,8123,8529
1429,1563,1564,1430,8528,8530,8531,8126,8532
1430,1564,1565,1431,8531,8533,8534,8129,8535
1431,1565,1566,1432,8534,8536,8537,8132,8538
1432,1566,1567,1433,8537,8539,8540,8135,8541
1433,1567,1568,1434,8540,8542,8543,8138,8544
1434,1568,1569,1435,8543,8545,8546,8141,8547
1435,1569,1570,1436,8546,8548,8549,8144,8550
1436,1570,1571,1437,8549,8551,8552,8147,8553
1437,1571,1572,1438,8552,8554,8555,8150,8556
1438,1572,1573,1439,8555,8557,8558,8153,8559
1439,1573,1574,1440,8558,8560,8561,8156,8562
1440,1574,1575,1441,8561,8563,8564,8159,8565
1441,1575,1576,1442,8564,8566,8567,8162,8568
1442,1576,1577,1443,8567,8569,8570,8165,8571
1443,1577,1578,1444,8570,8572,8573,8168,8574
1444,1578,1579,1445,8573,8575,8576,8171,8577
1445,1579,1580,1446,8576,8578,8579,8174,8580
1446,1580,1581,1447,8579,8581,8582,8177,8583
1447,1581,1582,1448,8582,8584,8585,8180,8586
1448,1582,1583,1449,8585,8587,8588,8183,8589
1449,1583,1584,1450,8588,8590,8591,8186,8592
1450,1584,1585,1451,8591,8593,8594,8189,8595
1451,1585,1586,1452,8594,8596,8597,8192,8598
1452,1586,1587,1453,8597,8599,8600,8195,8601
1453,1587,1588,1454,8600,8602,8603,8198,8604
1454,1588,1589,1455,8603,8605,8606,8201,8607
1455,1589,1590,1456,8606,8608,8609,8204,8610
1456,1590,1591,1457,8609,8611,8612,8207,8613
1457,1591,1592,1458,8612,8614,8615,8210,8616
1458,1592,1593,1459,8615,8617,8618,8213,8619
1459,1593,1594,1460,8618,8620,8621,8216,8622
1460,1594,1595,1461,8621,8623,8624,8219,8625
1461,1595,1596,1462,8624,8626,8627,8222,8628
1462,1596,1597,1463,8627,8629,8630,8225,8631
1463,1597,1598,1464,8630,8632,8633,8228,8634
1464,1598,1599,1465,8633,8635,8636,8231,8637
1465,1599,1600,1466,8636,8638,8639,8234,8640
1466,1600,1601,1467,8639,8641,8642,8237,8643
1467,1601,1602,1468,8642,8644,8645,8240,8646
1468,1602,1603,1469,8645,8647,8648,8243,8649
1469,1603,1604,1470,8648,8650,8651,8246,8652
1470,1604,1605,1471,8651,8653,8654,8249,8655
1471,1605,1606,1472,8654,8656,8657,8252,8658
1472,1606,1607,1473,8657,8659,8660,8255,8661
1473,1607,1608,1474,8660,8662,8663,8258,8664
1474,1608,1609,1475,8663,8665,8666,8261,8667
1475,1609,1610,1476,8666,8668,8669,8264,8670
1476,1610,1611,1477,8669,8671,8672,8267,8673
1477,1611,1612,1478,8672,8674,8675,8270,8676
1478,1612,1613,1479,8675,8677,8678,8273,8679
1479,1613,1614,1480,8678,8680,8681,8276,8682
1480,1614,1615,1481,8681,8683,8684,8279,8685
1481,1615,1616,1482,8684,8686,8687,8282,8688
1482,1616,1617,1483,8687,8689,8690,8285,8691
1483,1617,1618,1484,8690,8692,8693,8288,8694
1484,1618,1619,1485,8693,8695,8696,8291,8697
1485,1619,1620,1486,8696,8698,8699,8294,8700
1486,1620,1621,1487,8699,8701,8702,8297,8703
1487,1621,1622,1488,8702,8704,8705,8300,8706
1488,1622,1623,1489,8705,8707,8708,8303,8709
1489,1623,1624,1490,8708,8710,8711,8306,8712
1490,1624,1625,1491,8711,8713,8714,8309,8715
1491,1625,1626,1492,8714,8716,8717,8312,8718
1492,1626,1627,1493,8717,8719,8720,8315,8721
1493,1627,1628,1494,8720,8722,8723,8318,8724
1494,1628,1629,1495,8723,8725,8726,8321,8727
1495,1629,1630,1496,8726,8728,8729,8324,8730
1496,1630,1631,1497,8729,8731,8732,8327,8733
1497,1631,1632,1498,8732,8734,8735,8330,8736
1498,1632,1633,1499,8735,8737,8738,8333,8739
1499,1633,1634,1500,8738,8740,8741,8336,8742
1500,1634,1635,1501,8741,8743,8744,8339,8745
1501,1635,1636,1502,8744,8746,8747,8342,8748
1502,1636,1637,1503,8747,8749,8750,8345,8751
1503,1637,358,357,8750,8752,397,8348,8753
10,11,1638,1504,50,8754,8755,8350,8756
1504,1638,1639,1505,8755,8757,8758,8353,8759
1505,1639,1640,1506,8758,8760,8761,8356,8762
1506,1640,1641,1507,8761,8763,8764,8359,8765
1507,1641,1642,1508,8764,8766,8767,8362,8768
1508,1642,1643,1509,8767,8769,8770,8365,8771
1509,1643,1644,1510,8770,8772,8773,8368,8774
1510,1644,1645,1511,8773,8775,8776,8371,8777
1511,1645,1646,1512,8776,8778,8779,8374,8780
1512,1646,1647,1513,8779,8781,8782,8377,8783
1513,1647,1648,1514,8782,8784,8785,8380,8786
1514,1648,1649,1515,8785,8787,8788,8383,8789
1515,1649,1650,1516,8788,8790,8791,8386,8792
1516,1650,1651,1517,8791,8793,8794,8389,8795
1517,1651,1652,1518,8794,8796,8797,8392,8798
1518,1652,1653,1519,8797,8799,8800,8395,8801
1519,1653,1654,1520,8800,8802,8803,8398,8804
1520,1654,1655,1521,8803,8805,8806,8401,8807
1521,1655,1656,1522,8806,8808,8809,8404,8810
1522,1656,1657,1523,8809,8811,8812,8407,8813
1523,1657,1658,1524,8812,8814,8815,8410,8816
1524,1658,1659,1525,8815,8817,8818,8413,8819
1525,1659,1660,1526,8818,8820,8821,8416,8822
1526,1660,1661,1527,8821,8823,8824,8419,8825
1527,1661,1662,1528,8824,8826,8827,8422,8828
1528,1662,1663,1529,8827,8829,8830,8425,8831
1529,1663,1664,1530,8830,8832,8833,8428,8834
1530,1664,1665,1531,8833,8835,8836,8431,8837
1531,1665,1666,1532,8836,8838,8839,8434,8840
1532,1666,1667,1533,8839,8841,8842,8437,8843
1533,1667,1668,1534,8842,8844,8845,8440,8846
1534,1668,1669,1535,8845,8847,8848,8443,8849
1535,1669,1670,1536,8848,8850,8851,8446,8852
1536,1670,1671,1537,8851,8853,8854,8449,8855
1537,1671,1672,1538,8854,8856,8857,8452,8858
1538,1672,1673,1539,8857,8859,8860,8455,8861
1539,1673,1674,1540,8860,8862,8863,8458,8864
1540,1674,1675,1541,8863,8865,8866,8461,8867
1541,1675,1676,1542,8866,8868,8869,8464,8870
1542,1676,1677,1543,8869,8871,8872,8467,8873
1543,1677,1678,1544,8872,8874,8875,8470,8876
1544,1678,1679,1545,8875,8877,8878,8473,8879
1545,1679,1680,1546,8878,8880,8881,8476,8882
1546,1680,1681,1547,8881,8883,8884,8479,8885
1547,1681,1682,1548,8884,8886,8887,8482,8888
1548,1682,1683,1549,8887,8889,8890,8485,8891
1549,1683,1684,1550,8890,8892,8893,8488,8894
1550,1684,1685,1551,8893,8895,8896,8491,8897
1551,1685,1686,1552,8896,8898,8899,8494,8900
1552,1686,1687,1553,8899,8901,8902,8497,8903
1553,1687,1688,1554,8902,8904,8905,8500,8906
1554,1688,1689,1555,8905,8907,8908,8503,8909
1555,1689,1690,1556,8908,8910,8911,8506,8912
1556,1690,1691,1557,8911,8913,8914,8509,8915
1557,1691,1692,1558,8914,8916,8917,8512,8918
1558,1692,1693,1559,8917,8919,8920,8515,8921
1559,1693,1694,1560,8920,8922,8923,8518,8924
1560,1694,1695,1561,8923,8925,8926,8521,8927
1561,1695,1696,1562,8926,8928,8929,8524,8930
1562,1696,1697,1563,8929,8931,8932,8527,8933
1563,1697,1698,1564,8932,8934,8935,8530,8936
1564,1698,1699,1565,8935,8937,8938,8533,8939
1565,1699,1700,1566,8938,8940,8941,8536,8942
1566,1700,1701,1567,8941,8943,8944,8539,8945
1567,1701,1702,1568,8944,8946,8947,8542,8948
1568,1702,1703,1569,8947,8949,8950,8545,8951
1569,1703,1704,1570,8950,8952,8953,8548,8954
1570,1704,1705,1571,8953,8955,8956,8551,8957
1571,1705,1706,1572,8956,8958,8959,8554,8960
1572,1706,1707,1573,8959,8961,8962,8557,8963
1573,1707,1708,1574,8962,8964,8965,8560,8966
1574,1708,1709,1575,8965,8967,8968,8563,8969
1575,1709,1710,1576,8968,8970,8971,8566,8972
1576,1710,1711,1577,8971,8973,8974,8569,8975
1577,1711,1712,1578,8974,8976,8977,8572,8978
1578,1712,1713,1579,8977,8979,8980,8575,8981
1579,1713,1714,1580,8980,8982,8983,8578,8984
1580,1714,1715,1581,8983,8985,8986,8581,8987
1581,1715,1716,1582,8986,8988,8989,8584,8990
1582,1716,1717,1583,8989,8991,8992,8587,8993
1583,1717,1718,1584,8992,8994,8995,8590,8996
1584,1718,1719,1585,8995,8997,8998,8593,8999
1585,1719,1720,1586,8998,9000,9001,8596,9002
1586,1720,1721,1587,9001,9003,9004,8599,9005
1587,1721,1722,1588,9004,9006,9007,8602,9008
1588,1722,1723,1589,9007,9009,9010,8605,9011
1589,1723,1724,1590,9010,9012,9013,8608,9014
1590,1724,1725,1591,9013,9015,9016,8611,9017
1591,1725,1726,1592,9016,9018,9019,8614,9020
1592,1726,1727,1593,9019,9021,9022,8617,9023
1593,1727,1728,1594,9022,9024,9025,8620,9026
1594,1728,1729,1595,9025,9027,9028,8623,9029
1595,1729,1730,1596,9028,9030,9031,8626,9032
1596,1730,1731,1597,9031,9033,9034,8629,9035
1597,1731,1732,1598,9034,9036,9037,8632,9038
1598,1732,1733,1599,9037,9039,9040,8635,9041
1599,1733,1734,1600,9040,9042,9043,8638,9044
1600,1734,1735,1601,9043,9045,9046,8641,9047
1601,1735,1736,1602,9046,9048,9049,8644,9050
1602,1736,1737,1603,9049,9051,9052,8647,9053
1603,1737,1738,1604,9052,9054,9055,8650,9056
1604,1738,1739,1605,9055,9057,9058,8653,9059
1605,1739,1740,1606,9058,9060,9061,8656,9062
1606,1740,1741,1607,9061,9063,9064,8659,9065
1607,1741,1742,1608,9064,9066,9067,8662,9068
1608,1742,1743,1609,9067,9069,9070,8665,9071
1609,1743,1744,1610,9070,9072,9073,8668,9074
1610,1744,1745,1611,9073,9075,9076,8671,9077
1611,1745,1746,1612,9076,9078,9079,8674,9080
1612,1746,1747,1613,9079,9081,9082,8677,9083
1613,1747,1748,1614,9082,9084,9085,8680,9086
1614,1748,1749,1615,9085,9087,9088,8683,9089
1615,1749,1750,1616,9088,9090,9091,8686,9092
1616,1750,1751,1617,9091,9093,9094,8689,9095
1617,1751,1752,1618,9094,9096,9097,8692,9098
1618,1752,1753,1619,9097,9099,9100,8695,9101
1619,1753,1754,1620,9100,9102,9103,8698,9104
1620,1754,1755,1621,9103,9105,9106,8701,9107
1621,1755,1756,1622,9106,9108,9109,8704,9110
1622,1756,1757,1623,9109,9111,9112,8707,9113
1623,1757,1758,1624,9112,9114,9115,8710,9116
1624,1758,1759,1625,9115,9117,9118,8713,9119
1625,1759,1760,1626,9118,9120,9121,8716,9122
1626,1760,1761,1627,9121,9123,9124,8719,9125
1627,1761,1762,1628,9124,9126,9127,8722,9128
1628,1762,1763,1629,9127,9129,9130,8725,9131
1629,1763,1764,1630,9130,9132,9133,8728,9134
1630,1764,1765,1631,9133,9135,9136,8731,9137
1631,1765,1766,1632,9136,9138,9139,8734,9140
1632,1766,1767,1633,9139,9141,9142,8737,9143
1633,1767,1768,1634,9142,9144,9145,8740,9146
1634,1768,1769,1635,9145,9147,9148,8743,9149
1635,1769,1770,1636,9148,9150,9151,8746,9152
1636,1770,1771,1637,9151,9153,9154,8749,9155
1637,1771,359,358,9154,9156,398,8752,9157
11,12,1772,1638,51,9158,9159,8754,9160
1638,1772,1773,1639,9159,9161,9162,8757,9163
1639,1773,1774,1640,9162,9164,9165,8760,9166
1640,1774,1775,1641,9165,9167,9168,8763,9169
1641,1775,1776,1642,9168,9170,9171,8766,9172
1642,1776,1777,1643,9171,9173,9174,8769,9175
1643,1777,1778,1644,9174,9176,9177,8772,9178
1644,1778,1779,1645,9177,9179,9180,8775,9181
1645,1779,1780,1646,9180,9182,9183,8778,9184
1646,1780,1781,1647,9183,9185,9186,8781,9187
1647,1781,1782,1648,9186,9188,9189,8784,9190
1648,1782,1783,1649,9189,9191,9192,8787,9193
1649,1783,1784,1650,9192,9194,9195,8790,9196
1650,1784,1785,1651,9195,9197,9198,8793,9199
1651,1785,1786,1652,9198,9200,9201,8796,9202
1652,1786,1787,1653,9201,9203,9204,8799,9205
1653,1787,1788,1654,9204,9206,9207,8802,9208
1654,1788,1789,1655,9207,9209,9210,8805,9211
1655,1789,1790,1656,9210,9212,9213,8808,9214
1656,1790,1791,1657,9213,9215,9216,8811,9217
1657,1791,1792,1658,9216,9218,9219,8814,9220
1658,1792,1793,1659,9219,9221,9222,8817,9223
1659,1793,1794,1660,9222,9224,9225,8820,9226
1660,1794,1795,1661,9225,9227,9228,8823,9229
1661,1795,1796,1662,9228,9230,9231,8826,9232
1662,1796,1797,1663,9231,9233,9234,8829,9235
1663,1797,1798,1664,9234,9236,9237,8832,9238
1664,1798,1799,1665,9237,9239,9240,8835,9241
1665,1799,1800,1666,9240,9242,9243,8838,9244
1666,1800,1801,1667,9243,9245,9246,8841,9247
1667,1801,1802,1668,9246,9248,9249,8844,9250
1668,1802,1803,1669,9249,9251,9252,8847,9253
1669,1803,1804,1670,9252,9254,9255,8850,9256
1670,1804,1805,1671,9255,9257,9258,8853,9259
1671,1805,1806,1672,9258,9260,9261,8856,9262
1672,1806,1807,1673,9261,9263,9264,8859,9265
1673,1807,1808,1674,9264,9266,9267,8862,9268
1674,1808,1809,1675,9267,9269,9270,8865,9271
1675,1809,1810,1676,9270,9272,9273,8868,9274
1676,1810,1811,1677,9273,9275,9276,8871,9277
1677,1811,1812,1678,9276,9278,9279,8874,9280
1678,1812,1813,1679,9279,9281,9282,8877,9283
1679,1813,1814,1680,9282,9284,9285,8880,9286
1680,1814,1815,1681,9285,9287,9288,8883,9289
1681,1815,1816,1682,9288,9290,9291,8886,9292
1682,1816,1817,1683,9291,9293,9294,8889,9295
1683,1817,1818,1684,9294,9296,9297,8892,9298
1684,1818,1819,1685,9297,9299,9300,8895,9301
1685,1819,1820,1686,9300,9302,9303,8898,9304
1686,1820,1821,1687,9303,9305,9306,8901,9307
1687,1821,1822,1688,9306,9308,9309,8904,9310
1688,1822,1823,1689,9309,9311,9312,8907,9313
1689,1823,1824,1690,9312,9314,9315,8910,9316
1690,1824,1825,1691,9315,9317,9318,8913,9319
1691,1825,1826,1692,9318,9320,9321,8916,9322
1692,1826,1827,1693,9321,9323,9324,8919,9325
1693,1827,1828,1694,9324,9326,9327,8922,9328
1694,1828,1829,1695,9327,9329,9330,8925,9331
1695,1829,1830,1696,9330,9332,9333,8928,9334
1696,1830,1831,1697,9333,9335,9336,8931,9337
1697,1831,1832,1698,9336,9338,9339,8934,9340
1698,1832,1833,1699,9339,9341,9342,8937,9343
1699,1833,1834,1700,9342,9344,9345,8940,9346
1700,1834,1835,1701,9345,9347,9348,8943,9349
1701,1835,1836,1702,9348,9350,9351,8946,9352
1702,1836,1837,1703,9351,9353,9354,8949,9355
1703,1837,1838,1704,9354,9356,9357,8952,9358
1704,1838,1839,1705,9357,9359,9360,8955,9361
1705,1839,1840,1706,9360,9362,9363,8958,9364
1706,1840,1841,1707,9363,9365,9366,8961,9367
1707,1841,1842,1708,9366,9368,9369,8964,9370
1708,1842,1843,1709,9369,9371,9372,8967,9373
1709,1843,1844,1710,9372,9374,9375,8970,9376
1710,1844,1845,1711,9375,9377,9378,8973,9379
1711,1845,1846,1712,9378,9380,9381,8976,9382
1712,1846,1847,1713,9381,9383,9384,8979,9385
1713,1847,1848,1714,9384,9386,9387,8982,9388
1714,1848,1849,1715,9387,9389,9390,8985,9391
1715,1849,1850,1716,9390,9392,9393,8988,9394
1716,1850,1851,1717,9393,9395,9396,8991,9397
1717,1851,1852,1718,9396,9398,9399,8994,9400
1718,1852,1853,1719,9399,9401,9402,8997,9403
1719,1853,1854,1720,9402,9404,9405,9000,9406
1720,1854,1855,1721,9405,9407,9408,9003,9409
1721,1855,1856,1722,9408,9410,9411,9006,9412
1722,1856,1857,1723,9411,9413,9414,9009,9415
1723,1857,1858,1724,9414,9416,9417,9012,9418
1724,1858,1859,1725,9417,9419,9420,9015,9421
1725,1859,1860,1726,9420,9422,9423,9018,9424
1726,1860,1861,1727,9423,9425,9426,9021,9427
1727,1861,1862,1728,9426,9428,9429,9024,9430
1728,1862,1863,1729,9429,9431,9432,9027,9433
1729,1863,1864,1730,9432,9434,9435,9030,9436
1730,1864,1865,1731,9435,9437,9438,9033,9439
1731,1865,1866,1732,9438,9440,9441,9036,9442
1732,1866,1867,1733,9441,9443,9444,9039,9445
1733,1867,1868,1734,9444,9446,9447,9042,9448
1734,1868,1869,1735,9447,9449,9450,9045,9451
1735,1869,1870,1736,9450,9452,9453,9048,9454
1736,1870,1871,1737,9453,9455,9456,9051,9457
1737,1871,1872,1738,9456,9458,9459,9054,9460
1738,1872,1873,1739,9459,9461,9462,9057,9463
1739,1873,1874,1740,9462,9464,9465,9060,9466
1740,1874,1875,1741,9465,9467,9468,9063,9469
1741,1875,1876,1742,9468,9470,9471,9066,9472
1742,1876,1877,1743,9471,9473,9474,9069,9475
1743,1877,1878,1744,9474,9476,9477,9072,9478
1744,1878,1879,1745,9477,9479,9480,9075,9481
1745,1879,1880,1746,9480,9482,9483,9078,9484
1746,1880,1881,1747,9483,9485,9486,9081,9487
1747,1881,1882,1748,9486,9488,9489,9084,9490
1748,1882,1883,1749,9489,9491,9492,9087,9493
1749,1883,1884,1750,9492,9494,9495,9090,9496
1750,1884,1885,1751,9495,9497,9498,9093,9499
1751,1885,1886,1752,9498,9500,9501,9096,9502
1752,1886,1887,1753,9501,9503,9504,9099,9505
1753,1887,1888,1754,9504,9506,9507,9102,9508
1754,1888,1889,1755,9507,9509,9510,9105,9511
1755,1889,1890,1756,9510,9512,9513,9108,9514
1756,1890,1891,1757,9513,9515,9516,9111,9517
1757,1891,1892,1758,9516,9518,9519,9114,9520
1758,1892,1893,1759,9519,9521,9522,9117,9523
1759,1893,1894,1760,9522,9524,9525,9120,9526
1760,1894,1895,1761,9525,9527,9528,9123,9529
1761,1895,1896,1762,9528,9530,9531,9126,9532
1762,1896,1897,1763,9531,9533,9534,9129,9535
1763,1897,1898,1764,9534,9536,9537,9132,9538
1764,1898,1899,1765,9537,9539,9540,9135,9541
1765,1899,1900,1766,9540,9542,9543,9138,9544
1766,1900,1901,1767,9543,9545,9546,9141,9547
1767,1901,1902,1768,9546,9548,9549,9144,9550
1768,1902,1903,1769,9549,9551,9552,9147,9553
1769,1903,1904,1770,9552,9554,9555,9150,9556
1770,1904,1905,1771,9555,9557,9558,9153,9559
1771,1905,360,359,9558,9560,399,9156,9561
12,13,1906,1772,52,9562,9563,9158,9564
1772,1906,1907,1773,9563,9565,9566,9161,9567
1773,1907,1908,1774,9566,9568,9569,9164,9570
1774,1908,1909,1775,9569,9571,9572,9167,9573
1775,1909,1910,1776,9572,9574,9575,9170,9576
1776,1910,1911,1777,9575,9577,9578,9173,9579
1777,1911,1912,1778,9578,9580,9581,9176,9582
1778,1912,1913,1779,9581,9583,9584,9179,9585
1779,1913,1914,1780,9584,9586,9587,9182,9588
1780,1914,1915,1781,9587,9589,9590,9185,9591
1781,1915,1916,1782,9590,9592,9593,9188,9594
1782,1916,1917,1783,9593,9595,9596,9191,9597
1783,1917,1918,1784,9596,9598,9599,9194,9600
1784,1918,1919,1785,9599,9601,9602,9197,9603
1785,1919,1920,1786,9602,9604,9605,9200,9606
1786,1920,1921,1787,9605,9607,9608,9203,9609
1787,1921,1922,1788,9608,9610,9611,9206,9612
1788,1922,1923,1789,9611,9613,9614,9209,9615
1789,1923,1924,1790,9614,9616,9617,9212,9618
1790,1924,1925,1791,9617,9619,9620,9215,9621
1791,1925,1926,1792,9620,9622,9623,9218,9624
1792,1926,1927,1793,9623,9625,9626,9221,9627
1793,1927,1928,1794,9626,9628,9629,9224,9630
1794,1928,1929,1795,9629,9631,9632,9227,9633
1795,1929,1930,1796,9632,9634,9635,9230,9636
1796,1930,1931,1797,9635,9637,9638,9233,9639
1797,1931,1932,1798,9638,9640,9641,9236,9642
1798,1932,1933,1799,9641,9643,9644,9239,9645
1799,1933,1934,1800,9644,9646,9647,9242,9648
1800,1934,1935,1801,9647,9649,9650,9245,9651
1801,1935,1936,1802,9650,9652,9653,9248,9654
1802,1936,1937,1803,9653,9655,9656,9251,9657
1803,1937,1938,1804,9656,9658,9659,9254,9660
1804,1938,1939,1805,9659,9661,9662,9257,9663
1805,1939,1940,1806,9662,9664,9665,9260,9666
1806,1940,1941,1807,9665,9667,9668,9263,9669
1807,1941,1942,1808,9668,9670,9671,9266,9672
1808,1942,1943,1809,9671,9673,9674,9269,9675
1809,1943,1944,1810,9674,9676,9677,9272,9678
1810,1944,1945,1811,9677,9679,9680,9275,9681
1811,1945,1946,1812,9680,9682,9683,9278,9684
1812,1946,1947,1813,9683,9685,9686,9281,9687
1813,1947,1948,1814,9686,9688,9689,9284,9690
1814,1948,1949,1815,9689,9691,9692,9287,9693
1815,1949,1950,1816,9692,9694,9695,9290,9696
1816,1950,1951,1817,9695,9697,9698,9293,9699
1817,1951,1952,1818,9698,9700,9701,9296,9702
1818,1952,1953,1819,9701,9703,9704,9299,9705
1819,1953,1954,1820,9704,9706,9707,9302,9708
1820,1954,1955,1821,9707,9709,9710,9305,9711
1821,1955,1956,1822,9710,9712,9713,9308,9714
1822,1956,1957,1823,9713,9715,9716,9311,9717
1823,1957,1958,1824,9716,9718,9719,9314,9720
1824,1958,1959,1825,9719,9721,9722,9317,9723
1825,1959,1960,1826,9722,9724,9725,9320,9726
1826,1960,1961,1827,9725,9727,9728,9323,9729
1827,1961,1962,1828,9728,9730,9731,9326,9732
1828,1962,1963,1829,9731,9733,9734,9329,9735
1829,1963,1964,1830,9734,9736,9737,9332,9738
1830,1964,1965,1831,9737,9739,9740,9335,9741
1831,1965,1966,1832,9740,9742,9743,9338,9744
1832,1966,1967,1833,9743,9745,9746,9341,9747
1833,1967,1968,1834,9746,9748,9749,9344,9750
1834,1968,1969,1835,9749,9751,9752,9347,9753
1835,1969,1970,1836,9752,9754,9755,9350,9756
1836,1970,1971,1837,9755,9757,9758,9353,9759
1837,1971,1972,1838,9758,9760,9761,9356,9762
1838,1972,1973,1839,9761,9763,9764,9359,9765
1839,1973,1974,1840,9764,9766,9767,9362,9768
1840,1974,1975,1841,9767,9769,9770,9365,9771
1841,1975,1976,1842,9770,9772,9773,9368,9774
1842,1976,1977,1843,9773,9775,9776,9371,9777
1843,1977,1978,1844,9776,9778,9779,9374,9780
1844,1978,1979,1845,9779,9781,9782,9377,9783
1845,1979,1980,1846,9782,9784,9785,9380,9786
1846,1980,1981,1847,9785,9787,9788,9383,9789
1847,1981,1982,1848,9788,9790,9791,9386,9792
1848,1982,1983,1849,9791,9793,9794,9389,9795
1849,1983,1984,1850,9794,9796,9797,9392,9798
1850,1984,1985,1851,9797,9799,9800,9395,9801
1851,1985,1986,1852,9800,9802,9803,9398,9804
1852,1986,1987,1853,9803,9805,9806,9401,9807
1853,1987,1988,1854,9806,9808,9809,9404,9810
1854,1988,1989,1855,9809,9811,9812,9407,9813
1855,1989,1990,1856,9812,9814,9815,9410,9816
1856,1990,1991,1857,9815,9817,9818,9413,9819
1857,1991,1992,1858,9818,9820,9821,9416,9822
1858,1992,1993,1859,9821,9823,9824,9419,9825
1859,1993,1994,1860,9824,9826,9827,9422,9828
1860,1994,1995,1861,9827,9829,9830,9425,9831
1861,1995,1996,1862,9830,9832,9833,9428,9834
1862,1996,1997,1863,9833,9835,9836,9431,9837
1863,1997,1998,1864,9836,9838,9839,9434,9840
1864,1998,1999,1865,9839,9841,9842,9437,9843
1865,1999,2000,1866,9842,9844,9845,9440,9846
1866,2000,2001,1867,9845,9847,9848,9443,9849
1867,2001,2002,1868,9848,9850,9851,9446,9852
1868,2002,2003,1869,9851,9853,9854,9449,9855
1869,2003,2004,1870,9854,9856,9857,9452,9858
1870,2004,2005,1871,9857,9859,9860,9455,9861
1871,2005,2006,1872,9860,9862,9863,9458,9864
1872,2006,2007,1873,9863,9865,9866,9461,9867
1873,2007,2008,1874,9866,9868,9869,9464,9870
1874,2008,2009,1875,9869,9871,9872,9467,9873
1875,2009,2010,1876,9872,9874,9875,9470,9876
1876,2010,2011,1877,9875,9877,9878,9473,9879
1877,2011,2012,1878,9878,9880,9881,9476,9882
1878,2012,2013,1879,9881,9883,9884,9479,9885
1879,2013,2014,1880,9884,9886,9887,9482,9888
1880,2014,2015,1881,9887,9889,9890,9485,9891
1881,2015,2016,1882,9890,9892,9893,9488,9894
1882,2016,2017,1883,9893,9895,9896,9491,9897
1883,2017,2018,1884,9896,9898,9899,9494,9900
1884,2018,2019,1885,9899,9901,9902,9497,9903
1885,2019,2020,1886,9902,9904,9905,9500,9906
1886,2020,2021,1887,9905,9907,9908,9503,9909
1887,2021,2022,1888,9908,9910,9911,9506,9912
1888,2022,2023,1889,9911,9913,9914,9509,9915
1889,2023,2024,1890,9914,9916,9917,9512,9918
1890,2024,2025,1891,9917,9919,9920,9515,9921
1891,2025,2026,1892,9920,9922,9923,9518,9924
1892,2026,2027,1893,9923,9925,9926,9521,9927
1893,2027,2028,1894,9926,9928,9929,9524,9930
1894,2028,2029,1895,9929,9931,9932,9527,9933
1895,2029,2030,1896,9932,9934,9935,9530,9936
1896,2030,2031,1897,9935,9937,9938,9533,9939
1897,2031,2032,1898,9938,9940,9941,9536,9942
1898,2032,2033,1899,9941,9943,9944,9539,9945
1899,2033,2034,1900,9944,9946,9947,9542,9948
1900,2034,2035,1901,9947,9949,9950,9545,9951
1901,2035,2036,1902,9950,9952,9953,9548,9954
1902,2036,2037,1903,9953,9955,9956,9551,9957
1903,2037,2038,1904,9956,9958,9959,9554,9960
1904,2038,2039,1905,9959,9961,9962,9557,9963
1905,2039,361,360,9962,9964,400,9560,9965
13,14,2040,1906,53,9966,9967,9562,9968
1906,2040,2041,1907,9967,9969,9970,9565,9971
1907,2041,2042,1908,9970,9972,9973,9568,9974
1908,2042,2043,1909,9973,9975,9976,9571,9977
1909,2043,2044,1910,9976,9978,9979,9574,9980
1910,2044,2045,1911,9979,9981,9982,9577,9983
1911,2045,2046,1912,9982,9984,9985,9580,9986
1912,2046,2047,1913,9985,9987,9988,9583,9989
1913,2047,2048,1914,9988,9990,9991,9586,9992
1914,2048,2049,1915,9991,9993,9994,9589,9995
1915,2049,2050,1916,9994,9996,9997,9592,9998
1916,2050,2051,1917,9997,9999,10000,9595,10001
1917,2051,2052,1918,10000,10002,10003,9598,10004
1918,2052,2053,1919,10003,10005,10006,9601,10007
1919,2053,2054,1920,10006,10008,10009,9604,10010
1920,2054,2055,1921,10009,10011,10012,9607,10013
1921,2055,2056,1922,10012,10014,10015,9610,10016
1922,2056,2057,1923,10015,10017,10018,9613,10019
1923,2057,2058,1924,10018,10020,10021,9616,10022
1924,2058,2059,1925,10021,10023,10024,9619,10025
1925,2059,2060,1926,10024,10026,10027,9622,10028
1926,2060,2061,1927,10027,10029,10030,9625,10031
1927,2061,2062,1928,10030,10032,10033,9628,10034
1928,2062,2063,1929,10033,10035,10036,9631,10037
1929,2063,2064,1930,10036,10038,10039,9634,10040
1930,2064,2065,1931,10039,10041,10042,9637,10043
1931,2065,2066,1932,10042,10044,10045,9640,10046
1932,2066,2067,1933,10045,10047,10048,9643,10049
1933,2067,2068,1934,10048,10050,10051,9646,10052
1934,2068,2069,1935,10051,10053,10054,9649,10055
1935,2069,2070,1936,10054,10056,10057,9652,10058
1936,2070,2071,1937,10057,10059,10060,9655,10061
1937,2071,2072,1938,10060,10062,10063,9658,10064
1938,2072,2073,1939,10063,10065,10066,9661,10067
1939,2073,2074,1940,10066,10068,10069,9664,10070
1940,2074,2075,1941,10069,10071,10072,9667,10073
1941,2075,2076,1942,10072,10074,10075,9670,10076
1942,2076,2077,1943,10075,10077,10078,9673,10079
1943,2077,2078,1944,10078,10080,10081,9676,10082
1944,2078,2079,1945,10081,10083,10084,9679,10085
1945,2079,2080,1946,10084,10086,10087,9682,10088
1946,2080,2081,1947,10087,10089,10090,9685,10091
1947,2081,2082,1948,10090,10092,10093,9688,10094
1948,2082,2083,1949,10093,10095,10096,9691,10097
1949,2083,2084,1950,10096,10098,10099,9694,10100
1950,2084,2085,1951,10099,10101,10102,9697,10103
1951,2085,2086,1952,10102,10104,10105,9700,10106
1952,2086,2087,1953,10105,10107,10108,9703,10109
1953,2087,2088,1954,10108,10110,10111,9706,10112
1954,2088,2089,1955,10111,10113,10114,9709,10115
1955,2089,2090,1956,10114,10116,10117,9712,10118
1956,2090,2091,1957,10117,10119,10120,9715,10121
1957,2091,2092,1958,10120,10122,10123,9718,10124
1958,2092,2093,1959,10123,10125,10126,9721,10127
1959,2093,2094,1960,10126,10128,10129,9724,10130
1960,2094,2095,1961,10129,10131,10132,9727,10133
1961,2095,2096,1962,10132,10134,10135,9730,10136
1962,2096,2097,1963,10135,10137,10138,9733,10139
1963,2097,2098,1964,10138,10140,10141,9736,10142
1964,2098,2099,1965,10141,10143,10144,9739,10145
1965,2099,2100,1966,10144,10146,10147,9742,10148
1966,2100,2101,1967,10147,10149,10150,9745,10151
1967,2101,2102,1968,10150,10152,10153,9748,10154
1968,2102,2103,1969,10153,10155,10156,9751,10157
1969,2103,2104,1970,10156,10158,10159,9754,10160
1970,2104,2105,1971,10159,10161,10162,9757,10163
1971,2105,2106,1972,10162,10164,10165,9760,10166
1972,2106,2107,1973,10165,10167,10168,9763,10169
1973,2107,2108,1974,10168,10170,10171,9766,10172
1974,2108,2109,1975,10171,10173,10174,9769,10175
1975,2109,2110,1976,10174,10176,10177,9772,10178
1976,2110,2111,1977,10177,10179,10180,9775,10181
1977,2111,2112,1978,10180,10182,10183,9778,10184
1978,2112,2113,1979,10183,10185,10186,9781,10187
1979,2113,2114,1980,10186,10188,10189,9784,10190
1980,2114,2115,1981,10189,10191,10192,9787,10193
1981,2115,2116,1982,10192,10194,10195,9790,10196
1982,2116,2117,1983,10195,10197,10198,9793,10199
1983,2117,2118,1984,10198,10200,10201,9796,10202
1984,2118,2119,1985,10201,10203,10204,9799,10205
1985,2119,2120,1986,10204,10206,10207,9802,10208
1986,2120,2121,1987,10207,10209,10210,9805,10211
1987,2121,2122,1988,10210,10212,10213,9808,10214
1988,2122,2123,1989,10213,10215,10216,9811,10217
1989,2123,2124,1990,10216,10218,10219,9814,10220
1990,2124,2125,1991,10219,10221,10222,9817,10223
1991,2125,2126,1992,10222,10224,10225,9820,10226
1992,2126,2127,1993,10225,10227,10228,9823,10229
1993,2127,2128,1994,10228,10230,10231,9826,10232
1994,2128,2129,1995,10231,10233,10234,9829,10235
1995,2129,2130,1996,10234,10236,10237,9832,10238
1996,2130,2131,1997,10237,10239,10240,9835,10241
1997,2131,2132,1998,10240,10242,10243,9838,10244
1998,2132,2133,1999,10243,10245,10246,9841,10247
1999,2133,2134,2000,10246,10248,10249,9844,10250
2000,2134,2135,2001,10249,10251,10252,9847,10253
2001,2135,2136,2002,10252,10254,10255,9850,10256
2002,2136,2137,2003,10255,10257,10258,9853,10259
2003,2137,2138,2004,10258,10260,10261,9856,10262
2004,2138,2139,2005,10261,10263,10264,9859,10265
2005,2139,2140,2006,10264,10266,10267,9862,10268
2006,2140,2141,2007,10267,10269,10270,9865,10271
2007,2141,2142,2008,10270,10272,10273,9868,10274
2008,2142,2143,2009,10273,10275,10276,9871,10277
2009,2143,2144,2010,10276,10278,10279,9874,10280
2010,2144,2145,2011,10279,10281,10282,9877,10283
2011,2145,2146,2012,10282,10284,10285,9880,10286
2012,2146,2147,2013,10285,10287,10288,9883,10289
2013,2147,2148,2014,10288,10290,10291,9886,10292
2014,2148,2149,2015,10291,10293,10294,9889,10295
2015,2149,2150,2016,10294,10296,10297,9892,10298
2016,2150,2151,2017,10297,10299,10300,9895,10301
2017,2151,2152,2018,10300,10302,10303,9898,10304
2018,2152,2153,2019,10303,10305,10306,9901,10307
2019,2153,2154,2020,10306,10308,10309,9904,10310
2020,2154,2155,2021,10309,10311,10312,9907,10313
2021,2155,2156,2022,10312,10314,10315,9910,10316
2022,2156,2157,2023,10315,10317,10318,9913,10319
2023,2157,2158,2024,10318,10320,10321,9916,10322
2024,2158,2159,2025,10321,10323,10324,9919,10325
2025,2159,2160,2026,10324,10326,10327,9922,10328
2026,2160,2161,2027,10327,10329,10330,9925,10331
2027,2161,2162,2028,10330,10332,10333,9928,10334
2028,2162,2163,2029,10333,10335,10336,9931,10337
2029,2163,2164,2030,10336,10338,10339,9934,10340
2030,2164,2165,2031,10339,10341,10342,9937,10343
2031,2165,2166,2032,10342,10344,10345,9940,10346
2032,2166,2167,2033,10345,10347,10348,9943,10349
2033,2167,2168,2034,10348,10350,10351,9946,10352
2034,2168,2169,2035,10351,10353,10354,9949,10355
2035,2169,2170,2036,10354,10356,10357,9952,10358
2036,2170,2171,2037,10357,10359,10360,9955,10361
2037,2171,2172,2038,10360,10362,10363,9958,10364
2038,2172,2173,2039,10363,10365,10366,9961,10367
2039,2173,362,361,10366,10368,401,9964,10369
14,15,2174,2040,54,10370,10371,9966,10372
2040,2174,2175,2041,10371,10373,10374,9969,10375
2041,2175,2176,2042,10374,10376,10377,9972,10378
2042,2176,2177,2043,10377,10379,10380,9975,10381
2043,2177,2178,2044,10380,10382,10383,9978,10384
2044,2178,2179,2045,10383,10385,10386,9981,10387
2045,2179,2180,2046,10386,10388,10389,9984,10390
2046,2180,2181,2047,10389,10391,10392,9987,10393
2047,2181,2182,2048,10392,10394,10395,9990,10396
2048,2182,2183,2049,10395,10397,10398,9993,10399
2049,2183,2184,2050,10398,10400,10401,9996,10402
2050,2184,2185,2051,10401,10403,10404,9999,10405
2051,2185,2186,2052,10404,10406,10407,10002,10408
2052,2186,2187,2053,10407,10409,10410,10005,10411
2053,2187,2188,2054,10410,10412,10413,10008,10414
2054,2188,2189,2055,10413,10415,10416,10011,10417
2055,2189,2190,2056,10416,10418,10419,10014,10420
2056,2190,2191,2057,10419,10421,10422,10017,10423
2057,2191,2192,2058,10422,10424,10425,10020,10426
2058,2192,2193,2059,10425,10427,10428,10023,10429
2059,2193,2194,2060,10428,10430,10431,10026,10432
2060,2194,2195,2061,10431,10433,10434,10029,10435
2061,2195,2196,2062,10434,10436,10437,10032,10438
2062,2196,2197,2063,10437,10439,10440,10035,10441
2063,2197,2198,2064,10440,10442,10443,10038,10444
2064,2198,2199,2065,10443,10445,10446,10041,10447
2065,2199,2200,2066,10446,10448,10449,10044,10450
2066,2200,2201,2067,10449,10451,10452,10047,10453
2067,2201,2202,2068,10452,10454,10455,10050,10456
2068,2202,2203,2069,10455,10457,10458,10053,10459
2069,2203,2204,2070,10458,10460,10461,10056,10462
2070,2204,2205,2071,10461,10463,10464,10059,10465
2071,2205,2206,2072,10464,10466,10467,10062,10468
2072,2206,2207,2073,10467,10469,10470,10065,10471
2073,2207,2208,2074,10470,10472,10473,10068,10474
2074,2208,2209,2075,10473,10475,10476,10071,10477
2075,2209,2210,2076,10476,10478,10479,10074,10480
2076,2210,2211,2077,10479,10481,10482,10077,10483
2077,2211,2212,2078,10482,10484,10485,10080,10486
2078,2212,2213,2079,10485,10487,10488,10083,10489
2079,2213,2214,2080,10488,10490,10491,10086,10492
2080,2214,2215,2081,10491,10493,10494,10089,10495
2081,2215,2216,2082,10494,10496,10497,10092,10498
2082,2216,2217,2083,10497,10499,10500,10095,10501
2083,2217,2218,2084,10500,10502,10503,10098,10504
2084,2218,2219,2085,10503,10505,10506,10101,10507
2085,2219,2220,2086,10506,10508,10509,10104,10510
2086,2220,2221,2087,10509,10511,10512,10107,10513
2087,2221,2222,2088,10512,10514,10515,10110,10516
2088,2222,2223,2089,10515,10517,10518,10113,10519
2089,2223,2224,2090,10518,10520,10521,10116,10522
2090,2224,2225,2091,10521,10523,10524,10119,10525
2091,2225,2226,2092,10524,10526,10527,10122,10528
2092,2226,2227,2093,10527,10529,10530,10125,10531
2093,2227,2228,2094,10530,10532,10533,10128,10534
2094,2228,2229,2095,10533,10535,10536,10131,10537
2095,2229,2230,2096,10536,10538,10539,10134,10540
2096,2230,2231,2097,10539,10541,10542,10137,10543
2097,2231,2232,2098,10542,10544,10545,10140,10546
2098,2232,2233,2099,10545,10547,10548,10143,10549
2099,2233,2234,2100,10548,10550,10551,10146,10552
2100,2234,2235,2101,10551,10553,10554,10149,10555
2101,2235,2236,2102,10554,10556,10557,10152,10558
2102,2236,2237,2103,10557,10559,10560,10155,10561
2103,2237,2238,2104,10560,10562,10563,10158,10564
2104,2238,2239,2105,10563,10565,10566,10161,10567
2105,2239,2240,2106,10566,10568,10569,10164,10570
2106,2240,2241,2107,10569,10571,10572,10167,10573
2107,2241,2242,2108,10572,10574,10575,10170,10576
2108,2242,2243,2109,10575,10577,10578,10173,10579
2109,2243,2244,2110,10578,10580,10581,10176,10582
2110,2244,2245,2111,10581,10583,10584,10179,10585
2111,2245,2246,2112,10584,10586,10587,10182,10588
2112,2246,2247,2113,10587,10589,10590,10185,10591
2113,2247,2248,2114,10590,10592,10593,10188,10594
2114,2248,2249,2115,10593,10595,10596,10191,10597
2115,2249,2250,2116,10596,10598,10599,10194,10600
2116,2250,2251,2117,10599,10601,10602,10197,10603
2117,2251,2252,2118,10602,10604,10605,10200,10606
2118,2252,2253,2119,10605,10607,10608,10203,10609
2119,2253,2254,2120,10608,10610,10611,10206,10612
2120,2254,2255,2121,10611,10613,10614,10209,10615
2121,2255,2256,2122,10614,10616,10617,10212,10618
2122,2256,2257,2123,10617,10619,10620,10215,10621
2123,2257,2258,2124,10620,10622,10623,10218,10624
2124,2258,2259,2125,10623,10625,10626,10221,10627
2125,2259,2260,2126,10626,10628,10629,10224,10630
2126,2260,2261,2127,10629,10631,10632,10227,10633
2127,2261,2262,2128,10632,10634,10635,10230,10636
2128,2262,2263,2129,10635,10637,10638,10233,10639
2129,2263,2264,2130,10638,10640,10641,10236,10642
2130,2264,2265,2131,10641,10643,10644,10239,10645
2131,2265,2266,2132,10644,10646,10647,10242,10648
2132,2266,2267,2133,10647,10649,10650,10245,10651
2133,2267,2268,2134,10650,10652,10653,10248,10654
2134,2268,2269,2135,10653,10655,10656,10251,10657
2135,2269,2270,2136,10656,10658,10659,10254,10660
2136,2270,2271,2137,10659,10661,10662,10257,10663
2137,2271,2272,2138,10662,10664,10665,10260,10666
2138,2272,2273,2139,10665,10667,10668,10263,10669
2139,2273,2274,2140,10668,10670,10671,10266,10672
2140,2274,2275,2141,10671,10673,10674,10269,10675
2141,2275,2276,2142,10674,10676,10677,10272,10678
2142,2276,2277,2143,10677,10679,10680,10275,10681
2143,2277,2278,2144,10680,10682,10683,10278,10684
2144,2278,2279,2145,10683,10685,10686,10281,10687
2145,2279,2280,2146,10686,10688,10689,10284,10690
2146,2280,2281,2147,10689,10691,10692,10287,10693
2147,2281,2282,2148,10692,10694,10695,10290,10696
2148,2282,2283,2149,10695,10697,10698,10293,10699
2149,2283,2284,2150,10698,10700,10701,10296,10702
2150,2284,2285,2151,10701,10703,10704,10299,10705
2151,2285,2286,2152,10704,10706,10707,10302,10708
2152,2286,2287,2153,10707,10709,10710,10305,10711
2153,2287,2288,2154,10710,10712,10713,10308,10714
2154,2288,2289,2155,10713,10715,10716,10311,10717
2155,2289,2290,2156,10716,10718,10719,10314,10720
2156,2290,2291,2157,10719,10721,10722,10317,10723
2157,2291,2292,2158,10722,10724,10725,10320,10726
2158,2292,2293,2159,10725,10727,10728,10323,10729
2159,2293,2294,2160,10728,10730,10731,10326,10732
2160,2294,2295,2161,10731,10733,10734,10329,10735
2161,2295,2296,2162,10734,10736,10737,10332,10738
2162,2296,2297,2163,10737,10739,10740,10335,10741
2163,2297,2298,2164,10740,10742,10743,10338,10744
2164,2298,2299,2165,10743,10745,10746,10341,10747
2165,2299,2300,2166,10746,10748,10749,10344,10750
2166,2300,2301,2167,10749,10751,10752,10347,10753
2167,2301,2302,2168,10752,10754,10755,10350,10756
2168,2302,2303,2169,10755,10757,10758,10353,10759
2169,2303,2304,2170,10758,10760,10761,10356,10762
2170,2304,2305,2171,10761,10763,10764,10359,10765
2171,2305,2306,2172,10764,10766,10767,10362,10768
2172,2306,2307,2173,10767,10769,10770,10365,10771
2173,2307,363,362,10770,10772,402,10368,10773
15,16,2308,2174,55,10774,10775,10370,10776
2174,2308,2309,2175,10775,10777,10778,10373,10779
2175,2309,2310,2176,10778,10780,10781,10376,10782
2176,2310,2311,2177,10781,10783,10784,10379,10785
2177,2311,2312,2178,10784,10786,10787,10382,10788
2178,2312,2313,2179,10787,10789,10790,10385,10791
2179,2313,2314,2180,10790,10792,10793,10388,10794
2180,2314,2315,2181,10793,10795,10796,10391,10797
2181,2315,2316,2182,10796,10798,10799,10394,10800
2182,2316,2317,2183,10799,10801,10802,10397,10803
2183,2317,2318,2184,10802,10804,10805,10400,10806
2184,2318,2319,2185,10805,10807,10808,10403,10809
2185,2319,2320,2186,10808,10810,10811,10406,10812
2186,2320,2321,2187,10811,10813,10814,10409,10815
2187,2321,2322,2188,10814,10816,10817,10412,10818
2188,2322,2323,2189,10817,10819,10820,10415,10821
2189,2323,2324,2190,10820,10822,10823,10418,10824
2190,2324,2325,2191,10823,10825,10826,10421,10827
2191,2325,2326,2192,10826,10828,10829,10424,10830
2192,2326,2327,2193,10829,10831,10832,10427,10833
2193,2327,2328,2194,10832,10834,10835,10430,10836
2194,2328,2329,2195,10835,10837,10838,10433,10839
2195,2329,2330,2196,10838,10840,10841,10436,10842
2196,2330,2331,2197,10841,10843,10844,10439,10845
2197,2331,2332,2198,10844,10846,10847,10442,10848
2198,2332,2333,2199,10847,10849,10850,10445,10851
2199,2333,2334,2200,10850,10852,10853,10448,10854
2200,2334,2335,2201,10853,10855,10856,10451,10857
2201,2335,2336,2202,10856,10858,10859,10454,10860
2202,2336,2337,2203,10859,10861,10862,10457,10863
2203,2337,2338,2204,10862,10864,10865,10460,10866
2204,2338,2339,2205,10865,10867,10868,10463,10869
2205,2339,2340,2206,10868,10870,10871,10466,10872
2206,2340,2341,2207,10871,10873,10874,10469,10875
2207,2341,2342,2208,10874,10876,10877,10472,10878
2208,2342,2343,2209,10877,10879,10880,10475,10881
2209,2343,2344,2210,10880,10882,10883,10478,10884
2210,2344,2345,2211,10883,10885,10886,10481,10887
2211,2345,2346,2212,10886,10888,10889,10484,10890
2212,2346,2347,2213,10889,10891,10892,10487,10893
2213,2347,2348,2214,10892,10894,10895,10490,10896
2214,2348,2349,2215,10895,10897,10898,10493,10899
2215,2349,2350,2216,10898,10900,10901,10496,10902
2216,2350,2351,2217,10901,10903,10904,10499,10905
2217,2351,2352,2218,10904,10906,10907,10502,10908
2218,2352,2353,2219,10907,10909,10910,10505,10911
2219,2353,2354,2220,10910,10912,10913,10508,10914
2220,2354,2355,2221,10913,10915,10916,10511,10917
2221,2355,2356,2222,10916,10918,10919,10514,10920
2222,2356,2357,2223,10919,10921,10922,10517,10923
2223,2357,2358,2224,10922,10924,10925,10520,10926
2224,2358,2359,2225,10925,10927,10928,10523,10929
2225,2359,2360,2226,10928,10930,10931,10526,10932
2226,2360,2361,2227,10931,10933,10934,10529,10935
2227,2361,2362,2228,10934,10936,10937,10532,10938
2228,2362,2363,2229,10937,10939,10940,10535,10941
2229,2363,2364,2230,10940,10942,10943,10538,10944
2230,2364,2365,2231,10943,10945,10946,10541,10947
2231,2365,2366,2232,10946,10948,10949,10544,10950
2232,2366,2367,2233,10949,10951,10952,10547,10953
2233,2367,2368,2234,10952,10954,10955,10550,10956
2234,2368,2369,2235,10955,10957,10958,10553,10959
2235,2369,2370,2236,10958,10960,10961,10556,10962
2236,2370,2371,2237,10961,10963,10964,10559,10965
2237,2371,2372,2238,10964,10966,10967,10562,10968
2238,2372,2373,2239,10967,10969,10970,10565,10971
2239,2373,2374,2240,10970,10972,10973,10568,10974
2240,2374,2375,2241,10973,10975,10976,10571,10977
2241,2375,2376,2242,10976,10978,10979,10574,10980
2242,2376,2377,2243,10979,10981,10982,10577,10983
2243,2377,2378,2244,10982,10984,10985,10580,10986
2244,2378,2379,2245,10985,10987,10988,10583,10989
2245,2379,2380,2246,10988,10990,10991,10586,10992
2246,2380,2381,2247,10991,10993,10994,10589,10995
2247,2381,2382,2248,10994,10996,10997,10592,10998
2248,2382,2383,2249,10997,10999,11000,10595,11001
2249,2383,2384,2250,11000,11002,11003,10598,11004
2250,2384,2385,2251,11003,11005,11006,10601,11007
2251,2385,2386,2252,11006,11008,11009,10604,11010
2252,2386,2387,2253,11009,11011,11012,10607,11013
2253,2387,2388,2254,11012,11014,11015,10610,11016
2254,2388,2389,2255,11015,11017,11018,10613,11019
2255,2389,2390,2256,11018,11020,11021,10616,11022
2256,2390,2391,2257,11021,11023,11024,10619,11025
2257,2391,2392,2258,11024,11026,11027,10622,11028
2258,2392,2393,2259,11027,11029,11030,10625,11031
2259,2393,2394,2260,11030,11032,11033,10628,11034
2260,2394,2395,2261,11033,11035,11036,10631,11037
2261,2395,2396,2262,11036,11038,11039,10634,11040
2262,2396,2397,2263,11039,11041,11042,10637,11043
2263,2397,2398,2264,11042,11044,11045,10640,11046
2264,2398,2399,2265,11045,11047,11048,10643,11049
2265,2399,2400,2266,11048,11050,11051,10646,11052
2266,2400,2401,2267,11051,11053,11054,10649,11055
2267,2401,2402,2268,11054,11056,11057,10652,11058
2268,2402,2403,2269,11057,11059,11060,10655,11061
2269,2403,2404,2270,11060,11062,11063,10658,11064
2270,2404,2405,2271,11063,11065,11066,10661,11067
2271,2405,2406,2272,11066,11068,11069,10664,11070
2272,2406,2407,2273,11069,11071,11072,10667,11073
2273,2407,2408,2274,11072,11074,11075,10670,11076
2274,2408,2409,2275,11075,11077,11078,10673,11079
2275,2409,2410,2276,11078,11080,11081,10676,11082
2276,2410,2411,2277,11081,11083,11084,10679,11085
2277,2411,2412,2278,11084,11086,11087,10682,11088
2278,2412,2413,2279,11087,11089,11090,10685,11091
2279,2413,2414,2280,11090,11092,11093,10688,11094
2280,2414,2415,2281,11093,11095,11096,10691,11097
2281,2415,2416,2282,11096,11098,11099,10694,11100
2282,2416,2417,2283,11099,11101,11102,10697,11103
2283,2417,2418,2284,11102,11104,11105,10700,11106
2284,2418,2419,2285,11105,11107,11108,10703,11109
2285,2419,2420,2286,11108,11110,11111,10706,11112
2286,2420,2421,2287,11111,11113,11114,10709,11115
2287,2421,2422,2288,11114,11116,11117,10712,11118
2288,2422,2423,2289,11117,11119,11120,10715,11121
2289,2423,2424,2290,11120,11122,11123,10718,11124
2290,2424,2425,2291,11123,11125,11126,10721,11127
2291,2425,2426,2292,11126,11128,11129,10724,11130
2292,2426,2427,2293,11129,11131,11132,10727,11133
2293,2427,2428,2294,11132,11134,11135,10730,11136
2294,2428,2429,2295,11135,11137,11138,10733,11139
2295,2429,2430,2296,11138,11140,11141,10736,11142
2296,2430,2431,2297,11141,11143,11144,10739,11145
2297,2431,2432,2298,11144,11146,11147,10742,11148
2298,2432,2433,2299,11147,11149,11150,10745,11151
2299,2433,2434,2300,11150,11152,11153,10748,11154
2300,2434,2435,2301,11153,11155,11156,10751,11157
2301,2435,2436,2302,11156,11158,11159,10754,11160
2302,2436,2437,2303,11159,11161,11162,10757,11163
2303,2437,2438,2304,11162,11164,11165,10760,11166
2304,2438,2439,2305,11165,11167,11168,10763,11169
2305,2439,2440,2306,11168,11170,11171,10766,11172
2306,2440,2441,2307,11171,11173,11174,10769,11175
2307,2441,364,363,11174,11176,403,10772,11177
16,17,2442,2308,56,11178,11179,10774,11180
2308,2442,2443,2309,11179,11181,11182,10777,11183
2309,2443,2444,2310,11182,11184,11185,10780,11186
2310,2444,2445,2311,11185,11187,11188,10783,11189
2311,2445,2446,2312,11188,11190,11191,10786,11192
2312,2446,2447,2313,11191,11193,11194,10789,11195
2313,2447,2448,2314,11194,11196,11197,10792,11198
2314,2448,2449,2315,11197,11199,11200,10795,11201
2315,2449,2450,2316,11200,11202,11203,10798,11204
2316,2450,2451,2317,11203,11205,11206,10801,11207
2317,2451,2452,2318,11206,11208,11209,10804,11210
2318,2452,2453,2319,11209,11211,11212,10807,11213
2319,2453,2454,2320,11212,11214,11215,10810,11216
2320,2454,2455,2321,11215,11217,11218,10813,11219
2321,2455,2456,2322,11218,11220,11221,10816,11222
2322,2456,2457,2323,11221,11223,11224,10819,11225
2323,2457,2458,2324,11224,11226,11227,10822,11228
2324,2458,2459,2325,11227,11229,11230,10825,11231
2325,2459,2460,2326,11230,11232,11233,10828,11234
2326,2460,2461,2327,11233,11235,11236,10831,11237
2327,2461,2462,2328,11236,11238,11239,10834,11240
2328,2462,2463,2329,11239,11241,11242,10837,11243
2329,2463,2464,2330,11242,11244,11245,10840,11246
2330,2464,2465,2331,11245,11247,11248,10843,11249
2331,2465,2466,2332,11248,11250,11251,10846,11252
2332,2466,2467,2333,11251,11253,11254,10849,11255
2333,2467,2468,2334,11254,11256,11257,10852,11258
2334,2468,2469,2335,11257,11259,11260,10855,11261
2335,2469,2470,2336,11260,11262,11263,10858,11264
2336,2470,2471,2337,11263,11265,11266,10861,11267
2337,2471,2472,2338,11266,11268,11269,10864,11270
2338,2472,2473,2339,11269,11271,11272,10867,11273
2339,2473,2474,2340,11272,11274,11275,10870,11276
2340,2474,2475,2341,11275,11277,11278,10873,11279
2341,2475,2476,2342,11278,11280,11281,10876,11282
2342,2476,2477,2343,11281,11283,11284,10879,11285
2343,2477,2478,2344,11284,11286,11287,10882,11288
2344,2478,2479,2345,11287,11289,11290,10885,11291
2345,2479,2480,2346,11290,11292,11293,10888,11294
2346,2480,2481,2347,11293,11295,11296,10891,11297
2347,2481,2482,2348,11296,11298,11299,10894,11300
2348,2482,2483,2349,11299,11301,11302,10897,11303
2349,2483,2484,2350,11302,11304,11305,10900,11306
2350,2484,2485,2351,11305,11307,11308,10903,11309
2351,2485,2486,2352,11308,11310,11311,10906,11312
2352,2486,2487,2353,11311,11313,11314,10909,11315
2353,2487,2488,2354,11314,11316,11317,10912,11318
2354,2488,2489,2355,11317,11319,11320,10915,11321
2355,2489,2490,2356,11320,11322,11323,10918,11324
2356,2490,2491,2357,11323,11325,11326,10921,11327
2357,2491,2492,2358,11326,11328,11329,10924,11330
2358,2492,2493,2359,11329,11331,11332,10927,11333
2359,2493,2494,2360,11332,11334,11335,10930,11336
2360,2494,2495,2361,11335,11337,11338,10933,11339
2361,2495,2496,2362,11338,11340,11341,10936,11342
2362,2496,2497,2363,11341,11343,11344,10939,11345
2363,2497,2498,2364,11344,11346,11347,10942,11348
2364,2498,2499,2365,11347,11349,11350,10945,11351
2365,2499,2500,2366,11350,11352,11353,10948,11354
2366,2500,2501,2367,11353,11355,11356,10951,11357
2367,2501,2502,2368,11356,11358,11359,10954,11360
2368,2502,2503,2369,11359,11361,11362,10957,11363
2369,2503,2504,2370,11362,11364,11365,10960,11366
2370,2504,2505,2371,11365,11367,11368,10963,11369
2371,2505,2506,2372,11368,11370,11371,10966,11372
2372,2506,2507,2373,11371,11373,11374,10969,11375
2373,2507,2508,2374,11374,11376,11377,10972,11378
2374,2508,2509,2375,11377,11379,11380,10975,11381
2375,2509,2510,2376,11380,11382,11383,10978,11384
2376,2510,2511,2377,11383,11385,11386,10981,11387
2377,2511,2512,2378,11386,11388,11389,10984,11390
2378,2512,2513,2379,11389,11391,11392,10987,11393
2379,2513,2514,2380,11392,11394,11395,10990,11396
2380,2514,2515,2381,11395,11397,11398,10993,11399
2381,2515,2516,2382,11398,11400,11401,10996,11402
2382,2516,2517,2383,11401,11403,11404,10999,11405
2383,2517,2518,2384,11404,11406,11407,11002,11408
2384,2518,2519,2385,11407,11409,11410,11005,11411
2385,2519,2520,2386,11410,11412,11413,11008,11414
2386,2520,2521,2387,11413,11415,11416,11011,11417
2387,2521,2522,2388,11416,11418,11419,11014,11420
2388,2522,2523,2389,11419,11421,11422,11017,11423
2389,2523,2524,2390,11422,11424,11425,11020,11426
2390,2524,2525,2391,11425,11427,11428,11023,11429
2391,2525,2526,2392,11428,11430,11431,11026,11432
2392,2526,2527,2393,11431,11433,11434,11029,11435
2393,2527,2528,2394,11434,11436,11437,11032,11438
2394,2528,2529,2395,11437,11439,11440,11035,11441
2395,2529,2530,2396,11440,11442,11443,11038,11444
2396,2530,2531,2397,11443,11445,11446,11041,11447
2397,2531,2532,2398,11446,11448,11449,11044,11450
2398,2532,2533,2399,11449,11451,11452,11047,11453
2399,2533,2534,2400,11452,11454,11455,11050,11456
2400,2534,2535,2401,11455,11457,11458,11053,11459
2401,2535,2536,2402,11458,11460,11461,11056,11462
2402,2536,2537,2403,11461,11463,11464,11059,11465
2403,2537,2538,2404,11464,11466,11467,11062,11468
2404,2538,2539,2405,11467,11469,11470,11065,11471
2405,2539,2540,2406,11470,11472,11473,11068,11474
2406,2540,2541,2407,11473,11475,11476,11071,11477
2407,2541,2542,2408,11476,11478,11479,11074,11480
2408,2542,2543,2409,11479,11481,11482,11077,11483
2409,2543,2544,2410,11482,11484,11485,11080,11486
2410,2544,2545,2411,11485,11487,11488,11083,11489
2411,2545,2546,2412,11488,11490,11491,11086,11492
2412,2546,2547,2413,11491,11493,11494,11089,11495
2413,2547,2548,2414,11494,11496,11497,11092,11498
2414,2548,2549,2415,11497,11499,11500,11095,11501
2415,2549,2550,2416,11500,11502,11503,11098,11504
2416,2550,2551,2417,11503,11505,11506,11101,11507
2417,2551,2552,2418,11506,11508,11509,11104,11510
2418,2552,2553,2419,11509,11511,11512,11107,11513
2419,2553,2554,2420,11512,11514,11515,11110,11516
2420,2554,2555,2421,11515,11517,11518,11113,11519
2421,2555,2556,2422,11518,11520,11521,11116,11522
2422,2556,2557,2423,11521,11523,11524,11119,11525
2423,2557,2558,2424,11524,11526,11527,11122,11528
2424,2558,2559,2425,11527,11529,11530,11125,11531
2425,2559,2560,2426,11530,11532,11533,11128,11534
2426,2560,2561,2427,11533,11535,11536,11131,11537
2427,2561,2562,2428,11536,11538,11539,11134,11540
2428,2562,2563,2429,11539,11541,11542,11137,11543
2429,2563,2564,2430,11542,11544,11545,11140,11546
2430,2564,2565,2431,11545,11547,11548,11143,11549
2431,2565,2566,2432,11548,11550,11551,11146,11552
2432,2566,2567,2433,11551,11553,11554,11149,11555
2433,2567,2568,2434,11554,11556,11557,11152,11558
2434,2568,2569,2435,11557,11559,11560,11155,11561
2435,2569,2570,2436,11560,11562,11563,11158,11564
2436,2570,2571,2437,11563,11565,11566,11161,11567
2437,2571,2572,2438,11566,11568,11569,11164,11570
2438,2572,2573,2439,11569,11571,11572,11167,11573
2439,2573,2574,2440,11572,11574,11575,11170,11576
2440,2574,2575,2441,11575,11577,11578,11173,11579
2441,2575,365,364,11578,11580,404,11176,11581
17,18,2576,2442,57,11582,11583,11178,11584
2442,2576,2577,2443,11583,11585,11586,11181,11587
2443,2577,2578,2444,11586,11588,11589,11184,11590
2444,2578,2579,2445,11589,11591,11592,11187,11593
2445,2579,2580,2446,11592,11594,11595,11190,11596
2446,2580,2581,2447,11595,11597,11598,11193,11599
2447,2581,2582,2448,11598,11600,11601,11196,11602
2448,2582,2583,2449,11601,11603,11604,11199,11605
2449,2583,2584,2450,11604,11606,11607,11202,11608
2450,2584,2585,2451,11607,11609,11610,11205,11611
2451,2585,2586,2452,11610,11612,11613,11208,11614
2452,2586,2587,2453,11613,11615,11616,11211,11617
2453,2587,2588,2454,11616,11618,11619,11214,11620
2454,2588,2589,2455,11619,11621,11622,11217,11623
2455,2589,2590,2456,11622,11624,11625,11220,11626
2456,2590,2591,2457,11625,11627,11628,11223,11629
2457,2591,2592,2458,11628,11630,11631,11226,11632
2458,2592,2593,2459,11631,11633,11634,11229,11635
2459,2593,2594,2460,11634,11636,11637,11232,11638
2460,2594,2595,2461,11637,11639,11640,11235,11641
2461,2595,2596,2462,11640,11642,11643,11238,11644
2462,2596,2597,2463,11643,11645,11646,11241,11647
2463,2597,2598,2464,11646,11648,11649,11244,11650
2464,2598,2599,2465,11649,11651,11652,11247,11653
2465,2599,2600,2466,11652,11654,11655,11250,11656
2466,2600,2601,2467,11655,11657,11658,11253,11659
2467,2601,2602,2468,11658,11660,11661,11256,11662
2468,2602,2603,2469,11661,11663,11664,11259,11665
2469,2603,2604,2470,11664,11666,11667,11262,11668
2470,2604,2605,2471,11667,11669,11670,11265,11671
2471,2605,2606,2472,11670,11672,11673,11268,11674
2472,2606,2607,2473,11673,11675,11676,11271,11677
2473,2607,2608,2474,11676,11678,11679,11274,11680
2474,2608,2609,2475,11679,11681,11682,11277,11683
2475,2609,2610,2476,11682,11684,11685,11280,11686
2476,2610,2611,2477,11685,11687,11688,11283,11689
2477,2611,2612,2478,11688,11690,11691,11286,11692
2478,2612,2613,2479,11691,11693,11694,11289,11695
2479,2613,2614,2480,11694,11696,11697,11292,11698
2480,2614,2615,2481,11697,11699,11700,11295,11701
2481,2615,2616,2482,11700,11702,11703,11298,11704
2482,2616,2617,2483,11703,11705,11706,11301,11707
2483,2617,2618,2484,11706,11708,11709,11304,11710
2484,2618,2619,2485,11709,11711,11712,11307,11713
2485,2619,2620,2486,11712,11714,11715,11310,11716
2486,2620,2621,2487,11715,11717,11718,11313,11719
2487,2621,2622,2488,11718,11720,11721,11316,11722
2488,2622,2623,2489,11721,11723,11724,11319,11725
2489,2623,2624,2490,11724,11726,11727,11322,11728
2490,2624,2625,2491,11727,11729,11730,11325,11731
2491,2625,2626,2492,11730,11732,11733,11328,11734
2492,2626,2627,2493,11733,11735,11736,11331,11737
2493,2627,2628,2494,11736,11738,11739,11334,11740
2494,2628,2629,2495,11739,11741,11742,11337,11743
2495,2629,2630,2496,11742,11744,11745,11340,11746
2496,2630,2631,2497,11745,11747,11748,11343,11749
2497,2631,2632,2498,11748,11750,11751,11346,11752
2498,2632,2633,2499,11751,11753,11754,11349,11755
2499,2633,2634,2500,11754,11756,11757,11352,11758
2500,2634,2635,2501,11757,11759,11760,11355,11761
2501,2635,2636,2502,11760,11762,11763,11358,11764
2502,2636,2637,2503,11763,11765,11766,11361,11767
2503,2637,2638,2504,11766,11768,11769,11364,11770
2504,2638,2639,2505,11769,11771,11772,11367,11773
2505,2639,2640,2506,11772,11774,11775,11370,11776
2506,2640,2641,2507,11775,11777,11778,11373,11779
2507,2641,2642,2508,11778,11780,11781,11376,11782
2508,2642,2643,2509,11781,11783,11784,11379,11785
2509,2643,2644,2510,11784,11786,11787,11382,11788
2510,2644,2645,2511,11787,11789,11790,11385,11791
2511,2645,2646,2512,11790,11792,11793,11388,11794
2512,2646,2647,2513,11793,11795,11796,11391,11797
2513,2647,2648,2514,11796,11798,11799,11394,11800
2514,2648,2649,2515,11799,11801,11802,11397,11803
2515,2649,2650,2516,11802,11804,11805,11400,11806
2516,2650,2651,2517,11805,11807,11808,11403,11809
2517,2651,2652,2518,11808,11810,11811,11406,11812
2518,2652,2653,2519,11811,11813,11814,11409,11815
2519,2653,2654,2520,11814,11816,11817,11412,11818
2520,2654,2655,2521,11817,11819,11820,11415,11821
2521,2655,2656,2522,11820,11822,11823,11418,11824
2522,2656,2657,2523,11823,11825,11826,11421,11827
2523,2657,2658,2524,11826,11828,11829,11424,11830
2524,2658,2659,2525,11829,11831,11832,11427,11833
2525,2659,2660,2526,11832,11834,11835,11430,11836
2526,2660,2661,2527,11835,11837,11838,11433,11839
2527,2661,2662,2528,11838,11840,11841,11436,11842
2528,2662,2663,2529,11841,11843,11844,11439,11845
2529,2663,2664,2530,11844,11846,11847,11442,11848
2530,2664,2665,2531,11847,11849,11850,11445,11851
2531,2665,2666,2532,11850,11852,11853,11448,11854
2532,2666,2667,2533,11853,11855,11856,11451,11857
2533,2667,2668,2534,11856,11858,11859,11454,11860
2534,2668,2669,2535,11859,11861,11862,11457,11863
2535,2669,2670,2536,11862,11864,11865,11460,11866
2536,2670,2671,2537,11865,11867,11868,11463,11869
2537,2671,2672,2538,11868,11870,11871,11466,11872
2538,2672,2673,2539,11871,11873,11874,11469,11875
2539,2673,2674,2540,11874,11876,11877,11472,11878
2540,2674,2675,2541,11877,11879,11880,11475,11881
2541,2675,2676,2542,11880,11882,11883,11478,11884
2542,2676,2677,2543,11883,11885,11886,11481,11887
2543,2677,2678,2544,11886,11888,11889,11484,11890
2544,2678,2679,2545,11889,11891,11892,11487,11893
2545,2679,2680,2546,11892,11894,11895,11490,11896
2546,2680,2681,2547,11895,11897,11898,11493,11899
2547,2681,2682,2548,11898,11900,11901,11496,11902
2548,2682,2683,2549,11901,11903,11904,11499,11905
2549,2683,2684,2550,11904,11906,11907,11502,11908
2550,2684,2685,2551,11907,11909,11910,11505,11911
2551,2685,2686,2552,11910,11912,11913,11508,11914
2552,2686,2687,2553,11913,11915,11916,11511,11917
2553,2687,2688,2554,11916,11918,11919,11514,11920
2554,2688,2689,2555,11919,11921,11922,11517,11923
2555,2689,2690,2556,11922,11924,11925,11520,11926
2556,2690,2691,2557,11925,11927,11928,11523,11929
2557,2691,2692,2558,11928,11930,11931,11526,11932
2558,2692,2693,2559,11931,11933,11934,11529,11935
2559,2693,2694,2560,11934,11936,11937,11532,11938
2560,2694,2695,2561,11937,11939,11940,11535,11941
2561,2695,2696,2562,11940,11942,11943,11538,11944
2562,2696,2697,2563,11943,11945,11946,11541,11947
2563,2697,2698,2564,11946,11948,11949,11544,11950
2564,2698,2699,2565,11949,11951,11952,11547,11953
2565,2699,2700,2566,11952,11954,11955,11550,11956
2566,2700,2701,2567,11955,11957,11958,11553,11959
2567,2701,2702,2568,11958,11960,11961,11556,11962
2568,2702,2703,2569,11961,11963,11964,11559,11965
2569,2703,2704,2570,11964,11966,11967,11562,11968
2570,2704,2705,2571,11967,11969,11970,11565,11971
2571,2705,2706,2572,11970,11972,11973,11568,11974
2572,2706,2707,2573,11973,11975,11976,11571,11977
2573,2707,2708,2574,11976,11978,11979,11574,11980
2574,2708,2709,2575,11979,11981,11982,11577,11983
2575,2709,366,365,11982,11984,405,11580,11985
18,19,2710,2576,58,11986,11987,11582,11988
2576,2710,2711,2577,11987,11989,11990,11585,11991
2577,2711,2712,2578,11990,11992,11993,11588,11994
2578,2712,2713,2579,11993,11995,11996,11591,11997
2579,2713,2714,2580,11996,11998,11999,11594,12000
2580,2714,2715,2581,11999,12001,12002,11597,12003
2581,2715,2716,2582,12002,12004,12005,11600,12006
2582,2716,2717,2583,12005,12007,12008,11603,12009
2583,2717,2718,2584,12008,12010,12011,11606,12012
2584,2718,2719,2585,12011,12013,12014,11609,12015
2585,2719,2720,2586,12014,12016,12017,11612,12018
2586,2720,2721,2587,12017,12019,12020,11615,12021
2587,2721,2722,2588,12020,12022,12023,11618,12024
2588,2722,2723,2589,12023,12025,12026,11621,12027
2589,2723,2724,2590,12026,12028,12029,11624,12030
2590,2724,2725,2591,12029,12031,12032,11627,12033
2591,2725,2726,2592,12032,12034,12035,11630,12036
2592,2726,2727,2593,12035,12037,12038,11633,12039
2593,2727,2728,2594,12038,12040,12041,11636,12042
2594,2728,2729,2595,12041,12043,12044,11639,12045
2595,2729,2730,2596,12044,12046,12047,11642,12048
2596,2730,2731,2597,12047,12049,12050,11645,12051
2597,2731,2732,2598,12050,12052,12053,11648,12054
2598,2732,2733,2599,12053,12055,12056,11651,12057
2599,2733,2734,2600,12056,12058,12059,11654,12060
2600,2734,2735,2601,12059,12061,12062,11657,12063
2601,2735,2736,2602,12062,12064,12065,11660,12066
2602,2736,2737,2603,12065,12067,12068,11663,12069
2603,2737,2738,2604,12068,12070,12071,11666,12072
2604,2738,2739,2605,12071,12073,12074,11669,12075
2605,2739,2740,2606,12074,12076,12077,11672,12078
2606,2740,2741,2607,12077,12079,12080,11675,12081
2607,2741,2742,2608,12080,12082,12083,11678,12084
2608,2742,2743,2609,12083,12085,12086,11681,12087
2609,2743,2744,2610,12086,12088,12089,11684,12090
2610,2744,2745,2611,12089,12091,12092,11687,12093
2611,2745,2746,2612,12092,12094,12095,11690,12096
2612,2746,2747,2613,12095,12097,12098,11693,12099
2613,2747,2748,2614,12098,12100,12101,11696,12102
2614,2748,2749,2615,12101,12103,12104,11699,12105
2615,2749,2750,2616,12104,12106,12107,11702,12108
2616,2750,2751,2617,12107,12109,12110,11705,12111
2617,2751,2752,2618,12110,12112,12113,11708,12114
2618,2752,2753,2619,12113,12115,12116,11711,12117
2619,2753,2754,2620,12116,12118,12119,11714,12120
2620,2754,2755,2621,12119,12121,12122,11717,12123
2621,2755,2756,2622,12122,12124,12125,11720,12126
2622,2756,2757,2623,12125,12127,12128,11723,12129
2623,2757,2758,2624,12128,12130,12131,11726,12132
2624,2758,2759,2625,12131,12133,12134,11729,12135
2625,2759,2760,2626,12134,12136,12137,11732,12138
2626,2760,2761,2627,12137,12139,12140,11735,12141
2627,2761,2762,2628,12140,12142,12143,11738,12144
2628,2762,2763,2629,12143,12145,12146,11741,12147
2629,2763,2764,2630,12146,12148,12149,11744,12150
2630,2764,2765,2631,12149,12151,12152,11747,12153
2631,2765,2766,2632,12152,12154,12155,11750,12156
2632,2766,2767,2633,12155,12157,12158,11753,12159
2633,2767,2768,2634,12158,12160,12161,11756,12162
2634,2768,2769,2635,12161,12163,12164,11759,12165
2635,2769,2770,2636,12164,12166,12167,11762,12168
2636,2770,2771,2637,12167,12169,12170,11765,12171
2637,2771,2772,2638,12170,12172,12173,11768,12174
2638,2772,2773,2639,12173,12175,12176,11771,12177
2639,2773,2774,2640,12176,12178,12179,11774,12180
2640,2774,2775,2641,12179,12181,12182,11777,12183
2641,2775,2776,2642,12182,12184,12185,11780,12186
2642,2776,2777,2643,12185,12187,12188,11783,12189
2643,2777,2778,2644,12188,12190,12191,11786,12192
2644,2778,2779,2645,12191,12193,12194,11789,12195
2645,2779,2780,2646,12194,12196,12197,11792,12198
2646,2780,2781,2647,12197,12199,12200,11795,12201
2647,2781,2782,2648,12200,12202,12203,11798,12204
2648,2782,2783,2649,12203,12205,12206,11801,12207
2649,2783,2784,2650,12206,12208,12209,11804,12210
2650,2784,2785,2651,12209,12211,12212,11807,12213
2651,2785,2786,2652,12212,12214,12215,11810,12216
2652,2786,2787,2653,12215,12217,12218,11813,12219
2653,2787,2788,2654,12218,12220,12221,11816,12222
2654,2788,2789,2655,12221,12223,12224,11819,12225
2655,2789,2790,2656,12224,12226,12227,11822,12228
2656,2790,2791,2657,12227,12229,12230,11825,12231
2657,2791,2792,2658,12230,12232,12233,11828,12234
2658,2792,2793,2659,12233,12235,12236,11831,12237
2659,2793,2794,2660,12236,12238,12239,11834,12240
2660,2794,2795,2661,12239,12241,12242,11837,12243
2661,2795,2796,2662,12242,12244,12245,11840,12246
2662,2796,2797,2663,12245,12247,12248,11843,12249
2663,2797,2798,2664,12248,12250,12251,11846,12252
2664,2798,2799,2665,12251,12253,12254,11849,12255
2665,2799,2800,2666,12254,12256,12257,11852,12258
2666,2800,2801,2667,12257,12259,12260,11855,12261
2667,2801,2802,2668,12260,12262,12263,11858,12264
2668,2802,2803,2669,12263,12265,12266,11861,12267
2669,2803,2804,2670,12266,12268,12269,11864,12270
2670,2804,2805,2671,12269,12271,12272,11867,12273
2671,2805,2806,2672,12272,12274,12275,11870,12276
2672,2806,2807,2673,12275,12277,12278,11873,12279
2673,2807,2808,2674,12278,12280,12281,11876,12282
2674,2808,2809,2675,12281,12283,12284,11879,12285
2675,2809,2810,2676,12284,12286,12287,11882,12288
2676,2810,2811,2677,12287,12289,12290,11885,12291
2677,2811,2812,2678,12290,12292,12293,11888,12294
2678,2812,2813,2679,12293,12295,12296,11891,12297
2679,2813,2814,2680,12296,12298,12299,11894,12300
2680,2814,2815,2681,12299,12301,12302,11897,12303
2681,2815,2816,2682,12302,12304,12305,11900,12306
2682,2816,2817,2683,12305,12307,12308,11903,12309
2683,2817,2818,2684,12308,12310,12311,11906,12312
2684,2818,2819,2685,12311,12313,12314,11909,12315
2685,2819,2820,2686,12314,12316,12317,11912,12318
2686,2820,2821,2687,12317,12319,12320,11915,12321
2687,2821,2822,2688,12320,12322,12323,11918,12324
2688,2822,2823,2689,12323,12325,12326,11921,12327
2689,2823,2824,2690,12326,12328,12329,11924,12330
2690,2824,2825,2691,12329,12331,12332,11927,12333
2691,2825,2826,2692,12332,12334,12335,11930,12336
2692,2826,2827,2693,12335,12337,12338,11933,12339
2693,2827,2828,2694,12338,12340,12341,11936,12342
2694,2828,2829,2695,12341,12343,12344,11939,12345
2695,2829,2830,2696,12344,12346,12347,11942,12348
2696,2830,2831,2697,12347,12349,12350,11945,12351
2697,2831,2832,2698,12350,12352,12353,11948,12354
2698,2832,2833,2699,12353,12355,12356,11951,12357
2699,2833,2834,2700,12356,12358,12359,11954,12360
2700,2834,2835,2701,12359,12361,12362,11957,12363
2701,2835,2836,2702,12362,12364,12365,11960,12366
2702,2836,2837,2703,12365,12367,12368,11963,12369
2703,2837,2838,2704,12368,12370,12371,11966,12372
2704,2838,2839,2705,12371,12373,12374,11969,12375
2705,2839,2840,2706,12374,12376,12377,11972,12378
2706,2840,2841,2707,12377,12379,12380,11975,12381
2707,2841,2842,2708,12380,12382,12383,11978,12384
2708,2842,2843,2709,12383,12385,12386,11981,12387
2709,2843,367,366,12386,12388,406,11984,12389
19,20,2844,2710,59,12390,12391,11986,12392
2710,2844,2845,2711,12391,12393,12394,11989,12395
2711,2845,2846,2712,12394,12396,12397,11992,12398
2712,2846,2847,2713,12397,12399,12400,11995,12401
2713,2847,2848,2714,12400,12402,12403,11998,12404
2714,2848,2849,2715,12403,12405,12406,12001,12407
2715,2849,2850,2716,12406,12408,12409,12004,12410
2716,2850,2851,2717,12409,12411,12412,12007,12413
2717,2851,2852,2718,12412,12414,12415,12010,12416
2718,2852,2853,2719,12415,12417,12418,12013,12419
2719,2853,2854,2720,12418,12420,12421,12016,12422
2720,2854,2855,2721,12421,12423,12424,12019,12425
2721,2855,2856,2722,12424,12426,12427,12022,12428
2722,2856,2857,2723,12427,12429,12430,12025,12431
2723,2857,2858,2724,12430,12432,12433,12028,12434
2724,2858,2859,2725,12433,12435,12436,12031,12437
2725,2859,2860,2726,12436,12438,12439,12034,12440
2726,2860,2861,2727,12439,12441,12442,12037,12443
2727,2861,2862,2728,12442,12444,12445,12040,12446
2728,2862,2863,2729,12445,12447,12448,12043,12449
2729,2863,2864,2730,12448,12450,12451,12046,12452
2730,2864,2865,2731,12451,12453,12454,12049,12455
2731,2865,2866,2732,12454,12456,12457,12052,12458
2732,2866,2867,2733,12457,12459,12460,12055,12461
2733,2867,2868,2734,12460,12462,12463,12058,12464
2734,2868,2869,2735,12463,12465,12466,12061,12467
2735,2869,2870,2736,12466,12468,12469,12064,12470
2736,2870,2871,2737,12469,12471,12472,12067,12473
2737,2871,2872,2738,12472,12474,12475,12070,12476
2738,2872,2873,2739,12475,12477,12478,12073,12479
2739,2873,2874,2740,12478,12480,12481,12076,12482
2740,2874,2875,2741,12481,12483,12484,12079,12485
2741,2875,2876,2742,12484,12486,12487,12082,12488
2742,2876,2877,2743,12487,12489,12490,12085,12491
2743,2877,2878,2744,12490,12492,12493,12088,12494
2744,2878,2879,2745,12493,12495,12496,12091,12497
2745,2879,2880,2746,12496,12498,12499,12094,12500
2746,2880,2881,2747,12499,12501,12502,12097,12503
2747,2881,2882,2748,12502,12504,12505,12100,12506
2748,2882,2883,2749,12505,12507,12508,12103,12509
2749,2883,2884,2750,12508,12510,12511,12106,12512
2750,2884,2885,2751,12511,12513,12514,12109,12515
2751,2885,2886,2752,12514,12516,12517,12112,12518
2752,2886,2887,2753,12517,12519,12520,12115,12521
2753,2887,2888,2754,12520,12522,12523,12118,12524
2754,2888,2889,2755,12523,12525,12526,12121,12527
2755,2889,2890,2756,12526,12528,12529,12124,12530
2756,2890,2891,2757,12529,12531,12532,12127,12533
2757,2891,2892,2758,12532,12534,12535,12130,12536
2758,2892,2893,2759,12535,12537,12538,12133,12539
2759,2893,2894,2760,12538,12540,12541,12136,12542
2760,2894,2895,2761,12541,12543,12544,12139,12545
2761,2895,2896,2762,12544,12546,12547,12142,12548
2762,2896,2897,2763,12547,12549,12550,12145,12551
2763,2897,2898,2764,12550,12552,12553,12148,12554
2764,2898,2899,2765,12553,12555,12556,12151,12557
2765,2899,2900,2766,12556,12558,12559,12154,12560
2766,2900,2901,2767,12559,12561,12562,12157,12563
2767,2901,2902,2768,12562,12564,12565,12160,12566
2768,2902,2903,2769,12565,12567,12568,12163,12569
2769,2903,2904,2770,12568,12570,12571,12166,12572
2770,2904,2905,2771,12571,12573,12574,12169,12575
2771,2905,2906,2772,12574,12576,12577,12172,12578
2772,2906,2907,2773,12577,12579,12580,12175,12581
2773,2907,2908,2774,12580,12582,12583,12178,12584
2774,2908,2909,2775,12583,12585,12586,12181,12587
2775,2909,2910,2776,12586,12588,12589,12184,12590
2776,2910,2911,2777,12589,12591,12592,12187,12593
2777,2911,2912,2778,12592,12594,12595,12190,12596
2778,2912,2913,2779,12595,12597,12598,12193,12599
2779,2913,2914,2780,12598,12600,12601,12196,12602
2780,2914,2915,2781,12601,12603,12604,12199,12605
2781,2915,2916,2782,12604,12606,12607,12202,12608
2782,2916,2917,2783,12607,12609,12610,12205,12611
2783,2917,2918,2784,12610,12612,12613,12208,12614
2784,2918,2919,2785,12613,12615,12616,12211,12617
2785,2919,2920,2786,12616,12618,12619,12214,12620
2786,2920,2921,2787,12619,12621,12622,12217,12623
2787,2921,2922,2788,12622,12624,12625,12220,12626
2788,2922,2923,2789,12625,12627,12628,12223,12629
2789,2923,2924,2790,12628,12630,12631,12226,12632
2790,2924,2925,2791,12631,12633,12634,12229,12635
2791,2925,2926,2792,12634,12636,12637,12232,12638
2792,2926,2927,2793,12637,12639,12640,12235,12641
2793,2927,2928,2794,12640,12642,12643,12238,12644
2794,2928,2929,2795,12643,12645,12646,12241,12647
2795,2929,2930,2796,12646,12648,12649,12244,12650
2796,2930,2931,2797,12649,12651,12652,12247,12653
2797,2931,2932,2798,12652,12654,12655,12250,12656
2798,2932,2933,2799,12655,12657,12658,12253,12659
2799,2933,2934,2800,12658,12660,12661,12256,12662
2800,2934,2935,2801,12661,12663,12664,12259,12665
2801,2935,2936,2802,12664,12666,12667,12262,12668
2802,2936,2937,2803,12667,12669,12670,12265,12671
2803,2937,2938,2804,12670,12672,12673,12268,12674
2804,2938,2939,2805,12673,12675,12676,12271,12677
2805,2939,2940,2806,12676,12678,12679,12274,12680
2806,2940,2941,2807,12679,12681,12682,12277,12683
2807,2941,2942,2808,12682,12684,12685,12280,12686
2808,2942,2943,2809,12685,12687,12688,12283,12689
2809,2943,2944,2810,12688,12690,12691,12286,12692
2810,2944,2945,2811,12691,12693,12694,12289,12695
2811,2945,2946,2812,12694,12696,12697,12292,12698
2812,2946,2947,2813,12697,12699,12700,12295,12701
2813,2947,2948,2814,12700,12702,12703,12298,12704
2814,2948,2949,2815,12703,12705,12706,12301,12707
2815,2949,2950,2816,12706,12708,12709,12304,12710
2816,2950,2951,2817,12709,12711,12712,12307,12713
2817,2951,2952,2818,12712,12714,12715,12310,12716
2818,2952,2953,2819,12715,12717,12718,12313,12719
2819,2953,2954,2820,12718,12720,12721,12316,12722
2820,2954,2955,2821,12721,12723,12724,12319,12725
2821,2955,2956,2822,12724,12726,12727,12322,12728
2822,2956,2957,2823,12727,12729,12730,12325,12731
2823,2957,2958,2824,12730,12732,12733,12328,12734
2824,2958,2959,2825,12733,12735,12736,12331,12737
2825,2959,2960,2826,12736,12738,12739,12334,12740
2826,2960,2961,2827,12739,12741,12742,12337,12743
2827,2961,2962,2828,12742,12744,12745,12340,12746
2828,2962,2963,2829,12745,12747,12748,12343,12749
2829,2963,2964,2830,12748,12750,12751,12346,12752
2830,2964,2965,2831,12751,12753,12754,12349,12755
2831,2965,2966,2832,12754,12756,12757,12352,12758
2832,2966,2967,2833,12757,12759,12760,12355,12761
2833,2967,2968,2834,12760,12762,12763,12358,12764
2834,2968,2969,2835,12763,12765,12766,12361,12767
2835,2969,2970,2836,12766,12768,12769,12364,12770
2836,2970,2971,2837,12769,12771,12772,12367,12773
2837,2971,2972,2838,12772,12774,12775,12370,12776
2838,2972,2973,2839,12775,12777,12778,12373,12779
2839,2973,2974,2840,12778,12780,12781,12376,12782
2840,2974,2975,2841,12781,12783,12784,12379,12785
2841,2975,2976,2842,12784,12786,12787,12382,12788
2842,2976,2977,2843,12787,12789,12790,12385,12791
2843,2977,368,367,12790,12792,407,12388,12793
20,21,2978,2844,60,12794,12795,12390,12796
2844,2978,2979,2845,12795,12797,12798,12393,12799
2845,2979,2980,2846,12798,12800,12801,12396,12802
2846,2980,2981,2847,12801,12803,12804,12399,12805
2847,2981,2982,2848,12804,12806,12807,12402,12808
2848,2982,2983,2849,12807,12809,12810,12405,12811
2849,2983,2984,2850,12810,12812,12813,12408,12814
2850,2984,2985,2851,12813,12815,12816,12411,12817
2851,2985,2986,2852,12816,12818,12819,12414,12820
2852,2986,2987,2853,12819,12821,12822,12417,12823
2853,2987,2988,2854,12822,12824,12825,12420,12826
2854,2988,2989,2855,12825,12827,12828,12423,12829
2855,2989,2990,2856,12828,12830,12831,12426,12832
2856,2990,2991,2857,12831,12833,12834,12429,12835
2857,2991,2992,2858,12834,12836,12837,12432,12838
2858,2992,2993,2859,12837,12839,12840,12435,12841
2859,2993,2994,2860,12840,12842,12843,12438,12844
2860,2994,2995,2861,12843,12845,12846,12441,12847
2861,2995,2996,2862,12846,12848,12849,12444,12850
2862,2996,2997,2863,12849,12851,12852,12447,12853
2863,2997,2998,2864,12852,12854,12855,12450,12856
2864,2998,2999,2865,12855,12857,12858,12453,12859
2865,2999,3000,2866,12858,12860,12861,12456,12862
2866,3000,3001,2867,12861,12863,12864,12459,12865
2867,3001,3002,2868,12864,12866,12867,12462,12868
2868,3002,3003,2869,12867,12869,12870,12465,12871
2869,3003,3004,2870,12870,12872,12873,12468,12874
2870,3004,3005,2871,12873,12875,12876,12471,12877
2871,3005,3006,2872,12876,12878,12879,12474,12880
2872,3006,3007,2873,12879,12881,12882,12477,12883
2873,3007,3008,2874,12882,12884,12885,12480,12886
2874,3008,3009,2875,12885,12887,12888,12483,12889
2875,3009,3010,2876,12888,12890,12891,12486,12892
2876,3010,3011,2877,12891,12893,12894,12489,12895
2877,3011,3012,2878,12894,12896,12897,12492,12898
2878,3012,3013,2879,12897,12899,12900,12495,12901
2879,3013,3014,2880,12900,12902,12903,12498,12904
2880,3014,3015,2881,12903,12905,12906,12501,12907
2881,3015,3016,2882,12906,12908,12909,12504,12910
2882,3016,3017,2883,12909,12911,12912,12507,12913
2883,3017,3018,2884,12912,12914,12915,12510,12916
2884,3018,3019,2885,12915,12917,12918,12513,12919
2885,3019,3020,2886,12918,12920,12921,12516,12922
2886,3020,3021,2887,12921,12923,12924,12519,12925
2887,3021,3022,2888,12924,12926,12927,12522,12928
2888,3022,3023,2889,12927,12929,12930,12525,12931
2889,3023,3024,2890,12930,12932,12933,12528,12934
2890,3024,3025,2891,12933,12935,12936,12531,12937
2891,3025,3026,2892,12936,12938,12939,12534,12940
2892,3026,3027,2893,12939,12941,12942,12537,12943
2893,3027,3028,2894,12942,12944,12945,12540,12946
2894,3028,3029,2895,12945,12947,12948,12543,12949
2895,3029,3030,2896,12948,12950,12951,12546,12952
2896,3030,3031,2897,12951,12953,12954,12549,12955
2897,3031,3032,2898,12954,12956,12957,12552,12958
2898,3032,3033,2899,12957,12959,12960,12555,12961
2899,3033,3034,2900,12960,12962,12963,12558,12964
2900,3034,3035,2901,12963,12965,12966,12561,12967
2901,3035,3036,2902,12966,12968,12969,12564,12970
2902,3036,3037,2903,12969,12971,12972,12567,12973
2903,3037,3038,2904,12972,12974,12975,12570,12976
2904,3038,3039,2905,12975,12977,12978,12573,12979
2905,3039,3040,2906,12978,12980,12981,12576,12982
2906,3040,3041,2907,12981,12983,12984,12579,12985
2907,3041,3042,2908,12984,12986,12987,12582,12988
2908,3042,3043,2909,12987,12989,12990,12585,12991
2909,3043,3044,2910,12990,12992,12993,12588,12994
2910,3044,3045,2911,12993,12995,12996,12591,12997
2911,3045,3046,2912,12996,12998,12999,12594,13000
2912,3046,3047,2913,12999,13001,13002,12597,13003
2913,3047,3048,2914,13002,13004,13005,12600,13006
2914,3048,3049,2915,13005,13007,13008,12603,13009
2915,3049,3050,2916,13008,13010,13011,12606,13012
2916,3050,3051,2917,13011,13013,13014,12609,13015
2917,3051,3052,2918,13014,13016,13017,12612,13018
2918,3052,3053,2919,13017,13019,13020,12615,13021
2919,3053,3054,2920,13020,13022,13023,12618,13024
2920,3054,3055,2921,13023,13025,13026,12621,13027
2921,3055,3056,2922,13026,13028,13029,12624,13030
2922,3056,3057,2923,13029,13031,13032,12627,13033
2923,3057,3058,2924,13032,13034,13035,12630,13036
2924,3058,3059,2925,13035,13037,13038,12633,13039
2925,3059,3060,2926,13038,13040,13041,12636,13042
2926,3060,3061,2927,13041,13043,13044,12639,13045
2927,3061,3062,2928,13044,13046,13047,12642,13048
2928,3062,3063,2929,13047,13049,13050,12645,13051
2929,3063,3064,2930,13050,13052,13053,12648,13054
2930,3064,3065,2931,13053,13055,13056,12651,13057
2931,3065,3066,2932,13056,13058,13059,12654,13060
2932,3066,3067,2933,13059,13061,13062,12657,13063
2933,3067,3068,2934,13062,13064,13065,12660,13066
2934,3068,3069,2935,13065,13067,13068,12663,13069
2935,3069,3070,2936,13068,13070,13071,12666,13072
2936,3070,3071,2937,13071,13073,13074,12669,13075
2937,3071,3072,2938,13074,13076,13077,12672,13078
2938,3072,3073,2939,13077,13079,13080,12675,13081
2939,3073,3074,2940,13080,13082,13083,12678,13084
2940,3074,3075,2941,13083,13085,13086,12681,13087
2941,3075,3076,2942,13086,13088,13089,12684,13090
2942,3076,3077,2943,13089,13091,13092,12687,13093
2943,3077,3078,2944,13092,13094,13095,12690,13096
2944,3078,3079,2945,13095,13097,13098,12693,13099
2945,3079,3080,2946,13098,13100,13101,12696,13102
2946,3080,3081,2947,13101,13103,13104,12699,13105
2947,3081,3082,2948,13104,13106,13107,12702,13108
2948,3082,3083,2949,13107,13109,13110,12705,13111
2949,3083,3084,2950,13110,13112,13113,12708,13114
2950,3084,3085,2951,13113,13115,13116,12711,13117
2951,3085,3086,2952,13116,13118,13119,12714,13120
2952,3086,3087,2953,13119,13121,13122,12717,13123
2953,3087,3088,2954,13122,13124,13125,12720,13126
2954,3088,3089,2955,13125,13127,13128,12723,13129
2955,3089,3090,2956,13128,13130,13131,12726,13132
2956,3090,3091,2957,13131,13133,13134,12729,13135
2957,3091,3092,2958,13134,13136,13137,12732,13138
2958,3092,3093,2959,13137,13139,13140,12735,13141
2959,3093,3094,2960,13140,13142,13143,12738,13144
2960,3094,3095,2961,13143,13145,13146,12741,13147
2961,3095,3096,2962,13146,13148,13149,12744,13150
2962,3096,3097,2963,13149,13151,13152,12747,13153
2963,3097,3098,2964,13152,13154,13155,12750,13156
2964,3098,3099,2965,13155,13157,13158,12753,13159
2965,3099,3100,2966,13158,13160,13161,12756,13162
2966,3100,3101,2967,13161,13163,13164,12759,13165
2967,3101,3102,2968,13164,13166,13167,12762,13168
2968,3102,3103,2969,13167,13169,13170,12765,13171
2969,3103,3104,2970,13170,13172,13173,12768,13174
2970,3104,3105,2971,13173,13175,13176,12771,13177
2971,3105,3106,2972,13176,13178,13179,12774,13180
2972,3106,3107,2973,13179,13181,13182,12777,13183
2973,3107,3108,2974,13182,13184,13185,12780,13186
2974,3108,3109,2975,13185,13187,13188,12783,13189
2975,3109,3110,2976,13188,13190,13191,12786,13192
2976,3110,3111,2977,13191,13193,13194,12789,13195
2977,3111,369,368,13194,13196,408,12792,13197
21,22,3112,2978,61,13198,13199,12794,13200
2978,3112,3113,2979,13199,13201,13202,12797,13203
2979,3113,3114,2980,13202,13204,13205,12800,13206
2980,3114,3115,2981,13205,13207,13208,12803,13209
2981,3115,3116,2982,13208,13210,13211,12806,13212
2982,3116,3117,2983,13211,13213,13214,12809,13215
2983,3117,3118,2984,13214,13216,13217,12812,13218
2984,3118,3119,2985,13217,13219,13220,12815,13221
2985,3119,3120,2986,13220,13222,13223,12818,13224
2986,3120,3121,2987,13223,13225,13226,12821,13227
2987,3121,3122,2988,13226,13228,13229,12824,13230
2988,3122,3123,2989,13229,13231,13232,12827,13233
2989,3123,3124,2990,13232,13234,13235,12830,13236
2990,3124,3125,2991,13235,13237,13238,12833,13239
2991,3125,3126,2992,13238,13240,13241,12836,13242
2992,3126,3127,2993,13241,13243,13244,12839,13245
2993,3127,3128,2994,13244,13246,13247,12842,13248
2994,3128,3129,2995,13247,13249,13250,12845,13251
2995,3129,3130,2996,13250,13252,13253,12848,13254
2996,3130,3131,2997,13253,13255,13256,12851,13257
2997,3131,3132,2998,13256,13258,13259,12854,13260
2998,3132,3133,2999,13259,13261,13262,12857,13263
2999,3133,3134,3000,13262,13264,13265,12860,13266
3000,3134,3135,3001,13265,13267,13268,12863,13269
3001,3135,3136,3002,13268,13270,13271,12866,13272
3002,3136,3137,3003,13271,13273,13274,12869,13275
3003,3137,3138,3004,13274,13276,13277,12872,13278
3004,3138,3139,3005,13277,13279,13280,12875,13281
3005,3139,3140,3006,13280,13282,13283,12878,13284
3006,3140,3141,3007,13283,13285,13286,12881,13287
3007,3141,3142,3008,13286,13288,13289,12884,13290
3008,3142,3143,3009,13289,13291,13292,12887,13293
3009,3143,3144,3010,13292,13294,13295,12890,13296
3010,3144,3145,3011,13295,13297,13298,12893,13299
3011,3145,3146,3012,13298,13300,13301,12896,13302
3012,3146,3147,3013,13301,13303,13304,12899,13305
3013,3147,3148,3014,13304,13306,13307,12902,13308
3014,3148,3149,3015,13307,13309,13310,12905,13311
3015,3149,3150,3016,13310,13312,13313,12908,13314
3016,3150,3151,3017,13313,13315,13316,12911,13317
3017,3151,3152,3018,13316,13318,13319,12914,13320
3018,3152,3153,3019,13319,13321,13322,12917,13323
3019,3153,3154,3020,13322,13324,13325,12920,13326
3020,3154,3155,3021,13325,13327,13328,12923,13329
3021,3155,3156,3022,13328,13330,13331,12926,13332
3022,3156,3157,3023,13331,13333,13334,12929,13335
3023,3157,3158,3024,13334,13336,13337,12932,13338
3024,3158,3159,3025,13337,13339,13340,12935,13341
3025,3159,3160,3026,13340,13342,13343,12938,13344
3026,3160,3161,3027,13343,13345,13346,12941,13347
3027,3161,3162,3028,13346,13348,13349,12944,13350
3028,3162,3163,3029,13349,13351,13352,12947,13353
3029,3163,3164,3030,13352,13354,13355,12950,13356
3030,3164,3165,3031,13355,13357,13358,12953,13359
3031,3165,3166,3032,13358,13360,13361,12956,13362
3032,3166,3167,3033,13361,13363,13364,12959,13365
3033,3167,3168,3034,13364,13366,13367,12962,13368
3034,3168,3169,3035,13367,13369,13370,12965,13371
3035,3169,3170,3036,13370,13372,13373,12968,13374
3036,3170,3171,3037,13373,13375,13376,12971,13377
3037,3171,3172,3038,13376,13378,13379,12974,13380
3038,3172,3173,3039,13379,13381,13382,12977,13383
3039,3173,3174,3040,13382,13384,13385,12980,13386
3040,3174,3175,3041,13385,13387,13388,12983,13389
3041,3175,3176,3042,13388,13390,13391,12986,13392
3042,3176,3177,3043,13391,13393,13394,12989,13395
3043,3177,3178,3044,13394,13396,13397,12992,13398
3044,3178,3179,3045,13397,13399,13400,12995,13401
3045,3179,3180,3046,13400,13402,13403,12998,13404
3046,3180,3181,3047,13403,13405,13406,13001,13407
3047,3181,3182,3048,13406,13408,13409,13004,13410
3048,3182,3183,3049,13409,13411,13412,13007,13413
3049,3183,3184,3050,13412,13414,13415,13010,13416
3050,3184,3185,3051,13415,13417,13418,13013,13419
3051,3185,3186,3052,13418,13420,13421,13016,13422
3052,3186,3187,3053,13421,13423,13424,13019,13425
3053,3187,3188,3054,13424,13426,13427,13022,13428
3054,3188,3189,3055,13427,13429,13430,13025,13431
3055,3189,3190,3056,13430,13432,13433,13028,13434
3056,3190,3191,3057,13433,13435,13436,13031,13437
3057,3191,3192,3058,13436,13438,13439,13034,13440
3058,3192,3193,3059,13439,13441,13442,13037,13443
3059,3193,3194,3060,13442,13444,13445,13040,13446
3060,3194,3195,3061,13445,13447,13448,13043,13449
3061,3195,3196,3062,13448,13450,13451,13046,13452
3062,3196,3197,3063,13451,13453,13454,13049,13455
3063,3197,3198,3064,13454,13456,13457,13052,13458
3064,3198,3199,3065,13457,13459,13460,13055,13461
3065,3199,3200,3066,13460,13462,13463,13058,13464
3066,3200,3201,3067,13463,13465,13466,13061,13467
3067,3201,3202,3068,13466,13468,13469,13064,13470
3068,3202,3203,3069,13469,13471,13472,13067,13473
3069,3203,3204,3070,13472,13474,13475,13070,13476
3070,3204,3205,3071,13475,13477,13478,13073,13479
3071,3205,3206,3072,13478,13480,13481,13076,13482
3072,3206,3207,3073,13481,13483,13484,13079,13485
3073,3207,3208,3074,13484,13486,13487,13082,13488
3074,3208,3209,3075,13487,13489,13490,13085,13491
3075,3209,3210,3076,13490,13492,13493,13088,13494
3076,3210,3211,3077,13493,13495,13496,13091,13497
3077,3211,3212,3078,13496,13498,13499,13094,13500
3078,3212,3213,3079,13499,13501,13502,13097,13503
3079,3213,3214,3080,13502,13504,13505,13100,13506
3080,3214,3215,3081,13505,13507,13508,13103,13509
3081,3215,3216,3082,13508,13510,13511,13106,13512
3082,3216,3217,3083,13511,13513,13514,13109,13515
3083,3217,3218,3084,13514,13516,13517,13112,13518
3084,3218,3219,3085,13517,13519,13520,13115,13521
3085,3219,3220,3086,13520,13522,13523,13118,13524
3086,3220,3221,3087,13523,13525,13526,13121,13527
3087,3221,3222,3088,13526,13528,13529,13124,13530
3088,3222,3223,3089,13529,13531,13532,13127,13533
3089,3223,3224,3090,13532,13534,13535,13130,13536
3090,3224,3225,3091,13535,13537,13538,13133,13539
3091,3225,3226,3092,13538,13540,13541,13136,13542
3092,3226,3227,3093,13541,13543,13544,13139,13545
3093,3227,3228,3094,13544,13546,13547,13142,13548
3094,3228,3229,3095,13547,13549,13550,13145,13551
3095,3229,3230,3096,13550,13552,13553,13148,13554
3096,3230,3231,3097,13553,13555,13556,13151,13557
3097,3231,3232,3098,13556,13558,13559,13154,13560
3098,3232,3233,3099,13559,13561,13562,13157,13563
3099,3233,3234,3100,13562,13564,13565,13160,13566
3100,3234,3235,3101,13565,13567,13568,13163,13569
3101,3235,3236,3102,13568,13570,13571,13166,13572
3102,3236,3237,3103,13571,13573,13574,13169,13575
3103,3237,3238,3104,13574,13576,13577,13172,13578
3104,3238,3239,3105,13577,13579,13580,13175,13581
3105,3239,3240,3106,13580,13582,13583,13178,13584
3106,3240,3241,3107,13583,13585,13586,13181,13587
3107,3241,3242,3108,13586,13588,13589,13184,13590
3108,3242,3243,3109,13589,13591,13592,13187,13593
3109,3243,3244,3110,13592,13594,13595,13190,13596
3110,3244,3245,3111,13595,13597,13598,13193,13599
3111,3245,370,369,13598,13600,409,13196,13601
22,23,3246,3112,62,13602,13603,13198,13604
3112,3246,3247,3113,13603,13605,13606,13201,13607
3113,3247,3248,3114,13606,13608,13609,13204,13610
3114,3248,3249,3115,13609,13611,13612,13207,13613
3115,3249,3250,3116,13612,13614,13615,13210,13616
3116,3250,3251,3117,13615,13617,13618,13213,13619
3117,3251,3252,3118,13618,13620,13621,13216,13622
3118,3252,3253,3119,13621,13623,13624,13219,13625
3119,3253,3254,3120,13624,13626,13627,13222,13628
3120,3254,3255,3121,13627,13629,13630,13225,13631
3121,3255,3256,3122,13630,13632,13633,13228,13634
3122,3256,3257,3123,13633,13635,13636,13231,13637
3123,3257,3258,3124,13636,13638,13639,13234,13640
3124,3258,3259,3125,13639,13641,13642,13237,13643
3125,3259,3260,3126,13642,13644,13645,13240,13646
3126,3260,3261,3127,13645,13647,13648,13243,13649
3127,3261,3262,3128,13648,13650,13651,13246,13652
3128,3262,3263,3129,13651,13653,13654,13249,13655
3129,3263,3264,3130,13654,13656,13657,13252,13658
3130,3264,3265,3131,13657,13659,13660,13255,13661
3131,3265,3266,3132,13660,13662,13663,13258,13664
3132,3266,3267,3133,13663,13665,13666,13261,13667
3133,3267,3268,3134,13666,13668,13669,13264,13670
3134,3268,3269,3135,13669,13671,13672,13267,13673
3135,3269,3270,3136,13672,13674,13675,13270,13676
3136,3270,3271,3137,13675,13677,13678,13273,13679
3137,3271,3272,3138,13678,13680,13681,13276,13682
3138,3272,3273,3139,13681,13683,13684,13279,13685
3139,3273,3274,3140,13684,13686,13687,13282,13688
3140,3274,3275,3141,13687,13689,13690,13285,13691
3141,3275,3276,3142,13690,13692,13693,13288,13694
3142,3276,3277,3143,13693,13695,13696,13291,13697
3143,3277,3278,3144,13696,13698,13699,13294,13700
3144,3278,3279,3145,13699,13701,13702,13297,13703
3145,3279,3280,3146,13702,13704,13705,13300,13706
3146,3280,3281,3147,13705,13707,13708,13303,13709
3147,3281,3282,3148,13708,13710,13711,13306,13712
3148,3282,3283,3149,13711,13713,13714,13309,13715
3149,3283,3284,3150,13714,13716,13717,13312,13718
3150,3284,3285,3151,13717,13719,13720,13315,13721
3151,3285,3286,3152,13720,13722,13723,13318,13724
3152,3286,3287,3153,13723,13725,13726,13321,13727
3153,3287,3288,3154,13726,13728,13729,13324,13730
3154,3288,3289,3155,13729,13731,13732,13327,13733
3155,3289,3290,3156,13732,13734,13735,13330,13736
3156,3290,3291,3157,13735,13737,13738,13333,13739
3157,3291,3292,3158,13738,13740,13741,13336,13742
3158,3292,3293,3159,13741,13743,13744,13339,13745
3159,3293,3294,3160,13744,13746,13747,13342,13748
3160,3294,3295,3161,13747,13749,13750,13345,13751
3161,3295,3296,3162,13750,13752,13753,13348,13754
3162,3296,3297,3163,13753,13755,13756,13351,13757
3163,3297,3298,3164,13756,13758,13759,13354,13760
3164,3298,3299,3165,13759,13761,13762,13357,13763
3165,3299,3300,3166,13762,13764,13765,13360,13766
3166,3300,3301,3167,13765,13767,13768,13363,13769
3167,3301,3302,3168,13768,13770,13771,13366,13772
3168,3302,3303,3169,13771,13773,13774,13369,13775
3169,3303,3304,3170,13774,13776,13777,13372,13778
3170,3304,3305,3171,13777,13779,13780,13375,13781
3171,3305,3306,3172,13780,13782,13783,13378,13784
3172,3306,3307,3173,13783,13785,13786,13381,13787
3173,3307,3308,3174,13786,13788,13789,13384,13790
3174,3308,3309,3175,13789,13791,13792,13387,13793
3175,3309,3310,3176,13792,13794,13795,13390,13796
3176,3310,3311,3177,13795,13797,13798,13393,13799
3177,3311,3312,3178,13798,13800,13801,13396,13802
3178,3312,3313,3179,13801,13803,13804,13399,13805
3179,3313,3314,3180,13804,13806,13807,13402,13808
3180,3314,3315,3181,13807,13809,13810,13405,13811
3181,3315,3316,3182,13810,13812,13813,13408,13814
3182,3316,3317,3183,13813,13815,13816,13411,13817
3183,3317,3318,3184,13816,13818,13819,13414,13820
3184,3318,3319,3185,13819,13821,13822,13417,13823
3185,3319,3320,3186,13822,13824,13825,13420,13826
3186,3320,3321,3187,13825,13827,13828,13423,13829
3187,3321,3322,3188,13828,13830,13831,13426,13832
3188,3322,3323,3189,13831,13833,13834,13429,13835
3189,3323,3324,3190,13834,13836,13837,13432,13838
3190,3324,3325,3191,13837,13839,13840,13435,13841
3191,3325,3326,3192,13840,13842,13843,13438,13844
3192,3326,3327,3193,13843,13845,13846,13441,13847
3193,3327,3328,3194,13846,13848,13849,13444,13850
3194,3328,3329,3195,13849,13851,13852,13447,13853
3195,3329,3330,3196,13852,13854,13855,13450,13856
3196,3330,3331,3197,13855,13857,13858,13453,13859
3197,3331,3332,3198,13858,13860,13861,13456,13862
3198,3332,3333,3199,13861,13863,13864,13459,13865
3199,3333,3334,3200,13864,13866,13867,13462,13868
3200,3334,3335,3201,13867,13869,13870,13465,13871
3201,3335,3336,3202,13870,13872,13873,13468,13874
3202,3336,3337,3203,13873,13875,13876,13471,13877
3203,3337,3338,3204,13876,13878,13879,13474,13880
3204,3338,3339,3205,13879,13881,13882,13477,13883
3205,3339,3340,3206,13882,13884,13885,13480,13886
3206,3340,3341,3207,13885,13887,13888,13483,13889
3207,3341,3342,3208,13888,13890,13891,13486,13892
3208,3342,3343,3209,13891,13893,13894,13489,13895
3209,3343,3344,3210,13894,13896,13897,13492,13898
3210,3344,3345,3211,13897,13899,13900,13495,13901
3211,3345,3346,3212,13900,13902,13903,13498,13904
3212,3346,3347,3213,13903,13905,13906,13501,13907
3213,3347,3348,3214,13906,13908,13909,13504,13910
3214,3348,3349,3215,13909,13911,13912,13507,13913
3215,3349,3350,3216,13912,13914,13915,13510,13916
3216,3350,3351,3217,13915,13917,13918,13513,13919
3217,3351,3352,3218,13918,13920,13921,13516,13922
3218,3352,3353,3219,13921,13923,13924,13519,13925
3219,3353,3354,3220,13924,13926,13927,13522,13928
3220,3354,3355,3221,13927,13929,13930,13525,13931
3221,3355,3356,3222,13930,13932,13933,13528,13934
3222,3356,3357,3223,13933,13935,13936,13531,13937
3223,3357,3358,3224,13936,13938,13939,13534,13940
3224,3358,3359,3225,13939,13941,13942,13537,13943
3225,3359,3360,3226,13942,13944,13945,13540,13946
3226,3360,3361,3227,13945,13947,13948,13543,13949
3227,3361,3362,3228,13948,13950,13951,13546,13952
3228,3362,3363,3229,13951,13953,13954,13549,13955
3229,3363,3364,3230,13954,13956,13957,13552,13958
3230,3364,3365,3231,13957,13959,13960,13555,13961
3231,3365,3366,3232,13960,13962,13963,13558,13964
3232,3366,3367,3233,13963,13965,13966,13561,13967
3233,3367,3368,3234,13966,13968,13969,13564,13970
3234,3368,3369,3235,13969,13971,13972,13567,13973
3235,3369,3370,3236,13972,13974,13975,13570,13976
3236,3370,3371,3237,13975,13977,13978,13573,13979
3237,3371,3372,3238,13978,13980,13981,13576,13982
3238,3372,3373,3239,13981,13983,13984,13579,13985
3239,3373,3374,3240,13984,13986,13987,13582,13988
3240,3374,3375,3241,13987,13989,13990,13585,13991
3241,3375,3376,3242,13990,13992,13993,13588,13994
3242,3376,3377,3243,13993,13995,13996,13591,13997
3243,3377,3378,3244,13996,13998,13999,13594,14000
3244,3378,3379,3245,13999,14001,14002,13597,14003
3245,3379,371,370,14002,14004,410,13600,14005
23,24,3380,3246,63,14006,14007,13602,14008
3246,3380,3381,3247,14007,14009,14010,13605,14011
3247,3381,3382,3248,14010,14012,14013,13608,14014
3248,3382,3383,3249,14013,14015,14016,13611,14017
3249,3383,3384,3250,14016,14018,14019,13614,14020
3250,3384,3385,3251,14019,14021,14022,13617,14023
3251,3385,3386,3252,14022,14024,14025,13620,14026
3252,3386,3387,3253,14025,14027,14028,13623,14029
3253,3387,3388,3254,14028,14030,14031,13626,14032
3254,3388,3389,3255,14031,14033,14034,13629,14035
3255,3389,3390,3256,14034,14036,14037,13632,14038
3256,3390,3391,3257,14037,14039,14040,13635,14041
3257,3391,3392,3258,14040,14042,14043,13638,14044
3258,3392,3393,3259,14043,14045,14046,13641,14047
3259,3393,3394,3260,14046,14048,14049,13644,14050
3260,3394,3395,3261,14049,14051,14052,13647,14053
3261,3395,3396,3262,14052,14054,14055,13650,14056
3262,3396,3397,3263,14055,14057,14058,13653,14059
3263,3397,3398,3264,14058,14060,14061,13656,14062
3264,3398,3399,3265,14061,14063,14064,13659,14065
3265,3399,3400,3266,14064,14066,14067,13662,14068
3266,3400,3401,3267,14067,14069,14070,13665,14071
3267,3401,3402,3268,14070,14072,14073,13668,14074
3268,3402,3403,3269,14073,14075,14076,13671,14077
3269,3403,3404,3270,14076,14078,14079,13674,14080
3270,3404,3405,3271,14079,14081,14082,13677,14083
3271,3405,3406,3272,14082,14084,14085,13680,14086
3272,3406,3407,3273,14085,14087,14088,13683,14089
3273,3407,3408,3274,14088,14090,14091,13686,14092
3274,3408,3409,3275,14091,14093,14094,13689,14095
3275,3409,3410,3276,14094,14096,14097,13692,14098
3276,3410,3411,3277,14097,14099,14100,13695,14101
3277,3411,3412,3278,14100,14102,14103,13698,14104
3278,3412,3413,3279,14103,14105,14106,13701,14107
3279,3413,3414,3280,14106,14108,14109,13704,14110
3280,3414,3415,3281,14109,14111,14112,13707,14113
3281,3415,3416,3282,14112,14114,14115,13710,14116
3282,3416,3417,3283,14115,14117,14118,13713,14119
3283,3417,3418,3284,14118,14120,14121,13716,14122
3284,3418,3419,3285,14121,14123,14124,13719,14125
3285,3419,3420,3286,14124,14126,14127,13722,14128
3286,3420,3421,3287,14127,14129,14130,13725,14131
3287,3421,3422,3288,14130,14132,14133,13728,14134
3288,3422,3423,3289,14133,14135,14136,13731,14137
3289,3423,3424,3290,14136,14138,14139,13734,14140
3290,3424,3425,3291,14139,14141,14142,13737,14143
3291,3425,3426,3292,14142,14144,14145,13740,14146
3292,3426,3427,3293,14145,14147,14148,13743,14149
3293,3427,3428,3294,14148,14150,14151,13746,14152
3294,3428,3429,3295,14151,14153,14154,13749,14155
3295,3429,3430,3296,14154,14156,14157,13752,14158
3296,3430,3431,3297,14157,14159,14160,13755,14161
3297,3431,3432,3298,14160,14162,14163,13758,14164
3298,3432,3433,3299,14163,14165,14166,13761,14167
3299,3433,3434,3300,14166,14168,14169,13764,14170
3300,3434,3435,3301,14169,14171,14172,13767,14173
3301,3435,3436,3302,14172,14174,14175,13770,14176
3302,3436,3437,3303,14175,14177,14178,13773,14179
3303,3437,3438,3304,14178,14180,14181,13776,14182
3304,3438,3439,3305,14181,14183,14184,13779,14185
3305,3439,3440,3306,14184,14186,14187,13782,14188
3306,3440,3441,3307,14187,14189,14190,13785,14191
3307,3441,3442,3308,14190,14192,14193,13788,14194
3308,3442,3443,3309,14193,14195,14196,13791,14197
3309,3443,3444,3310,14196,14198,14199,13794,14200
3310,3444,3445,3311,14199,14201,14202,13797,14203
3311,3445,3446,3312,14202,14204,14205,13800,14206
3312,3446,3447,3313,14205,14207,14208,13803,14209
3313,3447,3448,3314,14208,14210,14211,13806,14212
3314,3448,3449,3315,14211,14213,14214,13809,14215
3315,3449,3450,3316,14214,14216,14217,13812,14218
3316,3450,3451,3317,14217,14219,14220,13815,14221
3317,3451,3452,3318,14220,14222,14223,13818,14224
3318,3452,3453,3319,14223,14225,14226,13821,14227
3319,3453,3454,3320,14226,14228,14229,13824,14230
3320,3454,3455,3321,14229,14231,14232,13827,14233
3321,3455,3456,3322,14232,14234,14235,13830,14236
3322,3456,3457,3323,14235,14237,14238,13833,14239
3323,3457,3458,3324,14238,14240,14241,13836,14242
3324,3458,3459,3325,14241,14243,14244,13839,14245
3325,3459,3460,3326,14244,14246,14247,13842,14248
3326,3460,3461,3327,14247,14249,14250,13845,14251
3327,3461,3462,3328,14250,14252,14253,13848,14254
3328,3462,3463,3329,14253,14255,14256,13851,14257
3329,3463,3464,3330,14256,14258,14259,13854,14260
3330,3464,3465,3331,14259,14261,14262,13857,14263
3331,3465,3466,3332,14262,14264,14265,13860,14266
3332,3466,3467,3333,14265,14267,14268,13863,14269
3333,3467,3468,3334,14268,14270,14271,13866,14272
3334,3468,3469,3335,14271,14273,14274,13869,14275
3335,3469,3470,3336,14274,14276,14277,13872,14278
3336,3470,3471,3337,14277,14279,14280,13875,14281
3337,3471,3472,3338,14280,14282,14283,13878,14284
3338,3472,3473,3339,14283,14285,14286,13881,14287
3339,3473,3474,3340,14286,14288,14289,13884,14290
3340,3474,3475,3341,14289,14291,14292,13887,14293
3341,3475,3476,3342,14292,14294,14295,13890,14296
3342,3476,3477,3343,14295,14297,14298,13893,14299
3343,3477,3478,3344,14298,14300,14301,13896,14302
3344,3478,3479,3345,14301,14303,14304,13899,14305
3345,3479,3480,3346,14304,14306,14307,13902,14308
3346,3480,3481,3347,14307,14309,14310,13905,14311
3347,3481,3482,3348,14310,14312,14313,13908,14314
3348,3482,3483,3349,14313,14315,14316,13911,14317
3349,3483,3484,3350,14316,14318,14319,13914,14320
3350,3484,3485,3351,14319,14321,14322,13917,14323
3351,3485,3486,3352,14322,14324,14325,13920,14326
3352,3486,3487,3353,14325,14327,14328,13923,14329
3353,3487,3488,3354,14328,14330,14331,13926,14332
3354,3488,3489,3355,14331,14333,14334,13929,14335
3355,3489,3490,3356,14334,14336,14337,13932,14338
3356,3490,3491,3357,14337,14339,14340,13935,14341
3357,3491,3492,3358,14340,14342,14343,13938,14344
3358,3492,3493,3359,14343,14345,14346,13941,14347
3359,3493,3494,3360,14346,14348,14349,13944,14350
3360,3494,3495,3361,14349,14351,14352,13947,14353
3361,3495,3496,3362,14352,14354,14355,13950,14356
3362,3496,3497,3363,14355,14357,14358,13953,14359
3363,3497,3498,3364,14358,14360,14361,13956,14362
3364,3498,3499,3365,14361,14363,14364,13959,14365
3365,3499,3500,3366,14364,14366,14367,13962,14368
3366,3500,3501,3367,14367,14369,14370,13965,14371
3367,3501,3502,3368,14370,14372,14373,13968,14374
3368,3502,3503,3369,14373,14375,14376,13971,14377
3369,3503,3504,3370,14376,14378,14379,13974,14380
3370,3504,3505,3371,14379,14381,14382,13977,14383
3371,3505,3506,3372,14382,14384,14385,13980,14386
3372,3506,3507,3373,14385,14387,14388,13983,14389
3373,3507,3508,3374,14388,14390,14391,13986,14392
3374,3508,3509,3375,14391,14393,14394,13989,14395
3375,3509,3510,3376,14394,14396,14397,13992,14398
3376,3510,3511,3377,14397,14399,14400,13995,14401
3377,3511,3512,3378,14400,14402,14403,13998,14404
3378,3512,3513,3379,14403,14405,14406,14001,14407
3379,3513,372,371,14406,14408,411,14004,14409
24,25,3514,3380,64,14410,14411,14006,14412
3380,3514,3515,3381,14411,14413,14414,14009,14415
3381,3515,3516,3382,14414,14416,14417,14012,14418
3382,3516,3517,3383,14417,14419,14420,14015,14421
3383,3517,3518,3384,14420,14422,14423,14018,14424
3384,3518,3519,3385,14423,14425,14426,14021,14427
3385,3519,3520,3386,14426,14428,14429,14024,14430
3386,3520,3521,3387,14429,14431,14432,14027,14433
3387,3521,3522,3388,14432,14434,14435,14030,14436
3388,3522,3523,3389,14435,14437,14438,14033,14439
3389,3523,3524,3390,14438,14440,14441,14036,14442
3390,3524,3525,3391,14441,14443,14444,14039,14445
3391,3525,3526,3392,14444,14446,14447,14042,14448
3392,3526,3527,3393,14447,14449,14450,14045,14451
3393,3527,3528,3394,14450,14452,14453,14048,14454
3394,3528,3529,3395,14453,14455,14456,14051,14457
3395,3529,3530,3396,14456,14458,14459,14054,14460
3396,3530,3531,3397,14459,14461,14462,14057,14463
3397,3531,3532,3398,14462,14464,14465,14060,14466
3398,3532,3533,3399,14465,14467,14468,14063,14469
3399,3533,3534,3400,14468,14470,14471,14066,14472
3400,3534,3535,3401,14471,14473,14474,14069,14475
3401,3535,3536,3402,14474,14476,14477,14072,14478
3402,3536,3537,3403,14477,14479,14480,14075,14481
3403,3537,3538,3404,14480,14482,14483,14078,14484
3404,3538,3539,3405,14483,14485,14486,14081,14487
3405,3539,3540,3406,14486,14488,14489,14084,14490
3406,3540,3541,3407,14489,14491,14492,14087,14493
3407,3541,3542,3408,14492,14494,14495,14090,14496
3408,3542,3543,3409,14495,14497,14498,14093,14499
3409,3543,3544,3410,14498,14500,14501,14096,14502
3410,3544,3545,3411,14501,14503,14504,14099,14505
3411,3545,3546,3412,14504,14506,14507,14102,14508
3412,3546,3547,3413,14507,14509,14510,14105,14511
3413,3547,3548,3414,14510,14512,14513,14108,14514
3414,3548,3549,3415,14513,14515,14516,14111,14517
3415,3549,3550,3416,14516,14518,14519,14114,14520
3416,3550,3551,3417,14519,14521,14522,14117,14523
3417,3551,3552,3418,14522,14524,14525,14120,14526
3418,3552,3553,3419,14525,14527,14528,14123,14529
3419,3553,3554,3420,14528,14530,14531,14126,14532
3420,3554,3555,3421,14531,14533,14534,14129,14535
3421,3555,3556,3422,14534,14536,14537,14132,14538
3422,3556,3557,3423,14537,14539,14540,14135,14541
3423,3557,3558,3424,14540,14542,14543,14138,14544
3424,3558,3559,3425,14543,14545,14546,14141,14547
3425,3559,3560,3426,14546,14548,14549,14144,14550
3426,3560,3561,3427,14549,14551,14552,14147,14553
3427,3561,3562,3428,14552,14554,14555,14150,14556
3428,3562,3563,3429,14555,14557,14558,14153,14559
3429,3563,3564,3430,14558,14560,14561,14156,14562
3430,3564,3565,3431,14561,14563,14564,14159,14565
3431,3565,3566,3432,14564,14566,14567,14162,14568
3432,3566,3567,3433,14567,14569,14570,14165,14571
3433,3567,3568,3434,14570,14572,14573,14168,14574
3434,3568,3569,3435,14573,14575,14576,14171,14577
3435,3569,3570,3436,14576,14578,14579,14174,14580
3436,3570,3571,3437,14579,14581,14582,14177,14583
3437,3571,3572,3438,14582,14584,14585,14180,14586
3438,3572,3573,3439,14585,14587,14588,14183,14589
3439,3573,3574,3440,14588,14590,14591,14186,14592
3440,3574,3575,3441,14591,14593,14594,14189,14595
3441,3575,3576,3442,14594,14596,14597,14192,14598
3442,3576,3577,3443,14597,14599,14600,14195,14601
3443,3577,3578,3444,14600,14602,14603,14198,14604
3444,3578,3579,3445,14603,14605,14606,14201,14607
3445,3579,3580,3446,14606,14608,14609,14204,14610
3446,3580,3581,3447,14609,14611,14612,14207,14613
3447,3581,3582,3448,14612,14614,14615,14210,14616
3448,3582,3583,3449,14615,14617,14618,14213,14619
3449,3583,3584,3450,14618,14620,14621,14216,14622
3450,3584,3585,3451,14621,14623,14624,14219,14625
3451,3585,3586,3452,14624,14626,14627,14222,14628
3452,3586,3587,3453,14627,14629,14630,14225,14631
3453,3587,3588,3454,14630,14632,14633,14228,14634
3454,3588,3589,3455,14633,14635,14636,14231,14637
3455,3589,3590,3456,14636,14638,14639,14234,14640
3456,3590,3591,3457,14639,14641,14642,14237,14643
3457,3591,3592,3458,14642,14644,14645,14240,14646
3458,3592,3593,3459,14645,14647,14648,14243,14649
3459,3593,3594,3460,14648,14650,14651,14246,14652
3460,3594,3595,3461,14651,14653,14654,14249,14655
3461,3595,3596,3462,14654,14656,14657,14252,14658
3462,3596,3597,3463,14657,14659,14660,14255,14661
3463,3597,3598,3464,14660,14662,14663,14258,14664
3464,3598,3599,3465,14663,14665,14666,14261,14667
3465,3599,3600,3466,14666,14668,14669,14264,14670
3466,3600,3601,3467,14669,14671,14672,14267,14673
3467,3601,3602,3468,14672,14674,14675,14270,14676
3468,3602,3603,3469,14675,14677,14678,14273,14679
3469,3603,3604,3470,14678,14680,14681,14276,14682
3470,3604,3605,3471,14681,14683,14684,14279,14685
3471,3605,3606,3472,14684,14686,14687,14282,14688
3472,3606,3607,3473,14687,14689,14690,14285,14691
3473,3607,3608,3474,14690,14692,14693,14288,14694
3474,3608,3609,3475,14693,14695,14696,14291,14697
3475,3609,3610,3476,14696,14698,14699,14294,14700
3476,3610,3611,3477,14699,14701,14702,14297,14703
3477,3611,3612,3478,14702,14704,14705,14300,14706
3478,3612,3613,3479,14705,14707,14708,14303,14709
3479,3613,3614,3480,14708,14710,14711,14306,14712
3480,3614,3615,3481,14711,14713,14714,14309,14715
3481,3615,3616,3482,14714,14716,14717,14312,14718
3482,3616,3617,3483,14717,14719,14720,14315,14721
3483,3617,3618,3484,14720,14722,14723,14318,14724
3484,3618,3619,3485,14723,14725,14726,14321,14727
3485,3619,3620,3486,14726,14728,14729,14324,14730
3486,3620,3621,3487,14729,14731,14732,14327,14733
3487,3621,3622,3488,14732,14734,14735,14330,14736
3488,3622,3623,3489,14735,14737,14738,14333,14739
3489,3623,3624,3490,14738,14740,14741,14336,14742
3490,3624,3625,3491,14741,14743,14744,14339,14745
3491,3625,3626,3492,14744,14746,14747,14342,14748
3492,3626,3627,3493,14747,14749,14750,14345,14751
3493,3627,3628,3494,14750,14752,14753,14348,14754
3494,3628,3629,3495,14753,14755,14756,14351,14757
3495,3629,3630,3496,14756,14758,14759,14354,14760
3496,3630,3631,3497,14759,14761,14762,14357,14763
3497,3631,3632,3498,14762,14764,14765,14360,14766
3498,3632,3633,3499,14765,14767,14768,14363,14769
3499,3633,3634,3500,14768,14770,14771,14366,14772
3500,3634,3635,3501,14771,14773,14774,14369,14775
3501,3635,3636,3502,14774,14776,14777,14372,14778
3502,3636,3637,3503,14777,14779,14780,14375,14781
3503,3637,3638,3504,14780,14782,14783,14378,14784
3504,3638,3639,3505,14783,14785,14786,14381,14787
3505,3639,3640,3506,14786,14788,14789,14384,14790
3506,3640,3641,3507,14789,14791,14792,14387,14793
3507,3641,3642,3508,14792,14794,14795,14390,14796
3508,3642,3643,3509,14795,14797,14798,14393,14799
3509,3643,3644,3510,14798,14800,14801,14396,14802
3510,3644,3645,3511,14801,14803,14804,14399,14805
3511,3645,3646,3512,14804,14806,14807,14402,14808
3512,3646,3647,3513,14807,14809,14810,14405,14811
3513,3647,373,372,14810,14812,412,14408,14813
25,26,3648,3514,65,14814,14815,14410,14816
3514,3648,3649,3515,14815,14817,14818,14413,14819
3515,3649,3650,3516,14818,14820,14821,14416,14822
3516,3650,3651,3517,14821,14823,14824,14419,14825
3517,3651,3652,3518,14824,14826,14827,14422,14828
3518,3652,3653,3519,14827,14829,14830,14425,14831
3519,3653,3654,3520,14830,14832,14833,14428,14834
3520,3654,3655,3521,14833,14835,14836,14431,14837
3521,3655,3656,3522,14836,14838,14839,14434,14840
3522,3656,3657,3523,14839,14841,14842,14437,14843
3523,3657,3658,3524,14842,14844,14845,14440,14846
3524,3658,3659,3525,14845,14847,14848,14443,14849
3525,3659,3660,3526,14848,14850,14851,14446,14852
3526,3660,3661,3527,14851,14853,14854,14449,14855
3527,3661,3662,3528,14854,14856,14857,14452,14858
3528,3662,3663,3529,14857,14859,14860,14455,14861
3529,3663,3664,3530,14860,14862,14863,14458,14864
3530,3664,3665,3531,14863,14865,14866,14461,14867
3531,3665,3666,3532,14866,14868,14869,14464,14870
3532,3666,3667,3533,14869,14871,14872,14467,14873
3533,3667,3668,3534,14872,14874,14875,14470,14876
3534,3668,3669,3535,14875,14877,14878,14473,14879
3535,3669,3670,3536,14878,14880,14881,14476,14882
3536,3670,3671,3537,14881,14883,14884,14479,14885
3537,3671,3672,3538,14884,14886,14887,14482,14888
3538,3672,3673,3539,14887,14889,14890,14485,14891
3539,3673,3674,3540,14890,14892,14893,14488,14894
3540,3674,3675,3541,14893,14895,14896,14491,14897
3541,3675,3676,3542,14896,14898,14899,14494,14900
3542,3676,3677,3543,14899,14901,14902,14497,14903
3543,3677,3678,3544,14902,14904,14905,14500,14906
3544,3678,3679,3545,14905,14907,14908,14503,14909
3545,3679,3680,3546,14908,14910,14911,14506,14912
3546,3680,3681,3547,14911,14913,14914,14509,14915
3547,3681,3682,3548,14914,14916,14917,14512,14918
3548,3682,3683,3549,14917,14919,14920,14515,14921
3549,3683,3684,3550,14920,14922,14923,14518,14924
3550,3684,3685,3551,14923,14925,14926,14521,14927
3551,3685,3686,3552,14926,14928,14929,14524,14930
3552,3686,3687,3553,14929,14931,14932,14527,14933
3553,3687,3688,3554,14932,14934,14935,14530,14936
3554,3688,3689,3555,14935,14937,14938,14533,14939
3555,3689,3690,3556,14938,14940,14941,14536,14942
3556,3690,3691,3557,14941,14943,14944,14539,14945
3557,3691,3692,3558,14944,14946,14947,14542,14948
3558,3692,3693,3559,14947,14949,14950,14545,14951
3559,3693,3694,3560,14950,14952,14953,14548,14954
3560,3694,3695,3561,14953,14955,14956,14551,14957
3561,3695,3696,3562,14956,14958,14959,14554,14960
3562,3696,3697,3563,14959,14961,14962,14557,14963
3563,3697,3698,3564,14962,14964,14965,14560,14966
3564,3698,3699,3565,14965,14967,14968,14563,14969
3565,3699,3700,3566,14968,14970,14971,14566,14972
3566,3700,3701,3567,14971,14973,14974,14569,14975
3567,3701,3702,3568,14974,14976,14977,14572,14978
3568,3702,3703,3569,14977,14979,14980,14575,14981
3569,3703,3704,3570,14980,14982,14983,14578,14984
3570,3704,3705,3571,14983,14985,14986,14581,14987
3571,3705,3706,3572,14986,14988,14989,14584,14990
3572,3706,3707,3573,14989,14991,14992,14587,14993
3573,3707,3708,3574,14992,14994,14995,14590,14996
3574,3708,3709,3575,14995,14997,14998,14593,14999
3575,3709,3710,3576,14998,15000,15001,14596,15002
3576,3710,3711,3577,15001,15003,15004,14599,15005
3577,3711,3712,3578,15004,15006,15007,14602,15008
3578,3712,3713,3579,15007,15009,15010,14605,15011
3579,3713,3714,3580,15010,15012,15013,14608,15014
3580,3714,3715,3581,15013,15015,15016,14611,15017
3581,3715,3716,3582,15016,15018,15019,14614,15020
3582,3716,3717,3583,15019,15021,15022,14617,15023
3583,3717,3718,3584,15022,15024,15025,14620,15026
3584,3718,3719,3585,15025,15027,15028,14623,15029
3585,3719,3720,3586,15028,15030,15031,14626,15032
3586,3720,3721,3587,15031,15033,15034,14629,15035
3587,3721,3722,3588,15034,15036,15037,14632,15038
3588,3722,3723,3589,15037,15039,15040,14635,15041
3589,3723,3724,3590,15040,15042,15043,14638,15044
3590,3724,3725,3591,15043,15045,15046,14641,15047
3591,3725,3726,3592,15046,15048,15049,14644,15050
3592,3726,3727,3593,15049,15051,15052,14647,15053
3593,3727,3728,3594,15052,15054,15055,14650,15056
3594,3728,3729,3595,15055,15057,15058,14653,15059
3595,3729,3730,3596,15058,15060,15061,14656,15062
3596,3730,3731,3597,15061,15063,15064,14659,15065
3597,3731,3732,3598,15064,15066,15067,14662,15068
3598,3732,3733,3599,15067,15069,15070,14665,15071
3599,3733,3734,3600,15070,15072,15073,14668,15074
3600,3734,3735,3601,15073,15075,15076,14671,15077
3601,3735,3736,3602,15076,15078,15079,14674,15080
3602,3736,3737,3603,15079,15081,15082,14677,15083
3603,3737,3738,3604,15082,15084,15085,14680,15086
3604,3738,3739,3605,15085,15087,15088,14683,15089
3605,3739,3740,3606,15088,15090,15091,14686,15092
3606,3740,3741,3607,15091,15093,15094,14689,15095
3607,3741,3742,3608,15094,15096,15097,14692,15098
3608,3742,3743,3609,15097,15099,15100,14695,15101
3609,3743,3744,3610,15100,15102,15103,14698,15104
3610,3744,3745,3611,15103,15105,15106,14701,15107
3611,3745,3746,3612,15106,15108,15109,14704,15110
3612,3746,3747,3613,15109,15111,15112,14707,15113
3613,3747,3748,3614,15112,15114,15115,14710,15116
3614,3748,3749,3615,15115,15117,15118,14713,15119
3615,3749,3750,3616,15118,15120,15121,14716,15122
3616,3750,3751,3617,15121,15123,15124,14719,15125
3617,3751,3752,3618,15124,15126,15127,14722,15128
3618,3752,3753,3619,15127,15129,15130,14725,15131
3619,3753,3754,3620,15130,15132,15133,14728,15134
3620,3754,3755,3621,15133,15135,15136,14731,15137
3621,3755,3756,3622,15136,15138,15139,14734,15140
3622,3756,3757,3623,15139,15141,15142,14737,15143
3623,3757,3758,3624,15142,15144,15145,14740,15146
3624,3758,3759,3625,15145,15147,15148,14743,15149
3625,3759,3760,3626,15148,15150,15151,14746,15152
3626,3760,3761,3627,15151,15153,15154,14749,15155
3627,3761,3762,3628,15154,15156,15157,14752,15158
3628,3762,3763,3629,15157,15159,15160,14755,15161
3629,3763,3764,3630,15160,15162,15163,14758,15164
3630,3764,3765,3631,15163,15165,15166,14761,15167
3631,3765,3766,3632,15166,15168,15169,14764,15170
3632,3766,3767,3633,15169,15171,15172,14767,15173
3633,3767,3768,3634,15172,15174,15175,14770,15176
3634,3768,3769,3635,15175,15177,15178,14773,15179
3635,3769,3770,3636,15178,15180,15181,14776,15182
3636,3770,3771,3637,15181,15183,15184,14779,15185
3637,3771,3772,3638,15184,15186,15187,14782,15188
3638,3772,3773,3639,15187,15189,15190,14785,15191
3639,3773,3774,3640,15190,15192,15193,14788,15194
3640,3774,3775,3641,15193,15195,15196,14791,15197
3641,3775,3776,3642,15196,15198,15199,14794,15200
3642,3776,3777,3643,15199,15201,15202,14797,15203
3643,3777,3778,3644,15202,15204,15205,14800,15206
3644,3778,3779,3645,15205,15207,15208,14803,15209
3645,3779,3780,3646,15208,15210,15211,14806,15212
3646,3780,3781,3647,15211,15213,15214,14809,15215
3647,3781,374,373,15214,15216,413,14812,15217
26,27,3782,3648,66,15218,15219,14814,15220
3648,3782,3783,3649,15219,15221,15222,14817,15223
3649,3783,3784,3650,15222,15224,15225,14820,15226
3650,3784,3785,3651,15225,15227,15228,14823,15229
3651,3785,3786,3652,15228,15230,15231,14826,15232
3652,3786,3787,3653,15231,15233,15234,14829,15235
3653,3787,3788,3654,15234,15236,15237,14832,15238
3654,3788,3789,3655,15237,15239,15240,14835,15241
3655,3789,3790,3656,15240,15242,15243,14838,15244
3656,3790,3791,3657,15243,15245,15246,14841,15247
3657,3791,3792,3658,15246,15248,15249,14844,15250
3658,3792,3793,3659,15249,15251,15252,14847,15253
3659,3793,3794,3660,15252,15254,15255,14850,15256
3660,3794,3795,3661,15255,15257,15258,14853,15259
3661,3795,3796,3662,15258,15260,15261,14856,15262
3662,3796,3797,3663,15261,15263,15264,14859,15265
3663,3797,3798,3664,15264,15266,15267,14862,15268
3664,3798,3799,3665,15267,15269,15270,14865,15271
3665,3799,3800,3666,15270,15272,15273,14868,15274
3666,3800,3801,3667,15273,15275,15276,14871,15277
3667,3801,3802,3668,15276,15278,15279,14874,15280
3668,3802,3803,3669,15279,15281,15282,14877,15283
3669,3803,3804,3670,15282,15284,15285,14880,15286
3670,3804,3805,3671,15285,15287,15288,14883,15289
3671,3805,3806,3672,15288,15290,15291,14886,15292
3672,3806,3807,3673,15291,15293,15294,14889,15295
3673,3807,3808,3674,15294,15296,15297,14892,15298
3674,3808,3809,3675,15297,15299,15300,14895,15301
3675,3809,3810,3676,15300,15302,15303,14898,15304
3676,3810,3811,3677,15303,15305,15306,14901,15307
3677,3811,3812,3678,15306,15308,15309,14904,15310
3678,3812,3813,3679,15309,15311,15312,14907,15313
3679,3813,3814,3680,15312,15314,15315,14910,15316
3680,3814,3815,3681,15315,15317,15318,14913,15319
3681,3815,3816,3682,15318,15320,15321,14916,15322
3682,3816,3817,3683,15321,15323,15324,14919,15325
3683,3817,3818,3684,15324,15326,15327,14922,15328
3684,3818,3819,3685,15327,15329,15330,14925,15331
3685,3819,3820,3686,15330,15332,15333,14928,15334
3686,3820,3821,3687,15333,15335,15336,14931,15337
3687,3821,3822,3688,15336,15338,15339,14934,15340
3688,3822,3823,3689,15339,15341,15342,14937,15343
3689,3823,3824,3690,15342,15344,15345,14940,15346
3690,3824,3825,3691,15345,15347,15348,14943,15349
3691,3825,3826,3692,15348,15350,15351,14946,15352
3692,3826,3827,3693,15351,15353,15354,14949,15355
3693,3827,3828,3694,15354,15356,15357,14952,15358
3694,3828,3829,3695,15357,15359,15360,14955,15361
3695,3829,3830,3696,15360,15362,15363,14958,15364
3696,3830,3831,3697,15363,15365,15366,14961,15367
3697,3831,3832,3698,15366,15368,15369,14964,15370
3698,3832,3833,3699,15369,15371,15372,14967,15373
3699,3833,3834,3700,15372,15374,15375,14970,15376
3700,3834,3835,3701,15375,15377,15378,14973,15379
3701,3835,3836,3702,15378,15380,15381,14976,15382
3702,3836,3837,3703,15381,15383,15384,14979,15385
3703,3837,3838,3704,15384,15386,15387,14982,15388
3704,3838,3839,3705,15387,15389,15390,14985,15391
3705,3839,3840,3706,15390,15392,15393,14988,15394
3706,3840,3841,3707,15393,15395,15396,14991,15397
3707,3841,3842,3708,15396,15398,15399,14994,15400
3708,3842,3843,3709,15399,15401,15402,14997,15403
3709,3843,3844,3710,15402,15404,15405,15000,15406
3710,3844,3845,3711,15405,15407,15408,15003,15409
3711,3845,3846,3712,15408,15410,15411,15006,15412
3712,3846,3847,3713,15411,15413,15414,15009,15415
3713,3847,3848,3714,15414,15416,15417,15012,15418
3714,3848,3849,3715,15417,15419,15420,15015,15421
3715,3849,3850,3716,15420,15422,15423,15018,15424
3716,3850,3851,3717,15423,15425,15426,15021,15427
3717,3851,3852,3718,15426,15428,15429,15024,15430
3718,3852,3853,3719,15429,15431,15432,15027,15433
3719,3853,3854,3720,15432,15434,15435,15030,15436
3720,3854,3855,3721,15435,15437,15438,15033,15439
3721,3855,3856,3722,15438,15440,15441,15036,15442
3722,3856,3857,3723,15441,15443,15444,15039,15445
3723,3857,3858,3724,15444,15446,15447,15042,15448
3724,3858,3859,3725,15447,15449,15450,15045,15451
3725,3859,3860,3726,15450,15452,15453,15048,15454
3726,3860,3861,3727,15453,15455,15456,15051,15457
3727,3861,3862,3728,15456,15458,15459,15054,15460
3728,3862,3863,3729,15459,15461,15462,15057,15463
3729,3863,3864,3730,15462,15464,15465,15060,15466
3730,3864,3865,3731,15465,15467,15468,15063,15469
3731,3865,3866,3732,15468,15470,15471,15066,15472
3732,3866,3867,3733,15471,15473,15474,15069,15475
3733,3867,3868,3734,15474,15476,15477,15072,15478
3734,3868,3869,3735,15477,15479,15480,15075,15481
3735,3869,3870,3736,15480,15482,15483,15078,15484
3736,3870,3871,3737,15483,15485,15486,15081,15487
3737,3871,3872,3738,15486,15488,15489,15084,15490
3738,3872,3873,3739,15489,15491,15492,15087,15493
3739,3873,3874,3740,15492,15494,15495,15090,15496
3740,3874,3875,3741,15495,15497,15498,15093,15499
3741,3875,3876,3742,15498,15500,15501,15096,15502
3742,3876,3877,3743,15501,15503,15504,15099,15505
3743,3877,3878,3744,15504,15506,15507,15102,15508
3744,3878,3879,3745,15507,15509,15510,15105,15511
3745,3879,3880,3746,15510,15512,15513,15108,15514
3746,3880,3881,3747,15513,15515,15516,15111,15517
3747,3881,3882,3748,15516,15518,15519,15114,15520
3748,3882,3883,3749,15519,15521,15522,15117,15523
3749,3883,3884,3750,15522,15524,15525,15120,15526
3750,3884,3885,3751,15525,15527,15528,15123,15529
3751,3885,3886,3752,15528,15530,15531,15126,15532
3752,3886,3887,3753,15531,15533,15534,15129,15535
3753,3887,3888,3754,15534,15536,15537,15132,15538
3754,3888,3889,3755,15537,15539,15540,15135,15541
3755,3889,3890,3756,15540,15542,15543,15138,15544
3756,3890,3891,3757,15543,15545,15546,15141,15547
3757,3891,3892,3758,15546,15548,15549,15144,15550
3758,3892,3893,3759,15549,15551,15552,15147,15553
3759,3893,3894,3760,15552,15554,15555,15150,15556
3760,3894,3895,3761,15555,15557,15558,15153,15559
3761,3895,3896,3762,15558,15560,15561,15156,15562
3762,3896,3897,3763,15561,15563,15564,15159,15565
3763,3897,3898,3764,15564,15566,15567,15162,15568
3764,3898,3899,3765,15567,15569,15570,15165,15571
3765,3899,3900,3766,15570,15572,15573,15168,15574
3766,3900,3901,3767,15573,15575,15576,15171,15577
3767,3901,3902,3768,15576,15578,15579,15174,15580
3768,3902,3903,3769,15579,15581,15582,15177,15583
3769,3903,3904,3770,15582,15584,15585,15180,15586
3770,3904,3905,3771,15585,15587,15588,15183,15589
3771,3905,3906,3772,15588,15590,15591,15186,15592
3772,3906,3907,3773,15591,15593,15594,15189,15595
3773,3907,3908,3774,15594,15596,15597,15192,15598
3774,3908,3909,3775,15597,15599,15600,15195,15601
3775,3909,3910,3776,15600,15602,15603,15198,15604
3776,3910,3911,3777,15603,15605,15606,15201,15607
3777,3911,3912,3778,15606,15608,15609,15204,15610
3778,3912,3913,3779,15609,15611,15612,15207,15613
3779,3913,3914,3780,15612,15614,15615,15210,15616
3780,3914,3915,3781,15615,15617,15618,15213,15619
3781,3915,375,374,15618,15620,414,15216,15621
27,28,3916,3782,67,15622,15623,15218,15624
3782,3916,3917,3783,15623,15625,15626,15221,15627
3783,3917,3918,3784,15626,15628,15629,15224,15630
3784,3918,3919,3785,15629,15631,15632,15227,15633
3785,3919,3920,3786,15632,15634,15635,15230,15636
3786,3920,3921,3787,15635,15637,15638,15233,15639
3787,3921,3922,3788,15638,15640,15641,15236,15642
3788,3922,3923,3789,15641,15643,15644,15239,15645
3789,3923,3924,3790,15644,15646,15647,15242,15648
3790,3924,3925,3791,15647,15649,15650,15245,15651
3791,3925,3926,3792,15650,15652,15653,15248,15654
3792,3926,3927,3793,15653,15655,15656,15251,15657
3793,3927,3928,3794,15656,15658,15659,15254,15660
3794,3928,3929,3795,15659,15661,15662,15257,15663
3795,3929,3930,3796,15662,15664,15665,15260,15666
3796,3930,3931,3797,15665,15667,15668,15263,15669
3797,3931,3932,3798,15668,15670,15671,15266,15672
3798,3932,3933,3799,15671,15673,15674,15269,15675
3799,3933,3934,3800,15674,15676,15677,15272,15678
3800,3934,3935,3801,15677,15679,15680,15275,15681
3801,3935,3936,3802,15680,15682,15683,15278,15684
3802,3936,3937,3803,15683,15685,15686,15281,15687
3803,3937,3938,3804,15686,15688,15689,15284,15690
3804,3938,3939,3805,15689,15691,15692,15287,15693
3805,3939,3940,3806,15692,15694,15695,15290,15696
3806,3940,3941,3807,15695,15697,15698,15293,15699
3807,3941,3942,3808,15698,15700,15701,15296,15702
3808,3942,3943,3809,15701,15703,15704,15299,15705
3809,3943,3944,3810,15704,15706,15707,15302,15708
3810,3944,3945,3811,15707,15709,15710,15305,15711
3811,3945,3946,3812,15710,15712,15713,15308,15714
3812,3946,3947,3813,15713,15715,15716,15311,15717
3813,3947,3948,3814,15716,15718,15719,15314,15720
3814,3948,3949,3815,15719,15721,15722,15317,15723
3815,3949,3950,3816,15722,15724,15725,15320,15726
3816,3950,3951,3817,15725,15727,15728,15323,15729
3817,3951,3952,3818,15728,15730,15731,15326,15732
3818,3952,3953,3819,15731,15733,15734,15329,15735
3819,3953,3954,3820,15734,15736,15737,15332,15738
3820,3954,3955,3821,15737,15739,15740,15335,15741
3821,3955,3956,3822,15740,15742,15743,15338,15744
3822,3956,3957,3823,15743,15745,15746,15341,15747
3823,3957,3958,3824,15746,15748,15749,15344,15750
3824,3958,3959,3825,15749,15751,15752,15347,15753
3825,3959,3960,3826,15752,15754,15755,15350,15756
3826,3960,3961,3827,15755,15757,15758,15353,15759
3827,3961,3962,3828,15758,15760,15761,15356,15762
3828,3962,3963,3829,15761,15763,15764,15359,15765
3829,3963,3964,3830,15764,15766,15767,15362,15768
3830,3964,3965,3831,15767,15769,15770,15365,15771
3831,3965,3966,3832,15770,15772,15773,15368,15774
3832,3966,3967,3833,15773,15775,15776,15371,15777
3833,3967,3968,3834,15776,15778,15779,15374,15780
3834,3968,3969,3835,15779,15781,15782,15377,15783
3835,3969,3970,3836,15782,15784,15785,15380,15786
3836,3970,3971,3837,15785,15787,15788,15383,15789
3837,3971,3972,3838,15788,15790,15791,15386,15792
3838,3972,3973,3839,15791,15793,15794,15389,15795
3839,3973,3974,3840,15794,15796,15797,15392,15798
3840,3974,3975,3841,15797,15799,15800,15395,15801
3841,3975,3976,3842,15800,15802,15803,15398,15804
3842,3976,3977,3843,15803,15805,15806,15401,15807
3843,3977,3978,3844,15806,15808,15809,15404,15810
3844,3978,3979,3845,15809,15811,15812,15407,15813
3845,3979,3980,3846,15812,15814,15815,15410,15816
3846,3980,3981,3847,15815,15817,15818,15413,15819
3847,3981,3982,3848,15818,15820,15821,15416,15822
3848,3982,3983,3849,15821,15823,15824,15419,15825
3849,3983,3984,3850,15824,15826,15827,15422,15828
3850,3984,3985,3851,15827,15829,15830,15425,15831
3851,3985,3986,3852,15830,15832,15833,15428,15834
3852,3986,3987,3853,15833,15835,15836,15431,15837
3853,3987,3988,3854,15836,15838,15839,15434,15840
3854,3988,3989,3855,15839,15841,15842,15437,15843
3855,3989,3990,3856,15842,15844,15845,15440,15846
3856,3990,3991,3857,15845,15847,15848,15443,15849
3857,3991,3992,3858,15848,15850,15851,15446,15852
3858,3992,3993,3859,15851,15853,15854,15449,15855
3859,3993,3994,3860,15854,15856,15857,15452,15858
3860,3994,3995,3861,15857,15859,15860,15455,15861
3861,3995,3996,3862,15860,15862,15863,15458,15864
3862,3996,3997,3863,15863,15865,15866,15461,15867
3863,3997,3998,3864,15866,15868,15869,15464,15870
3864,3998,3999,3865,15869,15871,15872,15467,15873
3865,3999,4000,3866,15872,15874,15875,15470,15876
3866,4000,4001,3867,15875,15877,15878,15473,15879
3867,4001,4002,3868,15878,15880,15881,15476,15882
3868,4002,4003,3869,15881,15883,15884,15479,15885
3869,4003,4004,3870,15884,15886,15887,15482,15888
3870,4004,4005,3871,15887,15889,15890,15485,15891
3871,4005,4006,3872,15890,15892,15893,15488,15894
3872,4006,4007,3873,15893,15895,15896,15491,15897
3873,4007,4008,3874,15896,15898,15899,15494,15900
3874,4008,4009,3875,15899,15901,15902,15497,15903
3875,4009,4010,3876,15902,15904,15905,15500,15906
3876,4010,4011,3877,15905,15907,15908,15503,15909
3877,4011,4012,3878,15908,15910,15911,15506,15912
3878,4012,4013,3879,15911,15913,15914,15509,15915
3879,4013,4014,3880,15914,15916,15917,15512,15918
3880,4014,4015,3881,15917,15919,15920,15515,15921
3881,4015,4016,3882,15920,15922,15923,15518,15924
3882,4016,4017,3883,15923,15925,15926,15521,15927
3883,4017,4018,3884,15926,15928,15929,15524,15930
3884,4018,4019,3885,15929,15931,15932,15527,15933
3885,4019,4020,3886,15932,15934,15935,15530,15936
3886,4020,4021,3887,15935,15937,15938,15533,15939
3887,4021,4022,3888,15938,15940,15941,15536,15942
3888,4022,4023,3889,15941,15943,15944,15539,15945
3889,4023,4024,3890,15944,15946,15947,15542,15948
3890,4024,4025,3891,15947,15949,15950,15545,15951
3891,4025,4026,3892,15950,15952,15953,15548,15954
3892,4026,4027,3893,15953,15955,15956,15551,15957
3893,4027,4028,3894,15956,15958,15959,15554,15960
3894,4028,4029,3895,15959,15961,15962,15557,15963
3895,4029,4030,3896,15962,15964,15965,15560,15966
3896,4030,4031,3897,15965,15967,15968,15563,15969
3897,4031,4032,3898,15968,15970,15971,15566,15972
3898,4032,4033,3899,15971,15973,15974,15569,15975
3899,4033,4034,3900,15974,15976,15977,15572,15978
3900,4034,4035,3901,15977,15979,15980,15575,15981
3901,4035,4036,3902,15980,15982,15983,15578,15984
3902,4036,4037,3903,15983,15985,15986,15581,15987
3903,4037,4038,3904,15986,15988,15989,15584,15990
3904,4038,4039,3905,15989,15991,15992,15587,15993
3905,4039,4040,3906,15992,15994,15995,15590,15996
3906,4040,4041,3907,15995,15997,15998,15593,15999
3907,4041,4042,3908,15998,16000,16001,15596,16002
3908,4042,4043,3909,16001,16003,16004,15599,16005
3909,4043,4044,3910,16004,16006,16007,15602,16008
3910,4044,4045,3911,16007,16009,16010,15605,16011
3911,4045,4046,3912,16010,16012,16013,15608,16014
3912,4046,4047,3913,16013,16015,16016,15611,16017
3913,4047,4048,3914,16016,16018,16019,15614,16020
3914,4048,4049,3915,16019,16021,16022,15617,16023
3915,4049,376,375,16022,16024,415,15620,16025
28,29,4050,3916,68,16026,16027,15622,16028
3916,4050,4051,3917,16027,16029,16030,15625,16031
3917,4051,4052,3918,16030,16032,16033,15628,16034
3918,4052,4053,3919,16033,16035,16036,15631,16037
3919,4053,4054,3920,16036,16038,16039,15634,16040
3920,4054,4055,3921,16039,16041,16042,15637,16043
3921,4055,4056,3922,16042,16044,16045,15640,16046
3922,4056,4057,3923,16045,16047,16048,15643,16049
3923,4057,4058,3924,16048,16050,16051,15646,16052
3924,4058,4059,3925,16051,16053,16054,15649,16055
3925,4059,4060,3926,16054,16056,16057,15652,16058
3926,4060,4061,3927,16057,16059,16060,15655,16061
3927,4061,4062,3928,16060,16062,16063,15658,16064
3928,4062,4063,3929,16063,16065,16066,15661,16067
3929,4063,4064,3930,16066,16068,16069,15664,16070
3930,4064,4065,3931,16069,16071,16072,15667,16073
3931,4065,4066,3932,16072,16074,16075,15670,16076
3932,4066,4067,3933,16075,16077,16078,15673,16079
3933,4067,4068,3934,16078,16080,16081,15676,16082
3934,4068,4069,3935,16081,16083,16084,15679,16085
3935,4069,4070,3936,16084,16086,16087,15682,16088
3936,4070,4071,3937,16087,16089,16090,15685,16091
3937,4071,4072,3938,16090,16092,16093,15688,16094
3938,4072,4073,3939,16093,16095,16096,15691,16097
3939,4073,4074,3940,16096,16098,16099,15694,16100
3940,4074,4075,3941,16099,16101,16102,15697,16103
3941,4075,4076,3942,16102,16104,16105,15700,16106
3942,4076,4077,3943,16105,16107,16108,15703,16109
3943,4077,4078,3944,16108,16110,16111,15706,16112
3944,4078,4079,3945,16111,16113,16114,15709,16115
3945,4079,4080,3946,16114,16116,16117,15712,16118
3946,4080,4081,3947,16117,16119,16120,15715,16121
3947,4081,4082,3948,16120,16122,16123,15718,16124
3948,4082,4083,3949,16123,16125,16126,15721,16127
3949,4083,4084,3950,16126,16128,16129,15724,16130
3950,4084,4085,3951,16129,16131,16132,15727,16133
3951,4085,4086,3952,16132,16134,16135,15730,16136
3952,4086,4087,3953,16135,16137,16138,15733,16139
3953,4087,4088,3954,16138,16140,16141,15736,16142
3954,4088,4089,3955,16141,16143,16144,15739,16145
3955,4089,4090,3956,16144,16146,16147,15742,16148
3956,4090,4091,3957,16147,16149,16150,15745,16151
3957,4091,4092,3958,16150,16152,16153,15748,16154
3958,4092,4093,3959,16153,16155,16156,15751,16157
3959,4093,4094,3960,16156,16158,16159,15754,16160
3960,4094,4095,3961,16159,16161,16162,15757,16163
3961,4095,4096,3962,16162,16164,16165,15760,16166
3962,4096,4097,3963,16165,16167,16168,15763,16169
3963,4097,4098,3964,16168,16170,16171,15766,16172
3964,4098,4099,3965,16171,16173,16174,15769,16175
3965,4099,4100,3966,16174,16176,16177,15772,16178
3966,4100,4101,3967,16177,16179,16180,15775,16181
3967,4101,4102,3968,16180,16182,16183,15778,16184
3968,4102,4103,3969,16183,16185,16186,15781,16187
3969,4103,4104,3970,16186,16188,16189,15784,16190
3970,4104,4105,3971,16189,16191,16192,15787,16193
3971,4105,4106,3972,16192,16194,16195,15790,16196
3972,4106,4107,3973,16195,16197,16198,15793,16199
3973,4107,4108,3974,16198,16200,16201,15796,16202
3974,4108,4109,3975,16201,16203,16204,15799,16205
3975,4109,4110,3976,16204,16206,16207,15802,16208
3976,4110,4111,3977,16207,16209,16210,15805,16211
3977,4111,4112,3978,16210,16212,16213,15808,16214
3978,4112,4113,3979,16213,16215,16216,15811,16217
3979,4113,4114,3980,16216,16218,16219,15814,16220
3980,4114,4115,3981,16219,16221,16222,15817,16223
3981,4115,4116,3982,16222,16224,16225,15820,16226
3982,4116,4117,3983,16225,16227,16228,15823,16229
3983,4117,4118,3984,16228,16230,16231,15826,16232
3984,4118,4119,3985,16231,16233,16234,15829,16235
3985,4119,4120,3986,16234,16236,16237,15832,16238
3986,4120,4121,3987,16237,16239,16240,15835,16241
3987,4121,4122,3988,16240,16242,16243,15838,16244
3988,4122,4123,3989,16243,16245,16246,15841,16247
3989,4123,4124,3990,16246,16248,16249,15844,16250
3990,4124,4125,3991,16249,16251,16252,15847,16253
3991,4125,4126,3992,16252,16254,16255,15850,16256
3992,4126,4127,3993,16255,16257,16258,15853,16259
3993,4127,4128,3994,16258,16260,16261,15856,16262
3994,4128,4129,3995,16261,16263,16264,15859,16265
3995,4129,4130,3996,16264,16266,16267,15862,16268
3996,4130,4131,3997,16267,16269,16270,15865,16271
3997,4131,4132,3998,16270,16272,16273,15868,16274
3998,4132,4133,3999,16273,16275,16276,15871,16277
3999,4133,4134,4000,16276,16278,16279,15874,16280
4000,4134,4135,4001,16279,16281,16282,15877,16283
4001,4135,4136,4002,16282,16284,16285,15880,16286
4002,4136,4137,4003,16285,16287,16288,15883,16289
4003,4137,4138,4004,16288,16290,16291,15886,16292
4004,4138,4139,4005,16291,16293,16294,15889,16295
4005,4139,4140,4006,16294,16296,16297,15892,16298
4006,4140,4141,4007,16297,16299,16300,15895,16301
4007,4141,4142,4008,16300,16302,16303,15898,16304
4008,4142,4143,4009,16303,16305,16306,15901,16307
4009,4143,4144,4010,16306,16308,16309,15904,16310
4010,4144,4145,4011,16309,16311,16312,15907,16313
4011,4145,4146,4012,16312,16314,16315,15910,16316
4012,4146,4147,4013,16315,16317,16318,15913,16319
4013,4147,4148,4014,16318,16320,16321,15916,16322
4014,4148,4149,4015,16321,16323,16324,15919,16325
4015,4149,4150,4016,16324,16326,16327,15922,16328
4016,4150,4151,4017,16327,16329,16330,15925,16331
4017,4151,4152,4018,16330,16332,16333,15928,16334
4018,4152,4153,4019,16333,16335,16336,15931,16337
4019,4153,4154,4020,16336,16338,16339,15934,16340
4020,4154,4155,4021,16339,16341,16342,15937,16343
4021,4155,4156,4022,16342,16344,16345,15940,16346
4022,4156,4157,4023,16345,16347,16348,15943,16349
4023,4157,4158,4024,16348,16350,16351,15946,16352
4024,4158,4159,4025,16351,16353,16354,15949,16355
4025,4159,4160,4026,16354,16356,16357,15952,16358
4026,4160,4161,4027,16357,16359,16360,15955,16361
4027,4161,4162,4028,16360,16362,16363,15958,16364
4028,4162,4163,4029,16363,16365,16366,15961,16367
4029,4163,4164,4030,16366,16368,16369,15964,16370
4030,4164,4165,4031,16369,16371,16372,15967,16373
4031,4165,4166,4032,16372,16374,16375,15970,16376
4032,4166,4167,4033,16375,16377,16378,15973,16379
4033,4167,4168,4034,16378,16380,16381,15976,16382
4034,4168,4169,4035,16381,16383,16384,15979,16385
4035,4169,4170,4036,16384,16386,16387,15982,16388
4036,4170,4171,4037,16387,16389,16390,15985,16391
4037,4171,4172,4038,16390,16392,16393,15988,16394
4038,4172,4173,4039,16393,16395,16396,15991,16397
4039,4173,4174,4040,16396,16398,16399,15994,16400
4040,4174,4175,4041,16399,16401,16402,15997,16403
4041,4175,4176,4042,16402,16404,16405,16000,16406
4042,4176,4177,4043,16405,16407,16408,16003,16409
4043,4177,4178,4044,16408,16410,16411,16006,16412
4044,4178,4179,4045,16411,16413,16414,16009,16415
4045,4179,4180,4046,16414,16416,16417,16012,16418
4046,4180,4181,4047,16417,16419,16420,16015,16421
4047,4181,4182,4048,16420,16422,16423,16018,16424
4048,4182,4183,4049,16423,16425,16426,16021,16427
4049,4183,377,376,16426,16428,416,16024,16429
29,30,4184,4050,69,16430,16431,16026,16432
4050,4184,4185,4051,16431,16433,16434,16029,16435
4051,4185,4186,4052,16434,16436,16437,16032,16438
4052,4186,4187,4053,16437,16439,16440,16035,16441
4053,4187,4188,4054,16440,16442,16443,16038,16444
4054,4188,4189,4055,16443,16445,16446,16041,16447
4055,4189,4190,4056,16446,16448,16449,16044,16450
4056,4190,4191,4057,16449,16451,16452,16047,16453
4057,4191,4192,4058,16452,16454,16455,16050,16456
4058,4192,4193,4059,16455,16457,16458,16053,16459
4059,4193,4194,4060,16458,16460,16461,16056,16462
4060,4194,4195,4061,16461,16463,16464,16059,16465
4061,4195,4196,4062,16464,16466,16467,16062,16468
4062,4196,4197,4063,16467,16469,16470,16065,16471
4063,4197,4198,4064,16470,16472,16473,16068,16474
4064,4198,4199,4065,16473,16475,16476,16071,16477
4065,4199,4200,4066,16476,16478,16479,16074,16480
4066,4200,4201,4067,16479,16481,16482,16077,16483
4067,4201,4202,4068,16482,16484,16485,16080,16486
4068,4202,4203,4069,16485,16487,16488,16083,16489
4069,4203,4204,4070,16488,16490,16491,16086,16492
4070,4204,4205,4071,16491,16493,16494,16089,16495
4071,4205,4206,4072,16494,16496,16497,16092,16498
4072,4206,4207,4073,16497,16499,16500,16095,16501
4073,4207,4208,4074,16500,16502,16503,16098,16504
4074,4208,4209,4075,16503,16505,16506,16101,16507
4075,4209,4210,4076,16506,16508,16509,16104,16510
4076,4210,4211,4077,16509,16511,16512,16107,16513
4077,4211,4212,4078,16512,16514,16515,16110,16516
4078,4212,4213,4079,16515,16517,16518,16113,16519
4079,4213,4214,4080,16518,16520,16521,16116,16522
4080,4214,4215,4081,16521,16523,16524,16119,16525
4081,4215,4216,4082,16524,16526,16527,16122,16528
4082,4216,4217,4083,16527,16529,16530,16125,16531
4083,4217,4218,4084,16530,16532,16533,16128,16534
4084,4218,4219,4085,16533,16535,16536,16131,16537
4085,4219,4220,4086,16536,16538,16539,16134,16540
4086,4220,4221,4087,16539,16541,16542,16137,16543
4087,4221,4222,4088,16542,16544,16545,16140,16546
4088,4222,4223,4089,16545,16547,16548,16143,16549
4089,4223,4224,4090,16548,16550,16551,16146,16552
4090,4224,4225,4091,16551,16553,16554,16149,16555
4091,4225,4226,4092,16554,16556,16557,16152,16558
4092,4226,4227,4093,16557,16559,16560,16155,16561
4093,4227,4228,4094,16560,16562,16563,16158,16564
4094,4228,4229,4095,16563,16565,16566,16161,16567
4095,4229,4230,4096,16566,16568,16569,16164,16570
4096,4230,4231,4097,16569,16571,16572,16167,16573
4097,4231,4232,4098,16572,16574,16575,16170,16576
4098,4232,4233,4099,16575,16577,16578,16173,16579
4099,4233,4234,4100,16578,16580,16581,16176,16582
4100,4234,4235,4101,16581,16583,16584,16179,16585
4101,4235,4236,4102,16584,16586,16587,16182,16588
4102,4236,4237,4103,16587,16589,16590,16185,16591
4103,4237,4238,4104,16590,16592,16593,16188,16594
4104,4238,4239,4105,16593,16595,16596,16191,16597
4105,4239,4240,4106,16596,16598,16599,16194,16600
4106,4240,4241,4107,16599,16601,16602,16197,16603
4107,4241,4242,4108,16602,16604,16605,16200,16606
4108,4242,4243,4109,16605,16607,16608,16203,16609
4109,4243,4244,4110,16608,16610,16611,16206,16612
4110,4244,4245,4111,16611,16613,16614,16209,16615
4111,4245,4246,4112,16614,16616,16617,16212,16618
4112,4246,4247,4113,16617,16619,16620,16215,16621
4113,4247,4248,4114,16620,16622,16623,16218,16624
4114,4248,4249,4115,16623,16625,16626,16221,16627
4115,4249,4250,4116,16626,16628,16629,16224,16630
4116,4250,4251,4117,16629,16631,16632,16227,16633
4117,4251,4252,4118,16632,16634,16635,16230,16636
4118,4252,4253,4119,16635,16637,16638,16233,16639
4119,4253,4254,4120,16638,16640,16641,16236,16642
4120,4254,4255,4121,16641,16643,16644,16239,16645
4121,4255,4256,4122,16644,16646,16647,16242,16648
4122,4256,4257,4123,16647,16649,16650,16245,16651
4123,4257,4258,4124,16650,16652,16653,16248,16654
4124,4258,4259,4125,16653,16655,16656,16251,16657
4125,4259,4260,4126,16656,16658,16659,16254,16660
4126,4260,4261,4127,16659,16661,16662,16257,16663
4127,4261,4262,4128,16662,16664,16665,16260,16666
4128,4262,4263,4129,16665,16667,16668,16263,16669
4129,4263,4264,4130,16668,16670,16671,16266,16672
4130,4264,4265,4131,16671,16673,16674,16269,16675
4131,4265,4266,4132,16674,16676,16677,16272,16678
4132,4266,4267,4133,16677,16679,16680,16275,16681
4133,4267,4268,4134,16680,16682,16683,16278,16684
4134,4268,4269,4135,16683,16685,16686,16281,16687
4135,4269,4270,4136,16686,16688,16689,16284,16690
4136,4270,4271,4137,16689,16691,16692,16287,16693
4137,4271,4272,4138,16692,16694,16695,16290,16696
4138,4272,4273,4139,16695,16697,16698,16293,16699
4139,4273,4274,4140,16698,16700,16701,16296,16702
4140,4274,4275,4141,16701,16703,16704,16299,16705
4141,4275,4276,4142,16704,16706,16707,16302,16708
4142,4276,4277,4143,16707,16709,16710,16305,16711
4143,4277,4278,4144,16710,16712,16713,16308,16714
4144,4278,4279,4145,16713,16715,16716,16311,16717
4145,4279,4280,4146,16716,16718,16719,16314,16720
4146,4280,4281,4147,16719,16721,16722,16317,16723
4147,4281,4282,4148,16722,16724,16725,16320,16726
4148,4282,4283,4149,16725,16727,16728,16323,16729
4149,4283,4284,4150,16728,16730,16731,16326,16732
4150,4284,4285,4151,16731,16733,16734,16329,16735
4151,4285,4286,4152,16734,16736,16737,16332,16738
4152,4286,4287,4153,16737,16739,16740,16335,16741
4153,4287,4288,4154,16740,16742,16743,16338,16744
4154,4288,4289,4155,16743,16745,16746,16341,16747
4155,4289,4290,4156,16746,16748,16749,16344,16750
4156,4290,4291,4157,16749,16751,16752,16347,16753
4157,4291,4292,4158,16752,16754,16755,16350,16756
4158,4292,4293,4159,16755,16757,16758,16353,16759
4159,4293,4294,4160,16758,16760,16761,16356,16762
4160,4294,4295,4161,16761,16763,16764,16359,16765
4161,4295,4296,4162,16764,16766,16767,16362,16768
4162,4296,4297,4163,16767,16769,16770,16365,16771
4163,4297,4298,4164,16770,16772,16773,16368,16774
4164,4298,4299,4165,16773,16775,16776,16371,16777
4165,4299,4300,4166,16776,16778,16779,16374,16780
4166,4300,4301,4167,16779,16781,16782,16377,16783
4167,4301,4302,4168,16782,16784,16785,16380,16786
4168,4302,4303,4169,16785,16787,16788,16383,16789
4169,4303,4304,4170,16788,16790,16791,16386,16792
4170,4304,4305,4171,16791,16793,16794,16389,16795
4171,4305,4306,4172,16794,16796,16797,16392,16798
4172,4306,4307,4173,16797,16799,16800,16395,16801
4173,4307,4308,4174,16800,16802,16803,16398,16804
4174,4308,4309,4175,16803,16805,16806,16401,16807
4175,4309,4310,4176,16806,16808,16809,16404,16810
4176,4310,4311,4177,16809,16811,16812,16407,16813
4177,4311,4312,4178,16812,16814,16815,16410,16816
4178,4312,4313,4179,16815,16817,16818,16413,16819
4179,4313,4314,4180,16818,16820,16821,16416,16822
4180,4314,4315,4181,16821,16823,16824,16419,16825
4181,4315,4316,4182,16824,16826,16827,16422,16828
4182,4316,4317,4183,16827,16829,16830,16425,16831
4183,4317,378,377,16830,16832,417,16428,16833
30,31,4318,4184,70,16834,16835,16430,16836
4184,4318,4319,4185,16835,16837,16838,16433,16839
4185,4319,4320,4186,16838,16840,16841,16436,16842
4186,4320,4321,4187,16841,16843,16844,16439,16845
4187,4321,4322,4188,16844,16846,16847,16442,16848
4188,4322,4323,4189,16847,16849,16850,16445,16851
4189,4323,4324,4190,16850,16852,16853,16448,16854
4190,4324,4325,4191,16853,16855,16856,16451,16857
4191,4325,4326,4192,16856,16858,16859,16454,16860
4192,4326,4327,4193,16859,16861,16862,16457,16863
4193,4327,4328,4194,16862,16864,16865,16460,16866
4194,4328,4329,4195,16865,16867,16868,16463,16869
4195,4329,4330,4196,16868,16870,16871,16466,16872
4196,4330,4331,4197,16871,16873,16874,16469,16875
4197,4331,4332,4198,16874,16876,16877,16472,16878
4198,4332,4333,4199,16877,16879,16880,16475,16881
4199,4333,4334,4200,16880,16882,16883,16478,16884
4200,4334,4335,4201,16883,16885,16886,16481,16887
4201,4335,4336,4202,16886,16888,16889,16484,16890
4202,4336,4337,4203,16889,16891,16892,16487,16893
4203,4337,4338,4204,16892,16894,16895,16490,16896
4204,4338,4339,4205,16895,16897,16898,16493,16899
4205,4339,4340,4206,16898,16900,16901,16496,16902
4206,4340,4341,4207,16901,16903,16904,16499,16905
4207,4341,4342,4208,16904,16906,16907,16502,16908
4208,4342,4343,4209,16907,16909,16910,16505,16911
4209,4343,4344,4210,16910,16912,16913,16508,16914
4210,4344,4345,4211,16913,16915,16916,16511,16917
4211,4345,4346,4212,16916,16918,16919,16514,16920
4212,4346,4347,4213,16919,16921,16922,16517,16923
4213,4347,4348,4214,16922,16924,16925,16520,16926
4214,4348,4349,4215,16925,16927,16928,16523,16929
4215,4349,4350,4216,16928,16930,16931,16526,16932
4216,4350,4351,4217,16931,16933,16934,16529,16935
4217,4351,4352,4218,16934,16936,16937,16532,16938
4218,4352,4353,4219,16937,16939,16940,16535,16941
4219,4353,4354,4220,16940,16942,16943,16538,16944
4220,4354,4355,4221,16943,16945,16946,16541,16947
4221,4355,4356,4222,16946,16948,16949,16544,16950
4222,4356,4357,4223,16949,16951,16952,16547,16953
4223,4357,4358,4224,16952,16954,16955,16550,16956
4224,4358,4359,4225,16955,16957,16958,16553,16959
4225,4359,4360,4226,16958,16960,16961,16556,16962
4226,4360,4361,4227,16961,16963,16964,16559,16965
4227,4361,4362,4228,16964,16966,16967,16562,16968
4228,4362,4363,4229,16967,16969,16970,16565,16971
4229,4363,4364,4230,16970,16972,16973,16568,16974
4230,4364,4365,4231,16973,16975,16976,16571,16977
4231,4365,4366,4232,16976,16978,16979,16574,16980
4232,4366,4367,4233,16979,16981,16982,16577,16983
4233,4367,4368,4234,16982,16984,16985,16580,16986
4234,4368,4369,4235,16985,16987,16988,16583,16989
4235,4369,4370,4236,16988,16990,16991,16586,16992
4236,4370,4371,4237,16991,16993,16994,16589,16995
4237,4371,4372,4238,16994,16996,16997,16592,16998
4238,4372,4373,4239,16997,16999,17000,16595,17001
4239,4373,4374,4240,17000,17002,17003,16598,17004
4240,4374,4375,4241,17003,17005,17006,16601,17007
4241,4375,4376,4242,17006,17008,17009,16604,17010
4242,4376,4377,4243,17009,17011,17012,16607,17013
4243,4377,4378,4244,17012,17014,17015,16610,17016
4244,4378,4379,4245,17015,17017,17018,16613,17019
4245,4379,4380,4246,17018,17020,17021,16616,17022
4246,4380,4381,4247,17021,17023,17024,16619,17025
4247,4381,4382,4248,17024,17026,17027,16622,17028
4248,4382,4383,4249,17027,17029,17030,16625,17031
4249,4383,4384,4250,17030,17032,17033,16628,17034
4250,4384,4385,4251,17033,17035,17036,16631,17037
4251,4385,4386,4252,17036,17038,17039,16634,17040
4252,4386,4387,4253,17039,17041,17042,16637,17043
4253,4387,4388,4254,17042,17044,17045,16640,17046
4254,4388,4389,4255,17045,17047,17048,16643,17049
4255,4389,4390,4256,17048,17050,17051,16646,17052
4256,4390,4391,4257,17051,17053,17054,16649,17055
4257,4391,4392,4258,17054,17056,17057,16652,17058
4258,4392,4393,4259,17057,17059,17060,16655,17061
4259,4393,4394,4260,17060,17062,17063,16658,17064
4260,4394,4395,4261,17063,17065,17066,16661,17067
4261,4395,4396,4262,17066,17068,17069,16664,17070
4262,4396,4397,4263,17069,17071,17072,16667,17073
4263,4397,4398,4264,17072,17074,17075,16670,17076
4264,4398,4399,4265,17075,17077,17078,16673,17079
4265,4399,4400,4266,17078,17080,17081,16676,17082
4266,4400,4401,4267,17081,17083,17084,16679,17085
4267,4401,4402,4268,17084,17086,17087,16682,17088
4268,4402,4403,4269,17087,17089,17090,16685,17091
4269,4403,4404,4270,17090,17092,17093,16688,17094
4270,4404,4405,4271,17093,17095,17096,16691,17097
4271,4405,4406,4272,17096,17098,17099,16694,17100
4272,4406,4407,4273,17099,17101,17102,16697,17103
4273,4407,4408,4274,17102,17104,17105,16700,17106
4274,4408,4409,4275,17105,17107,17108,16703,17109
4275,4409,4410,4276,17108,17110,17111,16706,17112
4276,4410,4411,4277,17111,17113,17114,16709,17115
4277,4411,4412,4278,17114,17116,17117,16712,17118
4278,4412,4413,4279,17117,17119,17120,16715,17121
4279,4413,4414,4280,17120,17122,17123,16718,17124
4280,4414,4415,4281,17123,17125,17126,16721,17127
4281,4415,4416,4282,17126,17128,17129,16724,17130
4282,4416,4417,4283,17129,17131,17132,16727,17133
4283,4417,4418,4284,17132,17134,17135,16730,17136
4284,4418,4419,4285,17135,17137,17138,16733,17139
4285,4419,4420,4286,17138,17140,17141,16736,17142
4286,4420,4421,4287,17141,17143,17144,16739,17145
4287,4421,4422,4288,17144,17146,17147,16742,17148
4288,4422,4423,4289,17147,17149,17150,16745,17151
4289,4423,4424,4290,17150,17152,17153,16748,17154
4290,4424,4425,4291,17153,17155,17156,16751,17157
4291,4425,4426,4292,17156,17158,17159,16754,17160
4292,4426,4427,4293,17159,17161,17162,16757,17163
4293,4427,4428,4294,17162,17164,17165,16760,17166
4294,4428,4429,4295,17165,17167,17168,16763,17169
4295,4429,4430,4296,17168,17170,17171,16766,17172
4296,4430,4431,4297,17171,17173,17174,16769,17175
4297,4431,4432,4298,17174,17176,17177,16772,17178
4298,4432,4433,4299,17177,17179,17180,16775,17181
4299,4433,4434,4300,17180,17182,17183,16778,17184
4300,4434,4435,4301,17183,17185,17186,16781,17187
4301,4435,4436,4302,17186,17188,17189,16784,17190
4302,4436,4437,4303,17189,17191,17192,16787,17193
4303,4437,4438,4304,17192,17194,17195,16790,17196
4304,4438,4439,4305,17195,17197,17198,16793,17199
4305,4439,4440,4306,17198,17200,17201,16796,17202
4306,4440,4441,4307,17201,17203,17204,16799,17205
4307,4441,4442,4308,17204,17206,17207,16802,17208
4308,4442,4443,4309,17207,17209,17210,16805,17211
4309,4443,4444,4310,17210,17212,17213,16808,17214
4310,4444,4445,4311,17213,17215,17216,16811,17217
4311,4445,4446,4312,17216,17218,17219,16814,17220
4312,4446,4447,4313,17219,17221,17222,16817,17223
4313,4447,4448,4314,17222,17224,17225,16820,17226
4314,4448,4449,4315,17225,17227,17228,16823,17229
4315,4449,4450,4316,17228,17230,17231,16826,17232
4316,4450,4451,4317,17231,17233,17234,16829,17235
4317,4451,379,378,17234,17236,418,16832,17237
31,32,4452,4318,71,17238,17239,16834,17240
4318,4452,4453,4319,17239,17241,17242,16837,17243
4319,4453,4454,4320,17242,17244,17245,16840,17246
4320,4454,4455,4321,17245,17247,17248,16843,17249
4321,4455,4456,4322,17248,17250,17251,16846,17252
4322,4456,4457,4323,17251,17253,17254,16849,17255
4323,4457,4458,4324,17254,17256,17257,16852,17258
4324,4458,4459,4325,17257,17259,17260,16855,17261
4325,4459,4460,4326,17260,17262,17263,16858,17264
4326,4460,4461,4327,17263,17265,17266,16861,17267
4327,4461,4462,4328,17266,17268,17269,16864,17270
4328,4462,4463,4329,17269,17271,17272,16867,17273
4329,4463,4464,4330,17272,17274,17275,16870,17276
4330,4464,4465,4331,17275,17277,17278,16873,17279
4331,4465,4466,4332,17278,17280,17281,16876,17282
4332,4466,4467,4333,17281,17283,17284,16879,17285
4333,4467,4468,4334,17284,17286,17287,16882,17288
4334,4468,4469,4335,17287,17289,17290,16885,17291
4335,4469,4470,4336,17290,17292,17293,16888,17294
4336,4470,4471,4337,17293,17295,17296,16891,17297
4337,4471,4472,4338,17296,17298,17299,16894,17300
4338,4472,4473,4339,17299,17301,17302,16897,17303
4339,4473,4474,4340,17302,17304,17305,16900,17306
4340,4474,4475,4341,17305,17307,17308,16903,17309
4341,4475,4476,4342,17308,17310,17311,16906,17312
4342,4476,4477,4343,17311,17313,17314,16909,17315
4343,4477,4478,4344,17314,17316,17317,16912,17318
4344,4478,4479,4345,17317,17319,17320,16915,17321
4345,4479,4480,4346,17320,17322,17323,16918,17324
4346,4480,4481,4347,17323,17325,17326,16921,17327
4347,4481,4482,4348,17326,17328,17329,16924,17330
4348,4482,4483,4349,17329,17331,17332,16927,17333
4349,4483,4484,4350,17332,17334,17335,16930,17336
4350,4484,4485,4351,17335,17337,17338,16933,17339
4351,4485,4486,4352,17338,17340,17341,16936,17342
4352,4486,4487,4353,17341,17343,17344,16939,17345
4353,4487,4488,4354,17344,17346,17347,16942,17348
4354,4488,4489,4355,17347,17349,17350,16945,17351
4355,4489,4490,4356,17350,17352,17353,16948,17354
4356,4490,4491,4357,17353,17355,17356,16951,17357
4357,4491,4492,4358,17356,17358,17359,16954,17360
4358,4492,4493,4359,17359,17361,17362,16957,17363
4359,4493,4494,4360,17362,17364,17365,16960,17366
4360,4494,4495,4361,17365,17367,17368,16963,17369
4361,4495,4496,4362,17368,17370,17371,16966,17372
4362,4496,4497,4363,17371,17373,17374,16969,17375
4363,4497,4498,4364,17374,17376,17377,16972,17378
4364,4498,4499,4365,17377,17379,17380,16975,17381
4365,4499,4500,4366,17380,17382,17383,16978,17384
4366,4500,4501,4367,17383,17385,17386,16981,17387
4367,4501,4502,4368,17386,17388,17389,16984,17390
4368,4502,4503,4369,17389,17391,17392,16987,17393
4369,4503,4504,4370,17392,17394,17395,16990,17396
4370,4504,4505,4371,17395,17397,17398,16993,17399
4371,4505,4506,4372,17398,17400,17401,16996,17402
4372,4506,4507,4373,17401,17403,17404,16999,17405
4373,4507,4508,4374,17404,17406,17407,17002,17408
4374,4508,4509,4375,17407,17409,17410,17005,17411
4375,4509,4510,4376,17410,17412,17413,17008,17414
4376,4510,4511,4377,17413,17415,17416,17011,17417
4377,4511,4512,4378,17416,17418,17419,17014,17420
4378,4512,4513,4379,17419,17421,17422,17017,17423
4379,4513,4514,4380,17422,17424,17425,17020,17426
4380,4514,4515,4381,17425,17427,17428,17023,17429
4381,4515,4516,4382,17428,17430,17431,17026,17432
4382,4516,4517,4383,17431,17433,17434,17029,17435
4383,4517,4518,4384,17434,17436,17437,17032,17438
4384,4518,4519,4385,17437,17439,17440,17035,17441
4385,4519,4520,4386,17440,17442,17443,17038,17444
4386,4520,4521,4387,17443,17445,17446,17041,17447
4387,4521,4522,4388,17446,17448,17449,17044,17450
4388,4522,4523,4389,17449,17451,17452,17047,17453
4389,4523,4524,4390,17452,17454,17455,17050,17456
4390,4524,4525,4391,17455,17457,17458,17053,17459
4391,4525,4526,4392,17458,17460,17461,17056,17462
4392,4526,4527,4393,17461,17463,17464,17059,17465
4393,4527,4528,4394,17464,17466,17467,17062,17468
4394,4528,4529,4395,17467,17469,17470,17065,17471
4395,4529,4530,4396,17470,17472,17473,17068,17474
4396,4530,4531,4397,17473,17475,17476,17071,17477
4397,4531,4532,4398,17476,17478,17479,17074,17480
4398,4532,4533,4399,17479,17481,17482,17077,17483
4399,4533,4534,4400,17482,17484,17485,17080,17486
4400,4534,4535,4401,17485,17487,17488,17083,17489
4401,4535,4536,4402,17488,17490,17491,17086,17492
4402,4536,4537,4403,17491,17493,17494,17089,17495
4403,4537,4538,4404,17494,17496,17497,17092,17498
4404,4538,4539,4405,17497,17499,17500,17095,17501
4405,4539,4540,4406,17500,17502,17503,17098,17504
4406,4540,4541,4407,17503,17505,17506,17101,17507
4407,4541,4542,4408,17506,17508,17509,17104,17510
4408,4542,4543,4409,17509,17511,17512,17107,17513
4409,4543,4544,4410,17512,17514,17515,17110,17516
4410,4544,4545,4411,17515,17517,17518,17113,17519
4411,4545,4546,4412,17518,17520,17521,17116,17522
4412,4546,4547,4413,17521,17523,17524,17119,17525
4413,4547,4548,4414,17524,17526,17527,17122,17528
4414,4548,4549,4415,17527,17529,17530,17125,17531
4415,4549,4550,4416,17530,17532,17533,17128,17534
4416,4550,4551,4417,17533,17535,17536,17131,17537
4417,4551,4552,4418,17536,17538,17539,17134,17540
4418,4552,4553,4419,17539,17541,17542,17137,17543
4419,4553,4554,4420,17542,17544,17545,17140,17546
4420,4554,4555,4421,17545,17547,17548,17143,17549
4421,4555,4556,4422,17548,17550,17551,17146,17552
4422,4556,4557,4423,17551,17553,17554,17149,17555
4423,4557,4558,4424,17554,17556,17557,17152,17558
4424,4558,4559,4425,17557,17559,17560,17155,17561
4425,4559,4560,4426,17560,17562,17563,17158,17564
4426,4560,4561,4427,17563,17565,17566,17161,17567
4427,4561,4562,4428,17566,17568,17569,17164,17570
4428,4562,4563,4429,17569,17571,17572,17167,17573
4429,4563,4564,4430,17572,17574,17575,17170,17576
4430,4564,4565,4431,17575,17577,17578,17173,17579
4431,4565,4566,4432,17578,17580,17581,17176,17582
4432,4566,4567,4433,17581,17583,17584,17179,17585
4433,4567,4568,4434,17584,17586,17587,17182,17588
4434,4568,4569,4435,17587,17589,17590,17185,17591
4435,4569,4570,4436,17590,17592,17593,17188,17594
4436,4570,4571,4437,17593,17595,17596,17191,17597
4437,4571,4572,4438,17596,17598,17599,17194,17600
4438,4572,4573,4439,17599,17601,17602,17197,17603
4439,4573,4574,4440,17602,17604,17605,17200,17606
4440,4574,4575,4441,17605,17607,17608,17203,17609
4441,4575,4576,4442,17608,17610,17611,17206,17612
4442,4576,4577,4443,17611,17613,17614,17209,17615
4443,4577,4578,4444,17614,17616,17617,17212,17618
4444,4578,4579,4445,17617,17619,17620,17215,17621
4445,4579,4580,4446,17620,17622,17623,17218,17624
4446,4580,4581,4447,17623,17625,17626,17221,17627
4447,4581,4582,4448,17626,17628,17629,17224,17630
4448,4582,4583,4449,17629,17631,17632,17227,17633
4449,4583,4584,4450,17632,17634,17635,17230,17636
4450,4584,4585,4451,17635,17637,17638,17233,17639
4451,4585,380,379,17638,17640,419,17236,17641
32,33,4586,4452,72,17642,17643,17238,17644
4452,4586,4587,4453,17643,17645,17646,17241,17647
4453,4587,4588,4454,17646,17648,17649,17244,17650
4454,4588,4589,4455,17649,17651,17652,17247,17653
4455,4589,4590,4456,17652,17654,17655,17250,17656
4456,4590,4591,4457,17655,17657,17658,17253,17659
4457,4591,4592,4458,17658,17660,17661,17256,17662
4458,4592,4593,4459,17661,17663,17664,17259,17665
4459,4593,4594,4460,17664,17666,17667,17262,17668
4460,4594,4595,4461,17667,17669,17670,17265,17671
4461,4595,4596,4462,17670,17672,17673,17268,17674
4462,4596,4597,4463,17673,17675,17676,17271,17677
4463,4597,4598,4464,17676,17678,17679,17274,17680
4464,4598,4599,4465,17679,17681,17682,17277,17683
4465,4599,4600,4466,17682,17684,17685,17280,17686
4466,4600,4601,4467,17685,17687,17688,17283,17689
4467,4601,4602,4468,17688,17690,17691,17286,17692
4468,4602,4603,4469,17691,17693,17694,17289,17695
4469,4603,4604,4470,17694,17696,17697,17292,17698
4470,4604,4605,4471,17697,17699,17700,17295,17701
4471,4605,4606,4472,17700,17702,17703,17298,17704
4472,4606,4607,4473,17703,17705,17706,17301,17707
4473,4607,4608,4474,17706,17708,17709,17304,17710
4474,4608,4609,4475,17709,17711,17712,17307,17713
4475,4609,4610,4476,17712,17714,17715,17310,17716
4476,4610,4611,4477,17715,17717,17718,17313,17719
4477,4611,4612,4478,17718,17720,17721,17316,17722
4478,4612,4613,4479,17721,17723,17724,17319,17725
4479,4613,4614,4480,17724,17726,17727,17322,17728
4480,4614,4615,4481,17727,17729,17730,17325,17731
4481,4615,4616,4482,17730,17732,17733,17328,17734
4482,4616,4617,4483,17733,17735,17736,17331,17737
4483,4617,4618,4484,17736,17738,17739,17334,17740
4484,4618,4619,4485,17739,17741,17742,17337,17743
4485,4619,4620,4486,17742,17744,17745,17340,17746
4486,4620,4621,4487,17745,17747,17748,17343,17749
4487,4621,4622,4488,17748,17750,17751,17346,17752
4488,4622,4623,4489,17751,17753,17754,17349,17755
4489,4623,4624,4490,17754,17756,17757,17352,17758
4490,4624,4625,4491,17757,17759,17760,17355,17761
4491,4625,4626,4492,17760,17762,17763,17358,17764
4492,4626,4627,4493,17763,17765,17766,17361,17767
4493,4627,4628,4494,17766,17768,17769,17364,17770
4494,4628,4629,4495,17769,17771,17772,17367,17773
4495,4629,4630,4496,17772,17774,17775,17370,17776
4496,4630,4631,4497,17775,17777,17778,17373,17779
4497,4631,4632,4498,17778,17780,17781,17376,17782
4498,4632,4633,4499,17781,17783,17784,17379,17785
4499,4633,4634,4500,17784,17786,17787,17382,17788
4500,4634,4635,4501,17787,17789,17790,17385,17791
4501,4635,4636,4502,17790,17792,17793,17388,17794
4502,4636,4637,4503,17793,17795,17796,17391,17797
4503,4637,4638,4504,17796,17798,17799,17394,17800
4504,4638,4639,4505,17799,17801,17802,17397,17803
4505,4639,4640,4506,17802,17804,17805,17400,17806
4506,4640,4641,4507,17805,17807,17808,17403,17809
4507,4641,4642,4508,17808,17810,17811,17406,17812
4508,4642,4643,4509,17811,17813,17814,17409,17815
4509,4643,4644,4510,17814,17816,17817,17412,17818
4510,4644,4645,4511,17817,17819,17820,17415,17821
4511,4645,4646,4512,17820,17822,17823,17418,17824
4512,4646,4647,4513,17823,17825,17826,17421,17827
4513,4647,4648,4514,17826,17828,17829,17424,17830
4514,4648,4649,4515,17829,17831,17832,17427,17833
4515,4649,4650,4516,17832,17834,17835,17430,17836
4516,4650,4651,4517,17835,17837,17838,17433,17839
4517,4651,4652,4518,17838,17840,17841,17436,17842
4518,4652,4653,4519,17841,17843,17844,17439,17845
4519,4653,4654,4520,17844,17846,17847,17442,17848
4520,4654,4655,4521,17847,17849,17850,17445,17851
4521,4655,4656,4522,17850,17852,17853,17448,17854
4522,4656,4657,4523,17853,17855,17856,17451,17857
4523,4657,4658,4524,17856,17858,17859,17454,17860
4524,4658,4659,4525,17859,17861,17862,17457,17863
4525,4659,4660,4526,17862,17864,17865,17460,17866
4526,4660,4661,4527,17865,17867,17868,17463,17869
4527,4661,4662,4528,17868,17870,17871,17466,17872
4528,4662,4663,4529,17871,17873,17874,17469,17875
4529,4663,4664,4530,17874,17876,17877,17472,17878
4530,4664,4665,4531,17877,17879,17880,17475,17881
4531,4665,4666,4532,17880,17882,17883,17478,17884
4532,4666,4667,4533,17883,17885,17886,17481,17887
4533,4667,4668,4534,17886,17888,17889,17484,17890
4534,4668,4669,4535,17889,17891,17892,17487,17893
4535,4669,4670,4536,17892,17894,17895,17490,17896
4536,4670,4671,4537,17895,17897,17898,17493,17899
4537,4671,4672,4538,17898,17900,17901,17496,17902
4538,4672,4673,4539,17901,17903,17904,17499,17905
4539,4673,4674,4540,17904,17906,17907,17502,17908
4540,4674,4675,4541,17907,17909,17910,17505,17911
4541,4675,4676,4542,17910,17912,17913,17508,17914
4542,4676,4677,4543,17913,17915,17916,17511,17917
4543,4677,4678,4544,17916,17918,17919,17514,17920
4544,4678,4679,4545,17919,17921,17922,17517,17923
4545,4679,4680,4546,17922,17924,17925,17520,17926
4546,4680,4681,4547,17925,17927,17928,17523,17929
4547,4681,4682,4548,17928,17930,17931,17526,17932
4548,4682,4683,4549,17931,17933,17934,17529,17935
4549,4683,4684,4550,17934,17936,17937,17532,17938
4550,4684,4685,4551,17937,17939,17940,17535,17941
4551,4685,4686,4552,17940,17942,17943,17538,17944
4552,4686,4687,4553,17943,17945,17946,17541,17947
4553,4687,4688,4554,17946,17948,17949,17544,17950
4554,4688,4689,4555,17949,17951,17952,17547,17953
4555,4689,4690,4556,17952,17954,17955,17550,17956
4556,4690,4691,4557,17955,17957,17958,17553,17959
4557,4691,4692,4558,17958,17960,17961,17556,17962
4558,4692,4693,4559,17961,17963,17964,17559,17965
4559,4693,4694,4560,17964,17966,17967,17562,17968
4560,4694,4695,4561,17967,17969,17970,17565,17971
4561,4695,4696,4562,17970,17972,17973,17568,17974
4562,4696,4697,4563,17973,17975,17976,17571,17977
4563,4697,4698,4564,17976,17978,17979,17574,17980
4564,4698,4699,4565,17979,17981,17982,17577,17983
4565,4699,4700,4566,17982,17984,17985,17580,17986
4566,4700,4701,4567,17985,17987,17988,17583,17989
4567,4701,4702,4568,17988,17990,17991,17586,17992
4568,4702,4703,4569,17991,17993,17994,17589,17995
4569,4703,4704,4570,17994,17996,17997,17592,17998
4570,4704,4705,4571,17997,17999,18000,17595,18001
4571,4705,4706,4572,18000,18002,18003,17598,18004
4572,4706,4707,4573,18003,18005,18006,17601,18007
4573,4707,4708,4574,18006,18008,18009,17604,18010
4574,4708,4709,4575,18009,18011,18012,17607,18013
4575,4709,4710,4576,18012,18014,18015,17610,18016
4576,4710,4711,4577,18015,18017,18018,17613,18019
4577,4711,4712,4578,18018,18020,18021,17616,18022
4578,4712,4713,4579,18021,18023,18024,17619,18025
4579,4713,4714,4580,18024,18026,18027,17622,18028
4580,4714,4715,4581,18027,18029,18030,17625,18031
4581,4715,4716,4582,18030,18032,18033,17628,18034
4582,4716,4717,4583,18033,18035,18036,17631,18037
4583,4717,4718,4584,18036,18038,18039,17634,18040
4584,4718,4719,4585,18039,18041,18042,17637,18043
4585,4719,381,380,18042,18044,420,17640,18045
33,34,4720,4586,73,18046,18047,17642,18048
4586,4720,4721,4587,18047,18049,18050,17645,18051
4587,4721,4722,4588,18050,18052,18053,17648,18054
4588,4722,4723,4589,18053,18055,18056,17651,18057
4589,4723,4724,4590,18056,18058,18059,17654,18060
4590,4724,4725,4591,18059,18061,18062,17657,18063
4591,4725,4726,4592,18062,18064,18065,17660,18066
4592,4726,4727,4593,18065,18067,18068,17663,18069
4593,4727,4728,4594,18068,18070,18071,17666,18072
4594,4728,4729,4595,18071,18073,18074,17669,18075
4595,4729,4730,4596,18074,18076,18077,17672,18078
4596,4730,4731,4597,18077,18079,18080,17675,18081
4597,4731,4732,4598,18080,18082,18083,17678,18084
4598,4732,4733,4599,18083,18085,18086,17681,18087
4599,4733,4734,4600,18086,18088,18089,17684,18090
4600,4734,4735,4601,18089,18091,18092,17687,18093
4601,4735,4736,4602,18092,18094,18095,17690,18096
4602,4736,4737,4603,18095,18097,18098,17693,18099
4603,4737,4738,4604,18098,18100,18101,17696,18102
4604,4738,4739,4605,18101,18103,18104,17699,18105
4605,4739,4740,4606,18104,18106,18107,17702,18108
4606,4740,4741,4607,18107,18109,18110,17705,18111
4607,4741,4742,4608,18110,18112,18113,17708,18114
4608,4742,4743,4609,18113,18115,18116,17711,18117
4609,4743,4744,4610,18116,18118,18119,17714,18120
4610,4744,4745,4611,18119,18121,18122,17717,18123
4611,4745,4746,4612,18122,18124,18125,17720,18126
4612,4746,4747,4613,18125,18127,18128,17723,18129
4613,4747,4748,4614,18128,18130,18131,17726,18132
4614,4748,4749,4615,18131,18133,18134,17729,18135
4615,4749,4750,4616,18134,18136,18137,17732,18138
4616,4750,4751,4617,18137,18139,18140,17735,18141
4617,4751,4752,4618,18140,18142,18143,17738,18144
4618,4752,4753,4619,18143,18145,18146,17741,18147
4619,4753,4754,4620,18146,18148,18149,17744,18150
4620,4754,4755,4621,18149,18151,18152,17747,18153
4621,4755,4756,4622,18152,18154,18155,17750,18156
4622,4756,4757,4623,18155,18157,18158,17753,18159
4623,4757,4758,4624,18158,18160,18161,17756,18162
4624,4758,4759,4625,18161,18163,18164,17759,18165
4625,4759,4760,4626,18164,18166,18167,17762,18168
4626,4760,4761,4627,18167,18169,18170,17765,18171
4627,4761,4762,4628,18170,18172,18173,17768,18174
4628,4762,4763,4629,18173,18175,18176,17771,18177
4629,4763,4764,4630,18176,18178,18179,17774,18180
4630,4764,4765,4631,18179,18181,18182,17777,18183
4631,4765,4766,4632,18182,18184,18185,17780,18186
4632,4766,4767,4633,18185,18187,18188,17783,18189
4633,4767,4768,4634,18188,18190,18191,17786,18192
4634,4768,4769,4635,18191,18193,18194,17789,18195
4635,4769,4770,4636,18194,18196,18197,17792,18198
4636,4770,4771,4637,18197,18199,18200,17795,18201
4637,4771,4772,4638,18200,18202,18203,17798,18204
4638,4772,4773,4639,18203,18205,18206,17801,18207
4639,4773,4774,4640,18206,18208,18209,17804,18210
4640,4774,4775,4641,18209,18211,18212,17807,18213
4641,4775,4776,4642,18212,18214,18215,17810,18216
4642,4776,4777,4643,18215,18217,18218,17813,18219
4643,4777,4778,4644,18218,18220,18221,17816,18222
4644,4778,4779,4645,18221,18223,18224,17819,18225
4645,4779,4780,4646,18224,18226,18227,17822,18228
4646,4780,4781,4647,18227,18229,18230,17825,18231
4647,4781,4782,4648,18230,18232,18233,17828,18234
4648,4782,4783,4649,18233,18235,18236,17831,18237
4649,4783,4784,4650,18236,18238,18239,17834,18240
4650,4784,4785,4651,18239,18241,18242,17837,18243
4651,4785,4786,4652,18242,18244,18245,17840,18246
4652,4786,4787,4653,18245,18247,18248,17843,18249
4653,4787,4788,4654,18248,18250,18251,17846,18252
4654,4788,4789,4655,18251,18253,18254,17849,18255
4655,4789,4790,4656,18254,18256,18257,17852,18258
4656,4790,4791,4657,18257,18259,18260,17855,18261
4657,4791,4792,4658,18260,18262,18263,17858,18264
4658,4792,4793,4659,18263,18265,18266,17861,18267
4659,4793,4794,4660,18266,18268,18269,17864,18270
4660,4794,4795,4661,18269,18271,18272,17867,18273
4661,4795,4796,4662,18272,18274,18275,17870,18276
4662,4796,4797,4663,18275,18277,18278,17873,18279
4663,4797,4798,4664,18278,18280,18281,17876,18282
4664,4798,4799,4665,18281,18283,18284,17879,18285
4665,4799,4800,4666,18284,18286,18287,17882,18288
4666,4800,4801,4667,18287,18289,18290,17885,18291
4667,4801,4802,4668,18290,18292,18293,17888,18294
4668,4802,4803,4669,18293,18295,18296,17891,18297
4669,4803,4804,4670,18296,18298,18299,17894,18300
4670,4804,4805,4671,18299,18301,18302,17897,18303
4671,4805,4806,4672,18302,18304,18305,17900,18306
4672,4806,4807,4673,18305,18307,18308,17903,18309
4673,4807,4808,4674,18308,18310,18311,17906,18312
4674,4808,4809,4675,18311,18313,18314,17909,18315
4675,4809,4810,4676,18314,18316,18317,17912,18318
4676,4810,4811,4677,18317,18319,18320,17915,18321
4677,4811,4812,4678,18320,18322,18323,17918,18324
4678,4812,4813,4679,18323,18325,18326,17921,18327
4679,4813,4814,4680,18326,18328,18329,17924,18330
4680,4814,4815,4681,18329,18331,18332,17927,18333
4681,4815,4816,4682,18332,18334,18335,17930,18336
4682,4816,4817,4683,18335,18337,18338,17933,18339
4683,4817,4818,4684,18338,18340,18341,17936,18342
4684,4818,4819,4685,18341,18343,18344,17939,18345
4685,4819,4820,4686,18344,18346,18347,17942,18348
4686,4820,4821,4687,18347,18349,18350,17945,18351
4687,4821,4822,4688,18350,18352,18353,17948,18354
4688,4822,4823,4689,18353,18355,18356,17951,18357
4689,4823,4824,4690,18356,18358,18359,17954,18360
4690,4824,4825,4691,18359,18361,18362,17957,18363
4691,4825,4826,4692,18362,18364,18365,17960,18366
4692,4826,4827,4693,18365,18367,18368,17963,18369
4693,4827,4828,4694,18368,18370,18371,17966,18372
4694,4828,4829,4695,18371,18373,18374,17969,18375
4695,4829,4830,4696,18374,18376,18377,17972,18378
4696,4830,4831,4697,18377,18379,18380,17975,18381
4697,4831,4832,4698,18380,18382,18383,17978,18384
4698,4832,4833,4699,18383,18385,18386,17981,18387
4699,4833,4834,4700,18386,18388,18389,17984,18390
4700,4834,4835,4701,18389,18391,18392,17987,18393
4701,4835,4836,4702,18392,18394,18395,17990,18396
4702,4836,4837,4703,18395,18397,18398,17993,18399
4703,4837,4838,4704,18398,18400,18401,17996,18402
4704,4838,4839,4705,18401,18403,18404,17999,18405
4705,4839,4840,4706,18404,18406,18407,18002,18408
4706,4840,4841,4707,18407,18409,18410,18005,18411
4707,4841,4842,4708,18410,18412,18413,18008,18414
4708,4842,4843,4709,18413,18415,18416,18011,18417
4709,4843,4844,4710,18416,18418,18419,18014,18420
4710,4844,4845,4711,18419,18421,18422,18017,18423
4711,4845,4846,4712,18422,18424,18425,18020,18426
4712,4846,4847,4713,18425,18427,18428,18023,18429
4713,4847,4848,4714,18428,18430,18431,18026,18432
4714,4848,4849,4715,18431,18433,18434,18029,18435
4715,4849,4850,4716,18434,18436,18437,18032,18438
4716,4850,4851,4717,18437,18439,18440,18035,18441
4717,4851,4852,4718,18440,18442,18443,18038,18444
4718,4852,4853,4719,18443,18445,18446,18041,18447
4719,4853,382,381,18446,18448,421,18044,18449
34,35,4854,4720,74,18450,18451,18046,18452
4720,4854,4855,4721,18451,18453,18454,18049,18455
4721,4855,4856,4722,18454,18456,18457,18052,18458
4722,4856,4857,4723,18457,18459,18460,18055,18461
4723,4857,4858,4724,18460,18462,18463,18058,18464
4724,4858,4859,4725,18463,18465,18466,18061,18467
4725,4859,4860,4726,18466,18468,18469,18064,18470
4726,4860,4861,4727,18469,18471,18472,18067,18473
4727,4861,4862,4728,18472,18474,18475,18070,18476
4728,4862,4863,4729,18475,18477,18478,18073,18479
4729,4863,4864,4730,18478,18480,18481,18076,18482
4730,4864,4865,4731,18481,18483,18484,18079,18485
4731,4865,4866,4732,18484,18486,18487,18082,18488
4732,4866,4867,4733,18487,18489,18490,18085,18491
4733,4867,4868,4734,18490,18492,18493,18088,18494
4734,4868,4869,4735,18493,18495,18496,18091,18497
4735,4869,4870,4736,18496,18498,18499,18094,18500
4736,4870,4871,4737,18499,18501,18502,18097,18503
4737,4871,4872,4738,18502,18504,18505,18100,18506
4738,4872,4873,4739,18505,18507,18508,18103,18509
4739,4873,4874,4740,18508,18510,18511,18106,18512
4740,4874,4875,4741,18511,18513,18514,18109,18515
4741,4875,4876,4742,18514,18516,18517,18112,18518
4742,4876,4877,4743,18517,18519,18520,18115,18521
4743,4877,4878,4744,18520,18522,18523,18118,18524
4744,4878,4879,4745,18523,18525,18526,18121,18527
4745,4879,4880,4746,18526,18528,18529,18124,18530
4746,4880,4881,4747,18529,18531,18532,18127,18533
4747,4881,4882,4748,18532,18534,18535,18130,18536
4748,4882,4883,4749,18535,18537,18538,18133,18539
4749,4883,4884,4750,18538,18540,18541,18136,18542
4750,4884,4885,4751,18541,18543,18544,18139,18545
4751,4885,4886,4752,18544,18546,18547,18142,18548
4752,4886,4887,4753,18547,18549,18550,18145,18551
4753,4887,4888,4754,18550,18552,18553,18148,18554
4754,4888,4889,4755,18553,18555,18556,18151,18557
4755,4889,4890,4756,18556,18558,18559,18154,18560
4756,4890,4891,4757,18559,18561,18562,18157,18563
4757,4891,4892,4758,18562,18564,18565,18160,18566
4758,4892,4893,4759,18565,18567,18568,18163,18569
4759,4893,4894,4760,18568,18570,18571,18166,18572
4760,4894,4895,4761,18571,18573,18574,18169,18575
4761,4895,4896,4762,18574,18576,18577,18172,18578
4762,4896,4897,4763,18577,18579,18580,18175,18581
4763,4897,4898,4764,18580,18582,18583,18178,18584
4764,4898,4899,4765,18583,18585,18586,18181,18587
4765,4899,4900,4766,18586,18588,18589,18184,18590
4766,4900,4901,4767,18589,18591,18592,18187,18593
4767,4901,4902,4768,18592,18594,18595,18190,18596
4768,4902,4903,4769,18595,18597,18598,18193,18599
4769,4903,4904,4770,18598,18600,18601,18196,18602
4770,4904,4905,4771,18601,18603,18604,18199,18605
4771,4905,4906,4772,18604,18606,18607,18202,18608
4772,4906,4907,4773,18607,18609,18610,18205,18611
4773,4907,4908,4774,18610,18612,18613,18208,18614
4774,4908,4909,4775,18613,18615,18616,18211,18617
4775,4909,4910,4776,18616,18618,18619,18214,18620
4776,4910,4911,4777,18619,18621,18622,18217,18623
4777,4911,4912,4778,18622,18624,18625,18220,18626
4778,4912,4913,4779,18625,18627,18628,18223,18629
4779,4913,4914,4780,18628,18630,18631,18226,18632
4780,4914,4915,4781,18631,18633,18634,18229,18635
4781,4915,4916,4782,18634,18636,18637,18232,18638
4782,4916,4917,4783,18637,18639,18640,18235,18641
4783,4917,4918,4784,18640,18642,18643,18238,18644
4784,4918,4919,4785,18643,18645,18646,18241,18647
4785,4919,4920,4786,18646,18648,18649,18244,18650
4786,4920,4921,4787,18649,18651,18652,18247,18653
4787,4921,4922,4788,18652,18654,18655,18250,18656
4788,4922,4923,4789,18655,18657,18658,18253,18659
4789,4923,4924,4790,18658,18660,18661,18256,18662
4790,4924,4925,4791,18661,18663,18664,18259,18665
4791,4925,4926,4792,18664,18666,18667,18262,18668
4792,4926,4927,4793,18667,18669,18670,18265,18671
4793,4927,4928,4794,18670,18672,18673,18268,18674
4794,4928,4929,4795,18673,18675,18676,18271,18677
4795,4929,4930,4796,18676,18678,18679,18274,18680
4796,4930,4931,4797,18679,18681,18682,18277,18683
4797,4931,4932,4798,18682,18684,18685,18280,18686
4798,4932,4933,4799,18685,18687,18688,18283,18689
4799,4933,4934,4800,18688,18690,18691,18286,18692
4800,4934,4935,4801,18691,18693,18694,18289,18695
4801,4935,4936,4802,18694,18696,18697,18292,18698
4802,4936,4937,4803,18697,18699,18700,18295,18701
4803,4937,4938,4804,18700,18702,18703,18298,18704
4804,4938,4939,4805,18703,18705,18706,18301,18707
4805,4939,4940,4806,18706,18708,18709,18304,18710
4806,4940,4941,4807,18709,18711,18712,18307,18713
4807,4941,4942,4808,18712,18714,18715,18310,18716
4808,4942,4943,4809,18715,18717,18718,18313,18719
4809,4943,4944,4810,18718,18720,18721,18316,18722
4810,4944,4945,4811,18721,18723,18724,18319,18725
4811,4945,4946,4812,18724,18726,18727,18322,18728
4812,4946,4947,4813,18727,18729,18730,18325,18731
4813,4947,4948,4814,18730,18732,18733,18328,18734
4814,4948,4949,4815,18733,18735,18736,18331,18737
4815,4949,4950,4816,18736,18738,18739,18334,18740
4816,4950,4951,4817,18739,18741,18742,18337,18743
4817,4951,4952,4818,18742,18744,18745,18340,18746
4818,4952,4953,4819,18745,18747,18748,18343,18749
4819,4953,4954,4820,18748,18750,18751,18346,18752
4820,4954,4955,4821,18751,18753,18754,18349,18755
4821,4955,4956,4822,18754,18756,18757,18352,18758
4822,4956,4957,4823,18757,18759,18760,18355,18761
4823,4957,4958,4824,18760,18762,18763,18358,18764
4824,4958,4959,4825,18763,18765,18766,18361,18767
4825,4959,4960,4826,18766,18768,18769,18364,18770
4826,4960,4961,4827,18769,18771,18772,18367,18773
4827,4961,4962,4828,18772,18774,18775,18370,18776
4828,4962,4963,4829,18775,18777,18778,18373,18779
4829,4963,4964,4830,18778,18780,18781,18376,18782
4830,4964,4965,4831,18781,18783,18784,18379,18785
4831,4965,4966,4832,18784,18786,18787,18382,18788
4832,4966,4967,4833,18787,18789,18790,18385,18791
4833,4967,4968,4834,18790,18792,18793,18388,18794
4834,4968,4969,4835,18793,18795,18796,18391,18797
4835,4969,4970,4836,18796,18798,18799,18394,18800
4836,4970,4971,4837,18799,18801,18802,18397,18803
4837,4971,4972,4838,18802,18804,18805,18400,18806
4838,4972,4973,4839,18805,18807,18808,18403,18809
4839,4973,4974,4840,18808,18810,18811,18406,18812
4840,4974,4975,4841,18811,18813,18814,18409,18815
4841,4975,4976,4842,18814,18816,18817,18412,18818
4842,4976,4977,4843,18817,18819,18820,18415,18821
4843,4977,4978,4844,18820,18822,18823,18418,18824
4844,4978,4979,4845,18823,18825,18826,18421,18827
4845,4979,4980,4846,18826,18828,18829,18424,18830
4846,4980,4981,4847,18829,18831,18832,18427,18833
4847,4981,4982,4848,18832,18834,18835,18430,18836
4848,4982,4983,4849,18835,18837,18838,18433,18839
4849,4983,4984,4850,18838,18840,18841,18436,18842
4850,4984,4985,4851,18841,18843,18844,18439,18845
4851,4985,4986,4852,18844,18846,18847,18442,18848
4852,4986,4987,4853,18847,18849,18850,18445,18851
4853,4987,383,382,18850,18852,422,18448,18853
35,36,4988,4854,75,18854,18855,18450,18856
4854,4988,4989,4855,18855,18857,18858,18453,18859
4855,4989,4990,4856,18858,18860,18861,18456,18862
4856,4990,4991,4857,18861,18863,18864,18459,18865
4857,4991,4992,4858,18864,18866,18867,18462,18868
4858,4992,4993,4859,18867,18869,18870,18465,18871
4859,4993,4994,4860,18870,18872,18873,18468,18874
4860,4994,4995,4861,18873,18875,18876,18471,18877
4861,4995,4996,4862,18876,18878,18879,18474,18880
4862,4996,4997,4863,18879,18881,18882,18477,18883
4863,4997,4998,4864,18882,18884,18885,18480,18886
4864,4998,4999,4865,18885,18887,18888,18483,18889
4865,4999,5000,4866,18888,18890,18891,18486,18892
4866,5000,5001,4867,18891,18893,18894,18489,18895
4867,5001,5002,4868,18894,18896,18897,18492,18898
4868,5002,5003,4869,18897,18899,18900,18495,18901
4869,5003,5004,4870,18900,18902,18903,18498,18904
4870,5004,5005,4871,18903,18905,18906,18501,18907
4871,5005,5006,4872,18906,18908,18909,18504,18910
4872,5006,5007,4873,18909,18911,18912,18507,18913
4873,5007,5008,4874,18912,18914,18915,18510,18916
4874,5008,5009,4875,18915,18917,18918,18513,18919
4875,5009,5010,4876,18918,18920,18921,18516,18922
4876,5010,5011,4877,18921,18923,18924,18519,18925
4877,5011,5012,4878,18924,18926,18927,18522,18928
4878,5012,5013,4879,18927,18929,18930,18525,18931
4879,5013,5014,4880,18930,18932,18933,18528,18934
4880,5014,5015,4881,18933,18935,18936,18531,18937
4881,5015,5016,4882,18936,18938,18939,18534,18940
4882,5016,5017,4883,18939,18941,18942,18537,18943
4883,5017,5018,4884,18942,18944,18945,18540,18946
4884,5018,5019,4885,18945,18947,18948,18543,18949
4885,5019,5020,4886,18948,18950,18951,18546,18952
4886,5020,5021,4887,18951,18953,18954,18549,18955
4887,5021,5022,4888,18954,18956,18957,18552,18958
4888,5022,5023,4889,18957,18959,18960,18555,18961
4889,5023,5024,4890,18960,18962,18963,18558,18964
4890,5024,5025,4891,18963,18965,18966,18561,18967
4891,5025,5026,4892,18966,18968,18969,18564,18970
4892,5026,5027,4893,18969,18971,18972,18567,18973
4893,5027,5028,4894,18972,18974,18975,18570,18976
4894,5028,5029,4895,18975,18977,18978,18573,18979
4895,5029,5030,4896,18978,18980,18981,18576,18982
4896,5030,5031,4897,18981,18983,18984,18579,18985
4897,5031,5032,4898,18984,18986,18987,18582,18988
4898,5032,5033,4899,18987,18989,18990,18585,18991
4899,5033,5034,4900,18990,18992,18993,18588,18994
4900,5034,5035,4901,18993,18995,18996,18591,18997
4901,5035,5036,4902,18996,18998,18999,18594,19000
4902,5036,5037,4903,18999,19001,19002,18597,19003
4903,5037,5038,4904,19002,19004,19005,18600,19006
4904,5038,5039,4905,19005,19007,19008,18603,19009
4905,5039,5040,4906,19008,19010,19011,18606,19012
4906,5040,5041,4907,19011,19013,19014,18609,19015
4907,5041,5042,4908,19014,19016,19017,18612,19018
4908,5042,5043,4909,19017,19019,19020,18615,19021
4909,5043,5044,4910,19020,19022,19023,18618,19024
4910,5044,5045,4911,19023,19025,19026,18621,19027
4911,5045,5046,4912,19026,19028,19029,18624,19030
4912,5046,5047,4913,19029,19031,19032,18627,19033
4913,5047,5048,4914,19032,19034,19035,18630,19036
4914,5048,5049,4915,19035,19037,19038,18633,19039
4915,5049,5050,4916,19038,19040,19041,18636,19042
4916,5050,5051,4917,19041,19043,19044,18639,19045
4917,5051,5052,4918,19044,19046,19047,18642,19048
4918,5052,5053,4919,19047,19049,19050,18645,19051
4919,5053,5054,4920,19050,19052,19053,18648,19054
4920,5054,5055,4921,19053,19055,19056,18651,19057
4921,5055,5056,4922,19056,19058,19059,18654,19060
4922,5056,5057,4923,19059,19061,19062,18657,19063
4923,5057,5058,4924,19062,19064,19065,18660,19066
4924,5058,5059,4925,19065,19067,19068,18663,19069
4925,5059,5060,4926,19068,19070,19071,18666,19072
4926,5060,5061,4927,19071,19073,19074,18669,19075
4927,5061,5062,4928,19074,19076,19077,18672,19078
4928,5062,5063,4929,19077,19079,19080,18675,19081
4929,5063,5064,4930,19080,19082,19083,18678,19084
4930,5064,5065,4931,19083,19085,19086,18681,19087
4931,5065,5066,4932,19086,19088,19089,18684,19090
4932,5066,5067,4933,19089,19091,19092,18687,19093
4933,5067,5068,4934,19092,19094,19095,18690,19096
4934,5068,5069,4935,19095,19097,19098,18693,19099
4935,5069,5070,4936,19098,19100,19101,18696,19102
4936,5070,5071,4937,19101,19103,19104,18699,19105
4937,5071,5072,4938,19104,19106,19107,18702,19108
4938,5072,5073,4939,19107,19109,19110,18705,19111
4939,5073,5074,4940,19110,19112,19113,18708,19114
4940,5074,5075,4941,19113,19115,19116,18711,19117
4941,5075,5076,4942,19116,19118,19119,18714,19120
4942,5076,5077,4943,19119,19121,19122,18717,19123
4943,5077,5078,4944,19122,19124,19125,18720,19126
4944,5078,5079,4945,19125,19127,19128,18723,19129
4945,5079,5080,4946,19128,19130,19131,18726,19132
4946,5080,5081,4947,19131,19133,19134,18729,19135
4947,5081,5082,4948,19134,19136,19137,18732,19138
4948,5082,5083,4949,19137,19139,19140,18735,19141
4949,5083,5084,4950,19140,19142,19143,18738,19144
4950,5084,5085,4951,19143,19145,19146,18741,19147
4951,5085,5086,4952,19146,19148,19149,18744,19150
4952,5086,5087,4953,19149,19151,19152,18747,19153
4953,5087,5088,4954,19152,19154,19155,18750,19156
4954,5088,5089,4955,19155,19157,19158,18753,19159
4955,5089,5090,4956,19158,19160,19161,18756,19162
4956,5090,5091,4957,19161,19163,19164,18759,19165
4957,5091,5092,4958,19164,19166,19167,18762,19168
4958,5092,5093,4959,19167,19169,19170,18765,19171
4959,5093,5094,4960,19170,19172,19173,18768,19174
4960,5094,5095,4961,19173,19175,19176,18771,19177
4961,5095,5096,4962,19176,19178,19179,18774,19180
4962,5096,5097,4963,19179,19181,19182,18777,19183
4963,5097,5098,4964,19182,19184,19185,18780,19186
4964,5098,5099,4965,19185,19187,19188,18783,19189
4965,5099,5100,4966,19188,19190,19191,18786,19192
4966,5100,5101,4967,19191,19193,19194,18789,19195
4967,5101,5102,4968,19194,19196,19197,18792,19198
4968,5102,5103,4969,19197,19199,19200,18795,19201
4969,5103,5104,4970,19200,19202,19203,18798,19204
4970,5104,5105,4971,19203,19205,19206,18801,19207
4971,5105,5106,4972,19206,19208,19209,18804,19210
4972,5106,5107,4973,19209,19211,19212,18807,19213
4973,5107,5108,4974,19212,19214,19215,18810,19216
4974,5108,5109,4975,19215,19217,19218,18813,19219
4975,5109,5110,4976,19218,19220,19221,18816,19222
4976,5110,5111,4977,19221,19223,19224,18819,19225
4977,5111,5112,4978,19224,19226,19227,18822,19228
4978,5112,5113,4979,19227,19229,19230,18825,19231
4979,5113,5114,4980,19230,19232,19233,18828,19234
4980,5114,5115,4981,19233,19235,19236,18831,19237
4981,5115,5116,4982,19236,19238,19239,18834,19240
4982,5116,5117,4983,19239,19241,19242,18837,19243
4983,5117,5118,4984,19242,19244,19245,18840,19246
4984,5118,5119,4985,19245,19247,19248,18843,19249
4985,5119,5120,4986,19248,19250,19251,18846,19252
4986,5120,5121,4987,19251,19253,19254,18849,19255
4987,5121,384,383,19254,19256,423,18852,19257
36,37,5122,4988,76,19258,19259,18854,19260
4988,5122,5123,4989,19259,19261,19262,18857,19263
4989,5123,5124,4990,19262,19264,19265,18860,19266
4990,5124,5125,4991,19265,19267,19268,18863,19269
4991,5125,5126,4992,19268,19270,19271,18866,19272
4992,5126,5127,4993,19271,19273,19274,18869,19275
4993,5127,5128,4994,19274,19276,19277,18872,19278
4994,5128,5129,4995,19277,19279,19280,18875,19281
4995,5129,5130,4996,19280,19282,19283,18878,19284
4996,5130,5131,4997,19283,19285,19286,18881,19287
4997,5131,5132,4998,19286,19288,19289,18884,19290
4998,5132,5133,4999,19289,19291,19292,18887,19293
4999,5133,5134,5000,19292,19294,19295,18890,19296
5000,5134,5135,5001,19295,19297,19298,18893,19299
5001,5135,5136,5002,19298,19300,19301,18896,19302
5002,5136,5137,5003,19301,19303,19304,18899,19305
5003,5137,5138,5004,19304,19306,19307,18902,19308
5004,5138,5139,5005,19307,19309,19310,18905,19311
5005,5139,5140,5006,19310,19312,19313,18908,19314
5006,5140,5141,5007,19313,19315,19316,18911,19317
5007,5141,5142,5008,19316,19318,19319,18914,19320
5008,5142,5143,5009,19319,19321,19322,18917,19323
5009,5143,5144,5010,19322,19324,19325,18920,19326
5010,5144,5145,5011,19325,19327,19328,18923,19329
5011,5145,5146,5012,19328,19330,19331,18926,19332
5012,5146,5147,5013,19331,19333,19334,18929,19335
5013,5147,5148,5014,19334,19336,19337,18932,19338
5014,5148,5149,5015,19337,19339,19340,18935,19341
5015,5149,5150,5016,19340,19342,19343,18938,19344
5016,5150,5151,5017,19343,19345,19346,18941,19347
5017,5151,5152,5018,19346,19348,19349,18944,19350
5018,5152,5153,5019,19349,19351,19352,18947,19353
5019,5153,5154,5020,19352,19354,19355,18950,19356
5020,5154,5155,5021,19355,19357,19358,18953,19359
5021,5155,5156,5022,19358,19360,19361,18956,19362
5022,5156,5157,5023,19361,19363,19364,18959,19365
5023,5157,5158,5024,19364,19366,19367,18962,19368
5024,5158,5159,5025,19367,19369,19370,18965,19371
5025,5159,5160,5026,19370,19372,19373,18968,19374
5026,5160,5161,5027,19373,19375,19376,18971,19377
5027,5161,5162,5028,19376,19378,19379,18974,19380
5028,5162,5163,5029,19379,19381,19382,18977,19383
5029,5163,5164,5030,19382,19384,19385,18980,19386
5030,5164,5165,5031,19385,19387,19388,18983,19389
5031,5165,5166,5032,19388,19390,19391,18986,19392
5032,5166,5167,5033,19391,19393,19394,18989,19395
5033,5167,5168,5034,19394,19396,19397,18992,19398
5034,5168,5169,5035,19397,19399,19400,18995,19401
5035,5169,5170,5036,19400,19402,19403,18998,19404
5036,5170,5171,5037,19403,19405,19406,19001,19407
5037,5171,5172,5038,19406,19408,19409,19004,19410
5038,5172,5173,5039,19409,19411,19412,19007,19413
5039,5173,5174,5040,19412,19414,19415,19010,19416
5040,5174,5175,5041,19415,19417,19418,19013,19419
5041,5175,5176,5042,19418,19420,19421,19016,19422
5042,5176,5177,5043,19421,19423,19424,19019,19425
5043,5177,5178,5044,19424,19426,19427,19022,19428
5044,5178,5179,5045,19427,19429,19430,19025,19431
5045,5179,5180,5046,19430,19432,19433,19028,19434
5046,5180,5181,5047,19433,19435,19436,19031,19437
5047,5181,5182,5048,19436,19438,19439,19034,19440
5048,5182,5183,5049,19439,19441,19442,19037,19443
5049,5183,5184,5050,19442,19444,19445,19040,19446
5050,5184,5185,5051,19445,19447,19448,19043,19449
5051,5185,5186,5052,19448,19450,19451,19046,19452
5052,5186,5187,5053,19451,19453,19454,19049,19455
5053,5187,5188,5054,19454,19456,19457,19052,19458
5054,5188,5189,5055,19457,19459,19460,19055,19461
5055,5189,5190,5056,19460,19462,19463,19058,19464
5056,5190,5191,5057,19463,19465,19466,19061,19467
5057,5191,5192,5058,19466,19468,19469,19064,19470
5058,5192,5193,5059,19469,19471,19472,19067,19473
5059,5193,5194,5060,19472,19474,19475,19070,19476
5060,5194,5195,5061,19475,19477,19478,19073,19479
5061,5195,5196,5062,19478,19480,19481,19076,19482
5062,5196,5197,5063,19481,19483,19484,19079,19485
5063,5197,5198,5064,19484,19486,19487,19082,19488
5064,5198,5199,5065,19487,19489,19490,19085,19491
5065,5199,5200,5066,19490,19492,19493,19088,19494
5066,5200,5201,5067,19493,19495,19496,19091,19497
5067,5201,5202,5068,19496,19498,19499,19094,19500
5068,5202,5203,5069,19499,19501,19502,19097,19503
5069,5203,5204,5070,19502,19504,19505,19100,19506
5070,5204,5205,5071,19505,19507,19508,19103,19509
5071,5205,5206,5072,19508,19510,19511,19106,19512
5072,5206,5207,5073,19511,19513,19514,19109,19515
5073,5207,5208,5074,19514,19516,19517,19112,19518
5074,5208,5209,5075,19517,19519,19520,19115,19521
5075,5209,5210,5076,19520,19522,19523,19118,19524
5076,5210,5211,5077,19523,19525,19526,19121,19527
5077,5211,5212,5078,19526,19528,19529,19124,19530
5078,5212,5213,5079,19529,19531,19532,19127,19533
5079,5213,5214,5080,19532,19534,19535,19130,19536
5080,5214,5215,5081,19535,19537,19538,19133,19539
5081,5215,5216,5082,19538,19540,19541,19136,19542
5082,5216,5217,5083,19541,19543,19544,19139,19545
5083,5217,5218,5084,19544,19546,19547,19142,19548
5084,5218,5219,5085,19547,19549,19550,19145,19551
5085,5219,5220,5086,19550,19552,19553,19148,19554
5086,5220,5221,5087,19553,19555,19556,19151,19557
5087,5221,5222,5088,19556,19558,19559,19154,19560
5088,5222,5223,5089,19559,19561,19562,19157,19563
5089,5223,5224,5090,19562,19564,19565,19160,19566
5090,5224,5225,5091,19565,19567,19568,19163,19569
5091,5225,5226,5092,19568,19570,19571,19166,19572
5092,5226,5227,5093,19571,19573,19574,19169,19575
5093,5227,5228,5094,19574,19576,19577,19172,19578
5094,5228,5229,5095,19577,19579,19580,19175,19581
5095,5229,5230,5096,19580,19582,19583,19178,19584
5096,5230,5231,5097,19583,19585,19586,19181,19587
5097,5231,5232,5098,19586,19588,19589,19184,19590
5098,5232,5233,5099,19589,19591,19592,19187,19593
5099,5233,5234,5100,19592,19594,19595,19190,19596
5100,5234,5235,5101,19595,19597,19598,19193,19599
5101,5235,5236,5102,19598,19600,19601,19196,19602
5102,5236,5237,5103,19601,19603,19604,19199,19605
5103,5237,5238,5104,19604,19606,19607,19202,19608
5104,5238,5239,5105,19607,19609,19610,19205,19611
5105,5239,5240,5106,19610,19612,19613,19208,19614
5106,5240,5241,5107,19613,19615,19616,19211,19617
5107,5241,5242,5108,19616,19618,19619,19214,19620
5108,5242,5243,5109,19619,19621,19622,19217,19623
5109,5243,5244,5110,19622,19624,19625,19220,19626
5110,5244,5245,5111,19625,19627,19628,19223,19629
5111,5245,5246,5112,19628,19630,19631,19226,19632
5112,5246,5247,5113,19631,19633,19634,19229,19635
5113,5247,5248,5114,19634,19636,19637,19232,19638
5114,5248,5249,5115,19637,19639,19640,19235,19641
5115,5249,5250,5116,19640,19642,19643,19238,19644
5116,5250,5251,5117,19643,19645,19646,19241,19647
5117,5251,5252,5118,19646,19648,19649,19244,19650
5118,5252,5253,5119,19649,19651,19652,19247,19653
5119,5253,5254,5120,19652,19654,19655,19250,19656
5120,5254,5255,5121,19655,19657,19658,19253,19659
5121,5255,385,384,19658,19660,424,19256,19661
37,38,5256,5122,77,19662,19663,19258,19664
5122,5256,5257,5123,19663,19665,19666,19261,19667
5123,5257,5258,5124,19666,19668,19669,19264,19670
5124,5258,5259,5125,19669,19671,19672,19267,19673
5125,5259,5260,5126,19672,19674,19675,19270,19676
5126,5260,5261,5127,19675,19677,19678,19273,19679
5127,5261,5262,5128,19678,19680,19681,19276,19682
5128,5262,5263,5129,19681,19683,19684,19279,19685
5129,5263,5264,5130,19684,19686,19687,19282,19688
5130,5264,5265,5131,19687,19689,19690,19285,19691
5131,5265,5266,5132,19690,19692,19693,19288,19694
5132,5266,5267,5133,19693,19695,19696,19291,19697
5133,5267,5268,5134,19696,19698,19699,19294,19700
5134,5268,5269,5135,19699,19701,19702,19297,19703
5135,5269,5270,5136,19702,19704,19705,19300,19706
5136,5270,5271,5137,19705,19707,19708,19303,19709
5137,5271,5272,5138,19708,19710,19711,19306,19712
5138,5272,5273,5139,19711,19713,19714,19309,19715
5139,5273,5274,5140,19714,19716,19717,19312,19718
5140,5274,5275,5141,19717,19719,19720,19315,19721
5141,5275,5276,5142,19720,19722,19723,19318,19724
5142,5276,5277,5143,19723,19725,19726,19321,19727
5143,5277,5278,5144,19726,19728,19729,19324,19730
5144,5278,5279,5145,19729,19731,19732,19327,19733
5145,5279,5280,5146,19732,19734,19735,19330,19736
5146,5280,5281,5147,19735,19737,19738,19333,19739
5147,5281,5282,5148,19738,19740,19741,19336,19742
5148,5282,5283,5149,19741,19743,19744,19339,19745
5149,5283,5284,5150,19744,19746,19747,19342,19748
5150,5284,5285,5151,19747,19749,19750,19345,19751
5151,5285,5286,5152,19750,19752,19753,19348,19754
5152,5286,5287,5153,19753,19755,19756,19351,19757
5153,5287,5288,5154,19756,19758,19759,19354,19760
5154,5288,5289,5155,19759,19761,19762,19357,19763
5155,5289,5290,5156,19762,19764,19765,19360,19766
5156,5290,5291,5157,19765,19767,19768,19363,19769
5157,5291,5292,5158,19768,19770,19771,19366,19772
5158,5292,5293,5159,19771,19773,19774,19369,19775
5159,5293,5294,5160,19774,19776,19777,19372,19778
5160,5294,5295,5161,19777,19779,19780,19375,19781
5161,5295,5296,5162,19780,19782,19783,19378,19784
5162,5296,5297,5163,19783,19785,19786,19381,19787
5163,5297,5298,5164,19786,19788,19789,19384,19790
5164,5298,5299,5165,19789,19791,19792,19387,19793
5165,5299,5300,5166,19792,19794,19795,19390,19796
5166,5300,5301,5167,19795,19797,19798,19393,19799
5167,5301,5302,5168,19798,19800,19801,19396,19802
5168,5302,5303,5169,19801,19803,19804,19399,19805
5169,5303,5304,5170,19804,19806,19807,19402,19808
5170,5304,5305,5171,19807,19809,19810,19405,19811
5171,5305,5306,5172,19810,19812,19813,19408,19814
5172,5306,5307,5173,19813,19815,19816,19411,19817
5173,5307,5308,5174,19816,19818,19819,19414,19820
5174,5308,5309,5175,19819,19821,19822,19417,19823
5175,5309,5310,5176,19822,19824,19825,19420,19826
5176,5310,5311,5177,19825,19827,19828,19423,19829
5177,5311,5312,5178,19828,19830,19831,19426,19832
5178,5312,5313,5179,19831,19833,19834,19429,19835
5179,5313,5314,5180,19834,19836,19837,19432,19838
5180,5314,5315,5181,19837,19839,19840,19435,19841
5181,5315,5316,5182,19840,19842,19843,19438,19844
5182,5316,5317,5183,19843,19845,19846,19441,19847
5183,5317,5318,5184,19846,19848,19849,19444,19850
5184,5318,5319,5185,19849,19851,19852,19447,19853
5185,5319,5320,5186,19852,19854,19855,19450,19856
5186,5320,5321,5187,19855,19857,19858,19453,19859
5187,5321,5322,5188,19858,19860,19861,19456,19862
5188,5322,5323,5189,19861,19863,19864,19459,19865
5189,5323,5324,5190,19864,19866,19867,19462,19868
5190,5324,5325,5191,19867,19869,19870,19465,19871
5191,5325,5326,5192,19870,19872,19873,19468,19874
5192,5326,5327,5193,19873,19875,19876,19471,19877
5193,5327,5328,5194,19876,19878,19879,19474,19880
5194,5328,5329,5195,19879,19881,19882,19477,19883
5195,5329,5330,5196,19882,19884,19885,19480,19886
5196,5330,5331,5197,19885,19887,19888,19483,19889
5197,5331,5332,5198,19888,19890,19891,19486,19892
5198,5332,5333,5199,19891,19893,19894,19489,19895
5199,5333,5334,5200,19894,19896,19897,19492,19898
5200,5334,5335,5201,19897,19899,19900,19495,19901
5201,5335,5336,5202,19900,19902,19903,19498,19904
5202,5336,5337,5203,19903,19905,19906,19501,19907
5203,5337,5338,5204,19906,19908,19909,19504,19910
5204,5338,5339,5205,19909,19911,19912,19507,19913
5205,5339,5340,5206,19912,19914,19915,19510,19916
5206,5340,5341,5207,19915,19917,19918,19513,19919
5207,5341,5342,5208,19918,19920,19921,19516,19922
5208,5342,5343,5209,19921,19923,19924,19519,19925
5209,5343,5344,5210,19924,19926,19927,19522,19928
5210,5344,5345,5211,19927,19929,19930,19525,19931
5211,5345,5346,5212,19930,19932,19933,19528,19934
5212,5346,5347,5213,19933,19935,19936,19531,19937
5213,5347,5348,5214,19936,19938,19939,19534,19940
5214,5348,5349,5215,19939,19941,19942,19537,19943
5215,5349,5350,5216,19942,19944,19945,19540,19946
5216,5350,5351,5217,19945,19947,19948,19543,19949
5217,5351,5352,5218,19948,19950,19951,19546,19952
5218,5352,5353,5219,19951,19953,19954,19549,19955
5219,5353,5354,5220,19954,19956,19957,19552,19958
5220,5354,5355,5221,19957,19959,19960,19555,19961
5221,5355,5356,5222,19960,19962,19963,19558,19964
5222,5356,5357,5223,19963,19965,19966,19561,19967
5223,5357,5358,5224,19966,19968,19969,19564,19970
5224,5358,5359,5225,19969,19971,19972,19567,19973
5225,5359,5360,5226,19972,19974,19975,19570,19976
5226,5360,5361,5227,19975,19977,19978,19573,19979
5227,5361,5362,5228,19978,19980,19981,19576,19982
5228,5362,5363,5229,19981,19983,19984,19579,19985
5229,5363,5364,5230,19984,19986,19987,19582,19988
5230,5364,5365,5231,19987,19989,19990,19585,19991
5231,5365,5366,5232,19990,19992,19993,19588,19994
5232,5366,5367,5233,19993,19995,19996,19591,19997
5233,5367,5368,5234,19996,19998,19999,19594,20000
5234,5368,5369,5235,19999,20001,20002,19597,20003
5235,5369,5370,5236,20002,20004,20005,19600,20006
5236,5370,5371,5237,20005,20007,20008,19603,20009
5237,5371,5372,5238,20008,20010,20011,19606,20012
5238,5372,5373,5239,20011,20013,20014,19609,20015
5239,5373,5374,5240,20014,20016,20017,19612,20018
5240,5374,5375,5241,20017,20019,20020,19615,20021
5241,5375,5376,5242,20020,20022,20023,19618,20024
5242,5376,5377,5243,20023,20025,20026,19621,20027
5243,5377,5378,5244,20026,20028,20029,19624,20030
5244,5378,5379,5245,20029,20031,20032,19627,20033
5245,5379,5380,5246,20032,20034,20035,19630,20036
5246,5380,5381,5247,20035,20037,20038,19633,20039
5247,5381,5382,5248,20038,20040,20041,19636,20042
5248,5382,5383,5249,20041,20043,20044,19639,20045
5249,5383,5384,5250,20044,20046,20047,19642,20048
5250,5384,5385,5251,20047,20049,20050,19645,20051
5251,5385,5386,5252,20050,20052,20053,19648,20054
5252,5386,5387,5253,20053,20055,20056,19651,20057
5253,5387,5388,5254,20056,20058,20059,19654,20060
5254,5388,5389,5255,20059,20061,20062,19657,20063
5255,5389,386,385,20062,20064,425,19660,20065
38,39,5390,5256,78,20066,20067,19662,20068
5256,5390,5391,5257,20067,20069,20070,19665,20071
5257,5391,5392,5258,20070,20072,20073,19668,20074
5258,5392,5393,5259,20073,20075,20076,19671,20077
5259,5393,5394,5260,20076,20078,20079,19674,20080
5260,5394,5395,5261,20079,20081,20082,19677,20083
5261,5395,5396,5262,20082,20084,20085,19680,20086
5262,5396,5397,5263,20085,20087,20088,19683,20089
5263,5397,5398,5264,20088,20090,20091,19686,20092
5264,5398,5399,5265,20091,20093,20094,19689,20095
5265,5399,5400,5266,20094,20096,20097,19692,20098
5266,5400,5401,5267,20097,20099,20100,19695,20101
5267,5401,5402,5268,20100,20102,20103,19698,20104
5268,5402,5403,5269,20103,20105,20106,19701,20107
5269,5403,5404,5270,20106,20108,20109,19704,20110
5270,5404,5405,5271,20109,20111,20112,19707,20113
5271,5405,5406,5272,20112,20114,20115,19710,20116
5272,5406,5407,5273,20115,20117,20118,19713,20119
5273,5407,5408,5274,20118,20120,20121,19716,20122
5274,5408,5409,5275,20121,20123,20124,19719,20125
5275,5409,5410,5276,20124,20126,20127,19722,20128
5276,5410,5411,5277,20127,20129,20130,19725,20131
5277,5411,5412,5278,20130,20132,20133,19728,20134
5278,5412,5413,5279,20133,20135,20136,19731,20137
5279,5413,5414,5280,20136,20138,20139,19734,20140
5280,5414,5415,5281,20139,20141,20142,19737,20143
5281,5415,5416,5282,20142,20144,20145,19740,20146
5282,5416,5417,5283,20145,20147,20148,19743,20149
5283,5417,5418,5284,20148,20150,20151,19746,20152
5284,5418,5419,5285,20151,20153,20154,19749,20155
5285,5419,5420,5286,20154,20156,20157,19752,20158
5286,5420,5421,5287,20157,20159,20160,19755,20161
5287,5421,5422,5288,20160,20162,20163,19758,20164
5288,5422,5423,5289,20163,20165,20166,19761,20167
5289,5423,5424,5290,20166,20168,20169,19764,20170
5290,5424,5425,5291,20169,20171,20172,19767,20173
5291,5425,5426,5292,20172,20174,20175,19770,20176
5292,5426,5427,5293,20175,20177,20178,19773,20179
5293,5427,5428,5294,20178,20180,20181,19776,20182
5294,5428,5429,5295,20181,20183,20184,19779,20185
5295,5429,5430,5296,20184,20186,20187,19782,20188
5296,5430,5431,5297,20187,20189,20190,19785,20191
5297,5431,5432,5298,20190,20192,20193,19788,20194
5298,5432,5433,5299,20193,20195,20196,19791,20197
5299,5433,5434,5300,20196,20198,20199,19794,20200
5300,5434,5435,5301,20199,20201,20202,19797,20203
5301,5435,5436,5302,20202,20204,20205,19800,20206
5302,5436,5437,5303,20205,20207,20208,19803,20209
5303,5437,5438,5304,20208,20210,20211,19806,20212
5304,5438,5439,5305,20211,20213,20214,19809,20215
5305,5439,5440,5306,20214,20216,20217,19812,20218
5306,5440,5441,5307,20217,20219,20220,19815,20221
5307,5441,5442,5308,20220,20222,20223,19818,20224
5308,5442,5443,5309,20223,20225,20226,19821,20227
5309,5443,5444,5310,20226,20228,20229,19824,20230
5310,5444,5445,5311,20229,20231,20232,19827,20233
5311,5445,5446,5312,20232,20234,20235,19830,20236
5312,5446,5447,5313,20235,20237,20238,19833,20239
5313,5447,5448,5314,20238,20240,20241,19836,20242
5314,5448,5449,5315,20241,20243,20244,19839,20245
5315,5449,5450,5316,20244,20246,20247,19842,20248
5316,5450,5451,5317,20247,20249,20250,19845,20251
5317,5451,5452,5318,20250,20252,20253,19848,20254
5318,5452,5453,5319,20253,20255,20256,19851,20257
5319,5453,5454,5320,20256,20258,20259,19854,20260
5320,5454,5455,5321,20259,20261,20262,19857,20263
5321,5455,5456,5322,20262,20264,20265,19860,20266
5322,5456,5457,5323,20265,20267,20268,19863,20269
5323,5457,5458,5324,20268,20270,20271,19866,20272
5324,5458,5459,5325,20271,20273,20274,19869,20275
5325,5459,5460,5326,20274,20276,20277,19872,20278
5326,5460,5461,5327,20277,20279,20280,19875,20281
5327,5461,5462,5328,20280,20282,20283,19878,20284
5328,5462,5463,5329,20283,20285,20286,19881,20287
5329,5463,5464,5330,20286,20288,20289,19884,20290
5330,5464,5465,5331,20289,20291,20292,19887,20293
5331,5465,5466,5332,20292,20294,20295,19890,20296
5332,5466,5467,5333,20295,20297,20298,19893,20299
5333,5467,5468,5334,20298,20300,20301,19896,20302
5334,5468,5469,5335,20301,20303,20304,19899,20305
5335,5469,5470,5336,20304,20306,20307,19902,20308
5336,5470,5471,5337,20307,20309,20310,19905,20311
5337,5471,5472,5338,20310,20312,20313,19908,20314
5338,5472,5473,5339,20313,20315,20316,19911,20317
5339,5473,5474,5340,20316,20318,20319,19914,20320
5340,5474,5475,5341,20319,20321,20322,19917,20323
5341,5475,5476,5342,20322,20324,20325,19920,20326
5342,5476,5477,5343,20325,20327,20328,19923,20329
5343,5477,5478,5344,20328,20330,20331,19926,20332
5344,5478,5479,5345,20331,20333,20334,19929,20335
5345,5479,5480,5346,20334,20336,20337,19932,20338
5346,5480,5481,5347,20337,20339,20340,19935,20341
5347,5481,5482,5348,20340,20342,20343,19938,20344
5348,5482,5483,5349,20343,20345,20346,19941,20347
5349,5483,5484,5350,20346,20348,20349,19944,20350
5350,5484,5485,5351,20349,20351,20352,19947,20353
5351,5485,5486,5352,20352,20354,20355,19950,20356
5352,5486,5487,5353,20355,20357,20358,19953,20359
5353,5487,5488,5354,20358,20360,20361,19956,20362
5354,5488,5489,5355,20361,20363,20364,19959,20365
5355,5489,5490,5356,20364,20366,20367,19962,20368
5356,5490,5491,5357,20367,20369,20370,19965,20371
5357,5491,5492,5358,20370,20372,20373,19968,20374
5358,5492,5493,5359,20373,20375,20376,19971,20377
5359,5493,5494,5360,20376,20378,20379,19974,20380
5360,5494,5495,5361,20379,20381,20382,19977,20383
5361,5495,5496,5362,20382,20384,20385,19980,20386
5362,5496,5497,5363,20385,20387,20388,19983,20389
5363,5497,5498,5364,20388,20390,20391,19986,20392
5364,5498,5499,5365,20391,20393,20394,19989,20395
5365,5499,5500,5366,20394,20396,20397,19992,20398
5366,5500,5501,5367,20397,20399,20400,19995,20401
5367,5501,5502,5368,20400,20402,20403,19998,20404
5368,5502,5503,5369,20403,20405,20406,20001,20407
5369,5503,5504,5370,20406,20408,20409,20004,20410
5370,5504,5505,5371,20409,20411,20412,20007,20413
5371,5505,5506,5372,20412,20414,20415,20010,20416
5372,5506,5507,5373,20415,20417,20418,20013,20419
5373,5507,5508,5374,20418,20420,20421,20016,20422
5374,5508,5509,5375,20421,20423,20424,20019,20425
5375,5509,5510,5376,20424,20426,20427,20022,20428
5376,5510,5511,5377,20427,20429,20430,20025,20431
5377,5511,5512,5378,20430,20432,20433,20028,20434
5378,5512,5513,5379,20433,20435,20436,20031,20437
5379,5513,5514,5380,20436,20438,20439,20034,20440
5380,5514,5515,5381,20439,20441,20442,20037,20443
5381,5515,5516,5382,20442,20444,20445,20040,20446
5382,5516,5517,5383,20445,20447,20448,20043,20449
5383,5517,5518,5384,20448,20450,20451,20046,20452
5384,5518,5519,5385,20451,20453,20454,20049,20455
5385,5519,5520,5386,20454,20456,20457,20052,20458
5386,5520,5521,5387,20457,20459,20460,20055,20461
5387,5521,5522,5388,20460,20462,20463,20058,20464
5388,5522,5523,5389,20463,20465,20466,20061,20467
5389,5523,387,386,20466,20468,426,20064,20469
39,40,5524,5390,79,20470,20471,20066,20472
5390,5524,5525,5391,20471,20473,20474,20069,20475
5391,5525,5526,5392,20474,20476,20477,20072,20478
5392,5526,5527,5393,20477,20479,20480,20075,20481
5393,5527,5528,5394,20480,20482,20483,20078,20484
5394,5528,5529,5395,20483,20485,20486,20081,20487
5395,5529,5530,5396,20486,20488,20489,20084,20490
5396,5530,5531,5397,20489,20491,20492,20087,20493
5397,5531,5532,5398,20492,20494,20495,20090,20496
5398,5532,5533,5399,20495,20497,20498,20093,20499
5399,5533,5534,5400,20498,20500,20501,20096,20502
5400,5534,5535,5401,20501,20503,20504,20099,20505
5401,5535,5536,5402,20504,20506,20507,20102,20508
5402,5536,5537,5403,20507,20509,20510,20105,20511
5403,5537,5538,5404,20510,20512,20513,20108,20514
5404,5538,5539,5405,20513,20515,20516,20111,20517
5405,5539,5540,5406,20516,20518,20519,20114,20520
5406,5540,5541,5407,20519,20521,20522,20117,20523
5407,5541,5542,5408,20522,20524,20525,20120,20526
5408,5542,5543,5409,20525,20527,20528,20123,20529
5409,5543,5544,5410,20528,20530,20531,20126,20532
5410,5544,5545,5411,20531,20533,20534,20129,20535
5411,5545,5546,5412,20534,20536,20537,20132,20538
5412,5546,5547,5413,20537,20539,20540,20135,20541
5413,5547,5548,5414,20540,20542,20543,20138,20544
5414,5548,5549,5415,20543,20545,20546,20141,20547
5415,5549,5550,5416,20546,20548,20549,20144,20550
5416,5550,5551,5417,20549,20551,20552,20147,20553
5417,5551,5552,5418,20552,20554,20555,20150,20556
5418,5552,5553,5419,20555,20557,20558,20153,20559
5419,5553,5554,5420,20558,20560,20561,20156,20562
5420,5554,5555,5421,20561,20563,20564,20159,20565
5421,5555,5556,5422,20564,20566,20567,20162,20568
5422,5556,5557,5423,20567,20569,20570,20165,20571
5423,5557,5558,5424,20570,20572,20573,20168,20574
5424,5558,5559,5425,20573,20575,20576,20171,20577
5425,5559,5560,5426,20576,20578,20579,20174,20580
5426,5560,5561,5427,20579,20581,20582,20177,20583
5427,5561,5562,5428,20582,20584,20585,20180,20586
5428,5562,5563,5429,20585,20587,20588,20183,20589
5429,5563,5564,5430,20588,20590,20591,20186,20592
5430,5564,5565,5431,20591,20593,20594,20189,20595
5431,5565,5566,5432,20594,20596,20597,20192,20598
5432,5566,5567,5433,20597,20599,20600,20195,20601
5433,5567,5568,5434,20600,20602,20603,20198,20604
5434,5568,5569,5435,20603,20605,20606,20201,20607
5435,5569,5570,5436,20606,20608,20609,20204,20610
5436,5570,5571,5437,20609,20611,20612,20207,20613
5437,5571,5572,5438,20612,20614,20615,20210,20616
5438,5572,5573,5439,20615,20617,20618,20213,20619
5439,5573,5574,5440,20618,20620,20621,20216,20622
5440,5574,5575,5441,20621,20623,20624,20219,20625
5441,5575,5576,5442,20624,20626,20627,20222,20628
5442,5576,5577,5443,20627,20629,20630,20225,20631
5443,5577,5578,5444,20630,20632,20633,20228,20634
5444,5578,5579,5445,20633,20635,20636,20231,20637
5445,5579,5580,5446,20636,20638,20639,20234,20640
5446,5580,5581,5447,20639,20641,20642,20237,20643
5447,5581,5582,5448,20642,20644,20645,20240,20646
5448,5582,5583,5449,20645,20647,20648,20243,20649
5449,5583,5584,5450,20648,20650,20651,20246,20652
5450,5584,5585,5451,20651,20653,20654,20249,20655
5451,5585,5586,5452,20654,20656,20657,20252,20658
5452,5586,5587,5453,20657,20659,20660,20255,20661
5453,5587,5588,5454,20660,20662,20663,20258,20664
5454,5588,5589,5455,20663,20665,20666,20261,20667
5455,5589,5590,5456,20666,20668,20669,20264,20670
5456,5590,5591,5457,20669,20671,20672,20267,20673
5457,5591,5592,5458,20672,20674,20675,20270,20676
5458,5592,5593,5459,20675,20677,20678,20273,20679
5459,5593,5594,5460,20678,20680,20681,20276,20682
5460,5594,5595,5461,20681,20683,20684,20279,20685
5461,5595,5596,5462,20684,20686,20687,20282,20688
5462,5596,5597,5463,20687,20689,20690,20285,20691
5463,5597,5598,5464,20690,20692,20693,20288,20694
5464,5598,5599,5465,20693,20695,20696,20291,20697
5465,5599,5600,5466,20696,20698,20699,20294,20700
5466,5600,5601,5467,20699,20701,20702,20297,20703
5467,5601,5602,5468,20702,20704,20705,20300,20706
5468,5602,5603,5469,20705,20707,20708,20303,20709
5469,5603,5604,5470,20708,20710,20711,20306,20712
5470,5604,5605,5471,20711,20713,20714,20309,20715
5471,5605,5606,5472,20714,20716,20717,20312,20718
5472,5606,5607,5473,20717,20719,20720,20315,20721
5473,5607,5608,5474,20720,20722,20723,20318,20724
5474,5608,5609,5475,20723,20725,20726,20321,20727
5475,5609,5610,5476,20726,20728,20729,20324,20730
5476,5610,5611,5477,20729,20731,20732,20327,20733
5477,5611,5612,5478,20732,20734,20735,20330,20736
5478,5612,5613,5479,20735,20737,20738,20333,20739
5479,5613,5614,5480,20738,20740,20741,20336,20742
5480,5614,5615,5481,20741,20743,20744,20339,20745
5481,5615,5616,5482,20744,20746,20747,20342,20748
5482,5616,5617,5483,20747,20749,20750,20345,20751
5483,5617,5618,5484,20750,20752,20753,20348,20754
5484,5618,5619,5485,20753,20755,20756,20351,20757
5485,5619,5620,5486,20756,20758,20759,20354,20760
5486,5620,5621,5487,20759,20761,20762,20357,20763
5487,5621,5622,5488,20762,20764,20765,20360,20766
5488,5622,5623,5489,20765,20767,20768,20363,20769
5489,5623,5624,5490,20768,20770,20771,20366,20772
5490,5624,5625,5491,20771,20773,20774,20369,20775
5491,5625,5626,5492,20774,20776,20777,20372,20778
5492,5626,5627,5493,20777,20779,20780,20375,20781
5493,5627,5628,5494,20780,20782,20783,20378,20784
5494,5628,5629,5495,20783,20785,20786,20381,20787
5495,5629,5630,5496,20786,20788,20789,20384,20790
5496,5630,5631,5497,20789,20791,20792,20387,20793
5497,5631,5632,5498,20792,20794,20795,20390,20796
5498,5632,5633,5499,20795,20797,20798,20393,20799
5499,5633,5634,5500,20798,20800,20801,20396,20802
5500,5634,5635,5501,20801,20803,20804,20399,20805
5501,5635,5636,5502,20804,20806,20807,20402,20808
5502,5636,5637,5503,20807,20809,20810,20405,20811
5503,5637,5638,5504,20810,20812,20813,20408,20814
5504,5638,5639,5505,20813,20815,20816,20411,20817
5505,5639,5640,5506,20816,20818,20819,20414,20820
5506,5640,5641,5507,20819,20821,20822,20417,20823
5507,5641,5642,5508,20822,20824,20825,20420,20826
5508,5642,5643,5509,20825,20827,20828,20423,20829
5509,5643,5644,5510,20828,20830,20831,20426,20832
5510,5644,5645,5511,20831,20833,20834,20429,20835
5511,5645,5646,5512,20834,20836,20837,20432,20838
5512,5646,5647,5513,20837,20839,20840,20435,20841
5513,5647,5648,5514,20840,20842,20843,20438,20844
5514,5648,5649,5515,20843,20845,20846,20441,20847
5515,5649,5650,5516,20846,20848,20849,20444,20850
5516,5650,5651,5517,20849,20851,20852,20447,20853
5517,5651,5652,5518,20852,20854,20855,20450,20856
5518,5652,5653,5519,20855,20857,20858,20453,20859
5519,5653,5654,5520,20858,20860,20861,20456,20862
5520,5654,5655,5521,20861,20863,20864,20459,20865
5521,5655,5656,5522,20864,20866,20867,20462,20868
5522,5656,5657,5523,20867,20869,20870,20465,20871
5523,5657,388,387,20870,20872,427,20468,20873
40,41,5658,5524,80,20874,20875,20470,20876
5524,5658,5659,5525,20875,20877,20878,20473,20879
5525,5659,5660,5526,20878,20880,20881,20476,20882
5526,5660,5661,5527,20881,20883,20884,20479,20885
5527,5661,5662,5528,20884,20886,20887,20482,20888
5528,5662,5663,5529,20887,20889,20890,20485,20891
5529,5663,5664,5530,20890,20892,20893,20488,20894
5530,5664,5665,5531,20893,20895,20896,20491,20897
5531,5665,5666,5532,20896,20898,20899,20494,20900
5532,5666,5667,5533,20899,20901,20902,20497,20903
5533,5667,5668,5534,20902,20904,20905,20500,20906
5534,5668,5669,5535,20905,20907,20908,20503,20909
5535,5669,5670,5536,20908,20910,20911,20506,20912
5536,5670,5671,5537,20911,20913,20914,20509,20915
5537,5671,5672,5538,20914,20916,20917,20512,20918
5538,5672,5673,5539,20917,20919,20920,20515,20921
5539,5673,5674,5540,20920,20922,20923,20518,20924
5540,5674,5675,5541,20923,20925,20926,20521,20927
5541,5675,5676,5542,20926,20928,20929,20524,20930
5542,5676,5677,5543,20929,20931,20932,20527,20933
5543,5677,5678,5544,20932,20934,20935,20530,20936
5544,5678,5679,5545,20935,20937,20938,20533,20939
5545,5679,5680,5546,20938,20940,20941,20536,20942
5546,5680,5681,5547,20941,20943,20944,20539,20945
5547,5681,5682,5548,20944,20946,20947,20542,20948
5548,5682,5683,5549,20947,20949,20950,20545,20951
5549,5683,5684,5550,20950,20952,20953,20548,20954
5550,5684,5685,5551,20953,20955,20956,20551,20957
5551,5685,5686,5552,20956,20958,20959,20554,20960
5552,5686,5687,5553,20959,20961,20962,20557,20963
5553,5687,5688,5554,20962,20964,20965,20560,20966
5554,5688,5689,5555,20965,20967,20968,20563,20969
5555,5689,5690,5556,20968,20970,20971,20566,20972
5556,5690,5691,5557,20971,20973,20974,20569,20975
5557,5691,5692,5558,20974,20976,20977,20572,20978
5558,5692,5693,5559,20977,20979,20980,20575,20981
5559,5693,5694,5560,20980,20982,20983,20578,20984
5560,5694,5695,5561,20983,20985,20986,20581,20987
5561,5695,5696,5562,20986,20988,20989,20584,20990
5562,5696,5697,5563,20989,20991,20992,20587,20993
5563,5697,5698,5564,20992,20994,20995,20590,20996
5564,5698,5699,5565,20995,20997,20998,20593,20999
5565,5699,5700,5566,20998,21000,21001,20596,21002
5566,5700,5701,5567,21001,21003,21004,20599,21005
5567,5701,5702,5568,21004,21006,21007,20602,21008
5568,5702,5703,5569,21007,21009,21010,20605,21011
5569,5703,5704,5570,21010,21012,21013,20608,21014
5570,5704,5705,5571,21013,21015,21016,20611,21017
5571,5705,5706,5572,21016,21018,21019,20614,21020
5572,5706,5707,5573,21019,21021,21022,20617,21023
5573,5707,5708,5574,21022,21024,21025,20620,21026
5574,5708,5709,5575,21025,21027,21028,20623,21029
5575,5709,5710,5576,21028,21030,21031,20626,21032
5576,5710,5711,5577,21031,21033,21034,20629,21035
5577,5711,5712,5578,21034,21036,21037,20632,21038
5578,5712,5713,5579,21037,21039,21040,20635,21041
5579,5713,5714,5580,21040,21042,21043,20638,21044
5580,5714,5715,5581,21043,21045,21046,20641,21047
5581,5715,5716,5582,21046,21048,21049,20644,21050
5582,5716,5717,5583,21049,21051,21052,20647,21053
5583,5717,5718,5584,21052,21054,21055,20650,21056
5584,5718,5719,5585,21055,21057,21058,20653,21059
5585,5719,5720,5586,21058,21060,21061,20656,21062
5586,5720,5721,5587,21061,21063,21064,20659,21065
5587,5721,5722,5588,21064,21066,21067,20662,21068
5588,5722,5723,5589,21067,21069,21070,20665,21071
5589,5723,5724,5590,21070,21072,21073,20668,21074
5590,5724,5725,5591,21073,21075,21076,20671,21077
5591,5725,5726,5592,21076,21078,21079,20674,21080
5592,5726,5727,5593,21079,21081,21082,20677,21083
5593,5727,5728,5594,21082,21084,21085,20680,21086
5594,5728,5729,5595,21085,21087,21088,20683,21089
5595,5729,5730,5596,21088,21090,21091,20686,21092
5596,5730,5731,5597,21091,21093,21094,20689,21095
5597,5731,5732,5598,21094,21096,21097,20692,21098
5598,5732,5733,5599,21097,21099,21100,20695,21101
5599,5733,5734,5600,21100,21102,21103,20698,21104
5600,5734,5735,5601,21103,21105,21106,20701,21107
5601,5735,5736,5602,21106,21108,21109,20704,21110
5602,5736,5737,5603,21109,21111,21112,20707,21113
5603,5737,5738,5604,21112,21114,21115,20710,21116
5604,5738,5739,5605,21115,21117,21118,20713,21119
5605,5739,5740,5606,21118,21120,21121,20716,21122
5606,5740,5741,5607,21121,21123,21124,20719,21125
5607,5741,5742,5608,21124,21126,21127,20722,21128
5608,5742,5743,5609,21127,21129,21130,20725,21131
5609,5743,5744,5610,21130,21132,21133,20728,21134
5610,5744,5745,5611,21133,21135,21136,20731,21137
5611,5745,5746,5612,21136,21138,21139,20734,21140
5612,5746,5747,5613,21139,21141,21142,20737,21143
5613,5747,5748,5614,21142,21144,21145,20740,21146
5614,5748,5749,5615,21145,21147,21148,20743,21149
5615,5749,5750,5616,21148,21150,21151,20746,21152
5616,5750,5751,5617,21151,21153,21154,20749,21155
5617,5751,5752,5618,21154,21156,21157,20752,21158
5618,5752,5753,5619,21157,21159,21160,20755,21161
5619,5753,5754,5620,21160,21162,21163,20758,21164
5620,5754,5755,5621,21163,21165,21166,20761,21167
5621,5755,5756,5622,21166,21168,21169,20764,21170
5622,5756,5757,5623,21169,21171,21172,20767,21173
5623,5757,5758,5624,21172,21174,21175,20770,21176
5624,5758,5759,5625,21175,21177,21178,20773,21179
5625,5759,5760,5626,21178,21180,21181,20776,21182
5626,5760,5761,5627,21181,21183,21184,20779,21185
5627,5761,5762,5628,21184,21186,21187,20782,21188
5628,5762,5763,5629,21187,21189,21190,20785,21191
5629,5763,5764,5630,21190,21192,21193,20788,21194
5630,5764,5765,5631,21193,21195,21196,20791,21197
5631,5765,5766,5632,21196,21198,21199,20794,21200
5632,5766,5767,5633,21199,21201,21202,20797,21203
5633,5767,5768,5634,21202,21204,21205,20800,21206
5634,5768,5769,5635,21205,21207,21208,20803,21209
5635,5769,5770,5636,21208,21210,21211,20806,21212
5636,5770,5771,5637,21211,21213,21214,20809,21215
5637,5771,5772,5638,21214,21216,21217,20812,21218
5638,5772,5773,5639,21217,21219,21220,20815,21221
5639,5773,5774,5640,21220,21222,21223,20818,21224
5640,5774,5775,5641,21223,21225,21226,20821,21227
5641,5775,5776,5642,21226,21228,21229,20824,21230
5642,5776,5777,5643,21229,21231,21232,20827,21233
5643,5777,5778,5644,21232,21234,21235,20830,21236
5644,5778,5779,5645,21235,21237,21238,20833,21239
5645,5779,5780,5646,21238,21240,21241,20836,21242
5646,5780,5781,5647,21241,21243,21244,20839,21245
5647,5781,5782,5648,21244,21246,21247,20842,21248
5648,5782,5783,5649,21247,21249,21250,20845,21251
5649,5783,5784,5650,21250,21252,21253,20848,21254
5650,5784,5785,5651,21253,21255,21256,20851,21257
5651,5785,5786,5652,21256,21258,21259,20854,21260
5652,5786,5787,5653,21259,21261,21262,20857,21263
5653,5787,5788,5654,21262,21264,21265,20860,21266
5654,5788,5789,5655,21265,21267,21268,20863,21269
5655,5789,5790,5656,21268,21270,21271,20866,21272
5656,5790,5791,5657,21271,21273,21274,20869,21275
5657,5791,389,388,21274,21276,428,20872,21277
41,42,5792,5658,81,21278,21279,20874,21280
5658,5792,5793,5659,21279,21281,21282,20877,21283
5659,5793,5794,5660,21282,21284,21285,20880,21286
5660,5794,5795,5661,21285,21287,21288,20883,21289
5661,5795,5796,5662,21288,21290,21291,20886,21292
5662,5796,5797,5663,21291,21293,21294,20889,21295
5663,5797,5798,5664,21294,21296,21297,20892,21298
5664,5798,5799,5665,21297,21299,21300,20895,21301
5665,5799,5800,5666,21300,21302,21303,20898,21304
5666,5800,5801,5667,21303,21305,21306,20901,21307
5667,5801,5802,5668,21306,21308,21309,20904,21310
5668,5802,5803,5669,21309,21311,21312,20907,21313
5669,5803,5804,5670,21312,21314,21315,20910,21316
5670,5804,5805,5671,21315,21317,21318,20913,21319
5671,5805,5806,5672,21318,21320,21321,20916,21322
5672,5806,5807,5673,21321,21323,21324,20919,21325
5673,5807,5808,5674,21324,21326,21327,20922,21328
5674,5808,5809,5675,21327,21329,21330,20925,21331
5675,5809,5810,5676,21330,21332,21333,20928,21334
5676,5810,5811,5677,21333,21335,21336,20931,21337
5677,5811,5812,5678,21336,21338,21339,20934,21340
5678,5812,5813,5679,21339,21341,21342,20937,21343
5679,5813,5814,5680,21342,21344,21345,20940,21346
5680,5814,5815,5681,21345,21347,21348,20943,21349
5681,5815,5816,5682,21348,21350,21351,20946,21352
5682,5816,5817,5683,21351,21353,21354,20949,21355
5683,5817,5818,5684,21354,21356,21357,20952,21358
5684,5818,5819,5685,21357,21359,21360,20955,21361
5685,5819,5820,5686,21360,21362,21363,20958,21364
5686,5820,5821,5687,21363,21365,21366,20961,21367
5687,5821,5822,5688,21366,21368,21369,20964,21370
5688,5822,5823,5689,21369,21371,21372,20967,21373
5689,5823,5824,5690,21372,21374,21375,20970,21376
5690,5824,5825,5691,21375,21377,21378,20973,21379
5691,5825,5826,5692,21378,21380,21381,20976,21382
5692,5826,5827,5693,21381,21383,21384,20979,21385
5693,5827,5828,5694,21384,21386,21387,20982,21388
5694,5828,5829,5695,21387,21389,21390,20985,21391
5695,5829,5830,5696,21390,21392,21393,20988,21394
5696,5830,5831,5697,21393,21395,21396,20991,21397
5697,5831,5832,5698,21396,21398,21399,20994,21400
5698,5832,5833,5699,21399,21401,21402,20997,21403
5699,5833,5834,5700,21402,21404,21405,21000,21406
5700,5834,5835,5701,21405,21407,21408,21003,21409
5701,5835,5836,5702,21408,21410,21411,21006,21412
5702,5836,5837,5703,21411,21413,21414,21009,21415
5703,5837,5838,5704,21414,21416,21417,21012,21418
5704,5838,5839,5705,21417,21419,21420,21015,21421
5705,5839,5840,5706,21420,21422,21423,21018,21424
5706,5840,5841,5707,21423,21425,21426,21021,21427
5707,5841,5842,5708,21426,21428,21429,21024,21430
5708,5842,5843,5709,21429,21431,21432,21027,21433
5709,5843,5844,5710,21432,21434,21435,21030,21436
5710,5844,5845,5711,21435,21437,21438,21033,21439
5711,5845,5846,5712,21438,21440,21441,21036,21442
5712,5846,5847,5713,21441,21443,21444,21039,21445
5713,5847,5848,5714,21444,21446,21447,21042,21448
5714,5848,5849,5715,21447,21449,21450,21045,21451
5715,5849,5850,5716,21450,21452,21453,21048,21454
5716,5850,5851,5717,21453,21455,21456,21051,21457
5717,5851,5852,5718,21456,21458,21459,21054,21460
5718,5852,5853,5719,21459,21461,21462,21057,21463
5719,5853,5854,5720,21462,21464,21465,21060,21466
5720,5854,5855,5721,21465,21467,21468,21063,21469
5721,5855,5856,5722,21468,21470,21471,21066,21472
5722,5856,5857,5723,21471,21473,21474,21069,21475
5723,5857,5858,5724,21474,21476,21477,21072,21478
5724,5858,5859,5725,21477,21479,21480,21075,21481
5725,5859,5860,5726,21480,21482,21483,21078,21484
5726,5860,5861,5727,21483,21485,21486,21081,21487
5727,5861,5862,5728,21486,21488,21489,21084,21490
5728,5862,5863,5729,21489,21491,21492,21087,21493
5729,5863,5864,5730,21492,21494,21495,21090,21496
5730,5864,5865,5731,21495,21497,21498,21093,21499
5731,5865,5866,5732,21498,21500,21501,21096,21502
5732,5866,5867,5733,21501,21503,21504,21099,21505
5733,5867,5868,5734,21504,21506,21507,21102,21508
5734,5868,5869,5735,21507,21509,21510,21105,21511
5735,5869,5870,5736,21510,21512,21513,21108,21514
5736,5870,5871,5737,21513,21515,21516,21111,21517
5737,5871,5872,5738,21516,21518,21519,21114,21520
5738,5872,5873,5739,21519,21521,21522,21117,21523
5739,5873,5874,5740,21522,21524,21525,21120,21526
5740,5874,5875,5741,21525,21527,21528,21123,21529
5741,5875,5876,5742,21528,21530,21531,21126,21532
5742,5876,5877,5743,21531,21533,21534,21129,21535
5743,5877,5878,5744,21534,21536,21537,21132,21538
5744,5878,5879,5745,21537,21539,21540,21135,21541
5745,5879,5880,5746,21540,21542,21543,21138,21544
5746,5880,5881,5747,21543,21545,21546,21141,21547
5747,5881,5882,5748,21546,21548,21549,21144,21550
5748,5882,5883,5749,21549,21551,21552,21147,21553
5749,5883,5884,5750,21552,21554,21555,21150,21556
5750,5884,5885,5751,21555,21557,21558,21153,21559
5751,5885,5886,5752,21558,21560,21561,21156,21562
5752,5886,5887,5753,21561,21563,21564,21159,21565
5753,5887,5888,5754,21564,21566,21567,21162,21568
5754,5888,5889,5755,21567,21569,21570,21165,21571
5755,5889,5890,5756,21570,21572,21573,21168,21574
5756,5890,5891,5757,21573,21575,21576,21171,21577
5757,5891,5892,5758,21576,21578,21579,21174,21580
5758,5892,5893,5759,21579,21581,21582,21177,21583
5759,5893,5894,5760,21582,21584,21585,21180,21586
5760,5894,5895,5761,21585,21587,21588,21183,21589
5761,5895,5896,5762,21588,21590,21591,21186,21592
5762,5896,5897,5763,21591,21593,21594,21189,21595
5763,5897,5898,5764,21594,21596,21597,21192,21598
5764,5898,5899,5765,21597,21599,21600,21195,21601
5765,5899,5900,5766,21600,21602,21603,21198,21604
5766,5900,5901,5767,21603,21605,21606,21201,21607
5767,5901,5902,5768,21606,21608,21609,21204,21610
5768,5902,5903,5769,21609,21611,21612,21207,21613
5769,5903,5904,5770,21612,21614,21615,21210,21616
5770,5904,5905,5771,21615,21617,21618,21213,21619
5771,5905,5906,5772,21618,21620,21621,21216,21622
5772,5906,5907,5773,21621,21623,21624,21219,21625
5773,5907,5908,5774,21624,21626,21627,21222,21628
5774,5908,5909,5775,21627,21629,21630,21225,21631
5775,5909,5910,5776,21630,21632,21633,21228,21634
5776,5910,5911,5777,21633,21635,21636,21231,21637
5777,5911,5912,5778,21636,21638,21639,21234,21640
5778,5912,5913,5779,21639,21641,21642,21237,21643
5779,5913,5914,5780,21642,21644,21645,21240,21646
5780,5914,5915,5781,21645,21647,21648,21243,21649
5781,5915,5916,5782,21648,21650,21651,21246,21652
5782,5916,5917,5783,21651,21653,21654,21249,21655
5783,5917,5918,5784,21654,21656,21657,21252,21658
5784,5918,5919,5785,21657,21659,21660,21255,21661
5785,5919,5920,5786,21660,21662,21663,21258,21664
5786,5920,5921,5787,21663,21665,21666,21261,21667
5787,5921,5922,5788,21666,21668,21669,21264,21670
5788,5922,5923,5789,21669,21671,21672,21267,21673
5789,5923,5924,5790,21672,21674,21675,21270,21676
5790,5924,5925,5791,21675,21677,21678,21273,21679
5791,5925,390,389,21678,21680,429,21276,21681
42,1,83,5792,82,217,21682,21278,21683
5792,83,84,5793,21682,218,21684,21281,21685
5793,84,85,5794,21684,219,21686,21284,21687
5794,85,86,5795,21686,220,21688,21287,21689
5795,86,87,5796,21688,221,21690,21290,21691
5796,87,88,5797,21690,222,21692,21293,21693
5797,88,89,5798,21692,223,21694,21296,21695
5798,89,90,5799,21694,224,21696,21299,21697
5799,90,91,5800,21696,225,21698,21302,21699
5800,91,92,5801,21698,226,21700,21305,21701
5801,92,93,5802,21700,227,21702,21308,21703
5802,93,94,5803,21702,228,21704,21311,21705
5803,94,95,5804,21704,229,21706,21314,21707
5804,95,96,5805,21706,230,21708,21317,21709
5805,96,97,5806,21708,231,21710,21320,21711
5806,97,98,5807,21710,232,21712,21323,21713
5807,98,99,5808,21712,233,21714,21326,21715
5808,99,100,5809,21714,234,21716,21329,21717
5809,100,101,5810,21716,235,21718,21332,21719
5810,101,102,5811,21718,236,21720,21335,21721
5811,102,103,5812,21720,237,21722,21338,21723
5812,103,104,5813,21722,238,21724,21341,21725
5813,104,105,5814,21724,239,21726,21344,21727
5814,105,106,5815,21726,240,21728,21347,21729
5815,106,107,5816,21728,241,21730,21350,21731
5816,107,108,5817,21730,242,21732,21353,21733
5817,108,109,5818,21732,243,21734,21356,21735
5818,109,110,5819,21734,244,21736,21359,21737
5819,110,111,5820,21736,245,21738,21362,21739
5820,111,112,5821,21738,246,21740,21365,21741
5821,112,113,5822,21740,247,21742,21368,21743
5822,113,114,5823,21742,248,21744,21371,21745
5823,114,115,5824,21744,249,21746,21374,21747
5824,115,116,5825,21746,250,21748,21377,21749
5825,116,117,5826,21748,251,21750,21380,21751
5826,117,118,5827,21750,252,21752,21383,21753
5827,118,119,5828,21752,253,21754,21386,21755
5828,119,120,5829,21754,254,21756,21389,21757
5829,120,121,5830,21756,255,21758,21392,21759
5830,121,122,5831,21758,256,21760,21395,21761
5831,122,123,5832,21760,257,21762,21398,21763
5832,123,124,5833,21762,258,21764,21401,21765
5833,124,125,5834,21764,259,21766,21404,21767
5834,125,126,5835,21766,260,21768,21407,21769
5835,126,127,5836,21768,261,21770,21410,21771
5836,127,128,5837,21770,262,21772,21413,21773
5837,128,129,5838,21772,263,21774,21416,21775
5838,129,130,5839,21774,264,21776,21419,21777
5839,130,131,5840,21776,265,21778,21422,21779
5840,131,132,5841,21778,266,21780,21425,21781
5841,132,133,5842,21780,267,21782,21428,21783
5842,133,134,5843,21782,268,21784,21431,21785
5843,134,135,5844,21784,269,21786,21434,21787
5844,135,136,5845,21786,270,21788,21437,21789
5845,136,137,5846,21788,271,21790,21440,21791
5846,137,138,5847,21790,272,21792,21443,21793
5847,138,139,5848,21792,273,21794,21446,21795
5848,139,140,5849,21794,274,21796,21449,21797
5849,140,141,5850,21796,275,21798,21452,21799
5850,141,142,5851,21798,276,21800,21455,21801
5851,142,143,5852,21800,277,21802,21458,21803
5852,143,144,5853,21802,278,21804,21461,21805
5853,144,145,5854,21804,279,21806,21464,21807
5854,145,146,5855,21806,280,21808,21467,21809
5855,146,147,5856,21808,281,21810,21470,21811
5856,147,148,5857,21810,282,21812,21473,21813
5857,148,149,5858,21812,283,21814,21476,21815
5858,149,150,5859,21814,284,21816,21479,21817
5859,150,151,5860,21816,285,21818,21482,21819
5860,151,152,5861,21818,286,21820,21485,21821
5861,152,153,5862,21820,287,21822,21488,21823
5862,153,154,5863,21822,288,21824,21491,21825
5863,154,155,5864,21824,289,21826,21494,21827
5864,155,156,5865,21826,290,21828,21497,21829
5865,156,157,5866,21828,291,21830,21500,21831
5866,157,158,5867,21830,292,21832,21503,21833
5867,158,159,5868,21832,293,21834,21506,21835
5868,159,160,5869,21834,294,21836,21509,21837
5869,160,161,5870,21836,295,21838,21512,21839
5870,161,162,5871,21838,296,21840,21515,21841
5871,162,163,5872,21840,297,21842,21518,21843
5872,163,164,5873,21842,298,21844,21521,21845
5873,164,165,5874,21844,299,21846,21524,21847
5874,165,166,5875,21846,300,21848,21527,21849
5875,166,167,5876,21848,301,21850,21530,21851
5876,167,168,5877,21850,302,21852,21533,21853
5877,168,169,5878,21852,303,21854,21536,21855
5878,169,170,5879,21854,304,21856,21539,21857
5879,170,171,5880,21856,305,21858,21542,21859
5880,171,172,5881,21858,306,21860,21545,21861
5881,172,173,5882,21860,307,21862,21548,21863
5882,173,174,5883,21862,308,21864,21551,21865
5883,174,175,5884,21864,309,21866,21554,21867
5884,175,176,5885,21866,310,21868,21557,21869
5885,176,177,5886,21868,311,21870,21560,21871
5886,177,178,5887,21870,312,21872,21563,21873
5887,178,179,5888,21872,313,21874,21566,21875
5888,179,180,5889,21874,314,21876,21569,21877
5889,180,181,5890,21876,315,21878,21572,21879
5890,181,182,5891,21878,316,21880,21575,21881
5891,182,183,5892,21880,317,21882,21578,21883
5892,183,184,5893,21882,318,21884,21581,21885
5893,184,185,5894,21884,319,21886,21584,21887
5894,185,186,5895,21886,320,21888,21587,21889
5895,186,187,5896,21888,321,21890,21590,21891
5896,187,188,5897,21890,322,21892,21593,21893
5897,188,189,5898,21892,323,21894,21596,21895
5898,189,190,5899,21894,324,21896,21599,21897
5899,190,191,5900,21896,325,21898,21602,21899
5900,191,192,5901,21898,326,21900,21605,21901
5901,192,193,5902,21900,327,21902,21608,21903
5902,193,194,5903,21902,328,21904,21611,21905
5903,194,195,5904,21904,329,21906,21614,21907
5904,195,196,5905,21906,330,21908,21617,21909
5905,196,197,5906,21908,331,21910,21620,21911
5906,197,198,5907,21910,332,21912,21623,21913
5907,198,199,5908,21912,333,21914,21626,21915
5908,199,200,5909,21914,334,21916,21629,21917
5909,200,201,5910,21916,335,21918,21632,21919
5910,201,202,5911,21918,336,21920,21635,21921
5911,202,203,5912,21920,337,21922,21638,21923
5912,203,204,5913,21922,338,21924,21641,21925
5913,204,205,5914,21924,339,21926,21644,21927
5914,205,206,5915,21926,340,21928,21647,21929
5915,206,207,5916,21928,341,21930,21650,21931
5916,207,208,5917,21930,342,21932,21653,21933
5917,208,209,5918,21932,343,21934,21656,21935
5918,209,210,5919,21934,344,21936,21659,21937
5919,210,211,5920,21936,345,21938,21662,21939
5920,211,212,5921,21938,346,21940,21665,21941
5921,212,213,5922,21940,347,21942,21668,21943
5922,213,214,5923,21942,348,21944,21671,21945
5923,214,215,5924,21944,349,21946,21674,21947
5924,215,216,5925,21946,350,21948,21677,21949
5925,216,2,390,21948,351,430,21680,21950
