-130.0000000000,-32.5000000000,0.0000000000
130.0000000000,-32.5000000000,0.0000000000
130.0000000000,32.5000000000,0.0000000000
-130.0000000000,32.5000000000,0.0000000000
-129.9645962256,-32.5000000000,0.0000000000
-129.9221118269,-32.5000000000,0.0000000000
-129.8711302967,-32.5000000000,0.0000000000
-129.8099526513,-32.5000000000,0.0000000000
-129.7365397200,-32.5000000000,0.0000000000
-129.6484441280,-32.5000000000,0.0000000000
-129.5427291310,-32.5000000000,0.0000000000
-129.4158712414,-32.5000000000,0.0000000000
-129.2636419585,-32.5000000000,0.0000000000
-129.0809665616,-32.5000000000,0.0000000000
-128.8617559594,-32.5000000000,0.0000000000
-128.5987034381,-32.5000000000,0.0000000000
-128.2830404285,-32.5000000000,0.0000000000
-127.9042445968,-32.5000000000,0.0000000000
-127.4496895317,-32.5000000000,0.0000000000
-126.9042236342,-32.5000000000,0.0000000000
-126.2496645986,-32.5000000000,0.0000000000
-125.4641937551,-32.5000000000,0.0000000000
-124.5216288969,-32.5000000000,0.0000000000
-123.3905506319,-32.5000000000,0.0000000000
-122.0332568117,-32.5000000000,0.0000000000
-120.4045044998,-32.5000000000,0.0000000000
-118.4500015872,-32.5000000000,0.0000000000
-116.1045980814,-32.5000000000,0.0000000000
-113.2901132414,-32.5000000000,0.0000000000
-109.9127316039,-32.5000000000,0.0000000000
-105.8598738432,-32.5000000000,0.0000000000
-100.9964440009,-32.5000000000,0.0000000000
-95.1603280196,-32.5000000000,0.0000000000
-88.1569886374,-32.5000000000,0.0000000000
-79.7529809782,-32.5000000000,0.0000000000
-69.6681722364,-32.5000000000,0.0000000000
-57.5664010454,-32.5000000000,0.0000000000
-43.0442755502,-32.5000000000,0.0000000000
-25.6177239468,-32.5000000000,0.0000000000
-4.7058615868,-32.5000000000,0.0000000000
20.3883737686,-32.5000000000,0.0000000000
50.5014571328,-32.5000000000,0.0000000000
86.6371579854,-32.5000000000,0.0000000000
-129.9822981128,-32.5000000000,0.0000000000
-129.9433540263,-32.5000000000,0.0000000000
-129.8966210618,-32.5000000000,0.0000000000
-129.8405414740,-32.5000000000,0.0000000000
-129.7732461857,-32.5000000000,0.0000000000
-129.6924919240,-32.5000000000,0.0000000000
-129.5955866295,-32.5000000000,0.0000000000
-129.4793001862,-32.5000000000,0.0000000000
-129.3397566000,-32.5000000000,0.0000000000
-129.1723042601,-32.5000000000,0.0000000000
-128.9713612605,-32.5000000000,0.0000000000
-128.7302296988,-32.5000000000,0.0000000000
-128.4408719333,-32.5000000000,0.0000000000
-128.0936425127,-32.5000000000,0.0000000000
-127.6769670643,-32.5000000000,0.0000000000
-127.1769565829,-32.5000000000,0.0000000000
-126.5769441164,-32.5000000000,0.0000000000
-125.8569291769,-32.5000000000,0.0000000000
-124.9929113260,-32.5000000000,0.0000000000
-123.9560897644,-32.5000000000,0.0000000000
-122.7119037218,-32.5000000000,0.0000000000
-121.2188806557,-32.5000000000,0.0000000000
-119.4272530435,-32.5000000000,0.0000000000
-117.2772998343,-32.5000000000,0.0000000000
-114.6973556614,-32.5000000000,0.0000000000
-111.6014224227,-32.5000000000,0.0000000000
-107.8863027236,-32.5000000000,0.0000000000
-103.4281589221,-32.5000000000,0.0000000000
-98.0783860103,-32.5000000000,0.0000000000
-91.6586583285,-32.5000000000,0.0000000000
-83.9549848078,-32.5000000000,0.0000000000
-74.7105766073,-32.5000000000,0.0000000000
-63.6172866409,-32.5000000000,0.0000000000
-50.3053382978,-32.5000000000,0.0000000000
-34.3309997485,-32.5000000000,0.0000000000
-15.1617927668,-32.5000000000,0.0000000000
7.8412560909,-32.5000000000,0.0000000000
35.4449154507,-32.5000000000,0.0000000000
68.5693075591,-32.5000000000,0.0000000000
108.3185789927,-32.5000000000,0.0000000000
130.0000000000,-32.0185185185,0.0000000000
130.0000000000,-31.5370370370,0.0000000000
130.0000000000,-31.0555555556,0.0000000000
130.0000000000,-30.5740740741,0.0000000000
130.0000000000,-30.0925925926,0.0000000000
130.0000000000,-29.6111111111,0.0000000000
130.0000000000,-29.1296296296,0.0000000000
130.0000000000,-28.6481481481,0.0000000000
130.0000000000,-28.1666666667,0.0000000000
130.0000000000,-27.6851851852,0.0000000000
130.0000000000,-27.2037037037,0.0000000000
130.0000000000,-26.7222222222,0.0000000000
130.0000000000,-26.2407407407,0.0000000000
130.0000000000,-25.7592592593,0.0000000000
130.0000000000,-25.2777777778,0.0000000000
130.0000000000,-24.7962962963,0.0000000000
130.0000000000,-24.3148148148,0.0000000000
130.0000000000,-23.8333333333,0.0000000000
130.0000000000,-23.3518518519,0.0000000000
130.0000000000,-22.8703703704,0.0000000000
130.0000000000,-22.3888888889,0.0000000000
130.0000000000,-21.9074074074,0.0000000000
130.0000000000,-21.4259259259,0.0000000000
130.0000000000,-20.9444444444,0.0000000000
130.0000000000,-20.4629629630,0.0000000000
130.0000000000,-19.9814814815,0.0000000000
130.0000000000,-19.5000000000,0.0000000000
130.0000000000,-19.0185185185,0.0000000000
130.0000000000,-18.5370370370,0.0000000000
130.0000000000,-18.0555555556,0.0000000000
130.0000000000,-17.5740740741,0.0000000000
130.0000000000,-17.0925925926,0.0000000000
130.0000000000,-16.6111111111,0.0000000000
130.0000000000,-16.1296296296,0.0000000000
130.0000000000,-15.6481481482,0.0000000000
130.0000000000,-15.1666666667,0.0000000000
130.0000000000,-14.6851851852,0.0000000000
130.0000000000,-14.2037037037,0.0000000000
130.0000000000,-13.7222222222,0.0000000000
130.0000000000,-13.2407407407,0.0000000000
130.0000000000,-12.7592592593,0.0000000000
130.0000000000,-12.2777777778,0.0000000000
130.0000000000,-11.7962962963,0.0000000000
130.0000000000,-11.3148148148,0.0000000000
130.0000000000,-10.8333333333,0.0000000000
130.0000000000,-10.3518518519,0.0000000000
130.0000000000,-9.8703703704,0.0000000000
130.0000000000,-9.3888888889,0.0000000000
130.0000000000,-8.9074074074,0.0000000000
130.0000000000,-8.4259259259,0.0000000000
130.0000000000,-7.9444444444,0.0000000000
130.0000000000,-7.4629629630,0.0000000000
130.0000000000,-6.9814814815,0.0000000000
130.0000000000,-6.5000000000,0.0000000000
130.0000000000,-6.0185185185,0.0000000000
130.0000000000,-5.5370370370,0.0000000000
130.0000000000,-5.0555555556,0.0000000000
130.0000000000,-4.5740740741,0.0000000000
130.0000000000,-4.0925925926,0.0000000000
130.0000000000,-3.6111111111,0.0000000000
130.0000000000,-3.1296296296,0.0000000000
130.0000000000,-2.6481481482,0.0000000000
130.0000000000,-2.1666666667,0.0000000000
130.0000000000,-1.6851851852,0.0000000000
130.0000000000,-1.2037037037,0.0000000000
130.0000000000,-0.7222222222,0.0000000000
130.0000000000,-0.2407407407,0.0000000000
130.0000000000,0.2407407407,0.0000000000
130.0000000000,0.7222222222,0.0000000000
130.0000000000,1.2037037037,0.0000000000
130.0000000000,1.6851851852,0.0000000000
130.0000000000,2.1666666667,0.0000000000
130.0000000000,2.6481481481,0.0000000000
130.0000000000,3.1296296296,0.0000000000
130.0000000000,3.6111111111,0.0000000000
130.0000000000,4.0925925926,0.0000000000
130.0000000000,4.5740740741,0.0000000000
130.0000000000,5.0555555556,0.0000000000
130.0000000000,5.5370370370,0.0000000000
130.0000000000,6.0185185185,0.0000000000
130.0000000000,6.5000000000,0.0000000000
130.0000000000,6.9814814815,0.0000000000
130.0000000000,7.4629629630,0.0000000000
130.0000000000,7.9444444444,0.0000000000
130.0000000000,8.4259259259,0.0000000000
130.0000000000,8.9074074074,0.0000000000
130.0000000000,9.3888888889,0.0000000000
130.0000000000,9.8703703704,0.0000000000
130.0000000000,10.3518518518,0.0000000000
130.0000000000,10.8333333333,0.0000000000
130.0000000000,11.3148148148,0.0000000000
130.0000000000,11.7962962963,0.0000000000
130.0000000000,12.2777777778,0.0000000000
130.0000000000,12.7592592593,0.0000000000
130.0000000000,13.2407407407,0.0000000000
130.0000000000,13.7222222222,0.0000000000
130.0000000000,14.2037037037,0.0000000000
130.0000000000,14.6851851852,0.0000000000
130.0000000000,15.1666666667,0.0000000000
130.0000000000,15.6481481481,0.0000000000
130.0000000000,16.1296296296,0.0000000000
130.0000000000,16.6111111111,0.0000000000
130.0000000000,17.0925925926,0.0000000000
130.0000000000,17.5740740741,0.0000000000
130.0000000000,18.0555555555,0.0000000000
130.0000000000,18.5370370370,0.0000000000
130.0000000000,19.0185185185,0.0000000000
130.0000000000,19.5000000000,0.0000000000
130.0000000000,19.9814814815,0.0000000000
130.0000000000,20.4629629630,0.0000000000
130.0000000000,20.9444444444,0.0000000000
130.0000000000,21.4259259259,0.0000000000
130.0000000000,21.9074074074,0.0000000000
130.0000000000,22.3888888889,0.0000000000
130.0000000000,22.8703703704,0.0000000000
130.0000000000,23.3518518518,0.0000000000
130.0000000000,23.8333333333,0.0000000000
130.0000000000,24.3148148148,0.0000000000
130.0000000000,24.7962962963,0.0000000000
130.0000000000,25.2777777778,0.0000000000
130.0000000000,25.7592592593,0.0000000000
130.0000000000,26.2407407407,0.0000000000
130.0000000000,26.7222222222,0.0000000000
130.0000000000,27.2037037037,0.0000000000
130.0000000000,27.6851851852,0.0000000000
130.0000000000,28.1666666667,0.0000000000
130.0000000000,28.6481481481,0.0000000000
130.0000000000,29.1296296296,0.0000000000
130.0000000000,29.6111111111,0.0000000000
130.0000000000,30.0925925926,0.0000000000
130.0000000000,30.5740740741,0.0000000000
130.0000000000,31.0555555555,0.0000000000
130.0000000000,31.5370370370,0.0000000000
130.0000000000,32.0185185185,0.0000000000
130.0000000000,-32.2592592593,0.0000000000
130.0000000000,-31.7777777778,0.0000000000
130.0000000000,-31.2962962963,0.0000000000
130.0000000000,-30.8148148148,0.0000000000
130.0000000000,-30.3333333333,0.0000000000
130.0000000000,-29.8518518519,0.0000000000
130.0000000000,-29.3703703704,0.0000000000
130.0000000000,-28.8888888889,0.0000000000
130.0000000000,-28.4074074074,0.0000000000
130.0000000000,-27.9259259259,0.0000000000
130.0000000000,-27.4444444444,0.0000000000
130.0000000000,-26.9629629630,0.0000000000
130.0000000000,-26.4814814815,0.0000000000
130.0000000000,-26.0000000000,0.0000000000
130.0000000000,-25.5185185185,0.0000000000
130.0000000000,-25.0370370370,0.0000000000
130.0000000000,-24.5555555556,0.0000000000
130.0000000000,-24.0740740741,0.0000000000
130.0000000000,-23.5925925926,0.0000000000
130.0000000000,-23.1111111111,0.0000000000
130.0000000000,-22.6296296296,0.0000000000
130.0000000000,-22.1481481481,0.0000000000
130.0000000000,-21.6666666667,0.0000000000
130.0000000000,-21.1851851852,0.0000000000
130.0000000000,-20.7037037037,0.0000000000
130.0000000000,-20.2222222222,0.0000000000
130.0000000000,-19.7407407407,0.0000000000
130.0000000000,-19.2592592593,0.0000000000
130.0000000000,-18.7777777778,0.0000000000
130.0000000000,-18.2962962963,0.0000000000
130.0000000000,-17.8148148148,0.0000000000
130.0000000000,-17.3333333333,0.0000000000
130.0000000000,-16.8518518519,0.0000000000
130.0000000000,-16.3703703704,0.0000000000
130.0000000000,-15.8888888889,0.0000000000
130.0000000000,-15.4074074074,0.0000000000
130.0000000000,-14.9259259259,0.0000000000
130.0000000000,-14.4444444444,0.0000000000
130.0000000000,-13.9629629630,0.0000000000
130.0000000000,-13.4814814815,0.0000000000
130.0000000000,-13.0000000000,0.0000000000
130.0000000000,-12.5185185185,0.0000000000
130.0000000000,-12.0370370370,0.0000000000
130.0000000000,-11.5555555556,0.0000000000
130.0000000000,-11.0740740741,0.0000000000
130.0000000000,-10.5925925926,0.0000000000
130.0000000000,-10.1111111111,0.0000000000
130.0000000000,-9.6296296296,0.0000000000
130.0000000000,-9.1481481482,0.0000000000
130.0000000000,-8.6666666667,0.0000000000
130.0000000000,-8.1851851852,0.0000000000
130.0000000000,-7.7037037037,0.0000000000
130.0000000000,-7.2222222222,0.0000000000
130.0000000000,-6.7407407407,0.0000000000
130.0000000000,-6.2592592593,0.0000000000
130.0000000000,-5.7777777778,0.0000000000
130.0000000000,-5.2962962963,0.0000000000
130.0000000000,-4.8148148148,0.0000000000
130.0000000000,-4.3333333333,0.0000000000
130.0000000000,-3.8518518519,0.0000000000
130.0000000000,-3.3703703704,0.0000000000
130.0000000000,-2.8888888889,0.0000000000
130.0000000000,-2.4074074074,0.0000000000
130.0000000000,-1.9259259259,0.0000000000
130.0000000000,-1.4444444444,0.0000000000
130.0000000000,-0.9629629630,0.0000000000
130.0000000000,-0.4814814815,0.0000000000
130.0000000000,-0.0000000000,0.0000000000
130.0000000000,0.4814814815,0.0000000000
130.0000000000,0.9629629630,0.0000000000
130.0000000000,1.4444444444,0.0000000000
130.0000000000,1.9259259259,0.0000000000
130.0000000000,2.4074074074,0.0000000000
130.0000000000,2.8888888889,0.0000000000
130.0000000000,3.3703703704,0.0000000000
130.0000000000,3.8518518518,0.0000000000
130.0000000000,4.3333333333,0.0000000000
130.0000000000,4.8148148148,0.0000000000
130.0000000000,5.2962962963,0.0000000000
130.0000000000,5.7777777778,0.0000000000
130.0000000000,6.2592592593,0.0000000000
130.0000000000,6.7407407407,0.0000000000
130.0000000000,7.2222222222,0.0000000000
130.0000000000,7.7037037037,0.0000000000
130.0000000000,8.1851851852,0.0000000000
130.0000000000,8.6666666667,0.0000000000
130.0000000000,9.1481481481,0.0000000000
130.0000000000,9.6296296296,0.0000000000
130.0000000000,10.1111111111,0.0000000000
130.0000000000,10.5925925926,0.0000000000
130.0000000000,11.0740740741,0.0000000000
130.0000000000,11.5555555555,0.0000000000
130.0000000000,12.0370370370,0.0000000000
130.0000000000,12.5185185185,0.0000000000
130.0000000000,13.0000000000,0.0000000000
130.0000000000,13.4814814815,0.0000000000
130.0000000000,13.9629629630,0.0000000000
130.0000000000,14.4444444444,0.0000000000
130.0000000000,14.9259259259,0.0000000000
130.0000000000,15.4074074074,0.0000000000
130.0000000000,15.8888888889,0.0000000000
130.0000000000,16.3703703704,0.0000000000
130.0000000000,16.8518518518,0.0000000000
130.0000000000,17.3333333333,0.0000000000
130.0000000000,17.8148148148,0.0000000000
130.0000000000,18.2962962963,0.0000000000
130.0000000000,18.7777777778,0.0000000000
130.0000000000,19.2592592593,0.0000000000
130.0000000000,19.7407407407,0.0000000000
130.0000000000,20.2222222222,0.0000000000
130.0000000000,20.7037037037,0.0000000000
130.0000000000,21.1851851852,0.0000000000
130.0000000000,21.6666666667,0.0000000000
130.0000000000,22.1481481481,0.0000000000
130.0000000000,22.6296296296,0.0000000000
130.0000000000,23.1111111111,0.0000000000
130.0000000000,23.5925925926,0.0000000000
130.0000000000,24.0740740741,0.0000000000
130.0000000000,24.5555555555,0.0000000000
130.0000000000,25.0370370370,0.0000000000
130.0000000000,25.5185185185,0.0000000000
130.0000000000,26.0000000000,0.0000000000
130.0000000000,26.4814814815,0.0000000000
130.0000000000,26.9629629630,0.0000000000
130.0000000000,27.4444444444,0.0000000000
130.0000000000,27.9259259259,0.0000000000
130.0000000000,28.4074074074,0.0000000000
130.0000000000,28.8888888889,0.0000000000
130.0000000000,29.3703703704,0.0000000000
130.0000000000,29.8518518518,0.0000000000
130.0000000000,30.3333333333,0.0000000000
130.0000000000,30.8148148148,0.0000000000
130.0000000000,31.2962962963,0.0000000000
130.0000000000,31.7777777778,0.0000000000
130.0000000000,32.2592592593,0.0000000000
-129.9645962256,32.5000000000,0.0000000000
-129.9221118269,32.5000000000,0.0000000000
-129.8711302967,32.5000000000,0.0000000000
-129.8099526513,32.5000000000,0.0000000000
-129.7365397200,32.5000000000,0.0000000000
-129.6484441280,32.5000000000,0.0000000000
-129.5427291310,32.5000000000,0.0000000000
-129.4158712414,32.5000000000,0.0000000000
-129.2636419585,32.5000000000,0.0000000000
-129.0809665616,32.5000000000,0.0000000000
-128.8617559594,32.5000000000,0.0000000000
-128.5987034381,32.5000000000,0.0000000000
-128.2830404285,32.5000000000,0.0000000000
-127.9042445968,32.5000000000,0.0000000000
-127.4496895317,32.5000000000,0.0000000000
-126.9042236342,32.5000000000,0.0000000000
-126.2496645986,32.5000000000,0.0000000000
-125.4641937551,32.5000000000,0.0000000000
-124.5216288969,32.5000000000,0.0000000000
-123.3905506319,32.5000000000,0.0000000000
-122.0332568117,32.5000000000,0.0000000000
-120.4045044998,32.5000000000,0.0000000000
-118.4500015872,32.5000000000,0.0000000000
-116.1045980814,32.5000000000,0.0000000000
-113.2901132414,32.5000000000,0.0000000000
-109.9127316039,32.5000000000,0.0000000000
-105.8598738432,32.5000000000,0.0000000000
-100.9964440009,32.5000000000,0.0000000000
-95.1603280196,32.5000000000,0.0000000000
-88.1569886374,32.5000000000,0.0000000000
-79.7529809782,32.5000000000,0.0000000000
-69.6681722364,32.5000000000,0.0000000000
-57.5664010454,32.5000000000,0.0000000000
-43.0442755502,32.5000000000,0.0000000000
-25.6177239468,32.5000000000,0.0000000000
-4.7058615868,32.5000000000,0.0000000000
20.3883737686,32.5000000000,0.0000000000
50.5014571328,32.5000000000,0.0000000000
86.6371579854,32.5000000000,0.0000000000
-129.9822981128,32.5000000000,0.0000000000
-129.9433540263,32.5000000000,0.0000000000
-129.8966210618,32.5000000000,0.0000000000
-129.8405414740,32.5000000000,0.0000000000
-129.7732461857,32.5000000000,0.0000000000
-129.6924919240,32.5000000000,0.0000000000
-129.5955866295,32.5000000000,0.0000000000
-129.4793001862,32.5000000000,0.0000000000
-129.3397566000,32.5000000000,0.0000000000
-129.1723042601,32.5000000000,0.0000000000
-128.9713612605,32.5000000000,0.0000000000
-128.7302296988,32.5000000000,0.0000000000
-128.4408719333,32.5000000000,0.0000000000
-128.0936425127,32.5000000000,0.0000000000
-127.6769670643,32.5000000000,0.0000000000
-127.1769565829,32.5000000000,0.0000000000
-126.5769441164,32.5000000000,0.0000000000
-125.8569291769,32.5000000000,0.0000000000
-124.9929113260,32.5000000000,0.0000000000
-123.9560897644,32.5000000000,0.0000000000
-122.7119037218,32.5000000000,0.0000000000
-121.2188806557,32.5000000000,0.0000000000
-119.4272530435,32.5000000000,0.0000000000
-117.2772998343,32.5000000000,0.0000000000
-114.6973556614,32.5000000000,0.0000000000
-111.6014224227,32.5000000000,0.0000000000
-107.8863027236,32.5000000000,0.0000000000
-103.4281589221,32.5000000000,0.0000000000
-98.0783860103,32.5000000000,0.0000000000
-91.6586583285,32.5000000000,0.0000000000
-83.9549848078,32.5000000000,0.0000000000
-74.7105766073,32.5000000000,0.0000000000
-63.6172866409,32.5000000000,0.0000000000
-50.3053382978,32.5000000000,0.0000000000
-34.3309997485,32.5000000000,0.0000000000
-15.1617927668,32.5000000000,0.0000000000
7.8412560909,32.5000000000,0.0000000000
35.4449154507,32.5000000000,0.0000000000
68.5693075591,32.5000000000,0.0000000000
108.3185789927,32.5000000000,0.0000000000
-130.0000000000,-32.0185185185,0.0000000000
-130.0000000000,-31.5370370370,0.0000000000
-130.0000000000,-31.0555555556,0.0000000000
-130.0000000000,-30.5740740741,0.0000000000
-130.0000000000,-30.0925925926,0.0000000000
-130.0000000000,-29.6111111111,0.0000000000
-130.0000000000,-29.1296296296,0.0000000000
-130.0000000000,-28.6481481481,0.0000000000
-130.0000000000,-28.1666666667,0.0000000000
-130.0000000000,-27.6851851852,0.0000000000
-130.0000000000,-27.2037037037,0.0000000000
-130.0000000000,-26.7222222222,0.0000000000
-130.0000000000,-26.2407407407,0.0000000000
-130.0000000000,-25.7592592593,0.0000000000
-130.0000000000,-25.2777777778,0.0000000000
-130.0000000000,-24.7962962963,0.0000000000
-130.0000000000,-24.3148148148,0.0000000000
-130.0000000000,-23.8333333333,0.0000000000
-130.0000000000,-23.3518518519,0.0000000000
-130.0000000000,-22.8703703704,0.0000000000
-130.0000000000,-22.3888888889,0.0000000000
-130.0000000000,-21.9074074074,0.0000000000
-130.0000000000,-21.4259259259,0.0000000000
-130.0000000000,-20.9444444444,0.0000000000
-130.0000000000,-20.4629629630,0.0000000000
-130.0000000000,-19.9814814815,0.0000000000
-130.0000000000,-19.5000000000,0.0000000000
-130.0000000000,-19.0185185185,0.0000000000
-130.0000000000,-18.5370370370,0.0000000000
-130.0000000000,-18.0555555556,0.0000000000
-130.0000000000,-17.5740740741,0.0000000000
-130.0000000000,-17.0925925926,0.0000000000
-130.0000000000,-16.6111111111,0.0000000000
-130.0000000000,-16.1296296296,0.0000000000
-130.0000000000,-15.6481481482,0.0000000000
-130.0000000000,-15.1666666667,0.0000000000
-130.0000000000,-14.6851851852,0.0000000000
-130.0000000000,-14.2037037037,0.0000000000
-130.0000000000,-13.7222222222,0.0000000000
-130.0000000000,-13.2407407407,0.0000000000
-130.0000000000,-12.7592592593,0.0000000000
-130.0000000000,-12.2777777778,0.0000000000
-130.0000000000,-11.7962962963,0.0000000000
-130.0000000000,-11.3148148148,0.0000000000
-130.0000000000,-10.8333333333,0.0000000000
-130.0000000000,-10.3518518519,0.0000000000
-130.0000000000,-9.8703703704,0.0000000000
-130.0000000000,-9.3888888889,0.0000000000
-130.0000000000,-8.9074074074,0.0000000000
-130.0000000000,-8.4259259259,0.0000000000
-130.0000000000,-7.9444444444,0.0000000000
-130.0000000000,-7.4629629630,0.0000000000
-130.0000000000,-6.9814814815,0.0000000000
-130.0000000000,-6.5000000000,0.0000000000
-130.0000000000,-6.0185185185,0.0000000000
-130.0000000000,-5.5370370370,0.0000000000
-130.0000000000,-5.0555555556,0.0000000000
-130.0000000000,-4.5740740741,0.0000000000
-130.0000000000,-4.0925925926,0.0000000000
-130.0000000000,-3.6111111111,0.0000000000
-130.0000000000,-3.1296296296,0.0000000000
-130.0000000000,-2.6481481482,0.0000000000
-130.0000000000,-2.1666666667,0.0000000000
-130.0000000000,-1.6851851852,0.0000000000
-130.0000000000,-1.2037037037,0.0000000000
-130.0000000000,-0.7222222222,0.0000000000
-130.0000000000,-0.2407407407,0.0000000000
-130.0000000000,0.2407407407,0.0000000000
-130.0000000000,0.7222222222,0.0000000000
-130.0000000000,1.2037037037,0.0000000000
-130.0000000000,1.6851851852,0.0000000000
-130.0000000000,2.1666666667,0.0000000000
-130.0000000000,2.6481481481,0.0000000000
-130.0000000000,3.1296296296,0.0000000000
-130.0000000000,3.6111111111,0.0000000000
-130.0000000000,4.0925925926,0.0000000000
-130.0000000000,4.5740740741,0.0000000000
-130.0000000000,5.0555555556,0.0000000000
-130.0000000000,5.5370370370,0.0000000000
-130.0000000000,6.0185185185,0.0000000000
-130.0000000000,6.5000000000,0.0000000000
-130.0000000000,6.9814814815,0.0000000000
-130.0000000000,7.4629629630,0.0000000000
-130.0000000000,7.9444444444,0.0000000000
-130.0000000000,8.4259259259,0.0000000000
-130.0000000000,8.9074074074,0.0000000000
-130.0000000000,9.3888888889,0.0000000000
-130.0000000000,9.8703703704,0.0000000000
-130.0000000000,10.3518518518,0.0000000000
-130.0000000000,10.8333333333,0.0000000000
-130.0000000000,11.3148148148,0.0000000000
-130.0000000000,11.7962962963,0.0000000000
-130.0000000000,12.2777777778,0.0000000000
-130.0000000000,12.7592592593,0.0000000000
-130.0000000000,13.2407407407,0.0000000000
-130.0000000000,13.7222222222,0.0000000000
-130.0000000000,14.2037037037,0.0000000000
-130.0000000000,14.6851851852,0.0000000000
-130.0000000000,15.1666666667,0.0000000000
-130.0000000000,15.6481481481,0.0000000000
-130.0000000000,16.1296296296,0.0000000000
-130.0000000000,16.6111111111,0.0000000000
-130.0000000000,17.0925925926,0.0000000000
-130.0000000000,17.5740740741,0.0000000000
-130.0000000000,18.0555555555,0.0000000000
-130.0000000000,18.5370370370,0.0000000000
-130.0000000000,19.0185185185,0.0000000000
-130.0000000000,19.5000000000,0.0000000000
-130.0000000000,19.9814814815,0.0000000000
-130.0000000000,20.4629629630,0.0000000000
-130.0000000000,20.9444444444,0.0000000000
-130.0000000000,21.4259259259,0.0000000000
-130.0000000000,21.9074074074,0.0000000000
-130.0000000000,22.3888888889,0.0000000000
-130.0000000000,22.8703703704,0.0000000000
-130.0000000000,23.3518518518,0.0000000000
-130.0000000000,23.8333333333,0.0000000000
-130.0000000000,24.3148148148,0.0000000000
-130.0000000000,24.7962962963,0.0000000000
-130.0000000000,25.2777777778,0.0000000000
-130.0000000000,25.7592592593,0.0000000000
-130.0000000000,26.2407407407,0.0000000000
-130.0000000000,26.7222222222,0.0000000000
-130.0000000000,27.2037037037,0.0000000000
-130.0000000000,27.6851851852,0.0000000000
-130.0000000000,28.1666666667,0.0000000000
-130.0000000000,28.6481481481,0.0000000000
-130.0000000000,29.1296296296,0.0000000000
-130.0000000000,29.6111111111,0.0000000000
-130.0000000000,30.0925925926,0.0000000000
-130.0000000000,30.5740740741,0.0000000000
-130.0000000000,31.0555555555,0.0000000000
-130.0000000000,31.5370370370,0.0000000000
-130.0000000000,32.0185185185,0.0000000000
-130.0000000000,-32.2592592593,0.0000000000
-130.0000000000,-31.7777777778,0.0000000000
-130.0000000000,-31.2962962963,0.0000000000
-130.0000000000,-30.8148148148,0.0000000000
-130.0000000000,-30.3333333333,0.0000000000
-130.0000000000,-29.8518518519,0.0000000000
-130.0000000000,-29.3703703704,0.0000000000
-130.0000000000,-28.8888888889,0.0000000000
-130.0000000000,-28.4074074074,0.0000000000
-130.0000000000,-27.9259259259,0.0000000000
-130.0000000000,-27.4444444444,0.0000000000
-130.0000000000,-26.9629629630,0.0000000000
-130.0000000000,-26.4814814815,0.0000000000
-130.0000000000,-26.0000000000,0.0000000000
-130.0000000000,-25.5185185185,0.0000000000
-130.0000000000,-25.0370370370,0.0000000000
-130.0000000000,-24.5555555556,0.0000000000
-130.0000000000,-24.0740740741,0.0000000000
-130.0000000000,-23.5925925926,0.0000000000
-130.0000000000,-23.1111111111,0.0000000000
-130.0000000000,-22.6296296296,0.0000000000
-130.0000000000,-22.1481481481,0.0000000000
-130.0000000000,-21.6666666667,0.0000000000
-130.0000000000,-21.1851851852,0.0000000000
-130.0000000000,-20.7037037037,0.0000000000
-130.0000000000,-20.2222222222,0.0000000000
-130.0000000000,-19.7407407407,0.0000000000
-130.0000000000,-19.2592592593,0.0000000000
-130.0000000000,-18.7777777778,0.0000000000
-130.0000000000,-18.2962962963,0.0000000000
-130.0000000000,-17.8148148148,0.0000000000
-130.0000000000,-17.3333333333,0.0000000000
-130.0000000000,-16.8518518519,0.0000000000
-130.0000000000,-16.3703703704,0.0000000000
-130.0000000000,-15.8888888889,0.0000000000
-130.0000000000,-15.4074074074,0.0000000000
-130.0000000000,-14.9259259259,0.0000000000
-130.0000000000,-14.4444444444,0.0000000000
-130.0000000000,-13.9629629630,0.0000000000
-130.0000000000,-13.4814814815,0.0000000000
-130.0000000000,-13.0000000000,0.0000000000
-130.0000000000,-12.5185185185,0.0000000000
-130.0000000000,-12.0370370370,0.0000000000
-130.0000000000,-11.5555555556,0.0000000000
-130.0000000000,-11.0740740741,0.0000000000
-130.0000000000,-10.5925925926,0.0000000000
-130.0000000000,-10.1111111111,0.0000000000
-130.0000000000,-9.6296296296,0.0000000000
-130.0000000000,-9.1481481482,0.0000000000
-130.0000000000,-8.6666666667,0.0000000000
-130.0000000000,-8.1851851852,0.0000000000
-130.0000000000,-7.7037037037,0.0000000000
-130.0000000000,-7.2222222222,0.0000000000
-130.0000000000,-6.7407407407,0.0000000000
-130.0000000000,-6.2592592593,0.0000000000
-130.0000000000,-5.7777777778,0.0000000000
-130.0000000000,-5.2962962963,0.0000000000
-130.0000000000,-4.8148148148,0.0000000000
-130.0000000000,-4.3333333333,0.0000000000
-130.0000000000,-3.8518518519,0.0000000000
-130.0000000000,-3.3703703704,0.0000000000
-130.0000000000,-2.8888888889,0.0000000000
-130.0000000000,-2.4074074074,0.0000000000
-130.0000000000,-1.9259259259,0.0000000000
-130.0000000000,-1.4444444444,0.0000000000
-130.0000000000,-0.9629629630,0.0000000000
-130.0000000000,-0.4814814815,0.0000000000
-130.0000000000,-0.0000000000,0.0000000000
-130.0000000000,0.4814814815,0.0000000000
-130.0000000000,0.9629629630,0.0000000000
-130.0000000000,1.4444444444,0.0000000000
-130.0000000000,1.9259259259,0.0000000000
-130.0000000000,2.4074074074,0.0000000000
-130.0000000000,2.8888888889,0.0000000000
-130.0000000000,3.3703703704,0.0000000000
-130.0000000000,3.8518518518,0.0000000000
-130.0000000000,4.3333333333,0.0000000000
-130.0000000000,4.8148148148,0.0000000000
-130.0000000000,5.2962962963,0.0000000000
-130.0000000000,5.7777777778,0.0000000000
-130.0000000000,6.2592592593,0.0000000000
-130.0000000000,6.7407407407,0.0000000000
-130.0000000000,7.2222222222,0.0000000000
-130.0000000000,7.7037037037,0.0000000000
-130.0000000000,8.1851851852,0.0000000000
-130.0000000000,8.6666666667,0.0000000000
-130.0000000000,9.1481481481,0.0000000000
-130.0000000000,9.6296296296,0.0000000000
-130.0000000000,10.1111111111,0.0000000000
-130.0000000000,10.5925925926,0.0000000000
-130.0000000000,11.0740740741,0.0000000000
-130.0000000000,11.5555555555,0.0000000000
-130.0000000000,12.0370370370,0.0000000000
-130.0000000000,12.5185185185,0.0000000000
-130.0000000000,13.0000000000,0.0000000000
-130.0000000000,13.4814814815,0.0000000000
-130.0000000000,13.9629629630,0.0000000000
-130.0000000000,14.4444444444,0.0000000000
-130.0000000000,14.9259259259,0.0000000000
-130.0000000000,15.4074074074,0.0000000000
-130.0000000000,15.8888888889,0.0000000000
-130.0000000000,16.3703703704,0.0000000000
-130.0000000000,16.8518518518,0.0000000000
-130.0000000000,17.3333333333,0.0000000000
-130.0000000000,17.8148148148,0.0000000000
-130.0000000000,18.2962962963,0.0000000000
-130.0000000000,18.7777777778,0.0000000000
-130.0000000000,19.2592592593,0.0000000000
-130.0000000000,19.7407407407,0.0000000000
-130.0000000000,20.2222222222,0.0000000000
-130.0000000000,20.7037037037,0.0000000000
-130.0000000000,21.1851851852,0.0000000000
-130.0000000000,21.6666666667,0.0000000000
-130.0000000000,22.1481481481,0.0000000000
-130.0000000000,22.6296296296,0.0000000000
-130.0000000000,23.1111111111,0.0000000000
-130.0000000000,23.5925925926,0.0000000000
-130.0000000000,24.0740740741,0.0000000000
-130.0000000000,24.5555555555,0.0000000000
-130.0000000000,25.0370370370,0.0000000000
-130.0000000000,25.5185185185,0.0000000000
-130.0000000000,26.0000000000,0.0000000000
-130.0000000000,26.4814814815,0.0000000000
-130.0000000000,26.9629629630,0.0000000000
-130.0000000000,27.4444444444,0.0000000000
-130.0000000000,27.9259259259,0.0000000000
-130.0000000000,28.4074074074,0.0000000000
-130.0000000000,28.8888888889,0.0000000000
-130.0000000000,29.3703703704,0.0000000000
-130.0000000000,29.8518518518,0.0000000000
-130.0000000000,30.3333333333,0.0000000000
-130.0000000000,30.8148148148,0.0000000000
-130.0000000000,31.2962962963,0.0000000000
-130.0000000000,31.7777777778,0.0000000000
-130.0000000000,32.2592592593,0.0000000000
-129.9645962256,-32.0185185185,0.0000000000
-129.9645962256,-31.5370370370,0.0000000000
-129.9645962256,-31.0555555556,0.0000000000
-129.9645962256,-30.5740740741,0.0000000000
-129.9645962256,-30.0925925926,0.0000000000
-129.9645962256,-29.6111111111,0.0000000000
-129.9645962256,-29.1296296296,0.0000000000
-129.9645962256,-28.6481481481,0.0000000000
-129.9645962256,-28.1666666667,0.0000000000
-129.9645962256,-27.6851851852,0.0000000000
-129.9645962256,-27.2037037037,0.0000000000
-129.9645962256,-26.7222222222,0.0000000000
-129.9645962256,-26.2407407407,0.0000000000
-129.9645962256,-25.7592592593,0.0000000000
-129.9645962256,-25.2777777778,0.0000000000
-129.9645962256,-24.7962962963,0.0000000000
-129.9645962256,-24.3148148148,0.0000000000
-129.9645962256,-23.8333333333,0.0000000000
-129.9645962256,-23.3518518519,0.0000000000
-129.9645962256,-22.8703703704,0.0000000000
-129.9645962256,-22.3888888889,0.0000000000
-129.9645962256,-21.9074074074,0.0000000000
-129.9645962256,-21.4259259259,0.0000000000
-129.9645962256,-20.9444444444,0.0000000000
-129.9645962256,-20.4629629630,0.0000000000
-129.9645962256,-19.9814814815,0.0000000000
-129.9645962256,-19.5000000000,0.0000000000
-129.9645962256,-19.0185185185,0.0000000000
-129.9645962256,-18.5370370370,0.0000000000
-129.9645962256,-18.0555555556,0.0000000000
-129.9645962256,-17.5740740741,0.0000000000
-129.9645962256,-17.0925925926,0.0000000000
-129.9645962256,-16.6111111111,0.0000000000
-129.9645962256,-16.1296296296,0.0000000000
-129.9645962256,-15.6481481482,0.0000000000
-129.9645962256,-15.1666666667,0.0000000000
-129.9645962256,-14.6851851852,0.0000000000
-129.9645962256,-14.2037037037,0.0000000000
-129.9645962256,-13.7222222222,0.0000000000
-129.9645962256,-13.2407407407,0.0000000000
-129.9645962256,-12.7592592593,0.0000000000
-129.9645962256,-12.2777777778,0.0000000000
-129.9645962256,-11.7962962963,0.0000000000
-129.9645962256,-11.3148148148,0.0000000000
-129.9645962256,-10.8333333333,0.0000000000
-129.9645962256,-10.3518518519,0.0000000000
-129.9645962256,-9.8703703704,0.0000000000
-129.9645962256,-9.3888888889,0.0000000000
-129.9645962256,-8.9074074074,0.0000000000
-129.9645962256,-8.4259259259,0.0000000000
-129.9645962256,-7.9444444444,0.0000000000
-129.9645962256,-7.4629629630,0.0000000000
-129.9645962256,-6.9814814815,0.0000000000
-129.9645962256,-6.5000000000,0.0000000000
-129.9645962256,-6.0185185185,0.0000000000
-129.9645962256,-5.5370370370,0.0000000000
-129.9645962256,-5.0555555556,0.0000000000
-129.9645962256,-4.5740740741,0.0000000000
-129.9645962256,-4.0925925926,0.0000000000
-129.9645962256,-3.6111111111,0.0000000000
-129.9645962256,-3.1296296296,0.0000000000
-129.9645962256,-2.6481481482,0.0000000000
-129.9645962256,-2.1666666667,0.0000000000
-129.9645962256,-1.6851851852,0.0000000000
-129.9645962256,-1.2037037037,0.0000000000
-129.9645962256,-0.7222222222,0.0000000000
-129.9645962256,-0.2407407407,0.0000000000
-129.9645962256,0.2407407407,0.0000000000
-129.9645962256,0.7222222222,0.0000000000
-129.9645962256,1.2037037037,0.0000000000
-129.9645962256,1.6851851852,0.0000000000
-129.9645962256,2.1666666667,0.0000000000
-129.9645962256,2.6481481481,0.0000000000
-129.9645962256,3.1296296296,0.0000000000
-129.9645962256,3.6111111111,0.0000000000
-129.9645962256,4.0925925926,0.0000000000
-129.9645962256,4.5740740741,0.0000000000
-129.9645962256,5.0555555556,0.0000000000
-129.9645962256,5.5370370370,0.0000000000
-129.9645962256,6.0185185185,0.0000000000
-129.9645962256,6.5000000000,0.0000000000
-129.9645962256,6.9814814815,0.0000000000
-129.9645962256,7.4629629630,0.0000000000
-129.9645962256,7.9444444444,0.0000000000
-129.9645962256,8.4259259259,0.0000000000
-129.9645962256,8.9074074074,0.0000000000
-129.9645962256,9.3888888889,0.0000000000
-129.9645962256,9.8703703704,0.0000000000
-129.9645962256,10.3518518518,0.0000000000
-129.9645962256,10.8333333333,0.0000000000
-129.9645962256,11.3148148148,0.0000000000
-129.9645962256,11.7962962963,0.0000000000
-129.9645962256,12.2777777778,0.0000000000
-129.9645962256,12.7592592593,0.0000000000
-129.9645962256,13.2407407407,0.0000000000
-129.9645962256,13.7222222222,0.0000000000
-129.9645962256,14.2037037037,0.0000000000
-129.9645962256,14.6851851852,0.0000000000
-129.9645962256,15.1666666667,0.0000000000
-129.9645962256,15.6481481481,0.0000000000
-129.9645962256,16.1296296296,0.0000000000
-129.9645962256,16.6111111111,0.0000000000
-129.9645962256,17.0925925926,0.0000000000
-129.9645962256,17.5740740741,0.0000000000
-129.9645962256,18.0555555555,0.0000000000
-129.9645962256,18.5370370370,0.0000000000
-129.9645962256,19.0185185185,0.0000000000
-129.9645962256,19.5000000000,0.0000000000
-129.9645962256,19.9814814815,0.0000000000
-129.9645962256,20.4629629630,0.0000000000
-129.9645962256,20.9444444444,0.0000000000
-129.9645962256,21.4259259259,0.0000000000
-129.9645962256,21.9074074074,0.0000000000
-129.9645962256,22.3888888889,0.0000000000
-129.9645962256,22.8703703704,0.0000000000
-129.9645962256,23.3518518518,0.0000000000
-129.9645962256,23.8333333333,0.0000000000
-129.9645962256,24.3148148148,0.0000000000
-129.9645962256,24.7962962963,0.0000000000
-129.9645962256,25.2777777778,0.0000000000
-129.9645962256,25.7592592593,0.0000000000
-129.9645962256,26.2407407407,0.0000000000
-129.9645962256,26.7222222222,0.0000000000
-129.9645962256,27.2037037037,0.0000000000
-129.9645962256,27.6851851852,0.0000000000
-129.9645962256,28.1666666667,0.0000000000
-129.9645962256,28.6481481481,0.0000000000
-129.9645962256,29.1296296296,0.0000000000
-129.9645962256,29.6111111111,0.0000000000
-129.9645962256,30.0925925926,0.0000000000
-129.9645962256,30.5740740741,0.0000000000
-129.9645962256,31.0555555555,0.0000000000
-129.9645962256,31.5370370370,0.0000000000
-129.9645962256,32.0185185185,0.0000000000
-129.9221118269,-32.0185185185,0.0000000000
-129.9221118269,-31.5370370370,0.0000000000
-129.9221118269,-31.0555555556,0.0000000000
-129.9221118269,-30.5740740741,0.0000000000
-129.9221118269,-30.0925925926,0.0000000000
-129.9221118269,-29.6111111111,0.0000000000
-129.9221118269,-29.1296296296,0.0000000000
-129.9221118269,-28.6481481481,0.0000000000
-129.9221118269,-28.1666666667,0.0000000000
-129.9221118269,-27.6851851852,0.0000000000
-129.9221118269,-27.2037037037,0.0000000000
-129.9221118269,-26.7222222222,0.0000000000
-129.9221118269,-26.2407407407,0.0000000000
-129.9221118269,-25.7592592593,0.0000000000
-129.9221118269,-25.2777777778,0.0000000000
-129.9221118269,-24.7962962963,0.0000000000
-129.9221118269,-24.3148148148,0.0000000000
-129.9221118269,-23.8333333333,0.0000000000
-129.9221118269,-23.3518518519,0.0000000000
-129.9221118269,-22.8703703704,0.0000000000
-129.9221118269,-22.3888888889,0.0000000000
-129.9221118269,-21.9074074074,0.0000000000
-129.9221118269,-21.4259259259,0.0000000000
-129.9221118269,-20.9444444444,0.0000000000
-129.9221118269,-20.4629629630,0.0000000000
-129.9221118269,-19.9814814815,0.0000000000
-129.9221118269,-19.5000000000,0.0000000000
-129.9221118269,-19.0185185185,0.0000000000
-129.9221118269,-18.5370370370,0.0000000000
-129.9221118269,-18.0555555556,0.0000000000
-129.9221118269,-17.5740740741,0.0000000000
-129.9221118269,-17.0925925926,0.0000000000
-129.9221118269,-16.6111111111,0.0000000000
-129.9221118269,-16.1296296296,0.0000000000
-129.9221118269,-15.6481481482,0.0000000000
-129.9221118269,-15.1666666667,0.0000000000
-129.9221118269,-14.6851851852,0.0000000000
-129.9221118269,-14.2037037037,0.0000000000
-129.9221118269,-13.7222222222,0.0000000000
-129.9221118269,-13.2407407407,0.0000000000
-129.9221118269,-12.7592592593,0.0000000000
-129.9221118269,-12.2777777778,0.0000000000
-129.9221118269,-11.7962962963,0.0000000000
-129.9221118269,-11.3148148148,0.0000000000
-129.9221118269,-10.8333333333,0.0000000000
-129.9221118269,-10.3518518519,0.0000000000
-129.9221118269,-9.8703703704,0.0000000000
-129.9221118269,-9.3888888889,0.0000000000
-129.9221118269,-8.9074074074,0.0000000000
-129.9221118269,-8.4259259259,0.0000000000
-129.9221118269,-7.9444444444,0.0000000000
-129.9221118269,-7.4629629630,0.0000000000
-129.9221118269,-6.9814814815,0.0000000000
-129.9221118269,-6.5000000000,0.0000000000
-129.9221118269,-6.0185185185,0.0000000000
-129.9221118269,-5.5370370370,0.0000000000
-129.9221118269,-5.0555555556,0.0000000000
-129.9221118269,-4.5740740741,0.0000000000
-129.9221118269,-4.0925925926,0.0000000000
-129.9221118269,-3.6111111111,0.0000000000
-129.9221118269,-3.1296296296,0.0000000000
-129.9221118269,-2.6481481482,0.0000000000
-129.9221118269,-2.1666666667,0.0000000000
-129.9221118269,-1.6851851852,0.0000000000
-129.9221118269,-1.2037037037,0.0000000000
-129.9221118269,-0.7222222222,0.0000000000
-129.9221118269,-0.2407407407,0.0000000000
-129.9221118269,0.2407407407,0.0000000000
-129.9221118269,0.7222222222,0.0000000000
-129.9221118269,1.2037037037,0.0000000000
-129.9221118269,1.6851851852,0.0000000000
-129.9221118269,2.1666666667,0.0000000000
-129.9221118269,2.6481481481,0.0000000000
-129.9221118269,3.1296296296,0.0000000000
-129.9221118269,3.6111111111,0.0000000000
-129.9221118269,4.0925925926,0.0000000000
-129.9221118269,4.5740740741,0.0000000000
-129.9221118269,5.0555555556,0.0000000000
-129.9221118269,5.5370370370,0.0000000000
-129.9221118269,6.0185185185,0.0000000000
-129.9221118269,6.5000000000,0.0000000000
-129.9221118269,6.9814814815,0.0000000000
-129.9221118269,7.4629629630,0.0000000000
-129.9221118269,7.9444444444,0.0000000000
-129.9221118269,8.4259259259,0.0000000000
-129.9221118269,8.9074074074,0.0000000000
-129.9221118269,9.3888888889,0.0000000000
-129.9221118269,9.8703703704,0.0000000000
-129.9221118269,10.3518518518,0.0000000000
-129.9221118269,10.8333333333,0.0000000000
-129.9221118269,11.3148148148,0.0000000000
-129.9221118269,11.7962962963,0.0000000000
-129.9221118269,12.2777777778,0.0000000000
-129.9221118269,12.7592592593,0.0000000000
-129.9221118269,13.2407407407,0.0000000000
-129.9221118269,13.7222222222,0.0000000000
-129.9221118269,14.2037037037,0.0000000000
-129.9221118269,14.6851851852,0.0000000000
-129.9221118269,15.1666666667,0.0000000000
-129.9221118269,15.6481481481,0.0000000000
-129.9221118269,16.1296296296,0.0000000000
-129.9221118269,16.6111111111,0.0000000000
-129.9221118269,17.0925925926,0.0000000000
-129.9221118269,17.5740740741,0.0000000000
-129.9221118269,18.0555555555,0.0000000000
-129.9221118269,18.5370370370,0.0000000000
-129.9221118269,19.0185185185,0.0000000000
-129.9221118269,19.5000000000,0.0000000000
-129.9221118269,19.9814814815,0.0000000000
-129.9221118269,20.4629629630,0.0000000000
-129.9221118269,20.9444444444,0.0000000000
-129.9221118269,21.4259259259,0.0000000000
-129.9221118269,21.9074074074,0.0000000000
-129.9221118269,22.3888888889,0.0000000000
-129.9221118269,22.8703703704,0.0000000000
-129.9221118269,23.3518518518,0.0000000000
-129.9221118269,23.8333333333,0.0000000000
-129.9221118269,24.3148148148,0.0000000000
-129.9221118269,24.7962962963,0.0000000000
-129.9221118269,25.2777777778,0.0000000000
-129.9221118269,25.7592592593,0.0000000000
-129.9221118269,26.2407407407,0.0000000000
-129.9221118269,26.7222222222,0.0000000000
-129.9221118269,27.2037037037,0.0000000000
-129.9221118269,27.6851851852,0.0000000000
-129.9221118269,28.1666666667,0.0000000000
-129.9221118269,28.6481481481,0.0000000000
-129.9221118269,29.1296296296,0.0000000000
-129.9221118269,29.6111111111,0.0000000000
-129.9221118269,30.0925925926,0.0000000000
-129.9221118269,30.5740740741,0.0000000000
-129.9221118269,31.0555555555,0.0000000000
-129.9221118269,31.5370370370,0.0000000000
-129.9221118269,32.0185185185,0.0000000000
-129.8711302967,-32.0185185185,0.0000000000
-129.8711302967,-31.5370370370,0.0000000000
-129.8711302967,-31.0555555556,0.0000000000
-129.8711302967,-30.5740740741,0.0000000000
-129.8711302967,-30.0925925926,0.0000000000
-129.8711302967,-29.6111111111,0.0000000000
-129.8711302967,-29.1296296296,0.0000000000
-129.8711302967,-28.6481481481,0.0000000000
-129.8711302967,-28.1666666667,0.0000000000
-129.8711302967,-27.6851851852,0.0000000000
-129.8711302967,-27.2037037037,0.0000000000
-129.8711302967,-26.7222222222,0.0000000000
-129.8711302967,-26.2407407407,0.0000000000
-129.8711302967,-25.7592592593,0.0000000000
-129.8711302967,-25.2777777778,0.0000000000
-129.8711302967,-24.7962962963,0.0000000000
-129.8711302967,-24.3148148148,0.0000000000
-129.8711302967,-23.8333333333,0.0000000000
-129.8711302967,-23.3518518519,0.0000000000
-129.8711302967,-22.8703703704,0.0000000000
-129.8711302967,-22.3888888889,0.0000000000
-129.8711302967,-21.9074074074,0.0000000000
-129.8711302967,-21.4259259259,0.0000000000
-129.8711302967,-20.9444444444,0.0000000000
-129.8711302967,-20.4629629630,0.0000000000
-129.8711302967,-19.9814814815,0.0000000000
-129.8711302967,-19.5000000000,0.0000000000
-129.8711302967,-19.0185185185,0.0000000000
-129.8711302967,-18.5370370370,0.0000000000
-129.8711302967,-18.0555555556,0.0000000000
-129.8711302967,-17.5740740741,0.0000000000
-129.8711302967,-17.0925925926,0.0000000000
-129.8711302967,-16.6111111111,0.0000000000
-129.8711302967,-16.1296296296,0.0000000000
-129.8711302967,-15.6481481482,0.0000000000
-129.8711302967,-15.1666666667,0.0000000000
-129.8711302967,-14.6851851852,0.0000000000
-129.8711302967,-14.2037037037,0.0000000000
-129.8711302967,-13.7222222222,0.0000000000
-129.8711302967,-13.2407407407,0.0000000000
-129.8711302967,-12.7592592593,0.0000000000
-129.8711302967,-12.2777777778,0.0000000000
-129.8711302967,-11.7962962963,0.0000000000
-129.8711302967,-11.3148148148,0.0000000000
-129.8711302967,-10.8333333333,0.0000000000
-129.8711302967,-10.3518518519,0.0000000000
-129.8711302967,-9.8703703704,0.0000000000
-129.8711302967,-9.3888888889,0.0000000000
-129.8711302967,-8.9074074074,0.0000000000
-129.8711302967,-8.4259259259,0.0000000000
-129.8711302967,-7.9444444444,0.0000000000
-129.8711302967,-7.4629629630,0.0000000000
-129.8711302967,-6.9814814815,0.0000000000
-129.8711302967,-6.5000000000,0.0000000000
-129.8711302967,-6.0185185185,0.0000000000
-129.8711302967,-5.5370370370,0.0000000000
-129.8711302967,-5.0555555556,0.0000000000
-129.8711302967,-4.5740740741,0.0000000000
-129.8711302967,-4.0925925926,0.0000000000
-129.8711302967,-3.6111111111,0.0000000000
-129.8711302967,-3.1296296296,0.0000000000
-129.8711302967,-2.6481481482,0.0000000000
-129.8711302967,-2.1666666667,0.0000000000
-129.8711302967,-1.6851851852,0.0000000000
-129.8711302967,-1.2037037037,0.0000000000
-129.8711302967,-0.7222222222,0.0000000000
-129.8711302967,-0.2407407407,0.0000000000
-129.8711302967,0.2407407407,0.0000000000
-129.8711302967,0.7222222222,0.0000000000
-129.8711302967,1.2037037037,0.0000000000
-129.8711302967,1.6851851852,0.0000000000
-129.8711302967,2.1666666667,0.0000000000
-129.8711302967,2.6481481481,0.0000000000
-129.8711302967,3.1296296296,0.0000000000
-129.8711302967,3.6111111111,0.0000000000
-129.8711302967,4.0925925926,0.0000000000
-129.8711302967,4.5740740741,0.0000000000
-129.8711302967,5.0555555556,0.0000000000
-129.8711302967,5.5370370370,0.0000000000
-129.8711302967,6.0185185185,0.0000000000
-129.8711302967,6.5000000000,0.0000000000
-129.8711302967,6.9814814815,0.0000000000
-129.8711302967,7.4629629630,0.0000000000
-129.8711302967,7.9444444444,0.0000000000
-129.8711302967,8.4259259259,0.0000000000
-129.8711302967,8.9074074074,0.0000000000
-129.8711302967,9.3888888889,0.0000000000
-129.8711302967,9.8703703704,0.0000000000
-129.8711302967,10.3518518518,0.0000000000
-129.8711302967,10.8333333333,0.0000000000
-129.8711302967,11.3148148148,0.0000000000
-129.8711302967,11.7962962963,0.0000000000
-129.8711302967,12.2777777778,0.0000000000
-129.8711302967,12.7592592593,0.0000000000
-129.8711302967,13.2407407407,0.0000000000
-129.8711302967,13.7222222222,0.0000000000
-129.8711302967,14.2037037037,0.0000000000
-129.8711302967,14.6851851852,0.0000000000
-129.8711302967,15.1666666667,0.0000000000
-129.8711302967,15.6481481481,0.0000000000
-129.8711302967,16.1296296296,0.0000000000
-129.8711302967,16.6111111111,0.0000000000
-129.8711302967,17.0925925926,0.0000000000
-129.8711302967,17.5740740741,0.0000000000
-129.8711302967,18.0555555555,0.0000000000
-129.8711302967,18.5370370370,0.0000000000
-129.8711302967,19.0185185185,0.0000000000
-129.8711302967,19.5000000000,0.0000000000
-129.8711302967,19.9814814815,0.0000000000
-129.8711302967,20.4629629630,0.0000000000
-129.8711302967,20.9444444444,0.0000000000
-129.8711302967,21.4259259259,0.0000000000
-129.8711302967,21.9074074074,0.0000000000
-129.8711302967,22.3888888889,0.0000000000
-129.8711302967,22.8703703704,0.0000000000
-129.8711302967,23.3518518518,0.0000000000
-129.8711302967,23.8333333333,0.0000000000
-129.8711302967,24.3148148148,0.0000000000
-129.8711302967,24.7962962963,0.0000000000
-129.8711302967,25.2777777778,0.0000000000
-129.8711302967,25.7592592593,0.0000000000
-129.8711302967,26.2407407407,0.0000000000
-129.8711302967,26.7222222222,0.0000000000
-129.8711302967,27.2037037037,0.0000000000
-129.8711302967,27.6851851852,0.0000000000
-129.8711302967,28.1666666667,0.0000000000
-129.8711302967,28.6481481481,0.0000000000
-129.8711302967,29.1296296296,0.0000000000
-129.8711302967,29.6111111111,0.0000000000
-129.8711302967,30.0925925926,0.0000000000
-129.8711302967,30.5740740741,0.0000000000
-129.8711302967,31.0555555555,0.0000000000
-129.8711302967,31.5370370370,0.0000000000
-129.8711302967,32.0185185185,0.0000000000
-129.8099526513,-32.0185185185,0.0000000000
-129.8099526513,-31.5370370370,0.0000000000
-129.8099526513,-31.0555555556,0.0000000000
-129.8099526513,-30.5740740741,0.0000000000
-129.8099526513,-30.0925925926,0.0000000000
-129.8099526513,-29.6111111111,0.0000000000
-129.8099526513,-29.1296296296,0.0000000000
-129.8099526513,-28.6481481481,0.0000000000
-129.8099526513,-28.1666666667,0.0000000000
-129.8099526513,-27.6851851852,0.0000000000
-129.8099526513,-27.2037037037,0.0000000000
-129.8099526513,-26.7222222222,0.0000000000
-129.8099526513,-26.2407407407,0.0000000000
-129.8099526513,-25.7592592593,0.0000000000
-129.8099526513,-25.2777777778,0.0000000000
-129.8099526513,-24.7962962963,0.0000000000
-129.8099526513,-24.3148148148,0.0000000000
-129.8099526513,-23.8333333333,0.0000000000
-129.8099526513,-23.3518518519,0.0000000000
-129.8099526513,-22.8703703704,0.0000000000
-129.8099526513,-22.3888888889,0.0000000000
-129.8099526513,-21.9074074074,0.0000000000
-129.8099526513,-21.4259259259,0.0000000000
-129.8099526513,-20.9444444444,0.0000000000
-129.8099526513,-20.4629629630,0.0000000000
-129.8099526513,-19.9814814815,0.0000000000
-129.8099526513,-19.5000000000,0.0000000000
-129.8099526513,-19.0185185185,0.0000000000
-129.8099526513,-18.5370370370,0.0000000000
-129.8099526513,-18.0555555556,0.0000000000
-129.8099526513,-17.5740740741,0.0000000000
-129.8099526513,-17.0925925926,0.0000000000
-129.8099526513,-16.6111111111,0.0000000000
-129.8099526513,-16.1296296296,0.0000000000
-129.8099526513,-15.6481481482,0.0000000000
-129.8099526513,-15.1666666667,0.0000000000
-129.8099526513,-14.6851851852,0.0000000000
-129.8099526513,-14.2037037037,0.0000000000
-129.8099526513,-13.7222222222,0.0000000000
-129.8099526513,-13.2407407407,0.0000000000
-129.8099526513,-12.7592592593,0.0000000000
-129.8099526513,-12.2777777778,0.0000000000
-129.8099526513,-11.7962962963,0.0000000000
-129.8099526513,-11.3148148148,0.0000000000
-129.8099526513,-10.8333333333,0.0000000000
-129.8099526513,-10.3518518519,0.0000000000
-129.8099526513,-9.8703703704,0.0000000000
-129.8099526513,-9.3888888889,0.0000000000
-129.8099526513,-8.9074074074,0.0000000000
-129.8099526513,-8.4259259259,0.0000000000
-129.8099526513,-7.9444444444,0.0000000000
-129.8099526513,-7.4629629630,0.0000000000
-129.8099526513,-6.9814814815,0.0000000000
-129.8099526513,-6.5000000000,0.0000000000
-129.8099526513,-6.0185185185,0.0000000000
-129.8099526513,-5.5370370370,0.0000000000
-129.8099526513,-5.0555555556,0.0000000000
-129.8099526513,-4.5740740741,0.0000000000
-129.8099526513,-4.0925925926,0.0000000000
-129.8099526513,-3.6111111111,0.0000000000
-129.8099526513,-3.1296296296,0.0000000000
-129.8099526513,-2.6481481482,0.0000000000
-129.8099526513,-2.1666666667,0.0000000000
-129.8099526513,-1.6851851852,0.0000000000
-129.8099526513,-1.2037037037,0.0000000000
-129.8099526513,-0.7222222222,0.0000000000
-129.8099526513,-0.2407407407,0.0000000000
-129.8099526513,0.2407407407,0.0000000000
-129.8099526513,0.7222222222,0.0000000000
-129.8099526513,1.2037037037,0.0000000000
-129.8099526513,1.6851851852,0.0000000000
-129.8099526513,2.1666666667,0.0000000000
-129.8099526513,2.6481481481,0.0000000000
-129.8099526513,3.1296296296,0.0000000000
-129.8099526513,3.6111111111,0.0000000000
-129.8099526513,4.0925925926,0.0000000000
-129.8099526513,4.5740740741,0.0000000000
-129.8099526513,5.0555555556,0.0000000000
-129.8099526513,5.5370370370,0.0000000000
-129.8099526513,6.0185185185,0.0000000000
-129.8099526513,6.5000000000,0.0000000000
-129.8099526513,6.9814814815,0.0000000000
-129.8099526513,7.4629629630,0.0000000000
-129.8099526513,7.9444444444,0.0000000000
-129.8099526513,8.4259259259,0.0000000000
-129.8099526513,8.9074074074,0.0000000000
-129.8099526513,9.3888888889,0.0000000000
-129.8099526513,9.8703703704,0.0000000000
-129.8099526513,10.3518518518,0.0000000000
-129.8099526513,10.8333333333,0.0000000000
-129.8099526513,11.3148148148,0.0000000000
-129.8099526513,11.7962962963,0.0000000000
-129.8099526513,12.2777777778,0.0000000000
-129.8099526513,12.7592592593,0.0000000000
-129.8099526513,13.2407407407,0.0000000000
-129.8099526513,13.7222222222,0.0000000000
-129.8099526513,14.2037037037,0.0000000000
-129.8099526513,14.6851851852,0.0000000000
-129.8099526513,15.1666666667,0.0000000000
-129.8099526513,15.6481481481,0.0000000000
-129.8099526513,16.1296296296,0.0000000000
-129.8099526513,16.6111111111,0.0000000000
-129.8099526513,17.0925925926,0.0000000000
-129.8099526513,17.5740740741,0.0000000000
-129.8099526513,18.0555555555,0.0000000000
-129.8099526513,18.5370370370,0.0000000000
-129.8099526513,19.0185185185,0.0000000000
-129.8099526513,19.5000000000,0.0000000000
-129.8099526513,19.9814814815,0.0000000000
-129.8099526513,20.4629629630,0.0000000000
-129.8099526513,20.9444444444,0.0000000000
-129.8099526513,21.4259259259,0.0000000000
-129.8099526513,21.9074074074,0.0000000000
-129.8099526513,22.3888888889,0.0000000000
-129.8099526513,22.8703703704,0.0000000000
-129.8099526513,23.3518518518,0.0000000000
-129.8099526513,23.8333333333,0.0000000000
-129.8099526513,24.3148148148,0.0000000000
-129.8099526513,24.7962962963,0.0000000000
-129.8099526513,25.2777777778,0.0000000000
-129.8099526513,25.7592592593,0.0000000000
-129.8099526513,26.2407407407,0.0000000000
-129.8099526513,26.7222222222,0.0000000000
-129.8099526513,27.2037037037,0.0000000000
-129.8099526513,27.6851851852,0.0000000000
-129.8099526513,28.1666666667,0.0000000000
-129.8099526513,28.6481481481,0.0000000000
-129.8099526513,29.1296296296,0.0000000000
-129.8099526513,29.6111111111,0.0000000000
-129.8099526513,30.0925925926,0.0000000000
-129.8099526513,30.5740740741,0.0000000000
-129.8099526513,31.0555555555,0.0000000000
-129.8099526513,31.5370370370,0.0000000000
-129.8099526513,32.0185185185,0.0000000000
-129.7365397200,-32.0185185185,0.0000000000
-129.7365397200,-31.5370370370,0.0000000000
-129.7365397200,-31.0555555556,0.0000000000
-129.7365397200,-30.5740740741,0.0000000000
-129.7365397200,-30.0925925926,0.0000000000
-129.7365397200,-29.6111111111,0.0000000000
-129.7365397200,-29.1296296296,0.0000000000
-129.7365397200,-28.6481481481,0.0000000000
-129.7365397200,-28.1666666667,0.0000000000
-129.7365397200,-27.6851851852,0.0000000000
-129.7365397200,-27.2037037037,0.0000000000
-129.7365397200,-26.7222222222,0.0000000000
-129.7365397200,-26.2407407407,0.0000000000
-129.7365397200,-25.7592592593,0.0000000000
-129.7365397200,-25.2777777778,0.0000000000
-129.7365397200,-24.7962962963,0.0000000000
-129.7365397200,-24.3148148148,0.0000000000
-129.7365397200,-23.8333333333,0.0000000000
-129.7365397200,-23.3518518519,0.0000000000
-129.7365397200,-22.8703703704,0.0000000000
-129.7365397200,-22.3888888889,0.0000000000
-129.7365397200,-21.9074074074,0.0000000000
-129.7365397200,-21.4259259259,0.0000000000
-129.7365397200,-20.9444444444,0.0000000000
-129.7365397200,-20.4629629630,0.0000000000
-129.7365397200,-19.9814814815,0.0000000000
-129.7365397200,-19.5000000000,0.0000000000
-129.7365397200,-19.0185185185,0.0000000000
-129.7365397200,-18.5370370370,0.0000000000
-129.7365397200,-18.0555555556,0.0000000000
-129.7365397200,-17.5740740741,0.0000000000
-129.7365397200,-17.0925925926,0.0000000000
-129.7365397200,-16.6111111111,0.0000000000
-129.7365397200,-16.1296296296,0.0000000000
-129.7365397200,-15.6481481482,0.0000000000
-129.7365397200,-15.1666666667,0.0000000000
-129.7365397200,-14.6851851852,0.0000000000
-129.7365397200,-14.2037037037,0.0000000000
-129.7365397200,-13.7222222222,0.0000000000
-129.7365397200,-13.2407407407,0.0000000000
-129.7365397200,-12.7592592593,0.0000000000
-129.7365397200,-12.2777777778,0.0000000000
-129.7365397200,-11.7962962963,0.0000000000
-129.7365397200,-11.3148148148,0.0000000000
-129.7365397200,-10.8333333333,0.0000000000
-129.7365397200,-10.3518518519,0.0000000000
-129.7365397200,-9.8703703704,0.0000000000
-129.7365397200,-9.3888888889,0.0000000000
-129.7365397200,-8.9074074074,0.0000000000
-129.7365397200,-8.4259259259,0.0000000000
-129.7365397200,-7.9444444444,0.0000000000
-129.7365397200,-7.4629629630,0.0000000000
-129.7365397200,-6.9814814815,0.0000000000
-129.7365397200,-6.5000000000,0.0000000000
-129.7365397200,-6.0185185185,0.0000000000
-129.7365397200,-5.5370370370,0.0000000000
-129.7365397200,-5.0555555556,0.0000000000
-129.7365397200,-4.5740740741,0.0000000000
-129.7365397200,-4.0925925926,0.0000000000
-129.7365397200,-3.6111111111,0.0000000000
-129.7365397200,-3.1296296296,0.0000000000
-129.7365397200,-2.6481481482,0.0000000000
-129.7365397200,-2.1666666667,0.0000000000
-129.7365397200,-1.6851851852,0.0000000000
-129.7365397200,-1.2037037037,0.0000000000
-129.7365397200,-0.7222222222,0.0000000000
-129.7365397200,-0.2407407407,0.0000000000
-129.7365397200,0.2407407407,0.0000000000
-129.7365397200,0.7222222222,0.0000000000
-129.7365397200,1.2037037037,0.0000000000
-129.7365397200,1.6851851852,0.0000000000
-129.7365397200,2.1666666667,0.0000000000
-129.7365397200,2.6481481481,0.0000000000
-129.7365397200,3.1296296296,0.0000000000
-129.7365397200,3.6111111111,0.0000000000
-129.7365397200,4.0925925926,0.0000000000
-129.7365397200,4.5740740741,0.0000000000
-129.7365397200,5.0555555556,0.0000000000
-129.7365397200,5.5370370370,0.0000000000
-129.7365397200,6.0185185185,0.0000000000
-129.7365397200,6.5000000000,0.0000000000
-129.7365397200,6.9814814815,0.0000000000
-129.7365397200,7.4629629630,0.0000000000
-129.7365397200,7.9444444444,0.0000000000
-129.7365397200,8.4259259259,0.0000000000
-129.7365397200,8.9074074074,0.0000000000
-129.7365397200,9.3888888889,0.0000000000
-129.7365397200,9.8703703704,0.0000000000
-129.7365397200,10.3518518518,0.0000000000
-129.7365397200,10.8333333333,0.0000000000
-129.7365397200,11.3148148148,0.0000000000
-129.7365397200,11.7962962963,0.0000000000
-129.7365397200,12.2777777778,0.0000000000
-129.7365397200,12.7592592593,0.0000000000
-129.7365397200,13.2407407407,0.0000000000
-129.7365397200,13.7222222222,0.0000000000
-129.7365397200,14.2037037037,0.0000000000
-129.7365397200,14.6851851852,0.0000000000
-129.7365397200,15.1666666667,0.0000000000
-129.7365397200,15.6481481481,0.0000000000
-129.7365397200,16.1296296296,0.0000000000
-129.7365397200,16.6111111111,0.0000000000
-129.7365397200,17.0925925926,0.0000000000
-129.7365397200,17.5740740741,0.0000000000
-129.7365397200,18.0555555555,0.0000000000
-129.7365397200,18.5370370370,0.0000000000
-129.7365397200,19.0185185185,0.0000000000
-129.7365397200,19.5000000000,0.0000000000
-129.7365397200,19.9814814815,0.0000000000
-129.7365397200,20.4629629630,0.0000000000
-129.7365397200,20.9444444444,0.0000000000
-129.7365397200,21.4259259259,0.0000000000
-129.7365397200,21.9074074074,0.0000000000
-129.7365397200,22.3888888889,0.0000000000
-129.7365397200,22.8703703704,0.0000000000
-129.7365397200,23.3518518518,0.0000000000
-129.7365397200,23.8333333333,0.0000000000
-129.7365397200,24.3148148148,0.0000000000
-129.7365397200,24.7962962963,0.0000000000
-129.7365397200,25.2777777778,0.0000000000
-129.7365397200,25.7592592593,0.0000000000
-129.7365397200,26.2407407407,0.0000000000
-129.7365397200,26.7222222222,0.0000000000
-129.7365397200,27.2037037037,0.0000000000
-129.7365397200,27.6851851852,0.0000000000
-129.7365397200,28.1666666667,0.0000000000
-129.7365397200,28.6481481481,0.0000000000
-129.7365397200,29.1296296296,0.0000000000
-129.7365397200,29.6111111111,0.0000000000
-129.7365397200,30.0925925926,0.0000000000
-129.7365397200,30.5740740741,0.0000000000
-129.7365397200,31.0555555555,0.0000000000
-129.7365397200,31.5370370370,0.0000000000
-129.7365397200,32.0185185185,0.0000000000
-129.6484441280,-32.0185185185,0.0000000000
-129.6484441280,-31.5370370370,0.0000000000
-129.6484441280,-31.0555555556,0.0000000000
-129.6484441280,-30.5740740741,0.0000000000
-129.6484441280,-30.0925925926,0.0000000000
-129.6484441280,-29.6111111111,0.0000000000
-129.6484441280,-29.1296296296,0.0000000000
-129.6484441280,-28.6481481481,0.0000000000
-129.6484441280,-28.1666666667,0.0000000000
-129.6484441280,-27.6851851852,0.0000000000
-129.6484441280,-27.2037037037,0.0000000000
-129.6484441280,-26.7222222222,0.0000000000
-129.6484441280,-26.2407407407,0.0000000000
-129.6484441280,-25.7592592593,0.0000000000
-129.6484441280,-25.2777777778,0.0000000000
-129.6484441280,-24.7962962963,0.0000000000
-129.6484441280,-24.3148148148,0.0000000000
-129.6484441280,-23.8333333333,0.0000000000
-129.6484441280,-23.3518518519,0.0000000000
-129.6484441280,-22.8703703704,0.0000000000
-129.6484441280,-22.3888888889,0.0000000000
-129.6484441280,-21.9074074074,0.0000000000
-129.6484441280,-21.4259259259,0.0000000000
-129.6484441280,-20.9444444444,0.0000000000
-129.6484441280,-20.4629629630,0.0000000000
-129.6484441280,-19.9814814815,0.0000000000
-129.6484441280,-19.5000000000,0.0000000000
-129.6484441280,-19.0185185185,0.0000000000
-129.6484441280,-18.5370370370,0.0000000000
-129.6484441280,-18.0555555556,0.0000000000
-129.6484441280,-17.5740740741,0.0000000000
-129.6484441280,-17.0925925926,0.0000000000
-129.6484441280,-16.6111111111,0.0000000000
-129.6484441280,-16.1296296296,0.0000000000
-129.6484441280,-15.6481481482,0.0000000000
-129.6484441280,-15.1666666667,0.0000000000
-129.6484441280,-14.6851851852,0.0000000000
-129.6484441280,-14.2037037037,0.0000000000
-129.6484441280,-13.7222222222,0.0000000000
-129.6484441280,-13.2407407407,0.0000000000
-129.6484441280,-12.7592592593,0.0000000000
-129.6484441280,-12.2777777778,0.0000000000
-129.6484441280,-11.7962962963,0.0000000000
-129.6484441280,-11.3148148148,0.0000000000
-129.6484441280,-10.8333333333,0.0000000000
-129.6484441280,-10.3518518519,0.0000000000
-129.6484441280,-9.8703703704,0.0000000000
-129.6484441280,-9.3888888889,0.0000000000
-129.6484441280,-8.9074074074,0.0000000000
-129.6484441280,-8.4259259259,0.0000000000
-129.6484441280,-7.9444444444,0.0000000000
-129.6484441280,-7.4629629630,0.0000000000
-129.6484441280,-6.9814814815,0.0000000000
-129.6484441280,-6.5000000000,0.0000000000
-129.6484441280,-6.0185185185,0.0000000000
-129.6484441280,-5.5370370370,0.0000000000
-129.6484441280,-5.0555555556,0.0000000000
-129.6484441280,-4.5740740741,0.0000000000
-129.6484441280,-4.0925925926,0.0000000000
-129.6484441280,-3.6111111111,0.0000000000
-129.6484441280,-3.1296296296,0.0000000000
-129.6484441280,-2.6481481482,0.0000000000
-129.6484441280,-2.1666666667,0.0000000000
-129.6484441280,-1.6851851852,0.0000000000
-129.6484441280,-1.2037037037,0.0000000000
-129.6484441280,-0.7222222222,0.0000000000
-129.6484441280,-0.2407407407,0.0000000000
-129.6484441280,0.2407407407,0.0000000000
-129.6484441280,0.7222222222,0.0000000000
-129.6484441280,1.2037037037,0.0000000000
-129.6484441280,1.6851851852,0.0000000000
-129.6484441280,2.1666666667,0.0000000000
-129.6484441280,2.6481481481,0.0000000000
-129.6484441280,3.1296296296,0.0000000000
-129.6484441280,3.6111111111,0.0000000000
-129.6484441280,4.0925925926,0.0000000000
-129.6484441280,4.5740740741,0.0000000000
-129.6484441280,5.0555555556,0.0000000000
-129.6484441280,5.5370370370,0.0000000000
-129.6484441280,6.0185185185,0.0000000000
-129.6484441280,6.5000000000,0.0000000000
-129.6484441280,6.9814814815,0.0000000000
-129.6484441280,7.4629629630,0.0000000000
-129.6484441280,7.9444444444,0.0000000000
-129.6484441280,8.4259259259,0.0000000000
-129.6484441280,8.9074074074,0.0000000000
-129.6484441280,9.3888888889,0.0000000000
-129.6484441280,9.8703703704,0.0000000000
-129.6484441280,10.3518518518,0.0000000000
-129.6484441280,10.8333333333,0.0000000000
-129.6484441280,11.3148148148,0.0000000000
-129.6484441280,11.7962962963,0.0000000000
-129.6484441280,12.2777777778,0.0000000000
-129.6484441280,12.7592592593,0.0000000000
-129.6484441280,13.2407407407,0.0000000000
-129.6484441280,13.7222222222,0.0000000000
-129.6484441280,14.2037037037,0.0000000000
-129.6484441280,14.6851851852,0.0000000000
-129.6484441280,15.1666666667,0.0000000000
-129.6484441280,15.6481481481,0.0000000000
-129.6484441280,16.1296296296,0.0000000000
-129.6484441280,16.6111111111,0.0000000000
-129.6484441280,17.0925925926,0.0000000000
-129.6484441280,17.5740740741,0.0000000000
-129.6484441280,18.0555555555,0.0000000000
-129.6484441280,18.5370370370,0.0000000000
-129.6484441280,19.0185185185,0.0000000000
-129.6484441280,19.5000000000,0.0000000000
-129.6484441280,19.9814814815,0.0000000000
-129.6484441280,20.4629629630,0.0000000000
-129.6484441280,20.9444444444,0.0000000000
-129.6484441280,21.4259259259,0.0000000000
-129.6484441280,21.9074074074,0.0000000000
-129.6484441280,22.3888888889,0.0000000000
-129.6484441280,22.8703703704,0.0000000000
-129.6484441280,23.3518518518,0.0000000000
-129.6484441280,23.8333333333,0.0000000000
-129.6484441280,24.3148148148,0.0000000000
-129.6484441280,24.7962962963,0.0000000000
-129.6484441280,25.2777777778,0.0000000000
-129.6484441280,25.7592592593,0.0000000000
-129.6484441280,26.2407407407,0.0000000000
-129.6484441280,26.7222222222,0.0000000000
-129.6484441280,27.2037037037,0.0000000000
-129.6484441280,27.6851851852,0.0000000000
-129.6484441280,28.1666666667,0.0000000000
-129.6484441280,28.6481481481,0.0000000000
-129.6484441280,29.1296296296,0.0000000000
-129.6484441280,29.6111111111,0.0000000000
-129.6484441280,30.0925925926,0.0000000000
-129.6484441280,30.5740740741,0.0000000000
-129.6484441280,31.0555555555,0.0000000000
-129.6484441280,31.5370370370,0.0000000000
-129.6484441280,32.0185185185,0.0000000000
-129.5427291310,-32.0185185185,0.0000000000
-129.5427291310,-31.5370370370,0.0000000000
-129.5427291310,-31.0555555556,0.0000000000
-129.5427291310,-30.5740740741,0.0000000000
-129.5427291310,-30.0925925926,0.0000000000
-129.5427291310,-29.6111111111,0.0000000000
-129.5427291310,-29.1296296296,0.0000000000
-129.5427291310,-28.6481481481,0.0000000000
-129.5427291310,-28.1666666667,0.0000000000
-129.5427291310,-27.6851851852,0.0000000000
-129.5427291310,-27.2037037037,0.0000000000
-129.5427291310,-26.7222222222,0.0000000000
-129.5427291310,-26.2407407407,0.0000000000
-129.5427291310,-25.7592592593,0.0000000000
-129.5427291310,-25.2777777778,0.0000000000
-129.5427291310,-24.7962962963,0.0000000000
-129.5427291310,-24.3148148148,0.0000000000
-129.5427291310,-23.8333333333,0.0000000000
-129.5427291310,-23.3518518519,0.0000000000
-129.5427291310,-22.8703703704,0.0000000000
-129.5427291310,-22.3888888889,0.0000000000
-129.5427291310,-21.9074074074,0.0000000000
-129.5427291310,-21.4259259259,0.0000000000
-129.5427291310,-20.9444444444,0.0000000000
-129.5427291310,-20.4629629630,0.0000000000
-129.5427291310,-19.9814814815,0.0000000000
-129.5427291310,-19.5000000000,0.0000000000
-129.5427291310,-19.0185185185,0.0000000000
-129.5427291310,-18.5370370370,0.0000000000
-129.5427291310,-18.0555555556,0.0000000000
-129.5427291310,-17.5740740741,0.0000000000
-129.5427291310,-17.0925925926,0.0000000000
-129.5427291310,-16.6111111111,0.0000000000
-129.5427291310,-16.1296296296,0.0000000000
-129.5427291310,-15.6481481482,0.0000000000
-129.5427291310,-15.1666666667,0.0000000000
-129.5427291310,-14.6851851852,0.0000000000
-129.5427291310,-14.2037037037,0.0000000000
-129.5427291310,-13.7222222222,0.0000000000
-129.5427291310,-13.2407407407,0.0000000000
-129.5427291310,-12.7592592593,0.0000000000
-129.5427291310,-12.2777777778,0.0000000000
-129.5427291310,-11.7962962963,0.0000000000
-129.5427291310,-11.3148148148,0.0000000000
-129.5427291310,-10.8333333333,0.0000000000
-129.5427291310,-10.3518518519,0.0000000000
-129.5427291310,-9.8703703704,0.0000000000
-129.5427291310,-9.3888888889,0.0000000000
-129.5427291310,-8.9074074074,0.0000000000
-129.5427291310,-8.4259259259,0.0000000000
-129.5427291310,-7.9444444444,0.0000000000
-129.5427291310,-7.4629629630,0.0000000000
-129.5427291310,-6.9814814815,0.0000000000
-129.5427291310,-6.5000000000,0.0000000000
-129.5427291310,-6.0185185185,0.0000000000
-129.5427291310,-5.5370370370,0.0000000000
-129.5427291310,-5.0555555556,0.0000000000
-129.5427291310,-4.5740740741,0.0000000000
-129.5427291310,-4.0925925926,0.0000000000
-129.5427291310,-3.6111111111,0.0000000000
-129.5427291310,-3.1296296296,0.0000000000
-129.5427291310,-2.6481481482,0.0000000000
-129.5427291310,-2.1666666667,0.0000000000
-129.5427291310,-1.6851851852,0.0000000000
-129.5427291310,-1.2037037037,0.0000000000
-129.5427291310,-0.7222222222,0.0000000000
-129.5427291310,-0.2407407407,0.0000000000
-129.5427291310,0.2407407407,0.0000000000
-129.5427291310,0.7222222222,0.0000000000
-129.5427291310,1.2037037037,0.0000000000
-129.5427291310,1.6851851852,0.0000000000
-129.5427291310,2.1666666667,0.0000000000
-129.5427291310,2.6481481481,0.0000000000
-129.5427291310,3.1296296296,0.0000000000
-129.5427291310,3.6111111111,0.0000000000
-129.5427291310,4.0925925926,0.0000000000
-129.5427291310,4.5740740741,0.0000000000
-129.5427291310,5.0555555556,0.0000000000
-129.5427291310,5.5370370370,0.0000000000
-129.5427291310,6.0185185185,0.0000000000
-129.5427291310,6.5000000000,0.0000000000
-129.5427291310,6.9814814815,0.0000000000
-129.5427291310,7.4629629630,0.0000000000
-129.5427291310,7.9444444444,0.0000000000
-129.5427291310,8.4259259259,0.0000000000
-129.5427291310,8.9074074074,0.0000000000
-129.5427291310,9.3888888889,0.0000000000
-129.5427291310,9.8703703704,0.0000000000
-129.5427291310,10.3518518518,0.0000000000
-129.5427291310,10.8333333333,0.0000000000
-129.5427291310,11.3148148148,0.0000000000
-129.5427291310,11.7962962963,0.0000000000
-129.5427291310,12.2777777778,0.0000000000
-129.5427291310,12.7592592593,0.0000000000
-129.5427291310,13.2407407407,0.0000000000
-129.5427291310,13.7222222222,0.0000000000
-129.5427291310,14.2037037037,0.0000000000
-129.5427291310,14.6851851852,0.0000000000
-129.5427291310,15.1666666667,0.0000000000
-129.5427291310,15.6481481481,0.0000000000
-129.5427291310,16.1296296296,0.0000000000
-129.5427291310,16.6111111111,0.0000000000
-129.5427291310,17.0925925926,0.0000000000
-129.5427291310,17.5740740741,0.0000000000
-129.5427291310,18.0555555555,0.0000000000
-129.5427291310,18.5370370370,0.0000000000
-129.5427291310,19.0185185185,0.0000000000
-129.5427291310,19.5000000000,0.0000000000
-129.5427291310,19.9814814815,0.0000000000
-129.5427291310,20.4629629630,0.0000000000
-129.5427291310,20.9444444444,0.0000000000
-129.5427291310,21.4259259259,0.0000000000
-129.5427291310,21.9074074074,0.0000000000
-129.5427291310,22.3888888889,0.0000000000
-129.5427291310,22.8703703704,0.0000000000
-129.5427291310,23.3518518518,0.0000000000
-129.5427291310,23.8333333333,0.0000000000
-129.5427291310,24.3148148148,0.0000000000
-129.5427291310,24.7962962963,0.0000000000
-129.5427291310,25.2777777778,0.0000000000
-129.5427291310,25.7592592593,0.0000000000
-129.5427291310,26.2407407407,0.0000000000
-129.5427291310,26.7222222222,0.0000000000
-129.5427291310,27.2037037037,0.0000000000
-129.5427291310,27.6851851852,0.0000000000
-129.5427291310,28.1666666667,0.0000000000
-129.5427291310,28.6481481481,0.0000000000
-129.5427291310,29.1296296296,0.0000000000
-129.5427291310,29.6111111111,0.0000000000
-129.5427291310,30.0925925926,0.0000000000
-129.5427291310,30.5740740741,0.0000000000
-129.5427291310,31.0555555555,0.0000000000
-129.5427291310,31.5370370370,0.0000000000
-129.5427291310,32.0185185185,0.0000000000
-129.4158712414,-32.0185185185,0.0000000000
-129.4158712414,-31.5370370370,0.0000000000
-129.4158712414,-31.0555555556,0.0000000000
-129.4158712414,-30.5740740741,0.0000000000
-129.4158712414,-30.0925925926,0.0000000000
-129.4158712414,-29.6111111111,0.0000000000
-129.4158712414,-29.1296296296,0.0000000000
-129.4158712414,-28.6481481481,0.0000000000
-129.4158712414,-28.1666666667,0.0000000000
-129.4158712414,-27.6851851852,0.0000000000
-129.4158712414,-27.2037037037,0.0000000000
-129.4158712414,-26.7222222222,0.0000000000
-129.4158712414,-26.2407407407,0.0000000000
-129.4158712414,-25.7592592593,0.0000000000
-129.4158712414,-25.2777777778,0.0000000000
-129.4158712414,-24.7962962963,0.0000000000
-129.4158712414,-24.3148148148,0.0000000000
-129.4158712414,-23.8333333333,0.0000000000
-129.4158712414,-23.3518518519,0.0000000000
-129.4158712414,-22.8703703704,0.0000000000
-129.4158712414,-22.3888888889,0.0000000000
-129.4158712414,-21.9074074074,0.0000000000
-129.4158712414,-21.4259259259,0.0000000000
-129.4158712414,-20.9444444444,0.0000000000
-129.4158712414,-20.4629629630,0.0000000000
-129.4158712414,-19.9814814815,0.0000000000
-129.4158712414,-19.5000000000,0.0000000000
-129.4158712414,-19.0185185185,0.0000000000
-129.4158712414,-18.5370370370,0.0000000000
-129.4158712414,-18.0555555556,0.0000000000
-129.4158712414,-17.5740740741,0.0000000000
-129.4158712414,-17.0925925926,0.0000000000
-129.4158712414,-16.6111111111,0.0000000000
-129.4158712414,-16.1296296296,0.0000000000
-129.4158712414,-15.6481481482,0.0000000000
-129.4158712414,-15.1666666667,0.0000000000
-129.4158712414,-14.6851851852,0.0000000000
-129.4158712414,-14.2037037037,0.0000000000
-129.4158712414,-13.7222222222,0.0000000000
-129.4158712414,-13.2407407407,0.0000000000
-129.4158712414,-12.7592592593,0.0000000000
-129.4158712414,-12.2777777778,0.0000000000
-129.4158712414,-11.7962962963,0.0000000000
-129.4158712414,-11.3148148148,0.0000000000
-129.4158712414,-10.8333333333,0.0000000000
-129.4158712414,-10.3518518519,0.0000000000
-129.4158712414,-9.8703703704,0.0000000000
-129.4158712414,-9.3888888889,0.0000000000
-129.4158712414,-8.9074074074,0.0000000000
-129.4158712414,-8.4259259259,0.0000000000
-129.4158712414,-7.9444444444,0.0000000000
-129.4158712414,-7.4629629630,0.0000000000
-129.4158712414,-6.9814814815,0.0000000000
-129.4158712414,-6.5000000000,0.0000000000
-129.4158712414,-6.0185185185,0.0000000000
-129.4158712414,-5.5370370370,0.0000000000
-129.4158712414,-5.0555555556,0.0000000000
-129.4158712414,-4.5740740741,0.0000000000
-129.4158712414,-4.0925925926,0.0000000000
-129.4158712414,-3.6111111111,0.0000000000
-129.4158712414,-3.1296296296,0.0000000000
-129.4158712414,-2.6481481482,0.0000000000
-129.4158712414,-2.1666666667,0.0000000000
-129.4158712414,-1.6851851852,0.0000000000
-129.4158712414,-1.2037037037,0.0000000000
-129.4158712414,-0.7222222222,0.0000000000
-129.4158712414,-0.2407407407,0.0000000000
-129.4158712414,0.2407407407,0.0000000000
-129.4158712414,0.7222222222,0.0000000000
-129.4158712414,1.2037037037,0.0000000000
-129.4158712414,1.6851851852,0.0000000000
-129.4158712414,2.1666666667,0.0000000000
-129.4158712414,2.6481481481,0.0000000000
-129.4158712414,3.1296296296,0.0000000000
-129.4158712414,3.6111111111,0.0000000000
-129.4158712414,4.0925925926,0.0000000000
-129.4158712414,4.5740740741,0.0000000000
-129.4158712414,5.0555555556,0.0000000000
-129.4158712414,5.5370370370,0.0000000000
-129.4158712414,6.0185185185,0.0000000000
-129.4158712414,6.5000000000,0.0000000000
-129.4158712414,6.9814814815,0.0000000000
-129.4158712414,7.4629629630,0.0000000000
-129.4158712414,7.9444444444,0.0000000000
-129.4158712414,8.4259259259,0.0000000000
-129.4158712414,8.9074074074,0.0000000000
-129.4158712414,9.3888888889,0.0000000000
-129.4158712414,9.8703703704,0.0000000000
-129.4158712414,10.3518518518,0.0000000000
-129.4158712414,10.8333333333,0.0000000000
-129.4158712414,11.3148148148,0.0000000000
-129.4158712414,11.7962962963,0.0000000000
-129.4158712414,12.2777777778,0.0000000000
-129.4158712414,12.7592592593,0.0000000000
-129.4158712414,13.2407407407,0.0000000000
-129.4158712414,13.7222222222,0.0000000000
-129.4158712414,14.2037037037,0.0000000000
-129.4158712414,14.6851851852,0.0000000000
-129.4158712414,15.1666666667,0.0000000000
-129.4158712414,15.6481481481,0.0000000000
-129.4158712414,16.1296296296,0.0000000000
-129.4158712414,16.6111111111,0.0000000000
-129.4158712414,17.0925925926,0.0000000000
-129.4158712414,17.5740740741,0.0000000000
-129.4158712414,18.0555555555,0.0000000000
-129.4158712414,18.5370370370,0.0000000000
-129.4158712414,19.0185185185,0.0000000000
-129.4158712414,19.5000000000,0.0000000000
-129.4158712414,19.9814814815,0.0000000000
-129.4158712414,20.4629629630,0.0000000000
-129.4158712414,20.9444444444,0.0000000000
-129.4158712414,21.4259259259,0.0000000000
-129.4158712414,21.9074074074,0.0000000000
-129.4158712414,22.3888888889,0.0000000000
-129.4158712414,22.8703703704,0.0000000000
-129.4158712414,23.3518518518,0.0000000000
-129.4158712414,23.8333333333,0.0000000000
-129.4158712414,24.3148148148,0.0000000000
-129.4158712414,24.7962962963,0.0000000000
-129.4158712414,25.2777777778,0.0000000000
-129.4158712414,25.7592592593,0.0000000000
-129.4158712414,26.2407407407,0.0000000000
-129.4158712414,26.7222222222,0.0000000000
-129.4158712414,27.2037037037,0.0000000000
-129.4158712414,27.6851851852,0.0000000000
-129.4158712414,28.1666666667,0.0000000000
-129.4158712414,28.6481481481,0.0000000000
-129.4158712414,29.1296296296,0.0000000000
-129.4158712414,29.6111111111,0.0000000000
-129.4158712414,30.0925925926,0.0000000000
-129.4158712414,30.5740740741,0.0000000000
-129.4158712414,31.0555555555,0.0000000000
-129.4158712414,31.5370370370,0.0000000000
-129.4158712414,32.0185185185,0.0000000000
-129.2636419585,-32.0185185185,0.0000000000
-129.2636419585,-31.5370370370,0.0000000000
-129.2636419585,-31.0555555556,0.0000000000
-129.2636419585,-30.5740740741,0.0000000000
-129.2636419585,-30.0925925926,0.0000000000
-129.2636419585,-29.6111111111,0.0000000000
-129.2636419585,-29.1296296296,0.0000000000
-129.2636419585,-28.6481481481,0.0000000000
-129.2636419585,-28.1666666667,0.0000000000
-129.2636419585,-27.6851851852,0.0000000000
-129.2636419585,-27.2037037037,0.0000000000
-129.2636419585,-26.7222222222,0.0000000000
-129.2636419585,-26.2407407407,0.0000000000
-129.2636419585,-25.7592592593,0.0000000000
-129.2636419585,-25.2777777778,0.0000000000
-129.2636419585,-24.7962962963,0.0000000000
-129.2636419585,-24.3148148148,0.0000000000
-129.2636419585,-23.8333333333,0.0000000000
-129.2636419585,-23.3518518519,0.0000000000
-129.2636419585,-22.8703703704,0.0000000000
-129.2636419585,-22.3888888889,0.0000000000
-129.2636419585,-21.9074074074,0.0000000000
-129.2636419585,-21.4259259259,0.0000000000
-129.2636419585,-20.9444444444,0.0000000000
-129.2636419585,-20.4629629630,0.0000000000
-129.2636419585,-19.9814814815,0.0000000000
-129.2636419585,-19.5000000000,0.0000000000
-129.2636419585,-19.0185185185,0.0000000000
-129.2636419585,-18.5370370370,0.0000000000
-129.2636419585,-18.0555555556,0.0000000000
-129.2636419585,-17.5740740741,0.0000000000
-129.2636419585,-17.0925925926,0.0000000000
-129.2636419585,-16.6111111111,0.0000000000
-129.2636419585,-16.1296296296,0.0000000000
-129.2636419585,-15.6481481482,0.0000000000
-129.2636419585,-15.1666666667,0.0000000000
-129.2636419585,-14.6851851852,0.0000000000
-129.2636419585,-14.2037037037,0.0000000000
-129.2636419585,-13.7222222222,0.0000000000
-129.2636419585,-13.2407407407,0.0000000000
-129.2636419585,-12.7592592593,0.0000000000
-129.2636419585,-12.2777777778,0.0000000000
-129.2636419585,-11.7962962963,0.0000000000
-129.2636419585,-11.3148148148,0.0000000000
-129.2636419585,-10.8333333333,0.0000000000
-129.2636419585,-10.3518518519,0.0000000000
-129.2636419585,-9.8703703704,0.0000000000
-129.2636419585,-9.3888888889,0.0000000000
-129.2636419585,-8.9074074074,0.0000000000
-129.2636419585,-8.4259259259,0.0000000000
-129.2636419585,-7.9444444444,0.0000000000
-129.2636419585,-7.4629629630,0.0000000000
-129.2636419585,-6.9814814815,0.0000000000
-129.2636419585,-6.5000000000,0.0000000000
-129.2636419585,-6.0185185185,0.0000000000
-129.2636419585,-5.5370370370,0.0000000000
-129.2636419585,-5.0555555556,0.0000000000
-129.2636419585,-4.5740740741,0.0000000000
-129.2636419585,-4.0925925926,0.0000000000
-129.2636419585,-3.6111111111,0.0000000000
-129.2636419585,-3.1296296296,0.0000000000
-129.2636419585,-2.6481481482,0.0000000000
-129.2636419585,-2.1666666667,0.0000000000
-129.2636419585,-1.6851851852,0.0000000000
-129.2636419585,-1.2037037037,0.0000000000
-129.2636419585,-0.7222222222,0.0000000000
-129.2636419585,-0.2407407407,0.0000000000
-129.2636419585,0.2407407407,0.0000000000
-129.2636419585,0.7222222222,0.0000000000
-129.2636419585,1.2037037037,0.0000000000
-129.2636419585,1.6851851852,0.0000000000
-129.2636419585,2.1666666667,0.0000000000
-129.2636419585,2.6481481481,0.0000000000
-129.2636419585,3.1296296296,0.0000000000
-129.2636419585,3.6111111111,0.0000000000
-129.2636419585,4.0925925926,0.0000000000
-129.2636419585,4.5740740741,0.0000000000
-129.2636419585,5.0555555556,0.0000000000
-129.2636419585,5.5370370370,0.0000000000
-129.2636419585,6.0185185185,0.0000000000
-129.2636419585,6.5000000000,0.0000000000
-129.2636419585,6.9814814815,0.0000000000
-129.2636419585,7.4629629630,0.0000000000
-129.2636419585,7.9444444444,0.0000000000
-129.2636419585,8.4259259259,0.0000000000
-129.2636419585,8.9074074074,0.0000000000
-129.2636419585,9.3888888889,0.0000000000
-129.2636419585,9.8703703704,0.0000000000
-129.2636419585,10.3518518518,0.0000000000
-129.2636419585,10.8333333333,0.0000000000
-129.2636419585,11.3148148148,0.0000000000
-129.2636419585,11.7962962963,0.0000000000
-129.2636419585,12.2777777778,0.0000000000
-129.2636419585,12.7592592593,0.0000000000
-129.2636419585,13.2407407407,0.0000000000
-129.2636419585,13.7222222222,0.0000000000
-129.2636419585,14.2037037037,0.0000000000
-129.2636419585,14.6851851852,0.0000000000
-129.2636419585,15.1666666667,0.0000000000
-129.2636419585,15.6481481481,0.0000000000
-129.2636419585,16.1296296296,0.0000000000
-129.2636419585,16.6111111111,0.0000000000
-129.2636419585,17.0925925926,0.0000000000
-129.2636419585,17.5740740741,0.0000000000
-129.2636419585,18.0555555555,0.0000000000
-129.2636419585,18.5370370370,0.0000000000
-129.2636419585,19.0185185185,0.0000000000
-129.2636419585,19.5000000000,0.0000000000
-129.2636419585,19.9814814815,0.0000000000
-129.2636419585,20.4629629630,0.0000000000
-129.2636419585,20.9444444444,0.0000000000
-129.2636419585,21.4259259259,0.0000000000
-129.2636419585,21.9074074074,0.0000000000
-129.2636419585,22.3888888889,0.0000000000
-129.2636419585,22.8703703704,0.0000000000
-129.2636419585,23.3518518518,0.0000000000
-129.2636419585,23.8333333333,0.0000000000
-129.2636419585,24.3148148148,0.0000000000
-129.2636419585,24.7962962963,0.0000000000
-129.2636419585,25.2777777778,0.0000000000
-129.2636419585,25.7592592593,0.0000000000
-129.2636419585,26.2407407407,0.0000000000
-129.2636419585,26.7222222222,0.0000000000
-129.2636419585,27.2037037037,0.0000000000
-129.2636419585,27.6851851852,0.0000000000
-129.2636419585,28.1666666667,0.0000000000
-129.2636419585,28.6481481481,0.0000000000
-129.2636419585,29.1296296296,0.0000000000
-129.2636419585,29.6111111111,0.0000000000
-129.2636419585,30.0925925926,0.0000000000
-129.2636419585,30.5740740741,0.0000000000
-129.2636419585,31.0555555555,0.0000000000
-129.2636419585,31.5370370370,0.0000000000
-129.2636419585,32.0185185185,0.0000000000
-129.0809665616,-32.0185185185,0.0000000000
-129.0809665616,-31.5370370370,0.0000000000
-129.0809665616,-31.0555555556,0.0000000000
-129.0809665616,-30.5740740741,0.0000000000
-129.0809665616,-30.0925925926,0.0000000000
-129.0809665616,-29.6111111111,0.0000000000
-129.0809665616,-29.1296296296,0.0000000000
-129.0809665616,-28.6481481481,0.0000000000
-129.0809665616,-28.1666666667,0.0000000000
-129.0809665616,-27.6851851852,0.0000000000
-129.0809665616,-27.2037037037,0.0000000000
-129.0809665616,-26.7222222222,0.0000000000
-129.0809665616,-26.2407407407,0.0000000000
-129.0809665616,-25.7592592593,0.0000000000
-129.0809665616,-25.2777777778,0.0000000000
-129.0809665616,-24.7962962963,0.0000000000
-129.0809665616,-24.3148148148,0.0000000000
-129.0809665616,-23.8333333333,0.0000000000
-129.0809665616,-23.3518518519,0.0000000000
-129.0809665616,-22.8703703704,0.0000000000
-129.0809665616,-22.3888888889,0.0000000000
-129.0809665616,-21.9074074074,0.0000000000
-129.0809665616,-21.4259259259,0.0000000000
-129.0809665616,-20.9444444444,0.0000000000
-129.0809665616,-20.4629629630,0.0000000000
-129.0809665616,-19.9814814815,0.0000000000
-129.0809665616,-19.5000000000,0.0000000000
-129.0809665616,-19.0185185185,0.0000000000
-129.0809665616,-18.5370370370,0.0000000000
-129.0809665616,-18.0555555556,0.0000000000
-129.0809665616,-17.5740740741,0.0000000000
-129.0809665616,-17.0925925926,0.0000000000
-129.0809665616,-16.6111111111,0.0000000000
-129.0809665616,-16.1296296296,0.0000000000
-129.0809665616,-15.6481481482,0.0000000000
-129.0809665616,-15.1666666667,0.0000000000
-129.0809665616,-14.6851851852,0.0000000000
-129.0809665616,-14.2037037037,0.0000000000
-129.0809665616,-13.7222222222,0.0000000000
-129.0809665616,-13.2407407407,0.0000000000
-129.0809665616,-12.7592592593,0.0000000000
-129.0809665616,-12.2777777778,0.0000000000
-129.0809665616,-11.7962962963,0.0000000000
-129.0809665616,-11.3148148148,0.0000000000
-129.0809665616,-10.8333333333,0.0000000000
-129.0809665616,-10.3518518519,0.0000000000
-129.0809665616,-9.8703703704,0.0000000000
-129.0809665616,-9.3888888889,0.0000000000
-129.0809665616,-8.9074074074,0.0000000000
-129.0809665616,-8.4259259259,0.0000000000
-129.0809665616,-7.9444444444,0.0000000000
-129.0809665616,-7.4629629630,0.0000000000
-129.0809665616,-6.9814814815,0.0000000000
-129.0809665616,-6.5000000000,0.0000000000
-129.0809665616,-6.0185185185,0.0000000000
-129.0809665616,-5.5370370370,0.0000000000
-129.0809665616,-5.0555555556,0.0000000000
-129.0809665616,-4.5740740741,0.0000000000
-129.0809665616,-4.0925925926,0.0000000000
-129.0809665616,-3.6111111111,0.0000000000
-129.0809665616,-3.1296296296,0.0000000000
-129.0809665616,-2.6481481482,0.0000000000
-129.0809665616,-2.1666666667,0.0000000000
-129.0809665616,-1.6851851852,0.0000000000
-129.0809665616,-1.2037037037,0.0000000000
-129.0809665616,-0.7222222222,0.0000000000
-129.0809665616,-0.2407407407,0.0000000000
-129.0809665616,0.2407407407,0.0000000000
-129.0809665616,0.7222222222,0.0000000000
-129.0809665616,1.2037037037,0.0000000000
-129.0809665616,1.6851851852,0.0000000000
-129.0809665616,2.1666666667,0.0000000000
-129.0809665616,2.6481481481,0.0000000000
-129.0809665616,3.1296296296,0.0000000000
-129.0809665616,3.6111111111,0.0000000000
-129.0809665616,4.0925925926,0.0000000000
-129.0809665616,4.5740740741,0.0000000000
-129.0809665616,5.0555555556,0.0000000000
-129.0809665616,5.5370370370,0.0000000000
-129.0809665616,6.0185185185,0.0000000000
-129.0809665616,6.5000000000,0.0000000000
-129.0809665616,6.9814814815,0.0000000000
-129.0809665616,7.4629629630,0.0000000000
-129.0809665616,7.9444444444,0.0000000000
-129.0809665616,8.4259259259,0.0000000000
-129.0809665616,8.9074074074,0.0000000000
-129.0809665616,9.3888888889,0.0000000000
-129.0809665616,9.8703703704,0.0000000000
-129.0809665616,10.3518518518,0.0000000000
-129.0809665616,10.8333333333,0.0000000000
-129.0809665616,11.3148148148,0.0000000000
-129.0809665616,11.7962962963,0.0000000000
-129.0809665616,12.2777777778,0.0000000000
-129.0809665616,12.7592592593,0.0000000000
-129.0809665616,13.2407407407,0.0000000000
-129.0809665616,13.7222222222,0.0000000000
-129.0809665616,14.2037037037,0.0000000000
-129.0809665616,14.6851851852,0.0000000000
-129.0809665616,15.1666666667,0.0000000000
-129.0809665616,15.6481481481,0.0000000000
-129.0809665616,16.1296296296,0.0000000000
-129.0809665616,16.6111111111,0.0000000000
-129.0809665616,17.0925925926,0.0000000000
-129.0809665616,17.5740740741,0.0000000000
-129.0809665616,18.0555555555,0.0000000000
-129.0809665616,18.5370370370,0.0000000000
-129.0809665616,19.0185185185,0.0000000000
-129.0809665616,19.5000000000,0.0000000000
-129.0809665616,19.9814814815,0.0000000000
-129.0809665616,20.4629629630,0.0000000000
-129.0809665616,20.9444444444,0.0000000000
-129.0809665616,21.4259259259,0.0000000000
-129.0809665616,21.9074074074,0.0000000000
-129.0809665616,22.3888888889,0.0000000000
-129.0809665616,22.8703703704,0.0000000000
-129.0809665616,23.3518518518,0.0000000000
-129.0809665616,23.8333333333,0.0000000000
-129.0809665616,24.3148148148,0.0000000000
-129.0809665616,24.7962962963,0.0000000000
-129.0809665616,25.2777777778,0.0000000000
-129.0809665616,25.7592592593,0.0000000000
-129.0809665616,26.2407407407,0.0000000000
-129.0809665616,26.7222222222,0.0000000000
-129.0809665616,27.2037037037,0.0000000000
-129.0809665616,27.6851851852,0.0000000000
-129.0809665616,28.1666666667,0.0000000000
-129.0809665616,28.6481481481,0.0000000000
-129.0809665616,29.1296296296,0.0000000000
-129.0809665616,29.6111111111,0.0000000000
-129.0809665616,30.0925925926,0.0000000000
-129.0809665616,30.5740740741,0.0000000000
-129.0809665616,31.0555555555,0.0000000000
-129.0809665616,31.5370370370,0.0000000000
-129.0809665616,32.0185185185,0.0000000000
-128.8617559594,-32.0185185185,0.0000000000
-128.8617559594,-31.5370370370,0.0000000000
-128.8617559594,-31.0555555556,0.0000000000
-128.8617559594,-30.5740740741,0.0000000000
-128.8617559594,-30.0925925926,0.0000000000
-128.8617559594,-29.6111111111,0.0000000000
-128.8617559594,-29.1296296296,0.0000000000
-128.8617559594,-28.6481481481,0.0000000000
-128.8617559594,-28.1666666667,0.0000000000
-128.8617559594,-27.6851851852,0.0000000000
-128.8617559594,-27.2037037037,0.0000000000
-128.8617559594,-26.7222222222,0.0000000000
-128.8617559594,-26.2407407407,0.0000000000
-128.8617559594,-25.7592592593,0.0000000000
-128.8617559594,-25.2777777778,0.0000000000
-128.8617559594,-24.7962962963,0.0000000000
-128.8617559594,-24.3148148148,0.0000000000
-128.8617559594,-23.8333333333,0.0000000000
-128.8617559594,-23.3518518519,0.0000000000
-128.8617559594,-22.8703703704,0.0000000000
-128.8617559594,-22.3888888889,0.0000000000
-128.8617559594,-21.9074074074,0.0000000000
-128.8617559594,-21.4259259259,0.0000000000
-128.8617559594,-20.9444444444,0.0000000000
-128.8617559594,-20.4629629630,0.0000000000
-128.8617559594,-19.9814814815,0.0000000000
-128.8617559594,-19.5000000000,0.0000000000
-128.8617559594,-19.0185185185,0.0000000000
-128.8617559594,-18.5370370370,0.0000000000
-128.8617559594,-18.0555555556,0.0000000000
-128.8617559594,-17.5740740741,0.0000000000
-128.8617559594,-17.0925925926,0.0000000000
-128.8617559594,-16.6111111111,0.0000000000
-128.8617559594,-16.1296296296,0.0000000000
-128.8617559594,-15.6481481482,0.0000000000
-128.8617559594,-15.1666666667,0.0000000000
-128.8617559594,-14.6851851852,0.0000000000
-128.8617559594,-14.2037037037,0.0000000000
-128.8617559594,-13.7222222222,0.0000000000
-128.8617559594,-13.2407407407,0.0000000000
-128.8617559594,-12.7592592593,0.0000000000
-128.8617559594,-12.2777777778,0.0000000000
-128.8617559594,-11.7962962963,0.0000000000
-128.8617559594,-11.3148148148,0.0000000000
-128.8617559594,-10.8333333333,0.0000000000
-128.8617559594,-10.3518518519,0.0000000000
-128.8617559594,-9.8703703704,0.0000000000
-128.8617559594,-9.3888888889,0.0000000000
-128.8617559594,-8.9074074074,0.0000000000
-128.8617559594,-8.4259259259,0.0000000000
-128.8617559594,-7.9444444444,0.0000000000
-128.8617559594,-7.4629629630,0.0000000000
-128.8617559594,-6.9814814815,0.0000000000
-128.8617559594,-6.5000000000,0.0000000000
-128.8617559594,-6.0185185185,0.0000000000
-128.8617559594,-5.5370370370,0.0000000000
-128.8617559594,-5.0555555556,0.0000000000
-128.8617559594,-4.5740740741,0.0000000000
-128.8617559594,-4.0925925926,0.0000000000
-128.8617559594,-3.6111111111,0.0000000000
-128.8617559594,-3.1296296296,0.0000000000
-128.8617559594,-2.6481481482,0.0000000000
-128.8617559594,-2.1666666667,0.0000000000
-128.8617559594,-1.6851851852,0.0000000000
-128.8617559594,-1.2037037037,0.0000000000
-128.8617559594,-0.7222222222,0.0000000000
-128.8617559594,-0.2407407407,0.0000000000
-128.8617559594,0.2407407407,0.0000000000
-128.8617559594,0.7222222222,0.0000000000
-128.8617559594,1.2037037037,0.0000000000
-128.8617559594,1.6851851852,0.0000000000
-128.8617559594,2.1666666667,0.0000000000
-128.8617559594,2.6481481481,0.0000000000
-128.8617559594,3.1296296296,0.0000000000
-128.8617559594,3.6111111111,0.0000000000
-128.8617559594,4.0925925926,0.0000000000
-128.8617559594,4.5740740741,0.0000000000
-128.8617559594,5.0555555556,0.0000000000
-128.8617559594,5.5370370370,0.0000000000
-128.8617559594,6.0185185185,0.0000000000
-128.8617559594,6.5000000000,0.0000000000
-128.8617559594,6.9814814815,0.0000000000
-128.8617559594,7.4629629630,0.0000000000
-128.8617559594,7.9444444444,0.0000000000
-128.8617559594,8.4259259259,0.0000000000
-128.8617559594,8.9074074074,0.0000000000
-128.8617559594,9.3888888889,0.0000000000
-128.8617559594,9.8703703704,0.0000000000
-128.8617559594,10.3518518518,0.0000000000
-128.8617559594,10.8333333333,0.0000000000
-128.8617559594,11.3148148148,0.0000000000
-128.8617559594,11.7962962963,0.0000000000
-128.8617559594,12.2777777778,0.0000000000
-128.8617559594,12.7592592593,0.0000000000
-128.8617559594,13.2407407407,0.0000000000
-128.8617559594,13.7222222222,0.0000000000
-128.8617559594,14.2037037037,0.0000000000
-128.8617559594,14.6851851852,0.0000000000
-128.8617559594,15.1666666667,0.0000000000
-128.8617559594,15.6481481481,0.0000000000
-128.8617559594,16.1296296296,0.0000000000
-128.8617559594,16.6111111111,0.0000000000
-128.8617559594,17.0925925926,0.0000000000
-128.8617559594,17.5740740741,0.0000000000
-128.8617559594,18.0555555555,0.0000000000
-128.8617559594,18.5370370370,0.0000000000
-128.8617559594,19.0185185185,0.0000000000
-128.8617559594,19.5000000000,0.0000000000
-128.8617559594,19.9814814815,0.0000000000
-128.8617559594,20.4629629630,0.0000000000
-128.8617559594,20.9444444444,0.0000000000
-128.8617559594,21.4259259259,0.0000000000
-128.8617559594,21.9074074074,0.0000000000
-128.8617559594,22.3888888889,0.0000000000
-128.8617559594,22.8703703704,0.0000000000
-128.8617559594,23.3518518518,0.0000000000
-128.8617559594,23.8333333333,0.0000000000
-128.8617559594,24.3148148148,0.0000000000
-128.8617559594,24.7962962963,0.0000000000
-128.8617559594,25.2777777778,0.0000000000
-128.8617559594,25.7592592593,0.0000000000
-128.8617559594,26.2407407407,0.0000000000
-128.8617559594,26.7222222222,0.0000000000
-128.8617559594,27.2037037037,0.0000000000
-128.8617559594,27.6851851852,0.0000000000
-128.8617559594,28.1666666667,0.0000000000
-128.8617559594,28.6481481481,0.0000000000
-128.8617559594,29.1296296296,0.0000000000
-128.8617559594,29.6111111111,0.0000000000
-128.8617559594,30.0925925926,0.0000000000
-128.8617559594,30.5740740741,0.0000000000
-128.8617559594,31.0555555555,0.0000000000
-128.8617559594,31.5370370370,0.0000000000
-128.8617559594,32.0185185185,0.0000000000
-128.5987034381,-32.0185185185,0.0000000000
-128.5987034381,-31.5370370370,0.0000000000
-128.5987034381,-31.0555555556,0.0000000000
-128.5987034381,-30.5740740741,0.0000000000
-128.5987034381,-30.0925925926,0.0000000000
-128.5987034381,-29.6111111111,0.0000000000
-128.5987034381,-29.1296296296,0.0000000000
-128.5987034381,-28.6481481481,0.0000000000
-128.5987034381,-28.1666666667,0.0000000000
-128.5987034381,-27.6851851852,0.0000000000
-128.5987034381,-27.2037037037,0.0000000000
-128.5987034381,-26.7222222222,0.0000000000
-128.5987034381,-26.2407407407,0.0000000000
-128.5987034381,-25.7592592593,0.0000000000
-128.5987034381,-25.2777777778,0.0000000000
-128.5987034381,-24.7962962963,0.0000000000
-128.5987034381,-24.3148148148,0.0000000000
-128.5987034381,-23.8333333333,0.0000000000
-128.5987034381,-23.3518518519,0.0000000000
-128.5987034381,-22.8703703704,0.0000000000
-128.5987034381,-22.3888888889,0.0000000000
-128.5987034381,-21.9074074074,0.0000000000
-128.5987034381,-21.4259259259,0.0000000000
-128.5987034381,-20.9444444444,0.0000000000
-128.5987034381,-20.4629629630,0.0000000000
-128.5987034381,-19.9814814815,0.0000000000
-128.5987034381,-19.5000000000,0.0000000000
-128.5987034381,-19.0185185185,0.0000000000
-128.5987034381,-18.5370370370,0.0000000000
-128.5987034381,-18.0555555556,0.0000000000
-128.5987034381,-17.5740740741,0.0000000000
-128.5987034381,-17.0925925926,0.0000000000
-128.5987034381,-16.6111111111,0.0000000000
-128.5987034381,-16.1296296296,0.0000000000
-128.5987034381,-15.6481481482,0.0000000000
-128.5987034381,-15.1666666667,0.0000000000
-128.5987034381,-14.6851851852,0.0000000000
-128.5987034381,-14.2037037037,0.0000000000
-128.5987034381,-13.7222222222,0.0000000000
-128.5987034381,-13.2407407407,0.0000000000
-128.5987034381,-12.7592592593,0.0000000000
-128.5987034381,-12.2777777778,0.0000000000
-128.5987034381,-11.7962962963,0.0000000000
-128.5987034381,-11.3148148148,0.0000000000
-128.5987034381,-10.8333333333,0.0000000000
-128.5987034381,-10.3518518519,0.0000000000
-128.5987034381,-9.8703703704,0.0000000000
-128.5987034381,-9.3888888889,0.0000000000
-128.5987034381,-8.9074074074,0.0000000000
-128.5987034381,-8.4259259259,0.0000000000
-128.5987034381,-7.9444444444,0.0000000000
-128.5987034381,-7.4629629630,0.0000000000
-128.5987034381,-6.9814814815,0.0000000000
-128.5987034381,-6.5000000000,0.0000000000
-128.5987034381,-6.0185185185,0.0000000000
-128.5987034381,-5.5370370370,0.0000000000
-128.5987034381,-5.0555555556,0.0000000000
-128.5987034381,-4.5740740741,0.0000000000
-128.5987034381,-4.0925925926,0.0000000000
-128.5987034381,-3.6111111111,0.0000000000
-128.5987034381,-3.1296296296,0.0000000000
-128.5987034381,-2.6481481482,0.0000000000
-128.5987034381,-2.1666666667,0.0000000000
-128.5987034381,-1.6851851852,0.0000000000
-128.5987034381,-1.2037037037,0.0000000000
-128.5987034381,-0.7222222222,0.0000000000
-128.5987034381,-0.2407407407,0.0000000000
-128.5987034381,0.2407407407,0.0000000000
-128.5987034381,0.7222222222,0.0000000000
-128.5987034381,1.2037037037,0.0000000000
-128.5987034381,1.6851851852,0.0000000000
-128.5987034381,2.1666666667,0.0000000000
-128.5987034381,2.6481481481,0.0000000000
-128.5987034381,3.1296296296,0.0000000000
-128.5987034381,3.6111111111,0.0000000000
-128.5987034381,4.0925925926,0.0000000000
-128.5987034381,4.5740740741,0.0000000000
-128.5987034381,5.0555555556,0.0000000000
-128.5987034381,5.5370370370,0.0000000000
-128.5987034381,6.0185185185,0.0000000000
-128.5987034381,6.5000000000,0.0000000000
-128.5987034381,6.9814814815,0.0000000000
-128.5987034381,7.4629629630,0.0000000000
-128.5987034381,7.9444444444,0.0000000000
-128.5987034381,8.4259259259,0.0000000000
-128.5987034381,8.9074074074,0.0000000000
-128.5987034381,9.3888888889,0.0000000000
-128.5987034381,9.8703703704,0.0000000000
-128.5987034381,10.3518518518,0.0000000000
-128.5987034381,10.8333333333,0.0000000000
-128.5987034381,11.3148148148,0.0000000000
-128.5987034381,11.7962962963,0.0000000000
-128.5987034381,12.2777777778,0.0000000000
-128.5987034381,12.7592592593,0.0000000000
-128.5987034381,13.2407407407,0.0000000000
-128.5987034381,13.7222222222,0.0000000000
-128.5987034381,14.2037037037,0.0000000000
-128.5987034381,14.6851851852,0.0000000000
-128.5987034381,15.1666666667,0.0000000000
-128.5987034381,15.6481481481,0.0000000000
-128.5987034381,16.1296296296,0.0000000000
-128.5987034381,16.6111111111,0.0000000000
-128.5987034381,17.0925925926,0.0000000000
-128.5987034381,17.5740740741,0.0000000000
-128.5987034381,18.0555555555,0.0000000000
-128.5987034381,18.5370370370,0.0000000000
-128.5987034381,19.0185185185,0.0000000000
-128.5987034381,19.5000000000,0.0000000000
-128.5987034381,19.9814814815,0.0000000000
-128.5987034381,20.4629629630,0.0000000000
-128.5987034381,20.9444444444,0.0000000000
-128.5987034381,21.4259259259,0.0000000000
-128.5987034381,21.9074074074,0.0000000000
-128.5987034381,22.3888888889,0.0000000000
-128.5987034381,22.8703703704,0.0000000000
-128.5987034381,23.3518518518,0.0000000000
-128.5987034381,23.8333333333,0.0000000000
-128.5987034381,24.3148148148,0.0000000000
-128.5987034381,24.7962962963,0.0000000000
-128.5987034381,25.2777777778,0.0000000000
-128.5987034381,25.7592592593,0.0000000000
-128.5987034381,26.2407407407,0.0000000000
-128.5987034381,26.7222222222,0.0000000000
-128.5987034381,27.2037037037,0.0000000000
-128.5987034381,27.6851851852,0.0000000000
-128.5987034381,28.1666666667,0.0000000000
-128.5987034381,28.6481481481,0.0000000000
-128.5987034381,29.1296296296,0.0000000000
-128.5987034381,29.6111111111,0.0000000000
-128.5987034381,30.0925925926,0.0000000000
-128.5987034381,30.5740740741,0.0000000000
-128.5987034381,31.0555555555,0.0000000000
-128.5987034381,31.5370370370,0.0000000000
-128.5987034381,32.0185185185,0.0000000000
-128.2830404285,-32.0185185185,0.0000000000
-128.2830404285,-31.5370370370,0.0000000000
-128.2830404285,-31.0555555556,0.0000000000
-128.2830404285,-30.5740740741,0.0000000000
-128.2830404285,-30.0925925926,0.0000000000
-128.2830404285,-29.6111111111,0.0000000000
-128.2830404285,-29.1296296296,0.0000000000
-128.2830404285,-28.6481481481,0.0000000000
-128.2830404285,-28.1666666667,0.0000000000
-128.2830404285,-27.6851851852,0.0000000000
-128.2830404285,-27.2037037037,0.0000000000
-128.2830404285,-26.7222222222,0.0000000000
-128.2830404285,-26.2407407407,0.0000000000
-128.2830404285,-25.7592592593,0.0000000000
-128.2830404285,-25.2777777778,0.0000000000
-128.2830404285,-24.7962962963,0.0000000000
-128.2830404285,-24.3148148148,0.0000000000
-128.2830404285,-23.8333333333,0.0000000000
-128.2830404285,-23.3518518519,0.0000000000
-128.2830404285,-22.8703703704,0.0000000000
-128.2830404285,-22.3888888889,0.0000000000
-128.2830404285,-21.9074074074,0.0000000000
-128.2830404285,-21.4259259259,0.0000000000
-128.2830404285,-20.9444444444,0.0000000000
-128.2830404285,-20.4629629630,0.0000000000
-128.2830404285,-19.9814814815,0.0000000000
-128.2830404285,-19.5000000000,0.0000000000
-128.2830404285,-19.0185185185,0.0000000000
-128.2830404285,-18.5370370370,0.0000000000
-128.2830404285,-18.0555555556,0.0000000000
-128.2830404285,-17.5740740741,0.0000000000
-128.2830404285,-17.0925925926,0.0000000000
-128.2830404285,-16.6111111111,0.0000000000
-128.2830404285,-16.1296296296,0.0000000000
-128.2830404285,-15.6481481482,0.0000000000
-128.2830404285,-15.1666666667,0.0000000000
-128.2830404285,-14.6851851852,0.0000000000
-128.2830404285,-14.2037037037,0.0000000000
-128.2830404285,-13.7222222222,0.0000000000
-128.2830404285,-13.2407407407,0.0000000000
-128.2830404285,-12.7592592593,0.0000000000
-128.2830404285,-12.2777777778,0.0000000000
-128.2830404285,-11.7962962963,0.0000000000
-128.2830404285,-11.3148148148,0.0000000000
-128.2830404285,-10.8333333333,0.0000000000
-128.2830404285,-10.3518518519,0.0000000000
-128.2830404285,-9.8703703704,0.0000000000
-128.2830404285,-9.3888888889,0.0000000000
-128.2830404285,-8.9074074074,0.0000000000
-128.2830404285,-8.4259259259,0.0000000000
-128.2830404285,-7.9444444444,0.0000000000
-128.2830404285,-7.4629629630,0.0000000000
-128.2830404285,-6.9814814815,0.0000000000
-128.2830404285,-6.5000000000,0.0000000000
-128.2830404285,-6.0185185185,0.0000000000
-128.2830404285,-5.5370370370,0.0000000000
-128.2830404285,-5.0555555556,0.0000000000
-128.2830404285,-4.5740740741,0.0000000000
-128.2830404285,-4.0925925926,0.0000000000
-128.2830404285,-3.6111111111,0.0000000000
-128.2830404285,-3.1296296296,0.0000000000
-128.2830404285,-2.6481481482,0.0000000000
-128.2830404285,-2.1666666667,0.0000000000
-128.2830404285,-1.6851851852,0.0000000000
-128.2830404285,-1.2037037037,0.0000000000
-128.2830404285,-0.7222222222,0.0000000000
-128.2830404285,-0.2407407407,0.0000000000
-128.2830404285,0.2407407407,0.0000000000
-128.2830404285,0.7222222222,0.0000000000
-128.2830404285,1.2037037037,0.0000000000
-128.2830404285,1.6851851852,0.0000000000
-128.2830404285,2.1666666667,0.0000000000
-128.2830404285,2.6481481481,0.0000000000
-128.2830404285,3.1296296296,0.0000000000
-128.2830404285,3.6111111111,0.0000000000
-128.2830404285,4.0925925926,0.0000000000
-128.2830404285,4.5740740741,0.0000000000
-128.2830404285,5.0555555556,0.0000000000
-128.2830404285,5.5370370370,0.0000000000
-128.2830404285,6.0185185185,0.0000000000
-128.2830404285,6.5000000000,0.0000000000
-128.2830404285,6.9814814815,0.0000000000
-128.2830404285,7.4629629630,0.0000000000
-128.2830404285,7.9444444444,0.0000000000
-128.2830404285,8.4259259259,0.0000000000
-128.2830404285,8.9074074074,0.0000000000
-128.2830404285,9.3888888889,0.0000000000
-128.2830404285,9.8703703704,0.0000000000
-128.2830404285,10.3518518518,0.0000000000
-128.2830404285,10.8333333333,0.0000000000
-128.2830404285,11.3148148148,0.0000000000
-128.2830404285,11.7962962963,0.0000000000
-128.2830404285,12.2777777778,0.0000000000
-128.2830404285,12.7592592593,0.0000000000
-128.2830404285,13.2407407407,0.0000000000
-128.2830404285,13.7222222222,0.0000000000
-128.2830404285,14.2037037037,0.0000000000
-128.2830404285,14.6851851852,0.0000000000
-128.2830404285,15.1666666667,0.0000000000
-128.2830404285,15.6481481481,0.0000000000
-128.2830404285,16.1296296296,0.0000000000
-128.2830404285,16.6111111111,0.0000000000
-128.2830404285,17.0925925926,0.0000000000
-128.2830404285,17.5740740741,0.0000000000
-128.2830404285,18.0555555555,0.0000000000
-128.2830404285,18.5370370370,0.0000000000
-128.2830404285,19.0185185185,0.0000000000
-128.2830404285,19.5000000000,0.0000000000
-128.2830404285,19.9814814815,0.0000000000
-128.2830404285,20.4629629630,0.0000000000
-128.2830404285,20.9444444444,0.0000000000
-128.2830404285,21.4259259259,0.0000000000
-128.2830404285,21.9074074074,0.0000000000
-128.2830404285,22.3888888889,0.0000000000
-128.2830404285,22.8703703704,0.0000000000
-128.2830404285,23.3518518518,0.0000000000
-128.2830404285,23.8333333333,0.0000000000
-128.2830404285,24.3148148148,0.0000000000
-128.2830404285,24.7962962963,0.0000000000
-128.2830404285,25.2777777778,0.0000000000
-128.2830404285,25.7592592593,0.0000000000
-128.2830404285,26.2407407407,0.0000000000
-128.2830404285,26.7222222222,0.0000000000
-128.2830404285,27.2037037037,0.0000000000
-128.2830404285,27.6851851852,0.0000000000
-128.2830404285,28.1666666667,0.0000000000
-128.2830404285,28.6481481481,0.0000000000
-128.2830404285,29.1296296296,0.0000000000
-128.2830404285,29.6111111111,0.0000000000
-128.2830404285,30.0925925926,0.0000000000
-128.2830404285,30.5740740741,0.0000000000
-128.2830404285,31.0555555555,0.0000000000
-128.2830404285,31.5370370370,0.0000000000
-128.2830404285,32.0185185185,0.0000000000
-127.9042445968,-32.0185185185,0.0000000000
-127.9042445968,-31.5370370370,0.0000000000
-127.9042445968,-31.0555555556,0.0000000000
-127.9042445968,-30.5740740741,0.0000000000
-127.9042445968,-30.0925925926,0.0000000000
-127.9042445968,-29.6111111111,0.0000000000
-127.9042445968,-29.1296296296,0.0000000000
-127.9042445968,-28.6481481481,0.0000000000
-127.9042445968,-28.1666666667,0.0000000000
-127.9042445968,-27.6851851852,0.0000000000
-127.9042445968,-27.2037037037,0.0000000000
-127.9042445968,-26.7222222222,0.0000000000
-127.9042445968,-26.2407407407,0.0000000000
-127.9042445968,-25.7592592593,0.0000000000
-127.9042445968,-25.2777777778,0.0000000000
-127.9042445968,-24.7962962963,0.0000000000
-127.9042445968,-24.3148148148,0.0000000000
-127.9042445968,-23.8333333333,0.0000000000
-127.9042445968,-23.3518518519,0.0000000000
-127.9042445968,-22.8703703704,0.0000000000
-127.9042445968,-22.3888888889,0.0000000000
-127.9042445968,-21.9074074074,0.0000000000
-127.9042445968,-21.4259259259,0.0000000000
-127.9042445968,-20.9444444444,0.0000000000
-127.9042445968,-20.4629629630,0.0000000000
-127.9042445968,-19.9814814815,0.0000000000
-127.9042445968,-19.5000000000,0.0000000000
-127.9042445968,-19.0185185185,0.0000000000
-127.9042445968,-18.5370370370,0.0000000000
-127.9042445968,-18.0555555556,0.0000000000
-127.9042445968,-17.5740740741,0.0000000000
-127.9042445968,-17.0925925926,0.0000000000
-127.9042445968,-16.6111111111,0.0000000000
-127.9042445968,-16.1296296296,0.0000000000
-127.9042445968,-15.6481481482,0.0000000000
-127.9042445968,-15.1666666667,0.0000000000
-127.9042445968,-14.6851851852,0.0000000000
-127.9042445968,-14.2037037037,0.0000000000
-127.9042445968,-13.7222222222,0.0000000000
-127.9042445968,-13.2407407407,0.0000000000
-127.9042445968,-12.7592592593,0.0000000000
-127.9042445968,-12.2777777778,0.0000000000
-127.9042445968,-11.7962962963,0.0000000000
-127.9042445968,-11.3148148148,0.0000000000
-127.9042445968,-10.8333333333,0.0000000000
-127.9042445968,-10.3518518519,0.0000000000
-127.9042445968,-9.8703703704,0.0000000000
-127.9042445968,-9.3888888889,0.0000000000
-127.9042445968,-8.9074074074,0.0000000000
-127.9042445968,-8.4259259259,0.0000000000
-127.9042445968,-7.9444444444,0.0000000000
-127.9042445968,-7.4629629630,0.0000000000
-127.9042445968,-6.9814814815,0.0000000000
-127.9042445968,-6.5000000000,0.0000000000
-127.9042445968,-6.0185185185,0.0000000000
-127.9042445968,-5.5370370370,0.0000000000
-127.9042445968,-5.0555555556,0.0000000000
-127.9042445968,-4.5740740741,0.0000000000
-127.9042445968,-4.0925925926,0.0000000000
-127.9042445968,-3.6111111111,0.0000000000
-127.9042445968,-3.1296296296,0.0000000000
-127.9042445968,-2.6481481482,0.0000000000
-127.9042445968,-2.1666666667,0.0000000000
-127.9042445968,-1.6851851852,0.0000000000
-127.9042445968,-1.2037037037,0.0000000000
-127.9042445968,-0.7222222222,0.0000000000
-127.9042445968,-0.2407407407,0.0000000000
-127.9042445968,0.2407407407,0.0000000000
-127.9042445968,0.7222222222,0.0000000000
-127.9042445968,1.2037037037,0.0000000000
-127.9042445968,1.6851851852,0.0000000000
-127.9042445968,2.1666666667,0.0000000000
-127.9042445968,2.6481481481,0.0000000000
-127.9042445968,3.1296296296,0.0000000000
-127.9042445968,3.6111111111,0.0000000000
-127.9042445968,4.0925925926,0.0000000000
-127.9042445968,4.5740740741,0.0000000000
-127.9042445968,5.0555555556,0.0000000000
-127.9042445968,5.5370370370,0.0000000000
-127.9042445968,6.0185185185,0.0000000000
-127.9042445968,6.5000000000,0.0000000000
-127.9042445968,6.9814814815,0.0000000000
-127.9042445968,7.4629629630,0.0000000000
-127.9042445968,7.9444444444,0.0000000000
-127.9042445968,8.4259259259,0.0000000000
-127.9042445968,8.9074074074,0.0000000000
-127.9042445968,9.3888888889,0.0000000000
-127.9042445968,9.8703703704,0.0000000000
-127.9042445968,10.3518518518,0.0000000000
-127.9042445968,10.8333333333,0.0000000000
-127.9042445968,11.3148148148,0.0000000000
-127.9042445968,11.7962962963,0.0000000000
-127.9042445968,12.2777777778,0.0000000000
-127.9042445968,12.7592592593,0.0000000000
-127.9042445968,13.2407407407,0.0000000000
-127.9042445968,13.7222222222,0.0000000000
-127.9042445968,14.2037037037,0.0000000000
-127.9042445968,14.6851851852,0.0000000000
-127.9042445968,15.1666666667,0.0000000000
-127.9042445968,15.6481481481,0.0000000000
-127.9042445968,16.1296296296,0.0000000000
-127.9042445968,16.6111111111,0.0000000000
-127.9042445968,17.0925925926,0.0000000000
-127.9042445968,17.5740740741,0.0000000000
-127.9042445968,18.0555555555,0.0000000000
-127.9042445968,18.5370370370,0.0000000000
-127.9042445968,19.0185185185,0.0000000000
-127.9042445968,19.5000000000,0.0000000000
-127.9042445968,19.9814814815,0.0000000000
-127.9042445968,20.4629629630,0.0000000000
-127.9042445968,20.9444444444,0.0000000000
-127.9042445968,21.4259259259,0.0000000000
-127.9042445968,21.9074074074,0.0000000000
-127.9042445968,22.3888888889,0.0000000000
-127.9042445968,22.8703703704,0.0000000000
-127.9042445968,23.3518518518,0.0000000000
-127.9042445968,23.8333333333,0.0000000000
-127.9042445968,24.3148148148,0.0000000000
-127.9042445968,24.7962962963,0.0000000000
-127.9042445968,25.2777777778,0.0000000000
-127.9042445968,25.7592592593,0.0000000000
-127.9042445968,26.2407407407,0.0000000000
-127.9042445968,26.7222222222,0.0000000000
-127.9042445968,27.2037037037,0.0000000000
-127.9042445968,27.6851851852,0.0000000000
-127.9042445968,28.1666666667,0.0000000000
-127.9042445968,28.6481481481,0.0000000000
-127.9042445968,29.1296296296,0.0000000000
-127.9042445968,29.6111111111,0.0000000000
-127.9042445968,30.0925925926,0.0000000000
-127.9042445968,30.5740740741,0.0000000000
-127.9042445968,31.0555555555,0.0000000000
-127.9042445968,31.5370370370,0.0000000000
-127.9042445968,32.0185185185,0.0000000000
-127.4496895317,-32.0185185185,0.0000000000
-127.4496895317,-31.5370370370,0.0000000000
-127.4496895317,-31.0555555556,0.0000000000
-127.4496895317,-30.5740740741,0.0000000000
-127.4496895317,-30.0925925926,0.0000000000
-127.4496895317,-29.6111111111,0.0000000000
-127.4496895317,-29.1296296296,0.0000000000
-127.4496895317,-28.6481481481,0.0000000000
-127.4496895317,-28.1666666667,0.0000000000
-127.4496895317,-27.6851851852,0.0000000000
-127.4496895317,-27.2037037037,0.0000000000
-127.4496895317,-26.7222222222,0.0000000000
-127.4496895317,-26.2407407407,0.0000000000
-127.4496895317,-25.7592592593,0.0000000000
-127.4496895317,-25.2777777778,0.0000000000
-127.4496895317,-24.7962962963,0.0000000000
-127.4496895317,-24.3148148148,0.0000000000
-127.4496895317,-23.8333333333,0.0000000000
-127.4496895317,-23.3518518519,0.0000000000
-127.4496895317,-22.8703703704,0.0000000000
-127.4496895317,-22.3888888889,0.0000000000
-127.4496895317,-21.9074074074,0.0000000000
-127.4496895317,-21.4259259259,0.0000000000
-127.4496895317,-20.9444444444,0.0000000000
-127.4496895317,-20.4629629630,0.0000000000
-127.4496895317,-19.9814814815,0.0000000000
-127.4496895317,-19.5000000000,0.0000000000
-127.4496895317,-19.0185185185,0.0000000000
-127.4496895317,-18.5370370370,0.0000000000
-127.4496895317,-18.0555555556,0.0000000000
-127.4496895317,-17.5740740741,0.0000000000
-127.4496895317,-17.0925925926,0.0000000000
-127.4496895317,-16.6111111111,0.0000000000
-127.4496895317,-16.1296296296,0.0000000000
-127.4496895317,-15.6481481482,0.0000000000
-127.4496895317,-15.1666666667,0.0000000000
-127.4496895317,-14.6851851852,0.0000000000
-127.4496895317,-14.2037037037,0.0000000000
-127.4496895317,-13.7222222222,0.0000000000
-127.4496895317,-13.2407407407,0.0000000000
-127.4496895317,-12.7592592593,0.0000000000
-127.4496895317,-12.2777777778,0.0000000000
-127.4496895317,-11.7962962963,0.0000000000
-127.4496895317,-11.3148148148,0.0000000000
-127.4496895317,-10.8333333333,0.0000000000
-127.4496895317,-10.3518518519,0.0000000000
-127.4496895317,-9.8703703704,0.0000000000
-127.4496895317,-9.3888888889,0.0000000000
-127.4496895317,-8.9074074074,0.0000000000
-127.4496895317,-8.4259259259,0.0000000000
-127.4496895317,-7.9444444444,0.0000000000
-127.4496895317,-7.4629629630,0.0000000000
-127.4496895317,-6.9814814815,0.0000000000
-127.4496895317,-6.5000000000,0.0000000000
-127.4496895317,-6.0185185185,0.0000000000
-127.4496895317,-5.5370370370,0.0000000000
-127.4496895317,-5.0555555556,0.0000000000
-127.4496895317,-4.5740740741,0.0000000000
-127.4496895317,-4.0925925926,0.0000000000
-127.4496895317,-3.6111111111,0.0000000000
-127.4496895317,-3.1296296296,0.0000000000
-127.4496895317,-2.6481481482,0.0000000000
-127.4496895317,-2.1666666667,0.0000000000
-127.4496895317,-1.6851851852,0.0000000000
-127.4496895317,-1.2037037037,0.0000000000
-127.4496895317,-0.7222222222,0.0000000000
-127.4496895317,-0.2407407407,0.0000000000
-127.4496895317,0.2407407407,0.0000000000
-127.4496895317,0.7222222222,0.0000000000
-127.4496895317,1.2037037037,0.0000000000
-127.4496895317,1.6851851852,0.0000000000
-127.4496895317,2.1666666667,0.0000000000
-127.4496895317,2.6481481481,0.0000000000
-127.4496895317,3.1296296296,0.0000000000
-127.4496895317,3.6111111111,0.0000000000
-127.4496895317,4.0925925926,0.0000000000
-127.4496895317,4.5740740741,0.0000000000
-127.4496895317,5.0555555556,0.0000000000
-127.4496895317,5.5370370370,0.0000000000
-127.4496895317,6.0185185185,0.0000000000
-127.4496895317,6.5000000000,0.0000000000
-127.4496895317,6.9814814815,0.0000000000
-127.4496895317,7.4629629630,0.0000000000
-127.4496895317,7.9444444444,0.0000000000
-127.4496895317,8.4259259259,0.0000000000
-127.4496895317,8.9074074074,0.0000000000
-127.4496895317,9.3888888889,0.0000000000
-127.4496895317,9.8703703704,0.0000000000
-127.4496895317,10.3518518518,0.0000000000
-127.4496895317,10.8333333333,0.0000000000
-127.4496895317,11.3148148148,0.0000000000
-127.4496895317,11.7962962963,0.0000000000
-127.4496895317,12.2777777778,0.0000000000
-127.4496895317,12.7592592593,0.0000000000
-127.4496895317,13.2407407407,0.0000000000
-127.4496895317,13.7222222222,0.0000000000
-127.4496895317,14.2037037037,0.0000000000
-127.4496895317,14.6851851852,0.0000000000
-127.4496895317,15.1666666667,0.0000000000
-127.4496895317,15.6481481481,0.0000000000
-127.4496895317,16.1296296296,0.0000000000
-127.4496895317,16.6111111111,0.0000000000
-127.4496895317,17.0925925926,0.0000000000
-127.4496895317,17.5740740741,0.0000000000
-127.4496895317,18.0555555555,0.0000000000
-127.4496895317,18.5370370370,0.0000000000
-127.4496895317,19.0185185185,0.0000000000
-127.4496895317,19.5000000000,0.0000000000
-127.4496895317,19.9814814815,0.0000000000
-127.4496895317,20.4629629630,0.0000000000
-127.4496895317,20.9444444444,0.0000000000
-127.4496895317,21.4259259259,0.0000000000
-127.4496895317,21.9074074074,0.0000000000
-127.4496895317,22.3888888889,0.0000000000
-127.4496895317,22.8703703704,0.0000000000
-127.4496895317,23.3518518518,0.0000000000
-127.4496895317,23.8333333333,0.0000000000
-127.4496895317,24.3148148148,0.0000000000
-127.4496895317,24.7962962963,0.0000000000
-127.4496895317,25.2777777778,0.0000000000
-127.4496895317,25.7592592593,0.0000000000
-127.4496895317,26.2407407407,0.0000000000
-127.4496895317,26.7222222222,0.0000000000
-127.4496895317,27.2037037037,0.0000000000
-127.4496895317,27.6851851852,0.0000000000
-127.4496895317,28.1666666667,0.0000000000
-127.4496895317,28.6481481481,0.0000000000
-127.4496895317,29.1296296296,0.0000000000
-127.4496895317,29.6111111111,0.0000000000
-127.4496895317,30.0925925926,0.0000000000
-127.4496895317,30.5740740741,0.0000000000
-127.4496895317,31.0555555555,0.0000000000
-127.4496895317,31.5370370370,0.0000000000
-127.4496895317,32.0185185185,0.0000000000
-126.9042236342,-32.0185185185,0.0000000000
-126.9042236342,-31.5370370370,0.0000000000
-126.9042236342,-31.0555555556,0.0000000000
-126.9042236342,-30.5740740741,0.0000000000
-126.9042236342,-30.0925925926,0.0000000000
-126.9042236342,-29.6111111111,0.0000000000
-126.9042236342,-29.1296296296,0.0000000000
-126.9042236342,-28.6481481481,0.0000000000
-126.9042236342,-28.1666666667,0.0000000000
-126.9042236342,-27.6851851852,0.0000000000
-126.9042236342,-27.2037037037,0.0000000000
-126.9042236342,-26.7222222222,0.0000000000
-126.9042236342,-26.2407407407,0.0000000000
-126.9042236342,-25.7592592593,0.0000000000
-126.9042236342,-25.2777777778,0.0000000000
-126.9042236342,-24.7962962963,0.0000000000
-126.9042236342,-24.3148148148,0.0000000000
-126.9042236342,-23.8333333333,0.0000000000
-126.9042236342,-23.3518518519,0.0000000000
-126.9042236342,-22.8703703704,0.0000000000
-126.9042236342,-22.3888888889,0.0000000000
-126.9042236342,-21.9074074074,0.0000000000
-126.9042236342,-21.4259259259,0.0000000000
-126.9042236342,-20.9444444444,0.0000000000
-126.9042236342,-20.4629629630,0.0000000000
-126.9042236342,-19.9814814815,0.0000000000
-126.9042236342,-19.5000000000,0.0000000000
-126.9042236342,-19.0185185185,0.0000000000
-126.9042236342,-18.5370370370,0.0000000000
-126.9042236342,-18.0555555556,0.0000000000
-126.9042236342,-17.5740740741,0.0000000000
-126.9042236342,-17.0925925926,0.0000000000
-126.9042236342,-16.6111111111,0.0000000000
-126.9042236342,-16.1296296296,0.0000000000
-126.9042236342,-15.6481481482,0.0000000000
-126.9042236342,-15.1666666667,0.0000000000
-126.9042236342,-14.6851851852,0.0000000000
-126.9042236342,-14.2037037037,0.0000000000
-126.9042236342,-13.7222222222,0.0000000000
-126.9042236342,-13.2407407407,0.0000000000
-126.9042236342,-12.7592592593,0.0000000000
-126.9042236342,-12.2777777778,0.0000000000
-126.9042236342,-11.7962962963,0.0000000000
-126.9042236342,-11.3148148148,0.0000000000
-126.9042236342,-10.8333333333,0.0000000000
-126.9042236342,-10.3518518519,0.0000000000
-126.9042236342,-9.8703703704,0.0000000000
-126.9042236342,-9.3888888889,0.0000000000
-126.9042236342,-8.9074074074,0.0000000000
-126.9042236342,-8.4259259259,0.0000000000
-126.9042236342,-7.9444444444,0.0000000000
-126.9042236342,-7.4629629630,0.0000000000
-126.9042236342,-6.9814814815,0.0000000000
-126.9042236342,-6.5000000000,0.0000000000
-126.9042236342,-6.0185185185,0.0000000000
-126.9042236342,-5.5370370370,0.0000000000
-126.9042236342,-5.0555555556,0.0000000000
-126.9042236342,-4.5740740741,0.0000000000
-126.9042236342,-4.0925925926,0.0000000000
-126.9042236342,-3.6111111111,0.0000000000
-126.9042236342,-3.1296296296,0.0000000000
-126.9042236342,-2.6481481482,0.0000000000
-126.9042236342,-2.1666666667,0.0000000000
-126.9042236342,-1.6851851852,0.0000000000
-126.9042236342,-1.2037037037,0.0000000000
-126.9042236342,-0.7222222222,0.0000000000
-126.9042236342,-0.2407407407,0.0000000000
-126.9042236342,0.2407407407,0.0000000000
-126.9042236342,0.7222222222,0.0000000000
-126.9042236342,1.2037037037,0.0000000000
-126.9042236342,1.6851851852,0.0000000000
-126.9042236342,2.1666666667,0.0000000000
-126.9042236342,2.6481481481,0.0000000000
-126.9042236342,3.1296296296,0.0000000000
-126.9042236342,3.6111111111,0.0000000000
-126.9042236342,4.0925925926,0.0000000000
-126.9042236342,4.5740740741,0.0000000000
-126.9042236342,5.0555555556,0.0000000000
-126.9042236342,5.5370370370,0.0000000000
-126.9042236342,6.0185185185,0.0000000000
-126.9042236342,6.5000000000,0.0000000000
-126.9042236342,6.9814814815,0.0000000000
-126.9042236342,7.4629629630,0.0000000000
-126.9042236342,7.9444444444,0.0000000000
-126.9042236342,8.4259259259,0.0000000000
-126.9042236342,8.9074074074,0.0000000000
-126.9042236342,9.3888888889,0.0000000000
-126.9042236342,9.8703703704,0.0000000000
-126.9042236342,10.3518518518,0.0000000000
-126.9042236342,10.8333333333,0.0000000000
-126.9042236342,11.3148148148,0.0000000000
-126.9042236342,11.7962962963,0.0000000000
-126.9042236342,12.2777777778,0.0000000000
-126.9042236342,12.7592592593,0.0000000000
-126.9042236342,13.2407407407,0.0000000000
-126.9042236342,13.7222222222,0.0000000000
-126.9042236342,14.2037037037,0.0000000000
-126.9042236342,14.6851851852,0.0000000000
-126.9042236342,15.1666666667,0.0000000000
-126.9042236342,15.6481481481,0.0000000000
-126.9042236342,16.1296296296,0.0000000000
-126.9042236342,16.6111111111,0.0000000000
-126.9042236342,17.0925925926,0.0000000000
-126.9042236342,17.5740740741,0.0000000000
-126.9042236342,18.0555555555,0.0000000000
-126.9042236342,18.5370370370,0.0000000000
-126.9042236342,19.0185185185,0.0000000000
-126.9042236342,19.5000000000,0.0000000000
-126.9042236342,19.9814814815,0.0000000000
-126.9042236342,20.4629629630,0.0000000000
-126.9042236342,20.9444444444,0.0000000000
-126.9042236342,21.4259259259,0.0000000000
-126.9042236342,21.9074074074,0.0000000000
-126.9042236342,22.3888888889,0.0000000000
-126.9042236342,22.8703703704,0.0000000000
-126.9042236342,23.3518518518,0.0000000000
-126.9042236342,23.8333333333,0.0000000000
-126.9042236342,24.3148148148,0.0000000000
-126.9042236342,24.7962962963,0.0000000000
-126.9042236342,25.2777777778,0.0000000000
-126.9042236342,25.7592592593,0.0000000000
-126.9042236342,26.2407407407,0.0000000000
-126.9042236342,26.7222222222,0.0000000000
-126.9042236342,27.2037037037,0.0000000000
-126.9042236342,27.6851851852,0.0000000000
-126.9042236342,28.1666666667,0.0000000000
-126.9042236342,28.6481481481,0.0000000000
-126.9042236342,29.1296296296,0.0000000000
-126.9042236342,29.6111111111,0.0000000000
-126.9042236342,30.0925925926,0.0000000000
-126.9042236342,30.5740740741,0.0000000000
-126.9042236342,31.0555555555,0.0000000000
-126.9042236342,31.5370370370,0.0000000000
-126.9042236342,32.0185185185,0.0000000000
-126.2496645986,-32.0185185185,0.0000000000
-126.2496645986,-31.5370370370,0.0000000000
-126.2496645986,-31.0555555556,0.0000000000
-126.2496645986,-30.5740740741,0.0000000000
-126.2496645986,-30.0925925926,0.0000000000
-126.2496645986,-29.6111111111,0.0000000000
-126.2496645986,-29.1296296296,0.0000000000
-126.2496645986,-28.6481481481,0.0000000000
-126.2496645986,-28.1666666667,0.0000000000
-126.2496645986,-27.6851851852,0.0000000000
-126.2496645986,-27.2037037037,0.0000000000
-126.2496645986,-26.7222222222,0.0000000000
-126.2496645986,-26.2407407407,0.0000000000
-126.2496645986,-25.7592592593,0.0000000000
-126.2496645986,-25.2777777778,0.0000000000
-126.2496645986,-24.7962962963,0.0000000000
-126.2496645986,-24.3148148148,0.0000000000
-126.2496645986,-23.8333333333,0.0000000000
-126.2496645986,-23.3518518519,0.0000000000
-126.2496645986,-22.8703703704,0.0000000000
-126.2496645986,-22.3888888889,0.0000000000
-126.2496645986,-21.9074074074,0.0000000000
-126.2496645986,-21.4259259259,0.0000000000
-126.2496645986,-20.9444444444,0.0000000000
-126.2496645986,-20.4629629630,0.0000000000
-126.2496645986,-19.9814814815,0.0000000000
-126.2496645986,-19.5000000000,0.0000000000
-126.2496645986,-19.0185185185,0.0000000000
-126.2496645986,-18.5370370370,0.0000000000
-126.2496645986,-18.0555555556,0.0000000000
-126.2496645986,-17.5740740741,0.0000000000
-126.2496645986,-17.0925925926,0.0000000000
-126.2496645986,-16.6111111111,0.0000000000
-126.2496645986,-16.1296296296,0.0000000000
-126.2496645986,-15.6481481482,0.0000000000
-126.2496645986,-15.1666666667,0.0000000000
-126.2496645986,-14.6851851852,0.0000000000
-126.2496645986,-14.2037037037,0.0000000000
-126.2496645986,-13.7222222222,0.0000000000
-126.2496645986,-13.2407407407,0.0000000000
-126.2496645986,-12.7592592593,0.0000000000
-126.2496645986,-12.2777777778,0.0000000000
-126.2496645986,-11.7962962963,0.0000000000
-126.2496645986,-11.3148148148,0.0000000000
-126.2496645986,-10.8333333333,0.0000000000
-126.2496645986,-10.3518518519,0.0000000000
-126.2496645986,-9.8703703704,0.0000000000
-126.2496645986,-9.3888888889,0.0000000000
-126.2496645986,-8.9074074074,0.0000000000
-126.2496645986,-8.4259259259,0.0000000000
-126.2496645986,-7.9444444444,0.0000000000
-126.2496645986,-7.4629629630,0.0000000000
-126.2496645986,-6.9814814815,0.0000000000
-126.2496645986,-6.5000000000,0.0000000000
-126.2496645986,-6.0185185185,0.0000000000
-126.2496645986,-5.5370370370,0.0000000000
-126.2496645986,-5.0555555556,0.0000000000
-126.2496645986,-4.5740740741,0.0000000000
-126.2496645986,-4.0925925926,0.0000000000
-126.2496645986,-3.6111111111,0.0000000000
-126.2496645986,-3.1296296296,0.0000000000
-126.2496645986,-2.6481481482,0.0000000000
-126.2496645986,-2.1666666667,0.0000000000
-126.2496645986,-1.6851851852,0.0000000000
-126.2496645986,-1.2037037037,0.0000000000
-126.2496645986,-0.7222222222,0.0000000000
-126.2496645986,-0.2407407407,0.0000000000
-126.2496645986,0.2407407407,0.0000000000
-126.2496645986,0.7222222222,0.0000000000
-126.2496645986,1.2037037037,0.0000000000
-126.2496645986,1.6851851852,0.0000000000
-126.2496645986,2.1666666667,0.0000000000
-126.2496645986,2.6481481481,0.0000000000
-126.2496645986,3.1296296296,0.0000000000
-126.2496645986,3.6111111111,0.0000000000
-126.2496645986,4.0925925926,0.0000000000
-126.2496645986,4.5740740741,0.0000000000
-126.2496645986,5.0555555556,0.0000000000
-126.2496645986,5.5370370370,0.0000000000
-126.2496645986,6.0185185185,0.0000000000
-126.2496645986,6.5000000000,0.0000000000
-126.2496645986,6.9814814815,0.0000000000
-126.2496645986,7.4629629630,0.0000000000
-126.2496645986,7.9444444444,0.0000000000
-126.2496645986,8.4259259259,0.0000000000
-126.2496645986,8.9074074074,0.0000000000
-126.2496645986,9.3888888889,0.0000000000
-126.2496645986,9.8703703704,0.0000000000
-126.2496645986,10.3518518518,0.0000000000
-126.2496645986,10.8333333333,0.0000000000
-126.2496645986,11.3148148148,0.0000000000
-126.2496645986,11.7962962963,0.0000000000
-126.2496645986,12.2777777778,0.0000000000
-126.2496645986,12.7592592593,0.0000000000
-126.2496645986,13.2407407407,0.0000000000
-126.2496645986,13.7222222222,0.0000000000
-126.2496645986,14.2037037037,0.0000000000
-126.2496645986,14.6851851852,0.0000000000
-126.2496645986,15.1666666667,0.0000000000
-126.2496645986,15.6481481481,0.0000000000
-126.2496645986,16.1296296296,0.0000000000
-126.2496645986,16.6111111111,0.0000000000
-126.2496645986,17.0925925926,0.0000000000
-126.2496645986,17.5740740741,0.0000000000
-126.2496645986,18.0555555555,0.0000000000
-126.2496645986,18.5370370370,0.0000000000
-126.2496645986,19.0185185185,0.0000000000
-126.2496645986,19.5000000000,0.0000000000
-126.2496645986,19.9814814815,0.0000000000
-126.2496645986,20.4629629630,0.0000000000
-126.2496645986,20.9444444444,0.0000000000
-126.2496645986,21.4259259259,0.0000000000
-126.2496645986,21.9074074074,0.0000000000
-126.2496645986,22.3888888889,0.0000000000
-126.2496645986,22.8703703704,0.0000000000
-126.2496645986,23.3518518518,0.0000000000
-126.2496645986,23.8333333333,0.0000000000
-126.2496645986,24.3148148148,0.0000000000
-126.2496645986,24.7962962963,0.0000000000
-126.2496645986,25.2777777778,0.0000000000
-126.2496645986,25.7592592593,0.0000000000
-126.2496645986,26.2407407407,0.0000000000
-126.2496645986,26.7222222222,0.0000000000
-126.2496645986,27.2037037037,0.0000000000
-126.2496645986,27.6851851852,0.0000000000
-126.2496645986,28.1666666667,0.0000000000
-126.2496645986,28.6481481481,0.0000000000
-126.2496645986,29.1296296296,0.0000000000
-126.2496645986,29.6111111111,0.0000000000
-126.2496645986,30.0925925926,0.0000000000
-126.2496645986,30.5740740741,0.0000000000
-126.2496645986,31.0555555555,0.0000000000
-126.2496645986,31.5370370370,0.0000000000
-126.2496645986,32.0185185185,0.0000000000
-125.4641937551,-32.0185185185,0.0000000000
-125.4641937551,-31.5370370370,0.0000000000
-125.4641937551,-31.0555555556,0.0000000000
-125.4641937551,-30.5740740741,0.0000000000
-125.4641937551,-30.0925925926,0.0000000000
-125.4641937551,-29.6111111111,0.0000000000
-125.4641937551,-29.1296296296,0.0000000000
-125.4641937551,-28.6481481481,0.0000000000
-125.4641937551,-28.1666666667,0.0000000000
-125.4641937551,-27.6851851852,0.0000000000
-125.4641937551,-27.2037037037,0.0000000000
-125.4641937551,-26.7222222222,0.0000000000
-125.4641937551,-26.2407407407,0.0000000000
-125.4641937551,-25.7592592593,0.0000000000
-125.4641937551,-25.2777777778,0.0000000000
-125.4641937551,-24.7962962963,0.0000000000
-125.4641937551,-24.3148148148,0.0000000000
-125.4641937551,-23.8333333333,0.0000000000
-125.4641937551,-23.3518518519,0.0000000000
-125.4641937551,-22.8703703704,0.0000000000
-125.4641937551,-22.3888888889,0.0000000000
-125.4641937551,-21.9074074074,0.0000000000
-125.4641937551,-21.4259259259,0.0000000000
-125.4641937551,-20.9444444444,0.0000000000
-125.4641937551,-20.4629629630,0.0000000000
-125.4641937551,-19.9814814815,0.0000000000
-125.4641937551,-19.5000000000,0.0000000000
-125.4641937551,-19.0185185185,0.0000000000
-125.4641937551,-18.5370370370,0.0000000000
-125.4641937551,-18.0555555556,0.0000000000
-125.4641937551,-17.5740740741,0.0000000000
-125.4641937551,-17.0925925926,0.0000000000
-125.4641937551,-16.6111111111,0.0000000000
-125.4641937551,-16.1296296296,0.0000000000
-125.4641937551,-15.6481481482,0.0000000000
-125.4641937551,-15.1666666667,0.0000000000
-125.4641937551,-14.6851851852,0.0000000000
-125.4641937551,-14.2037037037,0.0000000000
-125.4641937551,-13.7222222222,0.0000000000
-125.4641937551,-13.2407407407,0.0000000000
-125.4641937551,-12.7592592593,0.0000000000
-125.4641937551,-12.2777777778,0.0000000000
-125.4641937551,-11.7962962963,0.0000000000
-125.4641937551,-11.3148148148,0.0000000000
-125.4641937551,-10.8333333333,0.0000000000
-125.4641937551,-10.3518518519,0.0000000000
-125.4641937551,-9.8703703704,0.0000000000
-125.4641937551,-9.3888888889,0.0000000000
-125.4641937551,-8.9074074074,0.0000000000
-125.4641937551,-8.4259259259,0.0000000000
-125.4641937551,-7.9444444444,0.0000000000
-125.4641937551,-7.4629629630,0.0000000000
-125.4641937551,-6.9814814815,0.0000000000
-125.4641937551,-6.5000000000,0.0000000000
-125.4641937551,-6.0185185185,0.0000000000
-125.4641937551,-5.5370370370,0.0000000000
-125.4641937551,-5.0555555556,0.0000000000
-125.4641937551,-4.5740740741,0.0000000000
-125.4641937551,-4.0925925926,0.0000000000
-125.4641937551,-3.6111111111,0.0000000000
-125.4641937551,-3.1296296296,0.0000000000
-125.4641937551,-2.6481481482,0.0000000000
-125.4641937551,-2.1666666667,0.0000000000
-125.4641937551,-1.6851851852,0.0000000000
-125.4641937551,-1.2037037037,0.0000000000
-125.4641937551,-0.7222222222,0.0000000000
-125.4641937551,-0.2407407407,0.0000000000
-125.4641937551,0.2407407407,0.0000000000
-125.4641937551,0.7222222222,0.0000000000
-125.4641937551,1.2037037037,0.0000000000
-125.4641937551,1.6851851852,0.0000000000
-125.4641937551,2.1666666667,0.0000000000
-125.4641937551,2.6481481481,0.0000000000
-125.4641937551,3.1296296296,0.0000000000
-125.4641937551,3.6111111111,0.0000000000
-125.4641937551,4.0925925926,0.0000000000
-125.4641937551,4.5740740741,0.0000000000
-125.4641937551,5.0555555556,0.0000000000
-125.4641937551,5.5370370370,0.0000000000
-125.4641937551,6.0185185185,0.0000000000
-125.4641937551,6.5000000000,0.0000000000
-125.4641937551,6.9814814815,0.0000000000
-125.4641937551,7.4629629630,0.0000000000
-125.4641937551,7.9444444444,0.0000000000
-125.4641937551,8.4259259259,0.0000000000
-125.4641937551,8.9074074074,0.0000000000
-125.4641937551,9.3888888889,0.0000000000
-125.4641937551,9.8703703704,0.0000000000
-125.4641937551,10.3518518518,0.0000000000
-125.4641937551,10.8333333333,0.0000000000
-125.4641937551,11.3148148148,0.0000000000
-125.4641937551,11.7962962963,0.0000000000
-125.4641937551,12.2777777778,0.0000000000
-125.4641937551,12.7592592593,0.0000000000
-125.4641937551,13.2407407407,0.0000000000
-125.4641937551,13.7222222222,0.0000000000
-125.4641937551,14.2037037037,0.0000000000
-125.4641937551,14.6851851852,0.0000000000
-125.4641937551,15.1666666667,0.0000000000
-125.4641937551,15.6481481481,0.0000000000
-125.4641937551,16.1296296296,0.0000000000
-125.4641937551,16.6111111111,0.0000000000
-125.4641937551,17.0925925926,0.0000000000
-125.4641937551,17.5740740741,0.0000000000
-125.4641937551,18.0555555555,0.0000000000
-125.4641937551,18.5370370370,0.0000000000
-125.4641937551,19.0185185185,0.0000000000
-125.4641937551,19.5000000000,0.0000000000
-125.4641937551,19.9814814815,0.0000000000
-125.4641937551,20.4629629630,0.0000000000
-125.4641937551,20.9444444444,0.0000000000
-125.4641937551,21.4259259259,0.0000000000
-125.4641937551,21.9074074074,0.0000000000
-125.4641937551,22.3888888889,0.0000000000
-125.4641937551,22.8703703704,0.0000000000
-125.4641937551,23.3518518518,0.0000000000
-125.4641937551,23.8333333333,0.0000000000
-125.4641937551,24.3148148148,0.0000000000
-125.4641937551,24.7962962963,0.0000000000
-125.4641937551,25.2777777778,0.0000000000
-125.4641937551,25.7592592593,0.0000000000
-125.4641937551,26.2407407407,0.0000000000
-125.4641937551,26.7222222222,0.0000000000
-125.4641937551,27.2037037037,0.0000000000
-125.4641937551,27.6851851852,0.0000000000
-125.4641937551,28.1666666667,0.0000000000
-125.4641937551,28.6481481481,0.0000000000
-125.4641937551,29.1296296296,0.0000000000
-125.4641937551,29.6111111111,0.0000000000
-125.4641937551,30.0925925926,0.0000000000
-125.4641937551,30.5740740741,0.0000000000
-125.4641937551,31.0555555555,0.0000000000
-125.4641937551,31.5370370370,0.0000000000
-125.4641937551,32.0185185185,0.0000000000
-124.5216288969,-32.0185185185,0.0000000000
-124.5216288969,-31.5370370370,0.0000000000
-124.5216288969,-31.0555555556,0.0000000000
-124.5216288969,-30.5740740741,0.0000000000
-124.5216288969,-30.0925925926,0.0000000000
-124.5216288969,-29.6111111111,0.0000000000
-124.5216288969,-29.1296296296,0.0000000000
-124.5216288969,-28.6481481481,0.0000000000
-124.5216288969,-28.1666666667,0.0000000000
-124.5216288969,-27.6851851852,0.0000000000
-124.5216288969,-27.2037037037,0.0000000000
-124.5216288969,-26.7222222222,0.0000000000
-124.5216288969,-26.2407407407,0.0000000000
-124.5216288969,-25.7592592593,0.0000000000
-124.5216288969,-25.2777777778,0.0000000000
-124.5216288969,-24.7962962963,0.0000000000
-124.5216288969,-24.3148148148,0.0000000000
-124.5216288969,-23.8333333333,0.0000000000
-124.5216288969,-23.3518518519,0.0000000000
-124.5216288969,-22.8703703704,0.0000000000
-124.5216288969,-22.3888888889,0.0000000000
-124.5216288969,-21.9074074074,0.0000000000
-124.5216288969,-21.4259259259,0.0000000000
-124.5216288969,-20.9444444444,0.0000000000
-124.5216288969,-20.4629629630,0.0000000000
-124.5216288969,-19.9814814815,0.0000000000
-124.5216288969,-19.5000000000,0.0000000000
-124.5216288969,-19.0185185185,0.0000000000
-124.5216288969,-18.5370370370,0.0000000000
-124.5216288969,-18.0555555556,0.0000000000
-124.5216288969,-17.5740740741,0.0000000000
-124.5216288969,-17.0925925926,0.0000000000
-124.5216288969,-16.6111111111,0.0000000000
-124.5216288969,-16.1296296296,0.0000000000
-124.5216288969,-15.6481481482,0.0000000000
-124.5216288969,-15.1666666667,0.0000000000
-124.5216288969,-14.6851851852,0.0000000000
-124.5216288969,-14.2037037037,0.0000000000
-124.5216288969,-13.7222222222,0.0000000000
-124.5216288969,-13.2407407407,0.0000000000
-124.5216288969,-12.7592592593,0.0000000000
-124.5216288969,-12.2777777778,0.0000000000
-124.5216288969,-11.7962962963,0.0000000000
-124.5216288969,-11.3148148148,0.0000000000
-124.5216288969,-10.8333333333,0.0000000000
-124.5216288969,-10.3518518519,0.0000000000
-124.5216288969,-9.8703703704,0.0000000000
-124.5216288969,-9.3888888889,0.0000000000
-124.5216288969,-8.9074074074,0.0000000000
-124.5216288969,-8.4259259259,0.0000000000
-124.5216288969,-7.9444444444,0.0000000000
-124.5216288969,-7.4629629630,0.0000000000
-124.5216288969,-6.9814814815,0.0000000000
-124.5216288969,-6.5000000000,0.0000000000
-124.5216288969,-6.0185185185,0.0000000000
-124.5216288969,-5.5370370370,0.0000000000
-124.5216288969,-5.0555555556,0.0000000000
-124.5216288969,-4.5740740741,0.0000000000
-124.5216288969,-4.0925925926,0.0000000000
-124.5216288969,-3.6111111111,0.0000000000
-124.5216288969,-3.1296296296,0.0000000000
-124.5216288969,-2.6481481482,0.0000000000
-124.5216288969,-2.1666666667,0.0000000000
-124.5216288969,-1.6851851852,0.0000000000
-124.5216288969,-1.2037037037,0.0000000000
-124.5216288969,-0.7222222222,0.0000000000
-124.5216288969,-0.2407407407,0.0000000000
-124.5216288969,0.2407407407,0.0000000000
-124.5216288969,0.7222222222,0.0000000000
-124.5216288969,1.2037037037,0.0000000000
-124.5216288969,1.6851851852,0.0000000000
-124.5216288969,2.1666666667,0.0000000000
-124.5216288969,2.6481481481,0.0000000000
-124.5216288969,3.1296296296,0.0000000000
-124.5216288969,3.6111111111,0.0000000000
-124.5216288969,4.0925925926,0.0000000000
-124.5216288969,4.5740740741,0.0000000000
-124.5216288969,5.0555555556,0.0000000000
-124.5216288969,5.5370370370,0.0000000000
-124.5216288969,6.0185185185,0.0000000000
-124.5216288969,6.5000000000,0.0000000000
-124.5216288969,6.9814814815,0.0000000000
-124.5216288969,7.4629629630,0.0000000000
-124.5216288969,7.9444444444,0.0000000000
-124.5216288969,8.4259259259,0.0000000000
-124.5216288969,8.9074074074,0.0000000000
-124.5216288969,9.3888888889,0.0000000000
-124.5216288969,9.8703703704,0.0000000000
-124.5216288969,10.3518518518,0.0000000000
-124.5216288969,10.8333333333,0.0000000000
-124.5216288969,11.3148148148,0.0000000000
-124.5216288969,11.7962962963,0.0000000000
-124.5216288969,12.2777777778,0.0000000000
-124.5216288969,12.7592592593,0.0000000000
-124.5216288969,13.2407407407,0.0000000000
-124.5216288969,13.7222222222,0.0000000000
-124.5216288969,14.2037037037,0.0000000000
-124.5216288969,14.6851851852,0.0000000000
-124.5216288969,15.1666666667,0.0000000000
-124.5216288969,15.6481481481,0.0000000000
-124.5216288969,16.1296296296,0.0000000000
-124.5216288969,16.6111111111,0.0000000000
-124.5216288969,17.0925925926,0.0000000000
-124.5216288969,17.5740740741,0.0000000000
-124.5216288969,18.0555555555,0.0000000000
-124.5216288969,18.5370370370,0.0000000000
-124.5216288969,19.0185185185,0.0000000000
-124.5216288969,19.5000000000,0.0000000000
-124.5216288969,19.9814814815,0.0000000000
-124.5216288969,20.4629629630,0.0000000000
-124.5216288969,20.9444444444,0.0000000000
-124.5216288969,21.4259259259,0.0000000000
-124.5216288969,21.9074074074,0.0000000000
-124.5216288969,22.3888888889,0.0000000000
-124.5216288969,22.8703703704,0.0000000000
-124.5216288969,23.3518518518,0.0000000000
-124.5216288969,23.8333333333,0.0000000000
-124.5216288969,24.3148148148,0.0000000000
-124.5216288969,24.7962962963,0.0000000000
-124.5216288969,25.2777777778,0.0000000000
-124.5216288969,25.7592592593,0.0000000000
-124.5216288969,26.2407407407,0.0000000000
-124.5216288969,26.7222222222,0.0000000000
-124.5216288969,27.2037037037,0.0000000000
-124.5216288969,27.6851851852,0.0000000000
-124.5216288969,28.1666666667,0.0000000000
-124.5216288969,28.6481481481,0.0000000000
-124.5216288969,29.1296296296,0.0000000000
-124.5216288969,29.6111111111,0.0000000000
-124.5216288969,30.0925925926,0.0000000000
-124.5216288969,30.5740740741,0.0000000000
-124.5216288969,31.0555555555,0.0000000000
-124.5216288969,31.5370370370,0.0000000000
-124.5216288969,32.0185185185,0.0000000000
-123.3905506319,-32.0185185185,0.0000000000
-123.3905506319,-31.5370370370,0.0000000000
-123.3905506319,-31.0555555556,0.0000000000
-123.3905506319,-30.5740740741,0.0000000000
-123.3905506319,-30.0925925926,0.0000000000
-123.3905506319,-29.6111111111,0.0000000000
-123.3905506319,-29.1296296296,0.0000000000
-123.3905506319,-28.6481481481,0.0000000000
-123.3905506319,-28.1666666667,0.0000000000
-123.3905506319,-27.6851851852,0.0000000000
-123.3905506319,-27.2037037037,0.0000000000
-123.3905506319,-26.7222222222,0.0000000000
-123.3905506319,-26.2407407407,0.0000000000
-123.3905506319,-25.7592592593,0.0000000000
-123.3905506319,-25.2777777778,0.0000000000
-123.3905506319,-24.7962962963,0.0000000000
-123.3905506319,-24.3148148148,0.0000000000
-123.3905506319,-23.8333333333,0.0000000000
-123.3905506319,-23.3518518519,0.0000000000
-123.3905506319,-22.8703703704,0.0000000000
-123.3905506319,-22.3888888889,0.0000000000
-123.3905506319,-21.9074074074,0.0000000000
-123.3905506319,-21.4259259259,0.0000000000
-123.3905506319,-20.9444444444,0.0000000000
-123.3905506319,-20.4629629630,0.0000000000
-123.3905506319,-19.9814814815,0.0000000000
-123.3905506319,-19.5000000000,0.0000000000
-123.3905506319,-19.0185185185,0.0000000000
-123.3905506319,-18.5370370370,0.0000000000
-123.3905506319,-18.0555555556,0.0000000000
-123.3905506319,-17.5740740741,0.0000000000
-123.3905506319,-17.0925925926,0.0000000000
-123.3905506319,-16.6111111111,0.0000000000
-123.3905506319,-16.1296296296,0.0000000000
-123.3905506319,-15.6481481482,0.0000000000
-123.3905506319,-15.1666666667,0.0000000000
-123.3905506319,-14.6851851852,0.0000000000
-123.3905506319,-14.2037037037,0.0000000000
-123.3905506319,-13.7222222222,0.0000000000
-123.3905506319,-13.2407407407,0.0000000000
-123.3905506319,-12.7592592593,0.0000000000
-123.3905506319,-12.2777777778,0.0000000000
-123.3905506319,-11.7962962963,0.0000000000
-123.3905506319,-11.3148148148,0.0000000000
-123.3905506319,-10.8333333333,0.0000000000
-123.3905506319,-10.3518518519,0.0000000000
-123.3905506319,-9.8703703704,0.0000000000
-123.3905506319,-9.3888888889,0.0000000000
-123.3905506319,-8.9074074074,0.0000000000
-123.3905506319,-8.4259259259,0.0000000000
-123.3905506319,-7.9444444444,0.0000000000
-123.3905506319,-7.4629629630,0.0000000000
-123.3905506319,-6.9814814815,0.0000000000
-123.3905506319,-6.5000000000,0.0000000000
-123.3905506319,-6.0185185185,0.0000000000
-123.3905506319,-5.5370370370,0.0000000000
-123.3905506319,-5.0555555556,0.0000000000
-123.3905506319,-4.5740740741,0.0000000000
-123.3905506319,-4.0925925926,0.0000000000
-123.3905506319,-3.6111111111,0.0000000000
-123.3905506319,-3.1296296296,0.0000000000
-123.3905506319,-2.6481481482,0.0000000000
-123.3905506319,-2.1666666667,0.0000000000
-123.3905506319,-1.6851851852,0.0000000000
-123.3905506319,-1.2037037037,0.0000000000
-123.3905506319,-0.7222222222,0.0000000000
-123.3905506319,-0.2407407407,0.0000000000
-123.3905506319,0.2407407407,0.0000000000
-123.3905506319,0.7222222222,0.0000000000
-123.3905506319,1.2037037037,0.0000000000
-123.3905506319,1.6851851852,0.0000000000
-123.3905506319,2.1666666667,0.0000000000
-123.3905506319,2.6481481481,0.0000000000
-123.3905506319,3.1296296296,0.0000000000
-123.3905506319,3.6111111111,0.0000000000
-123.3905506319,4.0925925926,0.0000000000
-123.3905506319,4.5740740741,0.0000000000
-123.3905506319,5.0555555556,0.0000000000
-123.3905506319,5.5370370370,0.0000000000
-123.3905506319,6.0185185185,0.0000000000
-123.3905506319,6.5000000000,0.0000000000
-123.3905506319,6.9814814815,0.0000000000
-123.3905506319,7.4629629630,0.0000000000
-123.3905506319,7.9444444444,0.0000000000
-123.3905506319,8.4259259259,0.0000000000
-123.3905506319,8.9074074074,0.0000000000
-123.3905506319,9.3888888889,0.0000000000
-123.3905506319,9.8703703704,0.0000000000
-123.3905506319,10.3518518518,0.0000000000
-123.3905506319,10.8333333333,0.0000000000
-123.3905506319,11.3148148148,0.0000000000
-123.3905506319,11.7962962963,0.0000000000
-123.3905506319,12.2777777778,0.0000000000
-123.3905506319,12.7592592593,0.0000000000
-123.3905506319,13.2407407407,0.0000000000
-123.3905506319,13.7222222222,0.0000000000
-123.3905506319,14.2037037037,0.0000000000
-123.3905506319,14.6851851852,0.0000000000
-123.3905506319,15.1666666667,0.0000000000
-123.3905506319,15.6481481481,0.0000000000
-123.3905506319,16.1296296296,0.0000000000
-123.3905506319,16.6111111111,0.0000000000
-123.3905506319,17.0925925926,0.0000000000
-123.3905506319,17.5740740741,0.0000000000
-123.3905506319,18.0555555555,0.0000000000
-123.3905506319,18.5370370370,0.0000000000
-123.3905506319,19.0185185185,0.0000000000
-123.3905506319,19.5000000000,0.0000000000
-123.3905506319,19.9814814815,0.0000000000
-123.3905506319,20.4629629630,0.0000000000
-123.3905506319,20.9444444444,0.0000000000
-123.3905506319,21.4259259259,0.0000000000
-123.3905506319,21.9074074074,0.0000000000
-123.3905506319,22.3888888889,0.0000000000
-123.3905506319,22.8703703704,0.0000000000
-123.3905506319,23.3518518518,0.0000000000
-123.3905506319,23.8333333333,0.0000000000
-123.3905506319,24.3148148148,0.0000000000
-123.3905506319,24.7962962963,0.0000000000
-123.3905506319,25.2777777778,0.0000000000
-123.3905506319,25.7592592593,0.0000000000
-123.3905506319,26.2407407407,0.0000000000
-123.3905506319,26.7222222222,0.0000000000
-123.3905506319,27.2037037037,0.0000000000
-123.3905506319,27.6851851852,0.0000000000
-123.3905506319,28.1666666667,0.0000000000
-123.3905506319,28.6481481481,0.0000000000
-123.3905506319,29.1296296296,0.0000000000
-123.3905506319,29.6111111111,0.0000000000
-123.3905506319,30.0925925926,0.0000000000
-123.3905506319,30.5740740741,0.0000000000
-123.3905506319,31.0555555555,0.0000000000
-123.3905506319,31.5370370370,0.0000000000
-123.3905506319,32.0185185185,0.0000000000
-122.0332568117,-32.0185185185,0.0000000000
-122.0332568117,-31.5370370370,0.0000000000
-122.0332568117,-31.0555555556,0.0000000000
-122.0332568117,-30.5740740741,0.0000000000
-122.0332568117,-30.0925925926,0.0000000000
-122.0332568117,-29.6111111111,0.0000000000
-122.0332568117,-29.1296296296,0.0000000000
-122.0332568117,-28.6481481481,0.0000000000
-122.0332568117,-28.1666666667,0.0000000000
-122.0332568117,-27.6851851852,0.0000000000
-122.0332568117,-27.2037037037,0.0000000000
-122.0332568117,-26.7222222222,0.0000000000
-122.0332568117,-26.2407407407,0.0000000000
-122.0332568117,-25.7592592593,0.0000000000
-122.0332568117,-25.2777777778,0.0000000000
-122.0332568117,-24.7962962963,0.0000000000
-122.0332568117,-24.3148148148,0.0000000000
-122.0332568117,-23.8333333333,0.0000000000
-122.0332568117,-23.3518518519,0.0000000000
-122.0332568117,-22.8703703704,0.0000000000
-122.0332568117,-22.3888888889,0.0000000000
-122.0332568117,-21.9074074074,0.0000000000
-122.0332568117,-21.4259259259,0.0000000000
-122.0332568117,-20.9444444444,0.0000000000
-122.0332568117,-20.4629629630,0.0000000000
-122.0332568117,-19.9814814815,0.0000000000
-122.0332568117,-19.5000000000,0.0000000000
-122.0332568117,-19.0185185185,0.0000000000
-122.0332568117,-18.5370370370,0.0000000000
-122.0332568117,-18.0555555556,0.0000000000
-122.0332568117,-17.5740740741,0.0000000000
-122.0332568117,-17.0925925926,0.0000000000
-122.0332568117,-16.6111111111,0.0000000000
-122.0332568117,-16.1296296296,0.0000000000
-122.0332568117,-15.6481481482,0.0000000000
-122.0332568117,-15.1666666667,0.0000000000
-122.0332568117,-14.6851851852,0.0000000000
-122.0332568117,-14.2037037037,0.0000000000
-122.0332568117,-13.7222222222,0.0000000000
-122.0332568117,-13.2407407407,0.0000000000
-122.0332568117,-12.7592592593,0.0000000000
-122.0332568117,-12.2777777778,0.0000000000
-122.0332568117,-11.7962962963,0.0000000000
-122.0332568117,-11.3148148148,0.0000000000
-122.0332568117,-10.8333333333,0.0000000000
-122.0332568117,-10.3518518519,0.0000000000
-122.0332568117,-9.8703703704,0.0000000000
-122.0332568117,-9.3888888889,0.0000000000
-122.0332568117,-8.9074074074,0.0000000000
-122.0332568117,-8.4259259259,0.0000000000
-122.0332568117,-7.9444444444,0.0000000000
-122.0332568117,-7.4629629630,0.0000000000
-122.0332568117,-6.9814814815,0.0000000000
-122.0332568117,-6.5000000000,0.0000000000
-122.0332568117,-6.0185185185,0.0000000000
-122.0332568117,-5.5370370370,0.0000000000
-122.0332568117,-5.0555555556,0.0000000000
-122.0332568117,-4.5740740741,0.0000000000
-122.0332568117,-4.0925925926,0.0000000000
-122.0332568117,-3.6111111111,0.0000000000
-122.0332568117,-3.1296296296,0.0000000000
-122.0332568117,-2.6481481482,0.0000000000
-122.0332568117,-2.1666666667,0.0000000000
-122.0332568117,-1.6851851852,0.0000000000
-122.0332568117,-1.2037037037,0.0000000000
-122.0332568117,-0.7222222222,0.0000000000
-122.0332568117,-0.2407407407,0.0000000000
-122.0332568117,0.2407407407,0.0000000000
-122.0332568117,0.7222222222,0.0000000000
-122.0332568117,1.2037037037,0.0000000000
-122.0332568117,1.6851851852,0.0000000000
-122.0332568117,2.1666666667,0.0000000000
-122.0332568117,2.6481481481,0.0000000000
-122.0332568117,3.1296296296,0.0000000000
-122.0332568117,3.6111111111,0.0000000000
-122.0332568117,4.0925925926,0.0000000000
-122.0332568117,4.5740740741,0.0000000000
-122.0332568117,5.0555555556,0.0000000000
-122.0332568117,5.5370370370,0.0000000000
-122.0332568117,6.0185185185,0.0000000000
-122.0332568117,6.5000000000,0.0000000000
-122.0332568117,6.9814814815,0.0000000000
-122.0332568117,7.4629629630,0.0000000000
-122.0332568117,7.9444444444,0.0000000000
-122.0332568117,8.4259259259,0.0000000000
-122.0332568117,8.9074074074,0.0000000000
-122.0332568117,9.3888888889,0.0000000000
-122.0332568117,9.8703703704,0.0000000000
-122.0332568117,10.3518518518,0.0000000000
-122.0332568117,10.8333333333,0.0000000000
-122.0332568117,11.3148148148,0.0000000000
-122.0332568117,11.7962962963,0.0000000000
-122.0332568117,12.2777777778,0.0000000000
-122.0332568117,12.7592592593,0.0000000000
-122.0332568117,13.2407407407,0.0000000000
-122.0332568117,13.7222222222,0.0000000000
-122.0332568117,14.2037037037,0.0000000000
-122.0332568117,14.6851851852,0.0000000000
-122.0332568117,15.1666666667,0.0000000000
-122.0332568117,15.6481481481,0.0000000000
-122.0332568117,16.1296296296,0.0000000000
-122.0332568117,16.6111111111,0.0000000000
-122.0332568117,17.0925925926,0.0000000000
-122.0332568117,17.5740740741,0.0000000000
-122.0332568117,18.0555555555,0.0000000000
-122.0332568117,18.5370370370,0.0000000000
-122.0332568117,19.0185185185,0.0000000000
-122.0332568117,19.5000000000,0.0000000000
-122.0332568117,19.9814814815,0.0000000000
-122.0332568117,20.4629629630,0.0000000000
-122.0332568117,20.9444444444,0.0000000000
-122.0332568117,21.4259259259,0.0000000000
-122.0332568117,21.9074074074,0.0000000000
-122.0332568117,22.3888888889,0.0000000000
-122.0332568117,22.8703703704,0.0000000000
-122.0332568117,23.3518518518,0.0000000000
-122.0332568117,23.8333333333,0.0000000000
-122.0332568117,24.3148148148,0.0000000000
-122.0332568117,24.7962962963,0.0000000000
-122.0332568117,25.2777777778,0.0000000000
-122.0332568117,25.7592592593,0.0000000000
-122.0332568117,26.2407407407,0.0000000000
-122.0332568117,26.7222222222,0.0000000000
-122.0332568117,27.2037037037,0.0000000000
-122.0332568117,27.6851851852,0.0000000000
-122.0332568117,28.1666666667,0.0000000000
-122.0332568117,28.6481481481,0.0000000000
-122.0332568117,29.1296296296,0.0000000000
-122.0332568117,29.6111111111,0.0000000000
-122.0332568117,30.0925925926,0.0000000000
-122.0332568117,30.5740740741,0.0000000000
-122.0332568117,31.0555555555,0.0000000000
-122.0332568117,31.5370370370,0.0000000000
-122.0332568117,32.0185185185,0.0000000000
-120.4045044998,-32.0185185185,0.0000000000
-120.4045044998,-31.5370370370,0.0000000000
-120.4045044998,-31.0555555556,0.0000000000
-120.4045044998,-30.5740740741,0.0000000000
-120.4045044998,-30.0925925926,0.0000000000
-120.4045044998,-29.6111111111,0.0000000000
-120.4045044998,-29.1296296296,0.0000000000
-120.4045044998,-28.6481481481,0.0000000000
-120.4045044998,-28.1666666667,0.0000000000
-120.4045044998,-27.6851851852,0.0000000000
-120.4045044998,-27.2037037037,0.0000000000
-120.4045044998,-26.7222222222,0.0000000000
-120.4045044998,-26.2407407407,0.0000000000
-120.4045044998,-25.7592592593,0.0000000000
-120.4045044998,-25.2777777778,0.0000000000
-120.4045044998,-24.7962962963,0.0000000000
-120.4045044998,-24.3148148148,0.0000000000
-120.4045044998,-23.8333333333,0.0000000000
-120.4045044998,-23.3518518519,0.0000000000
-120.4045044998,-22.8703703704,0.0000000000
-120.4045044998,-22.3888888889,0.0000000000
-120.4045044998,-21.9074074074,0.0000000000
-120.4045044998,-21.4259259259,0.0000000000
-120.4045044998,-20.9444444444,0.0000000000
-120.4045044998,-20.4629629630,0.0000000000
-120.4045044998,-19.9814814815,0.0000000000
-120.4045044998,-19.5000000000,0.0000000000
-120.4045044998,-19.0185185185,0.0000000000
-120.4045044998,-18.5370370370,0.0000000000
-120.4045044998,-18.0555555556,0.0000000000
-120.4045044998,-17.5740740741,0.0000000000
-120.4045044998,-17.0925925926,0.0000000000
-120.4045044998,-16.6111111111,0.0000000000
-120.4045044998,-16.1296296296,0.0000000000
-120.4045044998,-15.6481481482,0.0000000000
-120.4045044998,-15.1666666667,0.0000000000
-120.4045044998,-14.6851851852,0.0000000000
-120.4045044998,-14.2037037037,0.0000000000
-120.4045044998,-13.7222222222,0.0000000000
-120.4045044998,-13.2407407407,0.0000000000
-120.4045044998,-12.7592592593,0.0000000000
-120.4045044998,-12.2777777778,0.0000000000
-120.4045044998,-11.7962962963,0.0000000000
-120.4045044998,-11.3148148148,0.0000000000
-120.4045044998,-10.8333333333,0.0000000000
-120.4045044998,-10.3518518519,0.0000000000
-120.4045044998,-9.8703703704,0.0000000000
-120.4045044998,-9.3888888889,0.0000000000
-120.4045044998,-8.9074074074,0.0000000000
-120.4045044998,-8.4259259259,0.0000000000
-120.4045044998,-7.9444444444,0.0000000000
-120.4045044998,-7.4629629630,0.0000000000
-120.4045044998,-6.9814814815,0.0000000000
-120.4045044998,-6.5000000000,0.0000000000
-120.4045044998,-6.0185185185,0.0000000000
-120.4045044998,-5.5370370370,0.0000000000
-120.4045044998,-5.0555555556,0.0000000000
-120.4045044998,-4.5740740741,0.0000000000
-120.4045044998,-4.0925925926,0.0000000000
-120.4045044998,-3.6111111111,0.0000000000
-120.4045044998,-3.1296296296,0.0000000000
-120.4045044998,-2.6481481482,0.0000000000
-120.4045044998,-2.1666666667,0.0000000000
-120.4045044998,-1.6851851852,0.0000000000
-120.4045044998,-1.2037037037,0.0000000000
-120.4045044998,-0.7222222222,0.0000000000
-120.4045044998,-0.2407407407,0.0000000000
-120.4045044998,0.2407407407,0.0000000000
-120.4045044998,0.7222222222,0.0000000000
-120.4045044998,1.2037037037,0.0000000000
-120.4045044998,1.6851851852,0.0000000000
-120.4045044998,2.1666666667,0.0000000000
-120.4045044998,2.6481481481,0.0000000000
-120.4045044998,3.1296296296,0.0000000000
-120.4045044998,3.6111111111,0.0000000000
-120.4045044998,4.0925925926,0.0000000000
-120.4045044998,4.5740740741,0.0000000000
-120.4045044998,5.0555555556,0.0000000000
-120.4045044998,5.5370370370,0.0000000000
-120.4045044998,6.0185185185,0.0000000000
-120.4045044998,6.5000000000,0.0000000000
-120.4045044998,6.9814814815,0.0000000000
-120.4045044998,7.4629629630,0.0000000000
-120.4045044998,7.9444444444,0.0000000000
-120.4045044998,8.4259259259,0.0000000000
-120.4045044998,8.9074074074,0.0000000000
-120.4045044998,9.3888888889,0.0000000000
-120.4045044998,9.8703703704,0.0000000000
-120.4045044998,10.3518518518,0.0000000000
-120.4045044998,10.8333333333,0.0000000000
-120.4045044998,11.3148148148,0.0000000000
-120.4045044998,11.7962962963,0.0000000000
-120.4045044998,12.2777777778,0.0000000000
-120.4045044998,12.7592592593,0.0000000000
-120.4045044998,13.2407407407,0.0000000000
-120.4045044998,13.7222222222,0.0000000000
-120.4045044998,14.2037037037,0.0000000000
-120.4045044998,14.6851851852,0.0000000000
-120.4045044998,15.1666666667,0.0000000000
-120.4045044998,15.6481481481,0.0000000000
-120.4045044998,16.1296296296,0.0000000000
-120.4045044998,16.6111111111,0.0000000000
-120.4045044998,17.0925925926,0.0000000000
-120.4045044998,17.5740740741,0.0000000000
-120.4045044998,18.0555555555,0.0000000000
-120.4045044998,18.5370370370,0.0000000000
-120.4045044998,19.0185185185,0.0000000000
-120.4045044998,19.5000000000,0.0000000000
-120.4045044998,19.9814814815,0.0000000000
-120.4045044998,20.4629629630,0.0000000000
-120.4045044998,20.9444444444,0.0000000000
-120.4045044998,21.4259259259,0.0000000000
-120.4045044998,21.9074074074,0.0000000000
-120.4045044998,22.3888888889,0.0000000000
-120.4045044998,22.8703703704,0.0000000000
-120.4045044998,23.3518518518,0.0000000000
-120.4045044998,23.8333333333,0.0000000000
-120.4045044998,24.3148148148,0.0000000000
-120.4045044998,24.7962962963,0.0000000000
-120.4045044998,25.2777777778,0.0000000000
-120.4045044998,25.7592592593,0.0000000000
-120.4045044998,26.2407407407,0.0000000000
-120.4045044998,26.7222222222,0.0000000000
-120.4045044998,27.2037037037,0.0000000000
-120.4045044998,27.6851851852,0.0000000000
-120.4045044998,28.1666666667,0.0000000000
-120.4045044998,28.6481481481,0.0000000000
-120.4045044998,29.1296296296,0.0000000000
-120.4045044998,29.6111111111,0.0000000000
-120.4045044998,30.0925925926,0.0000000000
-120.4045044998,30.5740740741,0.0000000000
-120.4045044998,31.0555555555,0.0000000000
-120.4045044998,31.5370370370,0.0000000000
-120.4045044998,32.0185185185,0.0000000000
-118.4500015872,-32.0185185185,0.0000000000
-118.4500015872,-31.5370370370,0.0000000000
-118.4500015872,-31.0555555556,0.0000000000
-118.4500015872,-30.5740740741,0.0000000000
-118.4500015872,-30.0925925926,0.0000000000
-118.4500015872,-29.6111111111,0.0000000000
-118.4500015872,-29.1296296296,0.0000000000
-118.4500015872,-28.6481481481,0.0000000000
-118.4500015872,-28.1666666667,0.0000000000
-118.4500015872,-27.6851851852,0.0000000000
-118.4500015872,-27.2037037037,0.0000000000
-118.4500015872,-26.7222222222,0.0000000000
-118.4500015872,-26.2407407407,0.0000000000
-118.4500015872,-25.7592592593,0.0000000000
-118.4500015872,-25.2777777778,0.0000000000
-118.4500015872,-24.7962962963,0.0000000000
-118.4500015872,-24.3148148148,0.0000000000
-118.4500015872,-23.8333333333,0.0000000000
-118.4500015872,-23.3518518519,0.0000000000
-118.4500015872,-22.8703703704,0.0000000000
-118.4500015872,-22.3888888889,0.0000000000
-118.4500015872,-21.9074074074,0.0000000000
-118.4500015872,-21.4259259259,0.0000000000
-118.4500015872,-20.9444444444,0.0000000000
-118.4500015872,-20.4629629630,0.0000000000
-118.4500015872,-19.9814814815,0.0000000000
-118.4500015872,-19.5000000000,0.0000000000
-118.4500015872,-19.0185185185,0.0000000000
-118.4500015872,-18.5370370370,0.0000000000
-118.4500015872,-18.0555555556,0.0000000000
-118.4500015872,-17.5740740741,0.0000000000
-118.4500015872,-17.0925925926,0.0000000000
-118.4500015872,-16.6111111111,0.0000000000
-118.4500015872,-16.1296296296,0.0000000000
-118.4500015872,-15.6481481482,0.0000000000
-118.4500015872,-15.1666666667,0.0000000000
-118.4500015872,-14.6851851852,0.0000000000
-118.4500015872,-14.2037037037,0.0000000000
-118.4500015872,-13.7222222222,0.0000000000
-118.4500015872,-13.2407407407,0.0000000000
-118.4500015872,-12.7592592593,0.0000000000
-118.4500015872,-12.2777777778,0.0000000000
-118.4500015872,-11.7962962963,0.0000000000
-118.4500015872,-11.3148148148,0.0000000000
-118.4500015872,-10.8333333333,0.0000000000
-118.4500015872,-10.3518518519,0.0000000000
-118.4500015872,-9.8703703704,0.0000000000
-118.4500015872,-9.3888888889,0.0000000000
-118.4500015872,-8.9074074074,0.0000000000
-118.4500015872,-8.4259259259,0.0000000000
-118.4500015872,-7.9444444444,0.0000000000
-118.4500015872,-7.4629629630,0.0000000000
-118.4500015872,-6.9814814815,0.0000000000
-118.4500015872,-6.5000000000,0.0000000000
-118.4500015872,-6.0185185185,0.0000000000
-118.4500015872,-5.5370370370,0.0000000000
-118.4500015872,-5.0555555556,0.0000000000
-118.4500015872,-4.5740740741,0.0000000000
-118.4500015872,-4.0925925926,0.0000000000
-118.4500015872,-3.6111111111,0.0000000000
-118.4500015872,-3.1296296296,0.0000000000
-118.4500015872,-2.6481481482,0.0000000000
-118.4500015872,-2.1666666667,0.0000000000
-118.4500015872,-1.6851851852,0.0000000000
-118.4500015872,-1.2037037037,0.0000000000
-118.4500015872,-0.7222222222,0.0000000000
-118.4500015872,-0.2407407407,0.0000000000
-118.4500015872,0.2407407407,0.0000000000
-118.4500015872,0.7222222222,0.0000000000
-118.4500015872,1.2037037037,0.0000000000
-118.4500015872,1.6851851852,0.0000000000
-118.4500015872,2.1666666667,0.0000000000
-118.4500015872,2.6481481481,0.0000000000
-118.4500015872,3.1296296296,0.0000000000
-118.4500015872,3.6111111111,0.0000000000
-118.4500015872,4.0925925926,0.0000000000
-118.4500015872,4.5740740741,0.0000000000
-118.4500015872,5.0555555556,0.0000000000
-118.4500015872,5.5370370370,0.0000000000
-118.4500015872,6.0185185185,0.0000000000
-118.4500015872,6.5000000000,0.0000000000
-118.4500015872,6.9814814815,0.0000000000
-118.4500015872,7.4629629630,0.0000000000
-118.4500015872,7.9444444444,0.0000000000
-118.4500015872,8.4259259259,0.0000000000
-118.4500015872,8.9074074074,0.0000000000
-118.4500015872,9.3888888889,0.0000000000
-118.4500015872,9.8703703704,0.0000000000
-118.4500015872,10.3518518518,0.0000000000
-118.4500015872,10.8333333333,0.0000000000
-118.4500015872,11.3148148148,0.0000000000
-118.4500015872,11.7962962963,0.0000000000
-118.4500015872,12.2777777778,0.0000000000
-118.4500015872,12.7592592593,0.0000000000
-118.4500015872,13.2407407407,0.0000000000
-118.4500015872,13.7222222222,0.0000000000
-118.4500015872,14.2037037037,0.0000000000
-118.4500015872,14.6851851852,0.0000000000
-118.4500015872,15.1666666667,0.0000000000
-118.4500015872,15.6481481481,0.0000000000
-118.4500015872,16.1296296296,0.0000000000
-118.4500015872,16.6111111111,0.0000000000
-118.4500015872,17.0925925926,0.0000000000
-118.4500015872,17.5740740741,0.0000000000
-118.4500015872,18.0555555555,0.0000000000
-118.4500015872,18.5370370370,0.0000000000
-118.4500015872,19.0185185185,0.0000000000
-118.4500015872,19.5000000000,0.0000000000
-118.4500015872,19.9814814815,0.0000000000
-118.4500015872,20.4629629630,0.0000000000
-118.4500015872,20.9444444444,0.0000000000
-118.4500015872,21.4259259259,0.0000000000
-118.4500015872,21.9074074074,0.0000000000
-118.4500015872,22.3888888889,0.0000000000
-118.4500015872,22.8703703704,0.0000000000
-118.4500015872,23.3518518518,0.0000000000
-118.4500015872,23.8333333333,0.0000000000
-118.4500015872,24.3148148148,0.0000000000
-118.4500015872,24.7962962963,0.0000000000
-118.4500015872,25.2777777778,0.0000000000
-118.4500015872,25.7592592593,0.0000000000
-118.4500015872,26.2407407407,0.0000000000
-118.4500015872,26.7222222222,0.0000000000
-118.4500015872,27.2037037037,0.0000000000
-118.4500015872,27.6851851852,0.0000000000
-118.4500015872,28.1666666667,0.0000000000
-118.4500015872,28.6481481481,0.0000000000
-118.4500015872,29.1296296296,0.0000000000
-118.4500015872,29.6111111111,0.0000000000
-118.4500015872,30.0925925926,0.0000000000
-118.4500015872,30.5740740741,0.0000000000
-118.4500015872,31.0555555555,0.0000000000
-118.4500015872,31.5370370370,0.0000000000
-118.4500015872,32.0185185185,0.0000000000
-116.1045980814,-32.0185185185,0.0000000000
-116.1045980814,-31.5370370370,0.0000000000
-116.1045980814,-31.0555555556,0.0000000000
-116.1045980814,-30.5740740741,0.0000000000
-116.1045980814,-30.0925925926,0.0000000000
-116.1045980814,-29.6111111111,0.0000000000
-116.1045980814,-29.1296296296,0.0000000000
-116.1045980814,-28.6481481481,0.0000000000
-116.1045980814,-28.1666666667,0.0000000000
-116.1045980814,-27.6851851852,0.0000000000
-116.1045980814,-27.2037037037,0.0000000000
-116.1045980814,-26.7222222222,0.0000000000
-116.1045980814,-26.2407407407,0.0000000000
-116.1045980814,-25.7592592593,0.0000000000
-116.1045980814,-25.2777777778,0.0000000000
-116.1045980814,-24.7962962963,0.0000000000
-116.1045980814,-24.3148148148,0.0000000000
-116.1045980814,-23.8333333333,0.0000000000
-116.1045980814,-23.3518518519,0.0000000000
-116.1045980814,-22.8703703704,0.0000000000
-116.1045980814,-22.3888888889,0.0000000000
-116.1045980814,-21.9074074074,0.0000000000
-116.1045980814,-21.4259259259,0.0000000000
-116.1045980814,-20.9444444444,0.0000000000
-116.1045980814,-20.4629629630,0.0000000000
-116.1045980814,-19.9814814815,0.0000000000
-116.1045980814,-19.5000000000,0.0000000000
-116.1045980814,-19.0185185185,0.0000000000
-116.1045980814,-18.5370370370,0.0000000000
-116.1045980814,-18.0555555556,0.0000000000
-116.1045980814,-17.5740740741,0.0000000000
-116.1045980814,-17.0925925926,0.0000000000
-116.1045980814,-16.6111111111,0.0000000000
-116.1045980814,-16.1296296296,0.0000000000
-116.1045980814,-15.6481481482,0.0000000000
-116.1045980814,-15.1666666667,0.0000000000
-116.1045980814,-14.6851851852,0.0000000000
-116.1045980814,-14.2037037037,0.0000000000
-116.1045980814,-13.7222222222,0.0000000000
-116.1045980814,-13.2407407407,0.0000000000
-116.1045980814,-12.7592592593,0.0000000000
-116.1045980814,-12.2777777778,0.0000000000
-116.1045980814,-11.7962962963,0.0000000000
-116.1045980814,-11.3148148148,0.0000000000
-116.1045980814,-10.8333333333,0.0000000000
-116.1045980814,-10.3518518519,0.0000000000
-116.1045980814,-9.8703703704,0.0000000000
-116.1045980814,-9.3888888889,0.0000000000
-116.1045980814,-8.9074074074,0.0000000000
-116.1045980814,-8.4259259259,0.0000000000
-116.1045980814,-7.9444444444,0.0000000000
-116.1045980814,-7.4629629630,0.0000000000
-116.1045980814,-6.9814814815,0.0000000000
-116.1045980814,-6.5000000000,0.0000000000
-116.1045980814,-6.0185185185,0.0000000000
-116.1045980814,-5.5370370370,0.0000000000
-116.1045980814,-5.0555555556,0.0000000000
-116.1045980814,-4.5740740741,0.0000000000
-116.1045980814,-4.0925925926,0.0000000000
-116.1045980814,-3.6111111111,0.0000000000
-116.1045980814,-3.1296296296,0.0000000000
-116.1045980814,-2.6481481482,0.0000000000
-116.1045980814,-2.1666666667,0.0000000000
-116.1045980814,-1.6851851852,0.0000000000
-116.1045980814,-1.2037037037,0.0000000000
-116.1045980814,-0.7222222222,0.0000000000
-116.1045980814,-0.2407407407,0.0000000000
-116.1045980814,0.2407407407,0.0000000000
-116.1045980814,0.7222222222,0.0000000000
-116.1045980814,1.2037037037,0.0000000000
-116.1045980814,1.6851851852,0.0000000000
-116.1045980814,2.1666666667,0.0000000000
-116.1045980814,2.6481481481,0.0000000000
-116.1045980814,3.1296296296,0.0000000000
-116.1045980814,3.6111111111,0.0000000000
-116.1045980814,4.0925925926,0.0000000000
-116.1045980814,4.5740740741,0.0000000000
-116.1045980814,5.0555555556,0.0000000000
-116.1045980814,5.5370370370,0.0000000000
-116.1045980814,6.0185185185,0.0000000000
-116.1045980814,6.5000000000,0.0000000000
-116.1045980814,6.9814814815,0.0000000000
-116.1045980814,7.4629629630,0.0000000000
-116.1045980814,7.9444444444,0.0000000000
-116.1045980814,8.4259259259,0.0000000000
-116.1045980814,8.9074074074,0.0000000000
-116.1045980814,9.3888888889,0.0000000000
-116.1045980814,9.8703703704,0.0000000000
-116.1045980814,10.3518518518,0.0000000000
-116.1045980814,10.8333333333,0.0000000000
-116.1045980814,11.3148148148,0.0000000000
-116.1045980814,11.7962962963,0.0000000000
-116.1045980814,12.2777777778,0.0000000000
-116.1045980814,12.7592592593,0.0000000000
-116.1045980814,13.2407407407,0.0000000000
-116.1045980814,13.7222222222,0.0000000000
-116.1045980814,14.2037037037,0.0000000000
-116.1045980814,14.6851851852,0.0000000000
-116.1045980814,15.1666666667,0.0000000000
-116.1045980814,15.6481481481,0.0000000000
-116.1045980814,16.1296296296,0.0000000000
-116.1045980814,16.6111111111,0.0000000000
-116.1045980814,17.0925925926,0.0000000000
-116.1045980814,17.5740740741,0.0000000000
-116.1045980814,18.0555555555,0.0000000000
-116.1045980814,18.5370370370,0.0000000000
-116.1045980814,19.0185185185,0.0000000000
-116.1045980814,19.5000000000,0.0000000000
-116.1045980814,19.9814814815,0.0000000000
-116.1045980814,20.4629629630,0.0000000000
-116.1045980814,20.9444444444,0.0000000000
-116.1045980814,21.4259259259,0.0000000000
-116.1045980814,21.9074074074,0.0000000000
-116.1045980814,22.3888888889,0.0000000000
-116.1045980814,22.8703703704,0.0000000000
-116.1045980814,23.3518518518,0.0000000000
-116.1045980814,23.8333333333,0.0000000000
-116.1045980814,24.3148148148,0.0000000000
-116.1045980814,24.7962962963,0.0000000000
-116.1045980814,25.2777777778,0.0000000000
-116.1045980814,25.7592592593,0.0000000000
-116.1045980814,26.2407407407,0.0000000000
-116.1045980814,26.7222222222,0.0000000000
-116.1045980814,27.2037037037,0.0000000000
-116.1045980814,27.6851851852,0.0000000000
-116.1045980814,28.1666666667,0.0000000000
-116.1045980814,28.6481481481,0.0000000000
-116.1045980814,29.1296296296,0.0000000000
-116.1045980814,29.6111111111,0.0000000000
-116.1045980814,30.0925925926,0.0000000000
-116.1045980814,30.5740740741,0.0000000000
-116.1045980814,31.0555555555,0.0000000000
-116.1045980814,31.5370370370,0.0000000000
-116.1045980814,32.0185185185,0.0000000000
-113.2901132414,-32.0185185185,0.0000000000
-113.2901132414,-31.5370370370,0.0000000000
-113.2901132414,-31.0555555556,0.0000000000
-113.2901132414,-30.5740740741,0.0000000000
-113.2901132414,-30.0925925926,0.0000000000
-113.2901132414,-29.6111111111,0.0000000000
-113.2901132414,-29.1296296296,0.0000000000
-113.2901132414,-28.6481481481,0.0000000000
-113.2901132414,-28.1666666667,0.0000000000
-113.2901132414,-27.6851851852,0.0000000000
-113.2901132414,-27.2037037037,0.0000000000
-113.2901132414,-26.7222222222,0.0000000000
-113.2901132414,-26.2407407407,0.0000000000
-113.2901132414,-25.7592592593,0.0000000000
-113.2901132414,-25.2777777778,0.0000000000
-113.2901132414,-24.7962962963,0.0000000000
-113.2901132414,-24.3148148148,0.0000000000
-113.2901132414,-23.8333333333,0.0000000000
-113.2901132414,-23.3518518519,0.0000000000
-113.2901132414,-22.8703703704,0.0000000000
-113.2901132414,-22.3888888889,0.0000000000
-113.2901132414,-21.9074074074,0.0000000000
-113.2901132414,-21.4259259259,0.0000000000
-113.2901132414,-20.9444444444,0.0000000000
-113.2901132414,-20.4629629630,0.0000000000
-113.2901132414,-19.9814814815,0.0000000000
-113.2901132414,-19.5000000000,0.0000000000
-113.2901132414,-19.0185185185,0.0000000000
-113.2901132414,-18.5370370370,0.0000000000
-113.2901132414,-18.0555555556,0.0000000000
-113.2901132414,-17.5740740741,0.0000000000
-113.2901132414,-17.0925925926,0.0000000000
-113.2901132414,-16.6111111111,0.0000000000
-113.2901132414,-16.1296296296,0.0000000000
-113.2901132414,-15.6481481482,0.0000000000
-113.2901132414,-15.1666666667,0.0000000000
-113.2901132414,-14.6851851852,0.0000000000
-113.2901132414,-14.2037037037,0.0000000000
-113.2901132414,-13.7222222222,0.0000000000
-113.2901132414,-13.2407407407,0.0000000000
-113.2901132414,-12.7592592593,0.0000000000
-113.2901132414,-12.2777777778,0.0000000000
-113.2901132414,-11.7962962963,0.0000000000
-113.2901132414,-11.3148148148,0.0000000000
-113.2901132414,-10.8333333333,0.0000000000
-113.2901132414,-10.3518518519,0.0000000000
-113.2901132414,-9.8703703704,0.0000000000
-113.2901132414,-9.3888888889,0.0000000000
-113.2901132414,-8.9074074074,0.0000000000
-113.2901132414,-8.4259259259,0.0000000000
-113.2901132414,-7.9444444444,0.0000000000
-113.2901132414,-7.4629629630,0.0000000000
-113.2901132414,-6.9814814815,0.0000000000
-113.2901132414,-6.5000000000,0.0000000000
-113.2901132414,-6.0185185185,0.0000000000
-113.2901132414,-5.5370370370,0.0000000000
-113.2901132414,-5.0555555556,0.0000000000
-113.2901132414,-4.5740740741,0.0000000000
-113.2901132414,-4.0925925926,0.0000000000
-113.2901132414,-3.6111111111,0.0000000000
-113.2901132414,-3.1296296296,0.0000000000
-113.2901132414,-2.6481481482,0.0000000000
-113.2901132414,-2.1666666667,0.0000000000
-113.2901132414,-1.6851851852,0.0000000000
-113.2901132414,-1.2037037037,0.0000000000
-113.2901132414,-0.7222222222,0.0000000000
-113.2901132414,-0.2407407407,0.0000000000
-113.2901132414,0.2407407407,0.0000000000
-113.2901132414,0.7222222222,0.0000000000
-113.2901132414,1.2037037037,0.0000000000
-113.2901132414,1.6851851852,0.0000000000
-113.2901132414,2.1666666667,0.0000000000
-113.2901132414,2.6481481481,0.0000000000
-113.2901132414,3.1296296296,0.0000000000
-113.2901132414,3.6111111111,0.0000000000
-113.2901132414,4.0925925926,0.0000000000
-113.2901132414,4.5740740741,0.0000000000
-113.2901132414,5.0555555556,0.0000000000
-113.2901132414,5.5370370370,0.0000000000
-113.2901132414,6.0185185185,0.0000000000
-113.2901132414,6.5000000000,0.0000000000
-113.2901132414,6.9814814815,0.0000000000
-113.2901132414,7.4629629630,0.0000000000
-113.2901132414,7.9444444444,0.0000000000
-113.2901132414,8.4259259259,0.0000000000
-113.2901132414,8.9074074074,0.0000000000
-113.2901132414,9.3888888889,0.0000000000
-113.2901132414,9.8703703704,0.0000000000
-113.2901132414,10.3518518518,0.0000000000
-113.2901132414,10.8333333333,0.0000000000
-113.2901132414,11.3148148148,0.0000000000
-113.2901132414,11.7962962963,0.0000000000
-113.2901132414,12.2777777778,0.0000000000
-113.2901132414,12.7592592593,0.0000000000
-113.2901132414,13.2407407407,0.0000000000
-113.2901132414,13.7222222222,0.0000000000
-113.2901132414,14.2037037037,0.0000000000
-113.2901132414,14.6851851852,0.0000000000
-113.2901132414,15.1666666667,0.0000000000
-113.2901132414,15.6481481481,0.0000000000
-113.2901132414,16.1296296296,0.0000000000
-113.2901132414,16.6111111111,0.0000000000
-113.2901132414,17.0925925926,0.0000000000
-113.2901132414,17.5740740741,0.0000000000
-113.2901132414,18.0555555555,0.0000000000
-113.2901132414,18.5370370370,0.0000000000
-113.2901132414,19.0185185185,0.0000000000
-113.2901132414,19.5000000000,0.0000000000
-113.2901132414,19.9814814815,0.0000000000
-113.2901132414,20.4629629630,0.0000000000
-113.2901132414,20.9444444444,0.0000000000
-113.2901132414,21.4259259259,0.0000000000
-113.2901132414,21.9074074074,0.0000000000
-113.2901132414,22.3888888889,0.0000000000
-113.2901132414,22.8703703704,0.0000000000
-113.2901132414,23.3518518518,0.0000000000
-113.2901132414,23.8333333333,0.0000000000
-113.2901132414,24.3148148148,0.0000000000
-113.2901132414,24.7962962963,0.0000000000
-113.2901132414,25.2777777778,0.0000000000
-113.2901132414,25.7592592593,0.0000000000
-113.2901132414,26.2407407407,0.0000000000
-113.2901132414,26.7222222222,0.0000000000
-113.2901132414,27.2037037037,0.0000000000
-113.2901132414,27.6851851852,0.0000000000
-113.2901132414,28.1666666667,0.0000000000
-113.2901132414,28.6481481481,0.0000000000
-113.2901132414,29.1296296296,0.0000000000
-113.2901132414,29.6111111111,0.0000000000
-113.2901132414,30.0925925926,0.0000000000
-113.2901132414,30.5740740741,0.0000000000
-113.2901132414,31.0555555555,0.0000000000
-113.2901132414,31.5370370370,0.0000000000
-113.2901132414,32.0185185185,0.0000000000
-109.9127316039,-32.0185185185,0.0000000000
-109.9127316039,-31.5370370370,0.0000000000
-109.9127316039,-31.0555555556,0.0000000000
-109.9127316039,-30.5740740741,0.0000000000
-109.9127316039,-30.0925925926,0.0000000000
-109.9127316039,-29.6111111111,0.0000000000
-109.9127316039,-29.1296296296,0.0000000000
-109.9127316039,-28.6481481481,0.0000000000
-109.9127316039,-28.1666666667,0.0000000000
-109.9127316039,-27.6851851852,0.0000000000
-109.9127316039,-27.2037037037,0.0000000000
-109.9127316039,-26.7222222222,0.0000000000
-109.9127316039,-26.2407407407,0.0000000000
-109.9127316039,-25.7592592593,0.0000000000
-109.9127316039,-25.2777777778,0.0000000000
-109.9127316039,-24.7962962963,0.0000000000
-109.9127316039,-24.3148148148,0.0000000000
-109.9127316039,-23.8333333333,0.0000000000
-109.9127316039,-23.3518518519,0.0000000000
-109.9127316039,-22.8703703704,0.0000000000
-109.9127316039,-22.3888888889,0.0000000000
-109.9127316039,-21.9074074074,0.0000000000
-109.9127316039,-21.4259259259,0.0000000000
-109.9127316039,-20.9444444444,0.0000000000
-109.9127316039,-20.4629629630,0.0000000000
-109.9127316039,-19.9814814815,0.0000000000
-109.9127316039,-19.5000000000,0.0000000000
-109.9127316039,-19.0185185185,0.0000000000
-109.9127316039,-18.5370370370,0.0000000000
-109.9127316039,-18.0555555556,0.0000000000
-109.9127316039,-17.5740740741,0.0000000000
-109.9127316039,-17.0925925926,0.0000000000
-109.9127316039,-16.6111111111,0.0000000000
-109.9127316039,-16.1296296296,0.0000000000
-109.9127316039,-15.6481481482,0.0000000000
-109.9127316039,-15.1666666667,0.0000000000
-109.9127316039,-14.6851851852,0.0000000000
-109.9127316039,-14.2037037037,0.0000000000
-109.9127316039,-13.7222222222,0.0000000000
-109.9127316039,-13.2407407407,0.0000000000
-109.9127316039,-12.7592592593,0.0000000000
-109.9127316039,-12.2777777778,0.0000000000
-109.9127316039,-11.7962962963,0.0000000000
-109.9127316039,-11.3148148148,0.0000000000
-109.9127316039,-10.8333333333,0.0000000000
-109.9127316039,-10.3518518519,0.0000000000
-109.9127316039,-9.8703703704,0.0000000000
-109.9127316039,-9.3888888889,0.0000000000
-109.9127316039,-8.9074074074,0.0000000000
-109.9127316039,-8.4259259259,0.0000000000
-109.9127316039,-7.9444444444,0.0000000000
-109.9127316039,-7.4629629630,0.0000000000
-109.9127316039,-6.9814814815,0.0000000000
-109.9127316039,-6.5000000000,0.0000000000
-109.9127316039,-6.0185185185,0.0000000000
-109.9127316039,-5.5370370370,0.0000000000
-109.9127316039,-5.0555555556,0.0000000000
-109.9127316039,-4.5740740741,0.0000000000
-109.9127316039,-4.0925925926,0.0000000000
-109.9127316039,-3.6111111111,0.0000000000
-109.9127316039,-3.1296296296,0.0000000000
-109.9127316039,-2.6481481482,0.0000000000
-109.9127316039,-2.1666666667,0.0000000000
-109.9127316039,-1.6851851852,0.0000000000
-109.9127316039,-1.2037037037,0.0000000000
-109.9127316039,-0.7222222222,0.0000000000
-109.9127316039,-0.2407407407,0.0000000000
-109.9127316039,0.2407407407,0.0000000000
-109.9127316039,0.7222222222,0.0000000000
-109.9127316039,1.2037037037,0.0000000000
-109.9127316039,1.6851851852,0.0000000000
-109.9127316039,2.1666666667,0.0000000000
-109.9127316039,2.6481481481,0.0000000000
-109.9127316039,3.1296296296,0.0000000000
-109.9127316039,3.6111111111,0.0000000000
-109.9127316039,4.0925925926,0.0000000000
-109.9127316039,4.5740740741,0.0000000000
-109.9127316039,5.0555555556,0.0000000000
-109.9127316039,5.5370370370,0.0000000000
-109.9127316039,6.0185185185,0.0000000000
-109.9127316039,6.5000000000,0.0000000000
-109.9127316039,6.9814814815,0.0000000000
-109.9127316039,7.4629629630,0.0000000000
-109.9127316039,7.9444444444,0.0000000000
-109.9127316039,8.4259259259,0.0000000000
-109.9127316039,8.9074074074,0.0000000000
-109.9127316039,9.3888888889,0.0000000000
-109.9127316039,9.8703703704,0.0000000000
-109.9127316039,10.3518518518,0.0000000000
-109.9127316039,10.8333333333,0.0000000000
-109.9127316039,11.3148148148,0.0000000000
-109.9127316039,11.7962962963,0.0000000000
-109.9127316039,12.2777777778,0.0000000000
-109.9127316039,12.7592592593,0.0000000000
-109.9127316039,13.2407407407,0.0000000000
-109.9127316039,13.7222222222,0.0000000000
-109.9127316039,14.2037037037,0.0000000000
-109.9127316039,14.6851851852,0.0000000000
-109.9127316039,15.1666666667,0.0000000000
-109.9127316039,15.6481481481,0.0000000000
-109.9127316039,16.1296296296,0.0000000000
-109.9127316039,16.6111111111,0.0000000000
-109.9127316039,17.0925925926,0.0000000000
-109.9127316039,17.5740740741,0.0000000000
-109.9127316039,18.0555555555,0.0000000000
-109.9127316039,18.5370370370,0.0000000000
-109.9127316039,19.0185185185,0.0000000000
-109.9127316039,19.5000000000,0.0000000000
-109.9127316039,19.9814814815,0.0000000000
-109.9127316039,20.4629629630,0.0000000000
-109.9127316039,20.9444444444,0.0000000000
-109.9127316039,21.4259259259,0.0000000000
-109.9127316039,21.9074074074,0.0000000000
-109.9127316039,22.3888888889,0.0000000000
-109.9127316039,22.8703703704,0.0000000000
-109.9127316039,23.3518518518,0.0000000000
-109.9127316039,23.8333333333,0.0000000000
-109.9127316039,24.3148148148,0.0000000000
-109.9127316039,24.7962962963,0.0000000000
-109.9127316039,25.2777777778,0.0000000000
-109.9127316039,25.7592592593,0.0000000000
-109.9127316039,26.2407407407,0.0000000000
-109.9127316039,26.7222222222,0.0000000000
-109.9127316039,27.2037037037,0.0000000000
-109.9127316039,27.6851851852,0.0000000000
-109.9127316039,28.1666666667,0.0000000000
-109.9127316039,28.6481481481,0.0000000000
-109.9127316039,29.1296296296,0.0000000000
-109.9127316039,29.6111111111,0.0000000000
-109.9127316039,30.0925925926,0.0000000000
-109.9127316039,30.5740740741,0.0000000000
-109.9127316039,31.0555555555,0.0000000000
-109.9127316039,31.5370370370,0.0000000000
-109.9127316039,32.0185185185,0.0000000000
-105.8598738432,-32.0185185185,0.0000000000
-105.8598738432,-31.5370370370,0.0000000000
-105.8598738432,-31.0555555556,0.0000000000
-105.8598738432,-30.5740740741,0.0000000000
-105.8598738432,-30.0925925926,0.0000000000
-105.8598738432,-29.6111111111,0.0000000000
-105.8598738432,-29.1296296296,0.0000000000
-105.8598738432,-28.6481481481,0.0000000000
-105.8598738432,-28.1666666667,0.0000000000
-105.8598738432,-27.6851851852,0.0000000000
-105.8598738432,-27.2037037037,0.0000000000
-105.8598738432,-26.7222222222,0.0000000000
-105.8598738432,-26.2407407407,0.0000000000
-105.8598738432,-25.7592592593,0.0000000000
-105.8598738432,-25.2777777778,0.0000000000
-105.8598738432,-24.7962962963,0.0000000000
-105.8598738432,-24.3148148148,0.0000000000
-105.8598738432,-23.8333333333,0.0000000000
-105.8598738432,-23.3518518519,0.0000000000
-105.8598738432,-22.8703703704,0.0000000000
-105.8598738432,-22.3888888889,0.0000000000
-105.8598738432,-21.9074074074,0.0000000000
-105.8598738432,-21.4259259259,0.0000000000
-105.8598738432,-20.9444444444,0.0000000000
-105.8598738432,-20.4629629630,0.0000000000
-105.8598738432,-19.9814814815,0.0000000000
-105.8598738432,-19.5000000000,0.0000000000
-105.8598738432,-19.0185185185,0.0000000000
-105.8598738432,-18.5370370370,0.0000000000
-105.8598738432,-18.0555555556,0.0000000000
-105.8598738432,-17.5740740741,0.0000000000
-105.8598738432,-17.0925925926,0.0000000000
-105.8598738432,-16.6111111111,0.0000000000
-105.8598738432,-16.1296296296,0.0000000000
-105.8598738432,-15.6481481482,0.0000000000
-105.8598738432,-15.1666666667,0.0000000000
-105.8598738432,-14.6851851852,0.0000000000
-105.8598738432,-14.2037037037,0.0000000000
-105.8598738432,-13.7222222222,0.0000000000
-105.8598738432,-13.2407407407,0.0000000000
-105.8598738432,-12.7592592593,0.0000000000
-105.8598738432,-12.2777777778,0.0000000000
-105.8598738432,-11.7962962963,0.0000000000
-105.8598738432,-11.3148148148,0.0000000000
-105.8598738432,-10.8333333333,0.0000000000
-105.8598738432,-10.3518518519,0.0000000000
-105.8598738432,-9.8703703704,0.0000000000
-105.8598738432,-9.3888888889,0.0000000000
-105.8598738432,-8.9074074074,0.0000000000
-105.8598738432,-8.4259259259,0.0000000000
-105.8598738432,-7.9444444444,0.0000000000
-105.8598738432,-7.4629629630,0.0000000000
-105.8598738432,-6.9814814815,0.0000000000
-105.8598738432,-6.5000000000,0.0000000000
-105.8598738432,-6.0185185185,0.0000000000
-105.8598738432,-5.5370370370,0.0000000000
-105.8598738432,-5.0555555556,0.0000000000
-105.8598738432,-4.5740740741,0.0000000000
-105.8598738432,-4.0925925926,0.0000000000
-105.8598738432,-3.6111111111,0.0000000000
-105.8598738432,-3.1296296296,0.0000000000
-105.8598738432,-2.6481481482,0.0000000000
-105.8598738432,-2.1666666667,0.0000000000
-105.8598738432,-1.6851851852,0.0000000000
-105.8598738432,-1.2037037037,0.0000000000
-105.8598738432,-0.7222222222,0.0000000000
-105.8598738432,-0.2407407407,0.0000000000
-105.8598738432,0.2407407407,0.0000000000
-105.8598738432,0.7222222222,0.0000000000
-105.8598738432,1.2037037037,0.0000000000
-105.8598738432,1.6851851852,0.0000000000
-105.8598738432,2.1666666667,0.0000000000
-105.8598738432,2.6481481481,0.0000000000
-105.8598738432,3.1296296296,0.0000000000
-105.8598738432,3.6111111111,0.0000000000
-105.8598738432,4.0925925926,0.0000000000
-105.8598738432,4.5740740741,0.0000000000
-105.8598738432,5.0555555556,0.0000000000
-105.8598738432,5.5370370370,0.0000000000
-105.8598738432,6.0185185185,0.0000000000
-105.8598738432,6.5000000000,0.0000000000
-105.8598738432,6.9814814815,0.0000000000
-105.8598738432,7.4629629630,0.0000000000
-105.8598738432,7.9444444444,0.0000000000
-105.8598738432,8.4259259259,0.0000000000
-105.8598738432,8.9074074074,0.0000000000
-105.8598738432,9.3888888889,0.0000000000
-105.8598738432,9.8703703704,0.0000000000
-105.8598738432,10.3518518518,0.0000000000
-105.8598738432,10.8333333333,0.0000000000
-105.8598738432,11.3148148148,0.0000000000
-105.8598738432,11.7962962963,0.0000000000
-105.8598738432,12.2777777778,0.0000000000
-105.8598738432,12.7592592593,0.0000000000
-105.8598738432,13.2407407407,0.0000000000
-105.8598738432,13.7222222222,0.0000000000
-105.8598738432,14.2037037037,0.0000000000
-105.8598738432,14.6851851852,0.0000000000
-105.8598738432,15.1666666667,0.0000000000
-105.8598738432,15.6481481481,0.0000000000
-105.8598738432,16.1296296296,0.0000000000
-105.8598738432,16.6111111111,0.0000000000
-105.8598738432,17.0925925926,0.0000000000
-105.8598738432,17.5740740741,0.0000000000
-105.8598738432,18.0555555555,0.0000000000
-105.8598738432,18.5370370370,0.0000000000
-105.8598738432,19.0185185185,0.0000000000
-105.8598738432,19.5000000000,0.0000000000
-105.8598738432,19.9814814815,0.0000000000
-105.8598738432,20.4629629630,0.0000000000
-105.8598738432,20.9444444444,0.0000000000
-105.8598738432,21.4259259259,0.0000000000
-105.8598738432,21.9074074074,0.0000000000
-105.8598738432,22.3888888889,0.0000000000
-105.8598738432,22.8703703704,0.0000000000
-105.8598738432,23.3518518518,0.0000000000
-105.8598738432,23.8333333333,0.0000000000
-105.8598738432,24.3148148148,0.0000000000
-105.8598738432,24.7962962963,0.0000000000
-105.8598738432,25.2777777778,0.0000000000
-105.8598738432,25.7592592593,0.0000000000
-105.8598738432,26.2407407407,0.0000000000
-105.8598738432,26.7222222222,0.0000000000
-105.8598738432,27.2037037037,0.0000000000
-105.8598738432,27.6851851852,0.0000000000
-105.8598738432,28.1666666667,0.0000000000
-105.8598738432,28.6481481481,0.0000000000
-105.8598738432,29.1296296296,0.0000000000
-105.8598738432,29.6111111111,0.0000000000
-105.8598738432,30.0925925926,0.0000000000
-105.8598738432,30.5740740741,0.0000000000
-105.8598738432,31.0555555555,0.0000000000
-105.8598738432,31.5370370370,0.0000000000
-105.8598738432,32.0185185185,0.0000000000
-100.9964440009,-32.0185185185,0.0000000000
-100.9964440009,-31.5370370370,0.0000000000
-100.9964440009,-31.0555555556,0.0000000000
-100.9964440009,-30.5740740741,0.0000000000
-100.9964440009,-30.0925925926,0.0000000000
-100.9964440009,-29.6111111111,0.0000000000
-100.9964440009,-29.1296296296,0.0000000000
-100.9964440009,-28.6481481481,0.0000000000
-100.9964440009,-28.1666666667,0.0000000000
-100.9964440009,-27.6851851852,0.0000000000
-100.9964440009,-27.2037037037,0.0000000000
-100.9964440009,-26.7222222222,0.0000000000
-100.9964440009,-26.2407407407,0.0000000000
-100.9964440009,-25.7592592593,0.0000000000
-100.9964440009,-25.2777777778,0.0000000000
-100.9964440009,-24.7962962963,0.0000000000
-100.9964440009,-24.3148148148,0.0000000000
-100.9964440009,-23.8333333333,0.0000000000
-100.9964440009,-23.3518518519,0.0000000000
-100.9964440009,-22.8703703704,0.0000000000
-100.9964440009,-22.3888888889,0.0000000000
-100.9964440009,-21.9074074074,0.0000000000
-100.9964440009,-21.4259259259,0.0000000000
-100.9964440009,-20.9444444444,0.0000000000
-100.9964440009,-20.4629629630,0.0000000000
-100.9964440009,-19.9814814815,0.0000000000
-100.9964440009,-19.5000000000,0.0000000000
-100.9964440009,-19.0185185185,0.0000000000
-100.9964440009,-18.5370370370,0.0000000000
-100.9964440009,-18.0555555556,0.0000000000
-100.9964440009,-17.5740740741,0.0000000000
-100.9964440009,-17.0925925926,0.0000000000
-100.9964440009,-16.6111111111,0.0000000000
-100.9964440009,-16.1296296296,0.0000000000
-100.9964440009,-15.6481481482,0.0000000000
-100.9964440009,-15.1666666667,0.0000000000
-100.9964440009,-14.6851851852,0.0000000000
-100.9964440009,-14.2037037037,0.0000000000
-100.9964440009,-13.7222222222,0.0000000000
-100.9964440009,-13.2407407407,0.0000000000
-100.9964440009,-12.7592592593,0.0000000000
-100.9964440009,-12.2777777778,0.0000000000
-100.9964440009,-11.7962962963,0.0000000000
-100.9964440009,-11.3148148148,0.0000000000
-100.9964440009,-10.8333333333,0.0000000000
-100.9964440009,-10.3518518519,0.0000000000
-100.9964440009,-9.8703703704,0.0000000000
-100.9964440009,-9.3888888889,0.0000000000
-100.9964440009,-8.9074074074,0.0000000000
-100.9964440009,-8.4259259259,0.0000000000
-100.9964440009,-7.9444444444,0.0000000000
-100.9964440009,-7.4629629630,0.0000000000
-100.9964440009,-6.9814814815,0.0000000000
-100.9964440009,-6.5000000000,0.0000000000
-100.9964440009,-6.0185185185,0.0000000000
-100.9964440009,-5.5370370370,0.0000000000
-100.9964440009,-5.0555555556,0.0000000000
-100.9964440009,-4.5740740741,0.0000000000
-100.9964440009,-4.0925925926,0.0000000000
-100.9964440009,-3.6111111111,0.0000000000
-100.9964440009,-3.1296296296,0.0000000000
-100.9964440009,-2.6481481482,0.0000000000
-100.9964440009,-2.1666666667,0.0000000000
-100.9964440009,-1.6851851852,0.0000000000
-100.9964440009,-1.2037037037,0.0000000000
-100.9964440009,-0.7222222222,0.0000000000
-100.9964440009,-0.2407407407,0.0000000000
-100.9964440009,0.2407407407,0.0000000000
-100.9964440009,0.7222222222,0.0000000000
-100.9964440009,1.2037037037,0.0000000000
-100.9964440009,1.6851851852,0.0000000000
-100.9964440009,2.1666666667,0.0000000000
-100.9964440009,2.6481481481,0.0000000000
-100.9964440009,3.1296296296,0.0000000000
-100.9964440009,3.6111111111,0.0000000000
-100.9964440009,4.0925925926,0.0000000000
-100.9964440009,4.5740740741,0.0000000000
-100.9964440009,5.0555555556,0.0000000000
-100.9964440009,5.5370370370,0.0000000000
-100.9964440009,6.0185185185,0.0000000000
-100.9964440009,6.5000000000,0.0000000000
-100.9964440009,6.9814814815,0.0000000000
-100.9964440009,7.4629629630,0.0000000000
-100.9964440009,7.9444444444,0.0000000000
-100.9964440009,8.4259259259,0.0000000000
-100.9964440009,8.9074074074,0.0000000000
-100.9964440009,9.3888888889,0.0000000000
-100.9964440009,9.8703703704,0.0000000000
-100.9964440009,10.3518518518,0.0000000000
-100.9964440009,10.8333333333,0.0000000000
-100.9964440009,11.3148148148,0.0000000000
-100.9964440009,11.7962962963,0.0000000000
-100.9964440009,12.2777777778,0.0000000000
-100.9964440009,12.7592592593,0.0000000000
-100.9964440009,13.2407407407,0.0000000000
-100.9964440009,13.7222222222,0.0000000000
-100.9964440009,14.2037037037,0.0000000000
-100.9964440009,14.6851851852,0.0000000000
-100.9964440009,15.1666666667,0.0000000000
-100.9964440009,15.6481481481,0.0000000000
-100.9964440009,16.1296296296,0.0000000000
-100.9964440009,16.6111111111,0.0000000000
-100.9964440009,17.0925925926,0.0000000000
-100.9964440009,17.5740740741,0.0000000000
-100.9964440009,18.0555555555,0.0000000000
-100.9964440009,18.5370370370,0.0000000000
-100.9964440009,19.0185185185,0.0000000000
-100.9964440009,19.5000000000,0.0000000000
-100.9964440009,19.9814814815,0.0000000000
-100.9964440009,20.4629629630,0.0000000000
-100.9964440009,20.9444444444,0.0000000000
-100.9964440009,21.4259259259,0.0000000000
-100.9964440009,21.9074074074,0.0000000000
-100.9964440009,22.3888888889,0.0000000000
-100.9964440009,22.8703703704,0.0000000000
-100.9964440009,23.3518518518,0.0000000000
-100.9964440009,23.8333333333,0.0000000000
-100.9964440009,24.3148148148,0.0000000000
-100.9964440009,24.7962962963,0.0000000000
-100.9964440009,25.2777777778,0.0000000000
-100.9964440009,25.7592592593,0.0000000000
-100.9964440009,26.2407407407,0.0000000000
-100.9964440009,26.7222222222,0.0000000000
-100.9964440009,27.2037037037,0.0000000000
-100.9964440009,27.6851851852,0.0000000000
-100.9964440009,28.1666666667,0.0000000000
-100.9964440009,28.6481481481,0.0000000000
-100.9964440009,29.1296296296,0.0000000000
-100.9964440009,29.6111111111,0.0000000000
-100.9964440009,30.0925925926,0.0000000000
-100.9964440009,30.5740740741,0.0000000000
-100.9964440009,31.0555555555,0.0000000000
-100.9964440009,31.5370370370,0.0000000000
-100.9964440009,32.0185185185,0.0000000000
-95.1603280196,-32.0185185185,0.0000000000
-95.1603280196,-31.5370370370,0.0000000000
-95.1603280196,-31.0555555556,0.0000000000
-95.1603280196,-30.5740740741,0.0000000000
-95.1603280196,-30.0925925926,0.0000000000
-95.1603280196,-29.6111111111,0.0000000000
-95.1603280196,-29.1296296296,0.0000000000
-95.1603280196,-28.6481481481,0.0000000000
-95.1603280196,-28.1666666667,0.0000000000
-95.1603280196,-27.6851851852,0.0000000000
-95.1603280196,-27.2037037037,0.0000000000
-95.1603280196,-26.7222222222,0.0000000000
-95.1603280196,-26.2407407407,0.0000000000
-95.1603280196,-25.7592592593,0.0000000000
-95.1603280196,-25.2777777778,0.0000000000
-95.1603280196,-24.7962962963,0.0000000000
-95.1603280196,-24.3148148148,0.0000000000
-95.1603280196,-23.8333333333,0.0000000000
-95.1603280196,-23.3518518519,0.0000000000
-95.1603280196,-22.8703703704,0.0000000000
-95.1603280196,-22.3888888889,0.0000000000
-95.1603280196,-21.9074074074,0.0000000000
-95.1603280196,-21.4259259259,0.0000000000
-95.1603280196,-20.9444444444,0.0000000000
-95.1603280196,-20.4629629630,0.0000000000
-95.1603280196,-19.9814814815,0.0000000000
-95.1603280196,-19.5000000000,0.0000000000
-95.1603280196,-19.0185185185,0.0000000000
-95.1603280196,-18.5370370370,0.0000000000
-95.1603280196,-18.0555555556,0.0000000000
-95.1603280196,-17.5740740741,0.0000000000
-95.1603280196,-17.0925925926,0.0000000000
-95.1603280196,-16.6111111111,0.0000000000
-95.1603280196,-16.1296296296,0.0000000000
-95.1603280196,-15.6481481482,0.0000000000
-95.1603280196,-15.1666666667,0.0000000000
-95.1603280196,-14.6851851852,0.0000000000
-95.1603280196,-14.2037037037,0.0000000000
-95.1603280196,-13.7222222222,0.0000000000
-95.1603280196,-13.2407407407,0.0000000000
-95.1603280196,-12.7592592593,0.0000000000
-95.1603280196,-12.2777777778,0.0000000000
-95.1603280196,-11.7962962963,0.0000000000
-95.1603280196,-11.3148148148,0.0000000000
-95.1603280196,-10.8333333333,0.0000000000
-95.1603280196,-10.3518518519,0.0000000000
-95.1603280196,-9.8703703704,0.0000000000
-95.1603280196,-9.3888888889,0.0000000000
-95.1603280196,-8.9074074074,0.0000000000
-95.1603280196,-8.4259259259,0.0000000000
-95.1603280196,-7.9444444444,0.0000000000
-95.1603280196,-7.4629629630,0.0000000000
-95.1603280196,-6.9814814815,0.0000000000
-95.1603280196,-6.5000000000,0.0000000000
-95.1603280196,-6.0185185185,0.0000000000
-95.1603280196,-5.5370370370,0.0000000000
-95.1603280196,-5.0555555556,0.0000000000
-95.1603280196,-4.5740740741,0.0000000000
-95.1603280196,-4.0925925926,0.0000000000
-95.1603280196,-3.6111111111,0.0000000000
-95.1603280196,-3.1296296296,0.0000000000
-95.1603280196,-2.6481481482,0.0000000000
-95.1603280196,-2.1666666667,0.0000000000
-95.1603280196,-1.6851851852,0.0000000000
-95.1603280196,-1.2037037037,0.0000000000
-95.1603280196,-0.7222222222,0.0000000000
-95.1603280196,-0.2407407407,0.0000000000
-95.1603280196,0.2407407407,0.0000000000
-95.1603280196,0.7222222222,0.0000000000
-95.1603280196,1.2037037037,0.0000000000
-95.1603280196,1.6851851852,0.0000000000
-95.1603280196,2.1666666667,0.0000000000
-95.1603280196,2.6481481481,0.0000000000
-95.1603280196,3.1296296296,0.0000000000
-95.1603280196,3.6111111111,0.0000000000
-95.1603280196,4.0925925926,0.0000000000
-95.1603280196,4.5740740741,0.0000000000
-95.1603280196,5.0555555556,0.0000000000
-95.1603280196,5.5370370370,0.0000000000
-95.1603280196,6.0185185185,0.0000000000
-95.1603280196,6.5000000000,0.0000000000
-95.1603280196,6.9814814815,0.0000000000
-95.1603280196,7.4629629630,0.0000000000
-95.1603280196,7.9444444444,0.0000000000
-95.1603280196,8.4259259259,0.0000000000
-95.1603280196,8.9074074074,0.0000000000
-95.1603280196,9.3888888889,0.0000000000
-95.1603280196,9.8703703704,0.0000000000
-95.1603280196,10.3518518518,0.0000000000
-95.1603280196,10.8333333333,0.0000000000
-95.1603280196,11.3148148148,0.0000000000
-95.1603280196,11.7962962963,0.0000000000
-95.1603280196,12.2777777778,0.0000000000
-95.1603280196,12.7592592593,0.0000000000
-95.1603280196,13.2407407407,0.0000000000
-95.1603280196,13.7222222222,0.0000000000
-95.1603280196,14.2037037037,0.0000000000
-95.1603280196,14.6851851852,0.0000000000
-95.1603280196,15.1666666667,0.0000000000
-95.1603280196,15.6481481481,0.0000000000
-95.1603280196,16.1296296296,0.0000000000
-95.1603280196,16.6111111111,0.0000000000
-95.1603280196,17.0925925926,0.0000000000
-95.1603280196,17.5740740741,0.0000000000
-95.1603280196,18.0555555555,0.0000000000
-95.1603280196,18.5370370370,0.0000000000
-95.1603280196,19.0185185185,0.0000000000
-95.1603280196,19.5000000000,0.0000000000
-95.1603280196,19.9814814815,0.0000000000
-95.1603280196,20.4629629630,0.0000000000
-95.1603280196,20.9444444444,0.0000000000
-95.1603280196,21.4259259259,0.0000000000
-95.1603280196,21.9074074074,0.0000000000
-95.1603280196,22.3888888889,0.0000000000
-95.1603280196,22.8703703704,0.0000000000
-95.1603280196,23.3518518518,0.0000000000
-95.1603280196,23.8333333333,0.0000000000
-95.1603280196,24.3148148148,0.0000000000
-95.1603280196,24.7962962963,0.0000000000
-95.1603280196,25.2777777778,0.0000000000
-95.1603280196,25.7592592593,0.0000000000
-95.1603280196,26.2407407407,0.0000000000
-95.1603280196,26.7222222222,0.0000000000
-95.1603280196,27.2037037037,0.0000000000
-95.1603280196,27.6851851852,0.0000000000
-95.1603280196,28.1666666667,0.0000000000
-95.1603280196,28.6481481481,0.0000000000
-95.1603280196,29.1296296296,0.0000000000
-95.1603280196,29.6111111111,0.0000000000
-95.1603280196,30.0925925926,0.0000000000
-95.1603280196,30.5740740741,0.0000000000
-95.1603280196,31.0555555555,0.0000000000
-95.1603280196,31.5370370370,0.0000000000
-95.1603280196,32.0185185185,0.0000000000
-88.1569886374,-32.0185185185,0.0000000000
-88.1569886374,-31.5370370370,0.0000000000
-88.1569886374,-31.0555555556,0.0000000000
-88.1569886374,-30.5740740741,0.0000000000
-88.1569886374,-30.0925925926,0.0000000000
-88.1569886374,-29.6111111111,0.0000000000
-88.1569886374,-29.1296296296,0.0000000000
-88.1569886374,-28.6481481481,0.0000000000
-88.1569886374,-28.1666666667,0.0000000000
-88.1569886374,-27.6851851852,0.0000000000
-88.1569886374,-27.2037037037,0.0000000000
-88.1569886374,-26.7222222222,0.0000000000
-88.1569886374,-26.2407407407,0.0000000000
-88.1569886374,-25.7592592593,0.0000000000
-88.1569886374,-25.2777777778,0.0000000000
-88.1569886374,-24.7962962963,0.0000000000
-88.1569886374,-24.3148148148,0.0000000000
-88.1569886374,-23.8333333333,0.0000000000
-88.1569886374,-23.3518518519,0.0000000000
-88.1569886374,-22.8703703704,0.0000000000
-88.1569886374,-22.3888888889,0.0000000000
-88.1569886374,-21.9074074074,0.0000000000
-88.1569886374,-21.4259259259,0.0000000000
-88.1569886374,-20.9444444444,0.0000000000
-88.1569886374,-20.4629629630,0.0000000000
-88.1569886374,-19.9814814815,0.0000000000
-88.1569886374,-19.5000000000,0.0000000000
-88.1569886374,-19.0185185185,0.0000000000
-88.1569886374,-18.5370370370,0.0000000000
-88.1569886374,-18.0555555556,0.0000000000
-88.1569886374,-17.5740740741,0.0000000000
-88.1569886374,-17.0925925926,0.0000000000
-88.1569886374,-16.6111111111,0.0000000000
-88.1569886374,-16.1296296296,0.0000000000
-88.1569886374,-15.6481481482,0.0000000000
-88.1569886374,-15.1666666667,0.0000000000
-88.1569886374,-14.6851851852,0.0000000000
-88.1569886374,-14.2037037037,0.0000000000
-88.1569886374,-13.7222222222,0.0000000000
-88.1569886374,-13.2407407407,0.0000000000
-88.1569886374,-12.7592592593,0.0000000000
-88.1569886374,-12.2777777778,0.0000000000
-88.1569886374,-11.7962962963,0.0000000000
-88.1569886374,-11.3148148148,0.0000000000
-88.1569886374,-10.8333333333,0.0000000000
-88.1569886374,-10.3518518519,0.0000000000
-88.1569886374,-9.8703703704,0.0000000000
-88.1569886374,-9.3888888889,0.0000000000
-88.1569886374,-8.9074074074,0.0000000000
-88.1569886374,-8.4259259259,0.0000000000
-88.1569886374,-7.9444444444,0.0000000000
-88.1569886374,-7.4629629630,0.0000000000
-88.1569886374,-6.9814814815,0.0000000000
-88.1569886374,-6.5000000000,0.0000000000
-88.1569886374,-6.0185185185,0.0000000000
-88.1569886374,-5.5370370370,0.0000000000
-88.1569886374,-5.0555555556,0.0000000000
-88.1569886374,-4.5740740741,0.0000000000
-88.1569886374,-4.0925925926,0.0000000000
-88.1569886374,-3.6111111111,0.0000000000
-88.1569886374,-3.1296296296,0.0000000000
-88.1569886374,-2.6481481482,0.0000000000
-88.1569886374,-2.1666666667,0.0000000000
-88.1569886374,-1.6851851852,0.0000000000
-88.1569886374,-1.2037037037,0.0000000000
-88.1569886374,-0.7222222222,0.0000000000
-88.1569886374,-0.2407407407,0.0000000000
-88.1569886374,0.2407407407,0.0000000000
-88.1569886374,0.7222222222,0.0000000000
-88.1569886374,1.2037037037,0.0000000000
-88.1569886374,1.6851851852,0.0000000000
-88.1569886374,2.1666666667,0.0000000000
-88.1569886374,2.6481481481,0.0000000000
-88.1569886374,3.1296296296,0.0000000000
-88.1569886374,3.6111111111,0.0000000000
-88.1569886374,4.0925925926,0.0000000000
-88.1569886374,4.5740740741,0.0000000000
-88.1569886374,5.0555555556,0.0000000000
-88.1569886374,5.5370370370,0.0000000000
-88.1569886374,6.0185185185,0.0000000000
-88.1569886374,6.5000000000,0.0000000000
-88.1569886374,6.9814814815,0.0000000000
-88.1569886374,7.4629629630,0.0000000000
-88.1569886374,7.9444444444,0.0000000000
-88.1569886374,8.4259259259,0.0000000000
-88.1569886374,8.9074074074,0.0000000000
-88.1569886374,9.3888888889,0.0000000000
-88.1569886374,9.8703703704,0.0000000000
-88.1569886374,10.3518518518,0.0000000000
-88.1569886374,10.8333333333,0.0000000000
-88.1569886374,11.3148148148,0.0000000000
-88.1569886374,11.7962962963,0.0000000000
-88.1569886374,12.2777777778,0.0000000000
-88.1569886374,12.7592592593,0.0000000000
-88.1569886374,13.2407407407,0.0000000000
-88.1569886374,13.7222222222,0.0000000000
-88.1569886374,14.2037037037,0.0000000000
-88.1569886374,14.6851851852,0.0000000000
-88.1569886374,15.1666666667,0.0000000000
-88.1569886374,15.6481481481,0.0000000000
-88.1569886374,16.1296296296,0.0000000000
-88.1569886374,16.6111111111,0.0000000000
-88.1569886374,17.0925925926,0.0000000000
-88.1569886374,17.5740740741,0.0000000000
-88.1569886374,18.0555555555,0.0000000000
-88.1569886374,18.5370370370,0.0000000000
-88.1569886374,19.0185185185,0.0000000000
-88.1569886374,19.5000000000,0.0000000000
-88.1569886374,19.9814814815,0.0000000000
-88.1569886374,20.4629629630,0.0000000000
-88.1569886374,20.9444444444,0.0000000000
-88.1569886374,21.4259259259,0.0000000000
-88.1569886374,21.9074074074,0.0000000000
-88.1569886374,22.3888888889,0.0000000000
-88.1569886374,22.8703703704,0.0000000000
-88.1569886374,23.3518518518,0.0000000000
-88.1569886374,23.8333333333,0.0000000000
-88.1569886374,24.3148148148,0.0000000000
-88.1569886374,24.7962962963,0.0000000000
-88.1569886374,25.2777777778,0.0000000000
-88.1569886374,25.7592592593,0.0000000000
-88.1569886374,26.2407407407,0.0000000000
-88.1569886374,26.7222222222,0.0000000000
-88.1569886374,27.2037037037,0.0000000000
-88.1569886374,27.6851851852,0.0000000000
-88.1569886374,28.1666666667,0.0000000000
-88.1569886374,28.6481481481,0.0000000000
-88.1569886374,29.1296296296,0.0000000000
-88.1569886374,29.6111111111,0.0000000000
-88.1569886374,30.0925925926,0.0000000000
-88.1569886374,30.5740740741,0.0000000000
-88.1569886374,31.0555555555,0.0000000000
-88.1569886374,31.5370370370,0.0000000000
-88.1569886374,32.0185185185,0.0000000000
-79.7529809782,-32.0185185185,0.0000000000
-79.7529809782,-31.5370370370,0.0000000000
-79.7529809782,-31.0555555556,0.0000000000
-79.7529809782,-30.5740740741,0.0000000000
-79.7529809782,-30.0925925926,0.0000000000
-79.7529809782,-29.6111111111,0.0000000000
-79.7529809782,-29.1296296296,0.0000000000
-79.7529809782,-28.6481481481,0.0000000000
-79.7529809782,-28.1666666667,0.0000000000
-79.7529809782,-27.6851851852,0.0000000000
-79.7529809782,-27.2037037037,0.0000000000
-79.7529809782,-26.7222222222,0.0000000000
-79.7529809782,-26.2407407407,0.0000000000
-79.7529809782,-25.7592592593,0.0000000000
-79.7529809782,-25.2777777778,0.0000000000
-79.7529809782,-24.7962962963,0.0000000000
-79.7529809782,-24.3148148148,0.0000000000
-79.7529809782,-23.8333333333,0.0000000000
-79.7529809782,-23.3518518519,0.0000000000
-79.7529809782,-22.8703703704,0.0000000000
-79.7529809782,-22.3888888889,0.0000000000
-79.7529809782,-21.9074074074,0.0000000000
-79.7529809782,-21.4259259259,0.0000000000
-79.7529809782,-20.9444444444,0.0000000000
-79.7529809782,-20.4629629630,0.0000000000
-79.7529809782,-19.9814814815,0.0000000000
-79.7529809782,-19.5000000000,0.0000000000
-79.7529809782,-19.0185185185,0.0000000000
-79.7529809782,-18.5370370370,0.0000000000
-79.7529809782,-18.0555555556,0.0000000000
-79.7529809782,-17.5740740741,0.0000000000
-79.7529809782,-17.0925925926,0.0000000000
-79.7529809782,-16.6111111111,0.0000000000
-79.7529809782,-16.1296296296,0.0000000000
-79.7529809782,-15.6481481482,0.0000000000
-79.7529809782,-15.1666666667,0.0000000000
-79.7529809782,-14.6851851852,0.0000000000
-79.7529809782,-14.2037037037,0.0000000000
-79.7529809782,-13.7222222222,0.0000000000
-79.7529809782,-13.2407407407,0.0000000000
-79.7529809782,-12.7592592593,0.0000000000
-79.7529809782,-12.2777777778,0.0000000000
-79.7529809782,-11.7962962963,0.0000000000
-79.7529809782,-11.3148148148,0.0000000000
-79.7529809782,-10.8333333333,0.0000000000
-79.7529809782,-10.3518518519,0.0000000000
-79.7529809782,-9.8703703704,0.0000000000
-79.7529809782,-9.3888888889,0.0000000000
-79.7529809782,-8.9074074074,0.0000000000
-79.7529809782,-8.4259259259,0.0000000000
-79.7529809782,-7.9444444444,0.0000000000
-79.7529809782,-7.4629629630,0.0000000000
-79.7529809782,-6.9814814815,0.0000000000
-79.7529809782,-6.5000000000,0.0000000000
-79.7529809782,-6.0185185185,0.0000000000
-79.7529809782,-5.5370370370,0.0000000000
-79.7529809782,-5.0555555556,0.0000000000
-79.7529809782,-4.5740740741,0.0000000000
-79.7529809782,-4.0925925926,0.0000000000
-79.7529809782,-3.6111111111,0.0000000000
-79.7529809782,-3.1296296296,0.0000000000
-79.7529809782,-2.6481481482,0.0000000000
-79.7529809782,-2.1666666667,0.0000000000
-79.7529809782,-1.6851851852,0.0000000000
-79.7529809782,-1.2037037037,0.0000000000
-79.7529809782,-0.7222222222,0.0000000000
-79.7529809782,-0.2407407407,0.0000000000
-79.7529809782,0.2407407407,0.0000000000
-79.7529809782,0.7222222222,0.0000000000
-79.7529809782,1.2037037037,0.0000000000
-79.7529809782,1.6851851852,0.0000000000
-79.7529809782,2.1666666667,0.0000000000
-79.7529809782,2.6481481481,0.0000000000
-79.7529809782,3.1296296296,0.0000000000
-79.7529809782,3.6111111111,0.0000000000
-79.7529809782,4.0925925926,0.0000000000
-79.7529809782,4.5740740741,0.0000000000
-79.7529809782,5.0555555556,0.0000000000
-79.7529809782,5.5370370370,0.0000000000
-79.7529809782,6.0185185185,0.0000000000
-79.7529809782,6.5000000000,0.0000000000
-79.7529809782,6.9814814815,0.0000000000
-79.7529809782,7.4629629630,0.0000000000
-79.7529809782,7.9444444444,0.0000000000
-79.7529809782,8.4259259259,0.0000000000
-79.7529809782,8.9074074074,0.0000000000
-79.7529809782,9.3888888889,0.0000000000
-79.7529809782,9.8703703704,0.0000000000
-79.7529809782,10.3518518518,0.0000000000
-79.7529809782,10.8333333333,0.0000000000
-79.7529809782,11.3148148148,0.0000000000
-79.7529809782,11.7962962963,0.0000000000
-79.7529809782,12.2777777778,0.0000000000
-79.7529809782,12.7592592593,0.0000000000
-79.7529809782,13.2407407407,0.0000000000
-79.7529809782,13.7222222222,0.0000000000
-79.7529809782,14.2037037037,0.0000000000
-79.7529809782,14.6851851852,0.0000000000
-79.7529809782,15.1666666667,0.0000000000
-79.7529809782,15.6481481481,0.0000000000
-79.7529809782,16.1296296296,0.0000000000
-79.7529809782,16.6111111111,0.0000000000
-79.7529809782,17.0925925926,0.0000000000
-79.7529809782,17.5740740741,0.0000000000
-79.7529809782,18.0555555555,0.0000000000
-79.7529809782,18.5370370370,0.0000000000
-79.7529809782,19.0185185185,0.0000000000
-79.7529809782,19.5000000000,0.0000000000
-79.7529809782,19.9814814815,0.0000000000
-79.7529809782,20.4629629630,0.0000000000
-79.7529809782,20.9444444444,0.0000000000
-79.7529809782,21.4259259259,0.0000000000
-79.7529809782,21.9074074074,0.0000000000
-79.7529809782,22.3888888889,0.0000000000
-79.7529809782,22.8703703704,0.0000000000
-79.7529809782,23.3518518518,0.0000000000
-79.7529809782,23.8333333333,0.0000000000
-79.7529809782,24.3148148148,0.0000000000
-79.7529809782,24.7962962963,0.0000000000
-79.7529809782,25.2777777778,0.0000000000
-79.7529809782,25.7592592593,0.0000000000
-79.7529809782,26.2407407407,0.0000000000
-79.7529809782,26.7222222222,0.0000000000
-79.7529809782,27.2037037037,0.0000000000
-79.7529809782,27.6851851852,0.0000000000
-79.7529809782,28.1666666667,0.0000000000
-79.7529809782,28.6481481481,0.0000000000
-79.7529809782,29.1296296296,0.0000000000
-79.7529809782,29.6111111111,0.0000000000
-79.7529809782,30.0925925926,0.0000000000
-79.7529809782,30.5740740741,0.0000000000
-79.7529809782,31.0555555555,0.0000000000
-79.7529809782,31.5370370370,0.0000000000
-79.7529809782,32.0185185185,0.0000000000
-69.6681722364,-32.0185185185,0.0000000000
-69.6681722364,-31.5370370370,0.0000000000
-69.6681722364,-31.0555555556,0.0000000000
-69.6681722364,-30.5740740741,0.0000000000
-69.6681722364,-30.0925925926,0.0000000000
-69.6681722364,-29.6111111111,0.0000000000
-69.6681722364,-29.1296296296,0.0000000000
-69.6681722364,-28.6481481481,0.0000000000
-69.6681722364,-28.1666666667,0.0000000000
-69.6681722364,-27.6851851852,0.0000000000
-69.6681722364,-27.2037037037,0.0000000000
-69.6681722364,-26.7222222222,0.0000000000
-69.6681722364,-26.2407407407,0.0000000000
-69.6681722364,-25.7592592593,0.0000000000
-69.6681722364,-25.2777777778,0.0000000000
-69.6681722364,-24.7962962963,0.0000000000
-69.6681722364,-24.3148148148,0.0000000000
-69.6681722364,-23.8333333333,0.0000000000
-69.6681722364,-23.3518518519,0.0000000000
-69.6681722364,-22.8703703704,0.0000000000
-69.6681722364,-22.3888888889,0.0000000000
-69.6681722364,-21.9074074074,0.0000000000
-69.6681722364,-21.4259259259,0.0000000000
-69.6681722364,-20.9444444444,0.0000000000
-69.6681722364,-20.4629629630,0.0000000000
-69.6681722364,-19.9814814815,0.0000000000
-69.6681722364,-19.5000000000,0.0000000000
-69.6681722364,-19.0185185185,0.0000000000
-69.6681722364,-18.5370370370,0.0000000000
-69.6681722364,-18.0555555556,0.0000000000
-69.6681722364,-17.5740740741,0.0000000000
-69.6681722364,-17.0925925926,0.0000000000
-69.6681722364,-16.6111111111,0.0000000000
-69.6681722364,-16.1296296296,0.0000000000
-69.6681722364,-15.6481481482,0.0000000000
-69.6681722364,-15.1666666667,0.0000000000
-69.6681722364,-14.6851851852,0.0000000000
-69.6681722364,-14.2037037037,0.0000000000
-69.6681722364,-13.7222222222,0.0000000000
-69.6681722364,-13.2407407407,0.0000000000
-69.6681722364,-12.7592592593,0.0000000000
-69.6681722364,-12.2777777778,0.0000000000
-69.6681722364,-11.7962962963,0.0000000000
-69.6681722364,-11.3148148148,0.0000000000
-69.6681722364,-10.8333333333,0.0000000000
-69.6681722364,-10.3518518519,0.0000000000
-69.6681722364,-9.8703703704,0.0000000000
-69.6681722364,-9.3888888889,0.0000000000
-69.6681722364,-8.9074074074,0.0000000000
-69.6681722364,-8.4259259259,0.0000000000
-69.6681722364,-7.9444444444,0.0000000000
-69.6681722364,-7.4629629630,0.0000000000
-69.6681722364,-6.9814814815,0.0000000000
-69.6681722364,-6.5000000000,0.0000000000
-69.6681722364,-6.0185185185,0.0000000000
-69.6681722364,-5.5370370370,0.0000000000
-69.6681722364,-5.0555555556,0.0000000000
-69.6681722364,-4.5740740741,0.0000000000
-69.6681722364,-4.0925925926,0.0000000000
-69.6681722364,-3.6111111111,0.0000000000
-69.6681722364,-3.1296296296,0.0000000000
-69.6681722364,-2.6481481482,0.0000000000
-69.6681722364,-2.1666666667,0.0000000000
-69.6681722364,-1.6851851852,0.0000000000
-69.6681722364,-1.2037037037,0.0000000000
-69.6681722364,-0.7222222222,0.0000000000
-69.6681722364,-0.2407407407,0.0000000000
-69.6681722364,0.2407407407,0.0000000000
-69.6681722364,0.7222222222,0.0000000000
-69.6681722364,1.2037037037,0.0000000000
-69.6681722364,1.6851851852,0.0000000000
-69.6681722364,2.1666666667,0.0000000000
-69.6681722364,2.6481481481,0.0000000000
-69.6681722364,3.1296296296,0.0000000000
-69.6681722364,3.6111111111,0.0000000000
-69.6681722364,4.0925925926,0.0000000000
-69.6681722364,4.5740740741,0.0000000000
-69.6681722364,5.0555555556,0.0000000000
-69.6681722364,5.5370370370,0.0000000000
-69.6681722364,6.0185185185,0.0000000000
-69.6681722364,6.5000000000,0.0000000000
-69.6681722364,6.9814814815,0.0000000000
-69.6681722364,7.4629629630,0.0000000000
-69.6681722364,7.9444444444,0.0000000000
-69.6681722364,8.4259259259,0.0000000000
-69.6681722364,8.9074074074,0.0000000000
-69.6681722364,9.3888888889,0.0000000000
-69.6681722364,9.8703703704,0.0000000000
-69.6681722364,10.3518518518,0.0000000000
-69.6681722364,10.8333333333,0.0000000000
-69.6681722364,11.3148148148,0.0000000000
-69.6681722364,11.7962962963,0.0000000000
-69.6681722364,12.2777777778,0.0000000000
-69.6681722364,12.7592592593,0.0000000000
-69.6681722364,13.2407407407,0.0000000000
-69.6681722364,13.7222222222,0.0000000000
-69.6681722364,14.2037037037,0.0000000000
-69.6681722364,14.6851851852,0.0000000000
-69.6681722364,15.1666666667,0.0000000000
-69.6681722364,15.6481481481,0.0000000000
-69.6681722364,16.1296296296,0.0000000000
-69.6681722364,16.6111111111,0.0000000000
-69.6681722364,17.0925925926,0.0000000000
-69.6681722364,17.5740740741,0.0000000000
-69.6681722364,18.0555555555,0.0000000000
-69.6681722364,18.5370370370,0.0000000000
-69.6681722364,19.0185185185,0.0000000000
-69.6681722364,19.5000000000,0.0000000000
-69.6681722364,19.9814814815,0.0000000000
-69.6681722364,20.4629629630,0.0000000000
-69.6681722364,20.9444444444,0.0000000000
-69.6681722364,21.4259259259,0.0000000000
-69.6681722364,21.9074074074,0.0000000000
-69.6681722364,22.3888888889,0.0000000000
-69.6681722364,22.8703703704,0.0000000000
-69.6681722364,23.3518518518,0.0000000000
-69.6681722364,23.8333333333,0.0000000000
-69.6681722364,24.3148148148,0.0000000000
-69.6681722364,24.7962962963,0.0000000000
-69.6681722364,25.2777777778,0.0000000000
-69.6681722364,25.7592592593,0.0000000000
-69.6681722364,26.2407407407,0.0000000000
-69.6681722364,26.7222222222,0.0000000000
-69.6681722364,27.2037037037,0.0000000000
-69.6681722364,27.6851851852,0.0000000000
-69.6681722364,28.1666666667,0.0000000000
-69.6681722364,28.6481481481,0.0000000000
-69.6681722364,29.1296296296,0.0000000000
-69.6681722364,29.6111111111,0.0000000000
-69.6681722364,30.0925925926,0.0000000000
-69.6681722364,30.5740740741,0.0000000000
-69.6681722364,31.0555555555,0.0000000000
-69.6681722364,31.5370370370,0.0000000000
-69.6681722364,32.0185185185,0.0000000000
-57.5664010454,-32.0185185185,0.0000000000
-57.5664010454,-31.5370370370,0.0000000000
-57.5664010454,-31.0555555556,0.0000000000
-57.5664010454,-30.5740740741,0.0000000000
-57.5664010454,-30.0925925926,0.0000000000
-57.5664010454,-29.6111111111,0.0000000000
-57.5664010454,-29.1296296296,0.0000000000
-57.5664010454,-28.6481481481,0.0000000000
-57.5664010454,-28.1666666667,0.0000000000
-57.5664010454,-27.6851851852,0.0000000000
-57.5664010454,-27.2037037037,0.0000000000
-57.5664010454,-26.7222222222,0.0000000000
-57.5664010454,-26.2407407407,0.0000000000
-57.5664010454,-25.7592592593,0.0000000000
-57.5664010454,-25.2777777778,0.0000000000
-57.5664010454,-24.7962962963,0.0000000000
-57.5664010454,-24.3148148148,0.0000000000
-57.5664010454,-23.8333333333,0.0000000000
-57.5664010454,-23.3518518519,0.0000000000
-57.5664010454,-22.8703703704,0.0000000000
-57.5664010454,-22.3888888889,0.0000000000
-57.5664010454,-21.9074074074,0.0000000000
-57.5664010454,-21.4259259259,0.0000000000
-57.5664010454,-20.9444444444,0.0000000000
-57.5664010454,-20.4629629630,0.0000000000
-57.5664010454,-19.9814814815,0.0000000000
-57.5664010454,-19.5000000000,0.0000000000
-57.5664010454,-19.0185185185,0.0000000000
-57.5664010454,-18.5370370370,0.0000000000
-57.5664010454,-18.0555555556,0.0000000000
-57.5664010454,-17.5740740741,0.0000000000
-57.5664010454,-17.0925925926,0.0000000000
-57.5664010454,-16.6111111111,0.0000000000
-57.5664010454,-16.1296296296,0.0000000000
-57.5664010454,-15.6481481482,0.0000000000
-57.5664010454,-15.1666666667,0.0000000000
-57.5664010454,-14.6851851852,0.0000000000
-57.5664010454,-14.2037037037,0.0000000000
-57.5664010454,-13.7222222222,0.0000000000
-57.5664010454,-13.2407407407,0.0000000000
-57.5664010454,-12.7592592593,0.0000000000
-57.5664010454,-12.2777777778,0.0000000000
-57.5664010454,-11.7962962963,0.0000000000
-57.5664010454,-11.3148148148,0.0000000000
-57.5664010454,-10.8333333333,0.0000000000
-57.5664010454,-10.3518518519,0.0000000000
-57.5664010454,-9.8703703704,0.0000000000
-57.5664010454,-9.3888888889,0.0000000000
-57.5664010454,-8.9074074074,0.0000000000
-57.5664010454,-8.4259259259,0.0000000000
-57.5664010454,-7.9444444444,0.0000000000
-57.5664010454,-7.4629629630,0.0000000000
-57.5664010454,-6.9814814815,0.0000000000
-57.5664010454,-6.5000000000,0.0000000000
-57.5664010454,-6.0185185185,0.0000000000
-57.5664010454,-5.5370370370,0.0000000000
-57.5664010454,-5.0555555556,0.0000000000
-57.5664010454,-4.5740740741,0.0000000000
-57.5664010454,-4.0925925926,0.0000000000
-57.5664010454,-3.6111111111,0.0000000000
-57.5664010454,-3.1296296296,0.0000000000
-57.5664010454,-2.6481481482,0.0000000000
-57.5664010454,-2.1666666667,0.0000000000
-57.5664010454,-1.6851851852,0.0000000000
-57.5664010454,-1.2037037037,0.0000000000
-57.5664010454,-0.7222222222,0.0000000000
-57.5664010454,-0.2407407407,0.0000000000
-57.5664010454,0.2407407407,0.0000000000
-57.5664010454,0.7222222222,0.0000000000
-57.5664010454,1.2037037037,0.0000000000
-57.5664010454,1.6851851852,0.0000000000
-57.5664010454,2.1666666667,0.0000000000
-57.5664010454,2.6481481481,0.0000000000
-57.5664010454,3.1296296296,0.0000000000
-57.5664010454,3.6111111111,0.0000000000
-57.5664010454,4.0925925926,0.0000000000
-57.5664010454,4.5740740741,0.0000000000
-57.5664010454,5.0555555556,0.0000000000
-57.5664010454,5.5370370370,0.0000000000
-57.5664010454,6.0185185185,0.0000000000
-57.5664010454,6.5000000000,0.0000000000
-57.5664010454,6.9814814815,0.0000000000
-57.5664010454,7.4629629630,0.0000000000
-57.5664010454,7.9444444444,0.0000000000
-57.5664010454,8.4259259259,0.0000000000
-57.5664010454,8.9074074074,0.0000000000
-57.5664010454,9.3888888889,0.0000000000
-57.5664010454,9.8703703704,0.0000000000
-57.5664010454,10.3518518518,0.0000000000
-57.5664010454,10.8333333333,0.0000000000
-57.5664010454,11.3148148148,0.0000000000
-57.5664010454,11.7962962963,0.0000000000
-57.5664010454,12.2777777778,0.0000000000
-57.5664010454,12.7592592593,0.0000000000
-57.5664010454,13.2407407407,0.0000000000
-57.5664010454,13.7222222222,0.0000000000
-57.5664010454,14.2037037037,0.0000000000
-57.5664010454,14.6851851852,0.0000000000
-57.5664010454,15.1666666667,0.0000000000
-57.5664010454,15.6481481481,0.0000000000
-57.5664010454,16.1296296296,0.0000000000
-57.5664010454,16.6111111111,0.0000000000
-57.5664010454,17.0925925926,0.0000000000
-57.5664010454,17.5740740741,0.0000000000
-57.5664010454,18.0555555555,0.0000000000
-57.5664010454,18.5370370370,0.0000000000
-57.5664010454,19.0185185185,0.0000000000
-57.5664010454,19.5000000000,0.0000000000
-57.5664010454,19.9814814815,0.0000000000
-57.5664010454,20.4629629630,0.0000000000
-57.5664010454,20.9444444444,0.0000000000
-57.5664010454,21.4259259259,0.0000000000
-57.5664010454,21.9074074074,0.0000000000
-57.5664010454,22.3888888889,0.0000000000
-57.5664010454,22.8703703704,0.0000000000
-57.5664010454,23.3518518518,0.0000000000
-57.5664010454,23.8333333333,0.0000000000
-57.5664010454,24.3148148148,0.0000000000
-57.5664010454,24.7962962963,0.0000000000
-57.5664010454,25.2777777778,0.0000000000
-57.5664010454,25.7592592593,0.0000000000
-57.5664010454,26.2407407407,0.0000000000
-57.5664010454,26.7222222222,0.0000000000
-57.5664010454,27.2037037037,0.0000000000
-57.5664010454,27.6851851852,0.0000000000
-57.5664010454,28.1666666667,0.0000000000
-57.5664010454,28.6481481481,0.0000000000
-57.5664010454,29.1296296296,0.0000000000
-57.5664010454,29.6111111111,0.0000000000
-57.5664010454,30.0925925926,0.0000000000
-57.5664010454,30.5740740741,0.0000000000
-57.5664010454,31.0555555555,0.0000000000
-57.5664010454,31.5370370370,0.0000000000
-57.5664010454,32.0185185185,0.0000000000
-43.0442755502,-32.0185185185,0.0000000000
-43.0442755502,-31.5370370370,0.0000000000
-43.0442755502,-31.0555555556,0.0000000000
-43.0442755502,-30.5740740741,0.0000000000
-43.0442755502,-30.0925925926,0.0000000000
-43.0442755502,-29.6111111111,0.0000000000
-43.0442755502,-29.1296296296,0.0000000000
-43.0442755502,-28.6481481481,0.0000000000
-43.0442755502,-28.1666666667,0.0000000000
-43.0442755502,-27.6851851852,0.0000000000
-43.0442755502,-27.2037037037,0.0000000000
-43.0442755502,-26.7222222222,0.0000000000
-43.0442755502,-26.2407407407,0.0000000000
-43.0442755502,-25.7592592593,0.0000000000
-43.0442755502,-25.2777777778,0.0000000000
-43.0442755502,-24.7962962963,0.0000000000
-43.0442755502,-24.3148148148,0.0000000000
-43.0442755502,-23.8333333333,0.0000000000
-43.0442755502,-23.3518518519,0.0000000000
-43.0442755502,-22.8703703704,0.0000000000
-43.0442755502,-22.3888888889,0.0000000000
-43.0442755502,-21.9074074074,0.0000000000
-43.0442755502,-21.4259259259,0.0000000000
-43.0442755502,-20.9444444444,0.0000000000
-43.0442755502,-20.4629629630,0.0000000000
-43.0442755502,-19.9814814815,0.0000000000
-43.0442755502,-19.5000000000,0.0000000000
-43.0442755502,-19.0185185185,0.0000000000
-43.0442755502,-18.5370370370,0.0000000000
-43.0442755502,-18.0555555556,0.0000000000
-43.0442755502,-17.5740740741,0.0000000000
-43.0442755502,-17.0925925926,0.0000000000
-43.0442755502,-16.6111111111,0.0000000000
-43.0442755502,-16.1296296296,0.0000000000
-43.0442755502,-15.6481481482,0.0000000000
-43.0442755502,-15.1666666667,0.0000000000
-43.0442755502,-14.6851851852,0.0000000000
-43.0442755502,-14.2037037037,0.0000000000
-43.0442755502,-13.7222222222,0.0000000000
-43.0442755502,-13.2407407407,0.0000000000
-43.0442755502,-12.7592592593,0.0000000000
-43.0442755502,-12.2777777778,0.0000000000
-43.0442755502,-11.7962962963,0.0000000000
-43.0442755502,-11.3148148148,0.0000000000
-43.0442755502,-10.8333333333,0.0000000000
-43.0442755502,-10.3518518519,0.0000000000
-43.0442755502,-9.8703703704,0.0000000000
-43.0442755502,-9.3888888889,0.0000000000
-43.0442755502,-8.9074074074,0.0000000000
-43.0442755502,-8.4259259259,0.0000000000
-43.0442755502,-7.9444444444,0.0000000000
-43.0442755502,-7.4629629630,0.0000000000
-43.0442755502,-6.9814814815,0.0000000000
-43.0442755502,-6.5000000000,0.0000000000
-43.0442755502,-6.0185185185,0.0000000000
-43.0442755502,-5.5370370370,0.0000000000
-43.0442755502,-5.0555555556,0.0000000000
-43.0442755502,-4.5740740741,0.0000000000
-43.0442755502,-4.0925925926,0.0000000000
-43.0442755502,-3.6111111111,0.0000000000
-43.0442755502,-3.1296296296,0.0000000000
-43.0442755502,-2.6481481482,0.0000000000
-43.0442755502,-2.1666666667,0.0000000000
-43.0442755502,-1.6851851852,0.0000000000
-43.0442755502,-1.2037037037,0.0000000000
-43.0442755502,-0.7222222222,0.0000000000
-43.0442755502,-0.2407407407,0.0000000000
-43.0442755502,0.2407407407,0.0000000000
-43.0442755502,0.7222222222,0.0000000000
-43.0442755502,1.2037037037,0.0000000000
-43.0442755502,1.6851851852,0.0000000000
-43.0442755502,2.1666666667,0.0000000000
-43.0442755502,2.6481481481,0.0000000000
-43.0442755502,3.1296296296,0.0000000000
-43.0442755502,3.6111111111,0.0000000000
-43.0442755502,4.0925925926,0.0000000000
-43.0442755502,4.5740740741,0.0000000000
-43.0442755502,5.0555555556,0.0000000000
-43.0442755502,5.5370370370,0.0000000000
-43.0442755502,6.0185185185,0.0000000000
-43.0442755502,6.5000000000,0.0000000000
-43.0442755502,6.9814814815,0.0000000000
-43.0442755502,7.4629629630,0.0000000000
-43.0442755502,7.9444444444,0.0000000000
-43.0442755502,8.4259259259,0.0000000000
-43.0442755502,8.9074074074,0.0000000000
-43.0442755502,9.3888888889,0.0000000000
-43.0442755502,9.8703703704,0.0000000000
-43.0442755502,10.3518518518,0.0000000000
-43.0442755502,10.8333333333,0.0000000000
-43.0442755502,11.3148148148,0.0000000000
-43.0442755502,11.7962962963,0.0000000000
-43.0442755502,12.2777777778,0.0000000000
-43.0442755502,12.7592592593,0.0000000000
-43.0442755502,13.2407407407,0.0000000000
-43.0442755502,13.7222222222,0.0000000000
-43.0442755502,14.2037037037,0.0000000000
-43.0442755502,14.6851851852,0.0000000000
-43.0442755502,15.1666666667,0.0000000000
-43.0442755502,15.6481481481,0.0000000000
-43.0442755502,16.1296296296,0.0000000000
-43.0442755502,16.6111111111,0.0000000000
-43.0442755502,17.0925925926,0.0000000000
-43.0442755502,17.5740740741,0.0000000000
-43.0442755502,18.0555555555,0.0000000000
-43.0442755502,18.5370370370,0.0000000000
-43.0442755502,19.0185185185,0.0000000000
-43.0442755502,19.5000000000,0.0000000000
-43.0442755502,19.9814814815,0.0000000000
-43.0442755502,20.4629629630,0.0000000000
-43.0442755502,20.9444444444,0.0000000000
-43.0442755502,21.4259259259,0.0000000000
-43.0442755502,21.9074074074,0.0000000000
-43.0442755502,22.3888888889,0.0000000000
-43.0442755502,22.8703703704,0.0000000000
-43.0442755502,23.3518518518,0.0000000000
-43.0442755502,23.8333333333,0.0000000000
-43.0442755502,24.3148148148,0.0000000000
-43.0442755502,24.7962962963,0.0000000000
-43.0442755502,25.2777777778,0.0000000000
-43.0442755502,25.7592592593,0.0000000000
-43.0442755502,26.2407407407,0.0000000000
-43.0442755502,26.7222222222,0.0000000000
-43.0442755502,27.2037037037,0.0000000000
-43.0442755502,27.6851851852,0.0000000000
-43.0442755502,28.1666666667,0.0000000000
-43.0442755502,28.6481481481,0.0000000000
-43.0442755502,29.1296296296,0.0000000000
-43.0442755502,29.6111111111,0.0000000000
-43.0442755502,30.0925925926,0.0000000000
-43.0442755502,30.5740740741,0.0000000000
-43.0442755502,31.0555555555,0.0000000000
-43.0442755502,31.5370370370,0.0000000000
-43.0442755502,32.0185185185,0.0000000000
-25.6177239468,-32.0185185185,0.0000000000
-25.6177239468,-31.5370370370,0.0000000000
-25.6177239468,-31.0555555556,0.0000000000
-25.6177239468,-30.5740740741,0.0000000000
-25.6177239468,-30.0925925926,0.0000000000
-25.6177239468,-29.6111111111,0.0000000000
-25.6177239468,-29.1296296296,0.0000000000
-25.6177239468,-28.6481481481,0.0000000000
-25.6177239468,-28.1666666667,0.0000000000
-25.6177239468,-27.6851851852,0.0000000000
-25.6177239468,-27.2037037037,0.0000000000
-25.6177239468,-26.7222222222,0.0000000000
-25.6177239468,-26.2407407407,0.0000000000
-25.6177239468,-25.7592592593,0.0000000000
-25.6177239468,-25.2777777778,0.0000000000
-25.6177239468,-24.7962962963,0.0000000000
-25.6177239468,-24.3148148148,0.0000000000
-25.6177239468,-23.8333333333,0.0000000000
-25.6177239468,-23.3518518519,0.0000000000
-25.6177239468,-22.8703703704,0.0000000000
-25.6177239468,-22.3888888889,0.0000000000
-25.6177239468,-21.9074074074,0.0000000000
-25.6177239468,-21.4259259259,0.0000000000
-25.6177239468,-20.9444444444,0.0000000000
-25.6177239468,-20.4629629630,0.0000000000
-25.6177239468,-19.9814814815,0.0000000000
-25.6177239468,-19.5000000000,0.0000000000
-25.6177239468,-19.0185185185,0.0000000000
-25.6177239468,-18.5370370370,0.0000000000
-25.6177239468,-18.0555555556,0.0000000000
-25.6177239468,-17.5740740741,0.0000000000
-25.6177239468,-17.0925925926,0.0000000000
-25.6177239468,-16.6111111111,0.0000000000
-25.6177239468,-16.1296296296,0.0000000000
-25.6177239468,-15.6481481482,0.0000000000
-25.6177239468,-15.1666666667,0.0000000000
-25.6177239468,-14.6851851852,0.0000000000
-25.6177239468,-14.2037037037,0.0000000000
-25.6177239468,-13.7222222222,0.0000000000
-25.6177239468,-13.2407407407,0.0000000000
-25.6177239468,-12.7592592593,0.0000000000
-25.6177239468,-12.2777777778,0.0000000000
-25.6177239468,-11.7962962963,0.0000000000
-25.6177239468,-11.3148148148,0.0000000000
-25.6177239468,-10.8333333333,0.0000000000
-25.6177239468,-10.3518518519,0.0000000000
-25.6177239468,-9.8703703704,0.0000000000
-25.6177239468,-9.3888888889,0.0000000000
-25.6177239468,-8.9074074074,0.0000000000
-25.6177239468,-8.4259259259,0.0000000000
-25.6177239468,-7.9444444444,0.0000000000
-25.6177239468,-7.4629629630,0.0000000000
-25.6177239468,-6.9814814815,0.0000000000
-25.6177239468,-6.5000000000,0.0000000000
-25.6177239468,-6.0185185185,0.0000000000
-25.6177239468,-5.5370370370,0.0000000000
-25.6177239468,-5.0555555556,0.0000000000
-25.6177239468,-4.5740740741,0.0000000000
-25.6177239468,-4.0925925926,0.0000000000
-25.6177239468,-3.6111111111,0.0000000000
-25.6177239468,-3.1296296296,0.0000000000
-25.6177239468,-2.6481481482,0.0000000000
-25.6177239468,-2.1666666667,0.0000000000
-25.6177239468,-1.6851851852,0.0000000000
-25.6177239468,-1.2037037037,0.0000000000
-25.6177239468,-0.7222222222,0.0000000000
-25.6177239468,-0.2407407407,0.0000000000
-25.6177239468,0.2407407407,0.0000000000
-25.6177239468,0.7222222222,0.0000000000
-25.6177239468,1.2037037037,0.0000000000
-25.6177239468,1.6851851852,0.0000000000
-25.6177239468,2.1666666667,0.0000000000
-25.6177239468,2.6481481481,0.0000000000
-25.6177239468,3.1296296296,0.0000000000
-25.6177239468,3.6111111111,0.0000000000
-25.6177239468,4.0925925926,0.0000000000
-25.6177239468,4.5740740741,0.0000000000
-25.6177239468,5.0555555556,0.0000000000
-25.6177239468,5.5370370370,0.0000000000
-25.6177239468,6.0185185185,0.0000000000
-25.6177239468,6.5000000000,0.0000000000
-25.6177239468,6.9814814815,0.0000000000
-25.6177239468,7.4629629630,0.0000000000
-25.6177239468,7.9444444444,0.0000000000
-25.6177239468,8.4259259259,0.0000000000
-25.6177239468,8.9074074074,0.0000000000
-25.6177239468,9.3888888889,0.0000000000
-25.6177239468,9.8703703704,0.0000000000
-25.6177239468,10.3518518518,0.0000000000
-25.6177239468,10.8333333333,0.0000000000
-25.6177239468,11.3148148148,0.0000000000
-25.6177239468,11.7962962963,0.0000000000
-25.6177239468,12.2777777778,0.0000000000
-25.6177239468,12.7592592593,0.0000000000
-25.6177239468,13.2407407407,0.0000000000
-25.6177239468,13.7222222222,0.0000000000
-25.6177239468,14.2037037037,0.0000000000
-25.6177239468,14.6851851852,0.0000000000
-25.6177239468,15.1666666667,0.0000000000
-25.6177239468,15.6481481481,0.0000000000
-25.6177239468,16.1296296296,0.0000000000
-25.6177239468,16.6111111111,0.0000000000
-25.6177239468,17.0925925926,0.0000000000
-25.6177239468,17.5740740741,0.0000000000
-25.6177239468,18.0555555555,0.0000000000
-25.6177239468,18.5370370370,0.0000000000
-25.6177239468,19.0185185185,0.0000000000
-25.6177239468,19.5000000000,0.0000000000
-25.6177239468,19.9814814815,0.0000000000
-25.6177239468,20.4629629630,0.0000000000
-25.6177239468,20.9444444444,0.0000000000
-25.6177239468,21.4259259259,0.0000000000
-25.6177239468,21.9074074074,0.0000000000
-25.6177239468,22.3888888889,0.0000000000
-25.6177239468,22.8703703704,0.0000000000
-25.6177239468,23.3518518518,0.0000000000
-25.6177239468,23.8333333333,0.0000000000
-25.6177239468,24.3148148148,0.0000000000
-25.6177239468,24.7962962963,0.0000000000
-25.6177239468,25.2777777778,0.0000000000
-25.6177239468,25.7592592593,0.0000000000
-25.6177239468,26.2407407407,0.0000000000
-25.6177239468,26.7222222222,0.0000000000
-25.6177239468,27.2037037037,0.0000000000
-25.6177239468,27.6851851852,0.0000000000
-25.6177239468,28.1666666667,0.0000000000
-25.6177239468,28.6481481481,0.0000000000
-25.6177239468,29.1296296296,0.0000000000
-25.6177239468,29.6111111111,0.0000000000
-25.6177239468,30.0925925926,0.0000000000
-25.6177239468,30.5740740741,0.0000000000
-25.6177239468,31.0555555555,0.0000000000
-25.6177239468,31.5370370370,0.0000000000
-25.6177239468,32.0185185185,0.0000000000
-4.7058615868,-32.0185185185,0.0000000000
-4.7058615868,-31.5370370370,0.0000000000
-4.7058615868,-31.0555555556,0.0000000000
-4.7058615868,-30.5740740741,0.0000000000
-4.7058615868,-30.0925925926,0.0000000000
-4.7058615868,-29.6111111111,0.0000000000
-4.7058615868,-29.1296296296,0.0000000000
-4.7058615868,-28.6481481481,0.0000000000
-4.7058615868,-28.1666666667,0.0000000000
-4.7058615868,-27.6851851852,0.0000000000
-4.7058615868,-27.2037037037,0.0000000000
-4.7058615868,-26.7222222222,0.0000000000
-4.7058615868,-26.2407407407,0.0000000000
-4.7058615868,-25.7592592593,0.0000000000
-4.7058615868,-25.2777777778,0.0000000000
-4.7058615868,-24.7962962963,0.0000000000
-4.7058615868,-24.3148148148,0.0000000000
-4.7058615868,-23.8333333333,0.0000000000
-4.7058615868,-23.3518518519,0.0000000000
-4.7058615868,-22.8703703704,0.0000000000
-4.7058615868,-22.3888888889,0.0000000000
-4.7058615868,-21.9074074074,0.0000000000
-4.7058615868,-21.4259259259,0.0000000000
-4.7058615868,-20.9444444444,0.0000000000
-4.7058615868,-20.4629629630,0.0000000000
-4.7058615868,-19.9814814815,0.0000000000
-4.7058615868,-19.5000000000,0.0000000000
-4.7058615868,-19.0185185185,0.0000000000
-4.7058615868,-18.5370370370,0.0000000000
-4.7058615868,-18.0555555556,0.0000000000
-4.7058615868,-17.5740740741,0.0000000000
-4.7058615868,-17.0925925926,0.0000000000
-4.7058615868,-16.6111111111,0.0000000000
-4.7058615868,-16.1296296296,0.0000000000
-4.7058615868,-15.6481481482,0.0000000000
-4.7058615868,-15.1666666667,0.0000000000
-4.7058615868,-14.6851851852,0.0000000000
-4.7058615868,-14.2037037037,0.0000000000
-4.7058615868,-13.7222222222,0.0000000000
-4.7058615868,-13.2407407407,0.0000000000
-4.7058615868,-12.7592592593,0.0000000000
-4.7058615868,-12.2777777778,0.0000000000
-4.7058615868,-11.7962962963,0.0000000000
-4.7058615868,-11.3148148148,0.0000000000
-4.7058615868,-10.8333333333,0.0000000000
-4.7058615868,-10.3518518519,0.0000000000
-4.7058615868,-9.8703703704,0.0000000000
-4.7058615868,-9.3888888889,0.0000000000
-4.7058615868,-8.9074074074,0.0000000000
-4.7058615868,-8.4259259259,0.0000000000
-4.7058615868,-7.9444444444,0.0000000000
-4.7058615868,-7.4629629630,0.0000000000
-4.7058615868,-6.9814814815,0.0000000000
-4.7058615868,-6.5000000000,0.0000000000
-4.7058615868,-6.0185185185,0.0000000000
-4.7058615868,-5.5370370370,0.0000000000
-4.7058615868,-5.0555555556,0.0000000000
-4.7058615868,-4.5740740741,0.0000000000
-4.7058615868,-4.0925925926,0.0000000000
-4.7058615868,-3.6111111111,0.0000000000
-4.7058615868,-3.1296296296,0.0000000000
-4.7058615868,-2.6481481482,0.0000000000
-4.7058615868,-2.1666666667,0.0000000000
-4.7058615868,-1.6851851852,0.0000000000
-4.7058615868,-1.2037037037,0.0000000000
-4.7058615868,-0.7222222222,0.0000000000
-4.7058615868,-0.2407407407,0.0000000000
-4.7058615868,0.2407407407,0.0000000000
-4.7058615868,0.7222222222,0.0000000000
-4.7058615868,1.2037037037,0.0000000000
-4.7058615868,1.6851851852,0.0000000000
-4.7058615868,2.1666666667,0.0000000000
-4.7058615868,2.6481481481,0.0000000000
-4.7058615868,3.1296296296,0.0000000000
-4.7058615868,3.6111111111,0.0000000000
-4.7058615868,4.0925925926,0.0000000000
-4.7058615868,4.5740740741,0.0000000000
-4.7058615868,5.0555555556,0.0000000000
-4.7058615868,5.5370370370,0.0000000000
-4.7058615868,6.0185185185,0.0000000000
-4.7058615868,6.5000000000,0.0000000000
-4.7058615868,6.9814814815,0.0000000000
-4.7058615868,7.4629629630,0.0000000000
-4.7058615868,7.9444444444,0.0000000000
-4.7058615868,8.4259259259,0.0000000000
-4.7058615868,8.9074074074,0.0000000000
-4.7058615868,9.3888888889,0.0000000000
-4.7058615868,9.8703703704,0.0000000000
-4.7058615868,10.3518518518,0.0000000000
-4.7058615868,10.8333333333,0.0000000000
-4.7058615868,11.3148148148,0.0000000000
-4.7058615868,11.7962962963,0.0000000000
-4.7058615868,12.2777777778,0.0000000000
-4.7058615868,12.7592592593,0.0000000000
-4.7058615868,13.2407407407,0.0000000000
-4.7058615868,13.7222222222,0.0000000000
-4.7058615868,14.2037037037,0.0000000000
-4.7058615868,14.6851851852,0.0000000000
-4.7058615868,15.1666666667,0.0000000000
-4.7058615868,15.6481481481,0.0000000000
-4.7058615868,16.1296296296,0.0000000000
-4.7058615868,16.6111111111,0.0000000000
-4.7058615868,17.0925925926,0.0000000000
-4.7058615868,17.5740740741,0.0000000000
-4.7058615868,18.0555555555,0.0000000000
-4.7058615868,18.5370370370,0.0000000000
-4.7058615868,19.0185185185,0.0000000000
-4.7058615868,19.5000000000,0.0000000000
-4.7058615868,19.9814814815,0.0000000000
-4.7058615868,20.4629629630,0.0000000000
-4.7058615868,20.9444444444,0.0000000000
-4.7058615868,21.4259259259,0.0000000000
-4.7058615868,21.9074074074,0.0000000000
-4.7058615868,22.3888888889,0.0000000000
-4.7058615868,22.8703703704,0.0000000000
-4.7058615868,23.3518518518,0.0000000000
-4.7058615868,23.8333333333,0.0000000000
-4.7058615868,24.3148148148,0.0000000000
-4.7058615868,24.7962962963,0.0000000000
-4.7058615868,25.2777777778,0.0000000000
-4.7058615868,25.7592592593,0.0000000000
-4.7058615868,26.2407407407,0.0000000000
-4.7058615868,26.7222222222,0.0000000000
-4.7058615868,27.2037037037,0.0000000000
-4.7058615868,27.6851851852,0.0000000000
-4.7058615868,28.1666666667,0.0000000000
-4.7058615868,28.6481481481,0.0000000000
-4.7058615868,29.1296296296,0.0000000000
-4.7058615868,29.6111111111,0.0000000000
-4.7058615868,30.0925925926,0.0000000000
-4.7058615868,30.5740740741,0.0000000000
-4.7058615868,31.0555555555,0.0000000000
-4.7058615868,31.5370370370,0.0000000000
-4.7058615868,32.0185185185,0.0000000000
20.3883737686,-32.0185185185,0.0000000000
20.3883737686,-31.5370370370,0.0000000000
20.3883737686,-31.0555555556,0.0000000000
20.3883737686,-30.5740740741,0.0000000000
20.3883737686,-30.0925925926,0.0000000000
20.3883737686,-29.6111111111,0.0000000000
20.3883737686,-29.1296296296,0.0000000000
20.3883737686,-28.6481481481,0.0000000000
20.3883737686,-28.1666666667,0.0000000000
20.3883737686,-27.6851851852,0.0000000000
20.3883737686,-27.2037037037,0.0000000000
20.3883737686,-26.7222222222,0.0000000000
20.3883737686,-26.2407407407,0.0000000000
20.3883737686,-25.7592592593,0.0000000000
20.3883737686,-25.2777777778,0.0000000000
20.3883737686,-24.7962962963,0.0000000000
20.3883737686,-24.3148148148,0.0000000000
20.3883737686,-23.8333333333,0.0000000000
20.3883737686,-23.3518518519,0.0000000000
20.3883737686,-22.8703703704,0.0000000000
20.3883737686,-22.3888888889,0.0000000000
20.3883737686,-21.9074074074,0.0000000000
20.3883737686,-21.4259259259,0.0000000000
20.3883737686,-20.9444444444,0.0000000000
20.3883737686,-20.4629629630,0.0000000000
20.3883737686,-19.9814814815,0.0000000000
20.3883737686,-19.5000000000,0.0000000000
20.3883737686,-19.0185185185,0.0000000000
20.3883737686,-18.5370370370,0.0000000000
20.3883737686,-18.0555555556,0.0000000000
20.3883737686,-17.5740740741,0.0000000000
20.3883737686,-17.0925925926,0.0000000000
20.3883737686,-16.6111111111,0.0000000000
20.3883737686,-16.1296296296,0.0000000000
20.3883737686,-15.6481481482,0.0000000000
20.3883737686,-15.1666666667,0.0000000000
20.3883737686,-14.6851851852,0.0000000000
20.3883737686,-14.2037037037,0.0000000000
20.3883737686,-13.7222222222,0.0000000000
20.3883737686,-13.2407407407,0.0000000000
20.3883737686,-12.7592592593,0.0000000000
20.3883737686,-12.2777777778,0.0000000000
20.3883737686,-11.7962962963,0.0000000000
20.3883737686,-11.3148148148,0.0000000000
20.3883737686,-10.8333333333,0.0000000000
20.3883737686,-10.3518518519,0.0000000000
20.3883737686,-9.8703703704,0.0000000000
20.3883737686,-9.3888888889,0.0000000000
20.3883737686,-8.9074074074,0.0000000000
20.3883737686,-8.4259259259,0.0000000000
20.3883737686,-7.9444444444,0.0000000000
20.3883737686,-7.4629629630,0.0000000000
20.3883737686,-6.9814814815,0.0000000000
20.3883737686,-6.5000000000,0.0000000000
20.3883737686,-6.0185185185,0.0000000000
20.3883737686,-5.5370370370,0.0000000000
20.3883737686,-5.0555555556,0.0000000000
20.3883737686,-4.5740740741,0.0000000000
20.3883737686,-4.0925925926,0.0000000000
20.3883737686,-3.6111111111,0.0000000000
20.3883737686,-3.1296296296,0.0000000000
20.3883737686,-2.6481481482,0.0000000000
20.3883737686,-2.1666666667,0.0000000000
20.3883737686,-1.6851851852,0.0000000000
20.3883737686,-1.2037037037,0.0000000000
20.3883737686,-0.7222222222,0.0000000000
20.3883737686,-0.2407407407,0.0000000000
20.3883737686,0.2407407407,0.0000000000
20.3883737686,0.7222222222,0.0000000000
20.3883737686,1.2037037037,0.0000000000
20.3883737686,1.6851851852,0.0000000000
20.3883737686,2.1666666667,0.0000000000
20.3883737686,2.6481481481,0.0000000000
20.3883737686,3.1296296296,0.0000000000
20.3883737686,3.6111111111,0.0000000000
20.3883737686,4.0925925926,0.0000000000
20.3883737686,4.5740740741,0.0000000000
20.3883737686,5.0555555556,0.0000000000
20.3883737686,5.5370370370,0.0000000000
20.3883737686,6.0185185185,0.0000000000
20.3883737686,6.5000000000,0.0000000000
20.3883737686,6.9814814815,0.0000000000
20.3883737686,7.4629629630,0.0000000000
20.3883737686,7.9444444444,0.0000000000
20.3883737686,8.4259259259,0.0000000000
20.3883737686,8.9074074074,0.0000000000
20.3883737686,9.3888888889,0.0000000000
20.3883737686,9.8703703704,0.0000000000
20.3883737686,10.3518518518,0.0000000000
20.3883737686,10.8333333333,0.0000000000
20.3883737686,11.3148148148,0.0000000000
20.3883737686,11.7962962963,0.0000000000
20.3883737686,12.2777777778,0.0000000000
20.3883737686,12.7592592593,0.0000000000
20.3883737686,13.2407407407,0.0000000000
20.3883737686,13.7222222222,0.0000000000
20.3883737686,14.2037037037,0.0000000000
20.3883737686,14.6851851852,0.0000000000
20.3883737686,15.1666666667,0.0000000000
20.3883737686,15.6481481481,0.0000000000
20.3883737686,16.1296296296,0.0000000000
20.3883737686,16.6111111111,0.0000000000
20.3883737686,17.0925925926,0.0000000000
20.3883737686,17.5740740741,0.0000000000
20.3883737686,18.0555555555,0.0000000000
20.3883737686,18.5370370370,0.0000000000
20.3883737686,19.0185185185,0.0000000000
20.3883737686,19.5000000000,0.0000000000
20.3883737686,19.9814814815,0.0000000000
20.3883737686,20.4629629630,0.0000000000
20.3883737686,20.9444444444,0.0000000000
20.3883737686,21.4259259259,0.0000000000
20.3883737686,21.9074074074,0.0000000000
20.3883737686,22.3888888889,0.0000000000
20.3883737686,22.8703703704,0.0000000000
20.3883737686,23.3518518518,0.0000000000
20.3883737686,23.8333333333,0.0000000000
20.3883737686,24.3148148148,0.0000000000
20.3883737686,24.7962962963,0.0000000000
20.3883737686,25.2777777778,0.0000000000
20.3883737686,25.7592592593,0.0000000000
20.3883737686,26.2407407407,0.0000000000
20.3883737686,26.7222222222,0.0000000000
20.3883737686,27.2037037037,0.0000000000
20.3883737686,27.6851851852,0.0000000000
20.3883737686,28.1666666667,0.0000000000
20.3883737686,28.6481481481,0.0000000000
20.3883737686,29.1296296296,0.0000000000
20.3883737686,29.6111111111,0.0000000000
20.3883737686,30.0925925926,0.0000000000
20.3883737686,30.5740740741,0.0000000000
20.3883737686,31.0555555555,0.0000000000
20.3883737686,31.5370370370,0.0000000000
20.3883737686,32.0185185185,0.0000000000
50.5014571328,-32.0185185185,0.0000000000
50.5014571328,-31.5370370370,0.0000000000
50.5014571328,-31.0555555556,0.0000000000
50.5014571328,-30.5740740741,0.0000000000
50.5014571328,-30.0925925926,0.0000000000
50.5014571328,-29.6111111111,0.0000000000
50.5014571328,-29.1296296296,0.0000000000
50.5014571328,-28.6481481481,0.0000000000
50.5014571328,-28.1666666667,0.0000000000
50.5014571328,-27.6851851852,0.0000000000
50.5014571328,-27.2037037037,0.0000000000
50.5014571328,-26.7222222222,0.0000000000
50.5014571328,-26.2407407407,0.0000000000
50.5014571328,-25.7592592593,0.0000000000
50.5014571328,-25.2777777778,0.0000000000
50.5014571328,-24.7962962963,0.0000000000
50.5014571328,-24.3148148148,0.0000000000
50.5014571328,-23.8333333333,0.0000000000
50.5014571328,-23.3518518519,0.0000000000
50.5014571328,-22.8703703704,0.0000000000
50.5014571328,-22.3888888889,0.0000000000
50.5014571328,-21.9074074074,0.0000000000
50.5014571328,-21.4259259259,0.0000000000
50.5014571328,-20.9444444444,0.0000000000
50.5014571328,-20.4629629630,0.0000000000
50.5014571328,-19.9814814815,0.0000000000
50.5014571328,-19.5000000000,0.0000000000
50.5014571328,-19.0185185185,0.0000000000
50.5014571328,-18.5370370370,0.0000000000
50.5014571328,-18.0555555556,0.0000000000
50.5014571328,-17.5740740741,0.0000000000
50.5014571328,-17.0925925926,0.0000000000
50.5014571328,-16.6111111111,0.0000000000
50.5014571328,-16.1296296296,0.0000000000
50.5014571328,-15.6481481482,0.0000000000
50.5014571328,-15.1666666667,0.0000000000
50.5014571328,-14.6851851852,0.0000000000
50.5014571328,-14.2037037037,0.0000000000
50.5014571328,-13.7222222222,0.0000000000
50.5014571328,-13.2407407407,0.0000000000
50.5014571328,-12.7592592593,0.0000000000
50.5014571328,-12.2777777778,0.0000000000
50.5014571328,-11.7962962963,0.0000000000
50.5014571328,-11.3148148148,0.0000000000
50.5014571328,-10.8333333333,0.0000000000
50.5014571328,-10.3518518519,0.0000000000
50.5014571328,-9.8703703704,0.0000000000
50.5014571328,-9.3888888889,0.0000000000
50.5014571328,-8.9074074074,0.0000000000
50.5014571328,-8.4259259259,0.0000000000
50.5014571328,-7.9444444444,0.0000000000
50.5014571328,-7.4629629630,0.0000000000
50.5014571328,-6.9814814815,0.0000000000
50.5014571328,-6.5000000000,0.0000000000
50.5014571328,-6.0185185185,0.0000000000
50.5014571328,-5.5370370370,0.0000000000
50.5014571328,-5.0555555556,0.0000000000
50.5014571328,-4.5740740741,0.0000000000
50.5014571328,-4.0925925926,0.0000000000
50.5014571328,-3.6111111111,0.0000000000
50.5014571328,-3.1296296296,0.0000000000
50.5014571328,-2.6481481482,0.0000000000
50.5014571328,-2.1666666667,0.0000000000
50.5014571328,-1.6851851852,0.0000000000
50.5014571328,-1.2037037037,0.0000000000
50.5014571328,-0.7222222222,0.0000000000
50.5014571328,-0.2407407407,0.0000000000
50.5014571328,0.2407407407,0.0000000000
50.5014571328,0.7222222222,0.0000000000
50.5014571328,1.2037037037,0.0000000000
50.5014571328,1.6851851852,0.0000000000
50.5014571328,2.1666666667,0.0000000000
50.5014571328,2.6481481481,0.0000000000
50.5014571328,3.1296296296,0.0000000000
50.5014571328,3.6111111111,0.0000000000
50.5014571328,4.0925925926,0.0000000000
50.5014571328,4.5740740741,0.0000000000
50.5014571328,5.0555555556,0.0000000000
50.5014571328,5.5370370370,0.0000000000
50.5014571328,6.0185185185,0.0000000000
50.5014571328,6.5000000000,0.0000000000
50.5014571328,6.9814814815,0.0000000000
50.5014571328,7.4629629630,0.0000000000
50.5014571328,7.9444444444,0.0000000000
50.5014571328,8.4259259259,0.0000000000
50.5014571328,8.9074074074,0.0000000000
50.5014571328,9.3888888889,0.0000000000
50.5014571328,9.8703703704,0.0000000000
50.5014571328,10.3518518518,0.0000000000
50.5014571328,10.8333333333,0.0000000000
50.5014571328,11.3148148148,0.0000000000
50.5014571328,11.7962962963,0.0000000000
50.5014571328,12.2777777778,0.0000000000
50.5014571328,12.7592592593,0.0000000000
50.5014571328,13.2407407407,0.0000000000
50.5014571328,13.7222222222,0.0000000000
50.5014571328,14.2037037037,0.0000000000
50.5014571328,14.6851851852,0.0000000000
50.5014571328,15.1666666667,0.0000000000
50.5014571328,15.6481481481,0.0000000000
50.5014571328,16.1296296296,0.0000000000
50.5014571328,16.6111111111,0.0000000000
50.5014571328,17.0925925926,0.0000000000
50.5014571328,17.5740740741,0.0000000000
50.5014571328,18.0555555555,0.0000000000
50.5014571328,18.5370370370,0.0000000000
50.5014571328,19.0185185185,0.0000000000
50.5014571328,19.5000000000,0.0000000000
50.5014571328,19.9814814815,0.0000000000
50.5014571328,20.4629629630,0.0000000000
50.5014571328,20.9444444444,0.0000000000
50.5014571328,21.4259259259,0.0000000000
50.5014571328,21.9074074074,0.0000000000
50.5014571328,22.3888888889,0.0000000000
50.5014571328,22.8703703704,0.0000000000
50.5014571328,23.3518518518,0.0000000000
50.5014571328,23.8333333333,0.0000000000
50.5014571328,24.3148148148,0.0000000000
50.5014571328,24.7962962963,0.0000000000
50.5014571328,25.2777777778,0.0000000000
50.5014571328,25.7592592593,0.0000000000
50.5014571328,26.2407407407,0.0000000000
50.5014571328,26.7222222222,0.0000000000
50.5014571328,27.2037037037,0.0000000000
50.5014571328,27.6851851852,0.0000000000
50.5014571328,28.1666666667,0.0000000000
50.5014571328,28.6481481481,0.0000000000
50.5014571328,29.1296296296,0.0000000000
50.5014571328,29.6111111111,0.0000000000
50.5014571328,30.0925925926,0.0000000000
50.5014571328,30.5740740741,0.0000000000
50.5014571328,31.0555555555,0.0000000000
50.5014571328,31.5370370370,0.0000000000
50.5014571328,32.0185185185,0.0000000000
86.6371579854,-32.0185185185,0.0000000000
86.6371579854,-31.5370370370,0.0000000000
86.6371579854,-31.0555555556,0.0000000000
86.6371579854,-30.5740740741,0.0000000000
86.6371579854,-30.0925925926,0.0000000000
86.6371579854,-29.6111111111,0.0000000000
86.6371579854,-29.1296296296,0.0000000000
86.6371579854,-28.6481481481,0.0000000000
86.6371579854,-28.1666666667,0.0000000000
86.6371579854,-27.6851851852,0.0000000000
86.6371579854,-27.2037037037,0.0000000000
86.6371579854,-26.7222222222,0.0000000000
86.6371579854,-26.2407407407,0.0000000000
86.6371579854,-25.7592592593,0.0000000000
86.6371579854,-25.2777777778,0.0000000000
86.6371579854,-24.7962962963,0.0000000000
86.6371579854,-24.3148148148,0.0000000000
86.6371579854,-23.8333333333,0.0000000000
86.6371579854,-23.3518518519,0.0000000000
86.6371579854,-22.8703703704,0.0000000000
86.6371579854,-22.3888888889,0.0000000000
86.6371579854,-21.9074074074,0.0000000000
86.6371579854,-21.4259259259,0.0000000000
86.6371579854,-20.9444444444,0.0000000000
86.6371579854,-20.4629629630,0.0000000000
86.6371579854,-19.9814814815,0.0000000000
86.6371579854,-19.5000000000,0.0000000000
86.6371579854,-19.0185185185,0.0000000000
86.6371579854,-18.5370370370,0.0000000000
86.6371579854,-18.0555555556,0.0000000000
86.6371579854,-17.5740740741,0.0000000000
86.6371579854,-17.0925925926,0.0000000000
86.6371579854,-16.6111111111,0.0000000000
86.6371579854,-16.1296296296,0.0000000000
86.6371579854,-15.6481481482,0.0000000000
86.6371579854,-15.1666666667,0.0000000000
86.6371579854,-14.6851851852,0.0000000000
86.6371579854,-14.2037037037,0.0000000000
86.6371579854,-13.7222222222,0.0000000000
86.6371579854,-13.2407407407,0.0000000000
86.6371579854,-12.7592592593,0.0000000000
86.6371579854,-12.2777777778,0.0000000000
86.6371579854,-11.7962962963,0.0000000000
86.6371579854,-11.3148148148,0.0000000000
86.6371579854,-10.8333333333,0.0000000000
86.6371579854,-10.3518518519,0.0000000000
86.6371579854,-9.8703703704,0.0000000000
86.6371579854,-9.3888888889,0.0000000000
86.6371579854,-8.9074074074,0.0000000000
86.6371579854,-8.4259259259,0.0000000000
86.6371579854,-7.9444444444,0.0000000000
86.6371579854,-7.4629629630,0.0000000000
86.6371579854,-6.9814814815,0.0000000000
86.6371579854,-6.5000000000,0.0000000000
86.6371579854,-6.0185185185,0.0000000000
86.6371579854,-5.5370370370,0.0000000000
86.6371579854,-5.0555555556,0.0000000000
86.6371579854,-4.5740740741,0.0000000000
86.6371579854,-4.0925925926,0.0000000000
86.6371579854,-3.6111111111,0.0000000000
86.6371579854,-3.1296296296,0.0000000000
86.6371579854,-2.6481481482,0.0000000000
86.6371579854,-2.1666666667,0.0000000000
86.6371579854,-1.6851851852,0.0000000000
86.6371579854,-1.2037037037,0.0000000000
86.6371579854,-0.7222222222,0.0000000000
86.6371579854,-0.2407407407,0.0000000000
86.6371579854,0.2407407407,0.0000000000
86.6371579854,0.7222222222,0.0000000000
86.6371579854,1.2037037037,0.0000000000
86.6371579854,1.6851851852,0.0000000000
86.6371579854,2.1666666667,0.0000000000
86.6371579854,2.6481481481,0.0000000000
86.6371579854,3.1296296296,0.0000000000
86.6371579854,3.6111111111,0.0000000000
86.6371579854,4.0925925926,0.0000000000
86.6371579854,4.5740740741,0.0000000000
86.6371579854,5.0555555556,0.0000000000
86.6371579854,5.5370370370,0.0000000000
86.6371579854,6.0185185185,0.0000000000
86.6371579854,6.5000000000,0.0000000000
86.6371579854,6.9814814815,0.0000000000
86.6371579854,7.4629629630,0.0000000000
86.6371579854,7.9444444444,0.0000000000
86.6371579854,8.4259259259,0.0000000000
86.6371579854,8.9074074074,0.0000000000
86.6371579854,9.3888888889,0.0000000000
86.6371579854,9.8703703704,0.0000000000
86.6371579854,10.3518518518,0.0000000000
86.6371579854,10.8333333333,0.0000000000
86.6371579854,11.3148148148,0.0000000000
86.6371579854,11.7962962963,0.0000000000
86.6371579854,12.2777777778,0.0000000000
86.6371579854,12.7592592593,0.0000000000
86.6371579854,13.2407407407,0.0000000000
86.6371579854,13.7222222222,0.0000000000
86.6371579854,14.2037037037,0.0000000000
86.6371579854,14.6851851852,0.0000000000
86.6371579854,15.1666666667,0.0000000000
86.6371579854,15.6481481481,0.0000000000
86.6371579854,16.1296296296,0.0000000000
86.6371579854,16.6111111111,0.0000000000
86.6371579854,17.0925925926,0.0000000000
86.6371579854,17.5740740741,0.0000000000
86.6371579854,18.0555555555,0.0000000000
86.6371579854,18.5370370370,0.0000000000
86.6371579854,19.0185185185,0.0000000000
86.6371579854,19.5000000000,0.0000000000
86.6371579854,19.9814814815,0.0000000000
86.6371579854,20.4629629630,0.0000000000
86.6371579854,20.9444444444,0.0000000000
86.6371579854,21.4259259259,0.0000000000
86.6371579854,21.9074074074,0.0000000000
86.6371579854,22.3888888889,0.0000000000
86.6371579854,22.8703703704,0.0000000000
86.6371579854,23.3518518518,0.0000000000
86.6371579854,23.8333333333,0.0000000000
86.6371579854,24.3148148148,0.0000000000
86.6371579854,24.7962962963,0.0000000000
86.6371579854,25.2777777778,0.0000000000
86.6371579854,25.7592592593,0.0000000000
86.6371579854,26.2407407407,0.0000000000
86.6371579854,26.7222222222,0.0000000000
86.6371579854,27.2037037037,0.0000000000
86.6371579854,27.6851851852,0.0000000000
86.6371579854,28.1666666667,0.0000000000
86.6371579854,28.6481481481,0.0000000000
86.6371579854,29.1296296296,0.0000000000
86.6371579854,29.6111111111,0.0000000000
86.6371579854,30.0925925926,0.0000000000
86.6371579854,30.5740740741,0.0000000000
86.6371579854,31.0555555555,0.0000000000
86.6371579854,31.5370370370,0.0000000000
86.6371579854,32.0185185185,0.0000000000
-129.9645962256,-32.2592592593,0.0000000000
-129.9822981128,-32.0185185185,0.0000000000
-129.9822981128,-32.2592592593,0.0000000000
-129.9645962256,-31.7777777778,0.0000000000
-129.9822981128,-31.5370370370,0.0000000000
-129.9822981128,-31.7777777778,0.0000000000
-129.9645962256,-31.2962962963,0.0000000000
-129.9822981128,-31.0555555556,0.0000000000
-129.9822981128,-31.2962962963,0.0000000000
-129.9645962256,-30.8148148148,0.0000000000
-129.9822981128,-30.5740740741,0.0000000000
-129.9822981128,-30.8148148148,0.0000000000
-129.9645962256,-30.3333333333,0.0000000000
-129.9822981128,-30.0925925926,0.0000000000
-129.9822981128,-30.3333333333,0.0000000000
-129.9645962256,-29.8518518519,0.0000000000
-129.9822981128,-29.6111111111,0.0000000000
-129.9822981128,-29.8518518519,0.0000000000
-129.9645962256,-29.3703703704,0.0000000000
-129.9822981128,-29.1296296296,0.0000000000
-129.9822981128,-29.3703703704,0.0000000000
-129.9645962256,-28.8888888889,0.0000000000
-129.9822981128,-28.6481481481,0.0000000000
-129.9822981128,-28.8888888889,0.0000000000
-129.9645962256,-28.4074074074,0.0000000000
-129.9822981128,-28.1666666667,0.0000000000
-129.9822981128,-28.4074074074,0.0000000000
-129.9645962256,-27.9259259259,0.0000000000
-129.9822981128,-27.6851851852,0.0000000000
-129.9822981128,-27.9259259259,0.0000000000
-129.9645962256,-27.4444444444,0.0000000000
-129.9822981128,-27.2037037037,0.0000000000
-129.9822981128,-27.4444444444,0.0000000000
-129.9645962256,-26.9629629630,0.0000000000
-129.9822981128,-26.7222222222,0.0000000000
-129.9822981128,-26.9629629630,0.0000000000
-129.9645962256,-26.4814814815,0.0000000000
-129.9822981128,-26.2407407407,0.0000000000
-129.9822981128,-26.4814814815,0.0000000000
-129.9645962256,-26.0000000000,0.0000000000
-129.9822981128,-25.7592592593,0.0000000000
-129.9822981128,-26.0000000000,0.0000000000
-129.9645962256,-25.5185185185,0.0000000000
-129.9822981128,-25.2777777778,0.0000000000
-129.9822981128,-25.5185185185,0.0000000000
-129.9645962256,-25.0370370370,0.0000000000
-129.9822981128,-24.7962962963,0.0000000000
-129.9822981128,-25.0370370370,0.0000000000
-129.9645962256,-24.5555555556,0.0000000000
-129.9822981128,-24.3148148148,0.0000000000
-129.9822981128,-24.5555555556,0.0000000000
-129.9645962256,-24.0740740741,0.0000000000
-129.9822981128,-23.8333333333,0.0000000000
-129.9822981128,-24.0740740741,0.0000000000
-129.9645962256,-23.5925925926,0.0000000000
-129.9822981128,-23.3518518519,0.0000000000
-129.9822981128,-23.5925925926,0.0000000000
-129.9645962256,-23.1111111111,0.0000000000
-129.9822981128,-22.8703703704,0.0000000000
-129.9822981128,-23.1111111111,0.0000000000
-129.9645962256,-22.6296296296,0.0000000000
-129.9822981128,-22.3888888889,0.0000000000
-129.9822981128,-22.6296296296,0.0000000000
-129.9645962256,-22.1481481481,0.0000000000
-129.9822981128,-21.9074074074,0.0000000000
-129.9822981128,-22.1481481481,0.0000000000
-129.9645962256,-21.6666666667,0.0000000000
-129.9822981128,-21.4259259259,0.0000000000
-129.9822981128,-21.6666666667,0.0000000000
-129.9645962256,-21.1851851852,0.0000000000
-129.9822981128,-20.9444444444,0.0000000000
-129.9822981128,-21.1851851852,0.0000000000
-129.9645962256,-20.7037037037,0.0000000000
-129.9822981128,-20.4629629630,0.0000000000
-129.9822981128,-20.7037037037,0.0000000000
-129.9645962256,-20.2222222222,0.0000000000
-129.9822981128,-19.9814814815,0.0000000000
-129.9822981128,-20.2222222222,0.0000000000
-129.9645962256,-19.7407407407,0.0000000000
-129.9822981128,-19.5000000000,0.0000000000
-129.9822981128,-19.7407407407,0.0000000000
-129.9645962256,-19.2592592593,0.0000000000
-129.9822981128,-19.0185185185,0.0000000000
-129.9822981128,-19.2592592593,0.0000000000
-129.9645962256,-18.7777777778,0.0000000000
-129.9822981128,-18.5370370370,0.0000000000
-129.9822981128,-18.7777777778,0.0000000000
-129.9645962256,-18.2962962963,0.0000000000
-129.9822981128,-18.0555555556,0.0000000000
-129.9822981128,-18.2962962963,0.0000000000
-129.9645962256,-17.8148148148,0.0000000000
-129.9822981128,-17.5740740741,0.0000000000
-129.9822981128,-17.8148148148,0.0000000000
-129.9645962256,-17.3333333333,0.0000000000
-129.9822981128,-17.0925925926,0.0000000000
-129.9822981128,-17.3333333333,0.0000000000
-129.9645962256,-16.8518518519,0.0000000000
-129.9822981128,-16.6111111111,0.0000000000
-129.9822981128,-16.8518518519,0.0000000000
-129.9645962256,-16.3703703704,0.0000000000
-129.9822981128,-16.1296296296,0.0000000000
-129.9822981128,-16.3703703704,0.0000000000
-129.9645962256,-15.8888888889,0.0000000000
-129.9822981128,-15.6481481482,0.0000000000
-129.9822981128,-15.8888888889,0.0000000000
-129.9645962256,-15.4074074074,0.0000000000
-129.9822981128,-15.1666666667,0.0000000000
-129.9822981128,-15.4074074074,0.0000000000
-129.9645962256,-14.9259259259,0.0000000000
-129.9822981128,-14.6851851852,0.0000000000
-129.9822981128,-14.9259259259,0.0000000000
-129.9645962256,-14.4444444444,0.0000000000
-129.9822981128,-14.2037037037,0.0000000000
-129.9822981128,-14.4444444444,0.0000000000
-129.9645962256,-13.9629629630,0.0000000000
-129.9822981128,-13.7222222222,0.0000000000
-129.9822981128,-13.9629629630,0.0000000000
-129.9645962256,-13.4814814815,0.0000000000
-129.9822981128,-13.2407407407,0.0000000000
-129.9822981128,-13.4814814815,0.0000000000
-129.9645962256,-13.0000000000,0.0000000000
-129.9822981128,-12.7592592593,0.0000000000
-129.9822981128,-13.0000000000,0.0000000000
-129.9645962256,-12.5185185185,0.0000000000
-129.9822981128,-12.2777777778,0.0000000000
-129.9822981128,-12.5185185185,0.0000000000
-129.9645962256,-12.0370370370,0.0000000000
-129.9822981128,-11.7962962963,0.0000000000
-129.9822981128,-12.0370370370,0.0000000000
-129.9645962256,-11.5555555556,0.0000000000
-129.9822981128,-11.3148148148,0.0000000000
-129.9822981128,-11.5555555556,0.0000000000
-129.9645962256,-11.0740740741,0.0000000000
-129.9822981128,-10.8333333333,0.0000000000
-129.9822981128,-11.0740740741,0.0000000000
-129.9645962256,-10.5925925926,0.0000000000
-129.9822981128,-10.3518518519,0.0000000000
-129.9822981128,-10.5925925926,0.0000000000
-129.9645962256,-10.1111111111,0.0000000000
-129.9822981128,-9.8703703704,0.0000000000
-129.9822981128,-10.1111111111,0.0000000000
-129.9645962256,-9.6296296296,0.0000000000
-129.9822981128,-9.3888888889,0.0000000000
-129.9822981128,-9.6296296296,0.0000000000
-129.9645962256,-9.1481481482,0.0000000000
-129.9822981128,-8.9074074074,0.0000000000
-129.9822981128,-9.1481481482,0.0000000000
-129.9645962256,-8.6666666667,0.0000000000
-129.9822981128,-8.4259259259,0.0000000000
-129.9822981128,-8.6666666667,0.0000000000
-129.9645962256,-8.1851851852,0.0000000000
-129.9822981128,-7.9444444444,0.0000000000
-129.9822981128,-8.1851851852,0.0000000000
-129.9645962256,-7.7037037037,0.0000000000
-129.9822981128,-7.4629629630,0.0000000000
-129.9822981128,-7.7037037037,0.0000000000
-129.9645962256,-7.2222222222,0.0000000000
-129.9822981128,-6.9814814815,0.0000000000
-129.9822981128,-7.2222222222,0.0000000000
-129.9645962256,-6.7407407407,0.0000000000
-129.9822981128,-6.5000000000,0.0000000000
-129.9822981128,-6.7407407407,0.0000000000
-129.9645962256,-6.2592592593,0.0000000000
-129.9822981128,-6.0185185185,0.0000000000
-129.9822981128,-6.2592592593,0.0000000000
-129.9645962256,-5.7777777778,0.0000000000
-129.9822981128,-5.5370370370,0.0000000000
-129.9822981128,-5.7777777778,0.0000000000
-129.9645962256,-5.2962962963,0.0000000000
-129.9822981128,-5.0555555556,0.0000000000
-129.9822981128,-5.2962962963,0.0000000000
-129.9645962256,-4.8148148148,0.0000000000
-129.9822981128,-4.5740740741,0.0000000000
-129.9822981128,-4.8148148148,0.0000000000
-129.9645962256,-4.3333333333,0.0000000000
-129.9822981128,-4.0925925926,0.0000000000
-129.9822981128,-4.3333333333,0.0000000000
-129.9645962256,-3.8518518519,0.0000000000
-129.9822981128,-3.6111111111,0.0000000000
-129.9822981128,-3.8518518519,0.0000000000
-129.9645962256,-3.3703703704,0.0000000000
-129.9822981128,-3.1296296296,0.0000000000
-129.9822981128,-3.3703703704,0.0000000000
-129.9645962256,-2.8888888889,0.0000000000
-129.9822981128,-2.6481481482,0.0000000000
-129.9822981128,-2.8888888889,0.0000000000
-129.9645962256,-2.4074074074,0.0000000000
-129.9822981128,-2.1666666667,0.0000000000
-129.9822981128,-2.4074074074,0.0000000000
-129.9645962256,-1.9259259259,0.0000000000
-129.9822981128,-1.6851851852,0.0000000000
-129.9822981128,-1.9259259259,0.0000000000
-129.9645962256,-1.4444444444,0.0000000000
-129.9822981128,-1.2037037037,0.0000000000
-129.9822981128,-1.4444444444,0.0000000000
-129.9645962256,-0.9629629630,0.0000000000
-129.9822981128,-0.7222222222,0.0000000000
-129.9822981128,-0.9629629630,0.0000000000
-129.9645962256,-0.4814814815,0.0000000000
-129.9822981128,-0.2407407407,0.0000000000
-129.9822981128,-0.4814814815,0.0000000000
-129.9645962256,-0.0000000000,0.0000000000
-129.9822981128,0.2407407407,0.0000000000
-129.9822981128,-0.0000000000,0.0000000000
-129.9645962256,0.4814814815,0.0000000000
-129.9822981128,0.7222222222,0.0000000000
-129.9822981128,0.4814814815,0.0000000000
-129.9645962256,0.9629629630,0.0000000000
-129.9822981128,1.2037037037,0.0000000000
-129.9822981128,0.9629629630,0.0000000000
-129.9645962256,1.4444444444,0.0000000000
-129.9822981128,1.6851851852,0.0000000000
-129.9822981128,1.4444444444,0.0000000000
-129.9645962256,1.9259259259,0.0000000000
-129.9822981128,2.1666666667,0.0000000000
-129.9822981128,1.9259259259,0.0000000000
-129.9645962256,2.4074074074,0.0000000000
-129.9822981128,2.6481481481,0.0000000000
-129.9822981128,2.4074074074,0.0000000000
-129.9645962256,2.8888888889,0.0000000000
-129.9822981128,3.1296296296,0.0000000000
-129.9822981128,2.8888888889,0.0000000000
-129.9645962256,3.3703703704,0.0000000000
-129.9822981128,3.6111111111,0.0000000000
-129.9822981128,3.3703703704,0.0000000000
-129.9645962256,3.8518518518,0.0000000000
-129.9822981128,4.0925925926,0.0000000000
-129.9822981128,3.8518518518,0.0000000000
-129.9645962256,4.3333333333,0.0000000000
-129.9822981128,4.5740740741,0.0000000000
-129.9822981128,4.3333333333,0.0000000000
-129.9645962256,4.8148148148,0.0000000000
-129.9822981128,5.0555555556,0.0000000000
-129.9822981128,4.8148148148,0.0000000000
-129.9645962256,5.2962962963,0.0000000000
-129.9822981128,5.5370370370,0.0000000000
-129.9822981128,5.2962962963,0.0000000000
-129.9645962256,5.7777777778,0.0000000000
-129.9822981128,6.0185185185,0.0000000000
-129.9822981128,5.7777777778,0.0000000000
-129.9645962256,6.2592592593,0.0000000000
-129.9822981128,6.5000000000,0.0000000000
-129.9822981128,6.2592592593,0.0000000000
-129.9645962256,6.7407407407,0.0000000000
-129.9822981128,6.9814814815,0.0000000000
-129.9822981128,6.7407407407,0.0000000000
-129.9645962256,7.2222222222,0.0000000000
-129.9822981128,7.4629629630,0.0000000000
-129.9822981128,7.2222222222,0.0000000000
-129.9645962256,7.7037037037,0.0000000000
-129.9822981128,7.9444444444,0.0000000000
-129.9822981128,7.7037037037,0.0000000000
-129.9645962256,8.1851851852,0.0000000000
-129.9822981128,8.4259259259,0.0000000000
-129.9822981128,8.1851851852,0.0000000000
-129.9645962256,8.6666666667,0.0000000000
-129.9822981128,8.9074074074,0.0000000000
-129.9822981128,8.6666666667,0.0000000000
-129.9645962256,9.1481481481,0.0000000000
-129.9822981128,9.3888888889,0.0000000000
-129.9822981128,9.1481481481,0.0000000000
-129.9645962256,9.6296296296,0.0000000000
-129.9822981128,9.8703703704,0.0000000000
-129.9822981128,9.6296296296,0.0000000000
-129.9645962256,10.1111111111,0.0000000000
-129.9822981128,10.3518518518,0.0000000000
-129.9822981128,10.1111111111,0.0000000000
-129.9645962256,10.5925925926,0.0000000000
-129.9822981128,10.8333333333,0.0000000000
-129.9822981128,10.5925925926,0.0000000000
-129.9645962256,11.0740740741,0.0000000000
-129.9822981128,11.3148148148,0.0000000000
-129.9822981128,11.0740740741,0.0000000000
-129.9645962256,11.5555555555,0.0000000000
-129.9822981128,11.7962962963,0.0000000000
-129.9822981128,11.5555555555,0.0000000000
-129.9645962256,12.0370370370,0.0000000000
-129.9822981128,12.2777777778,0.0000000000
-129.9822981128,12.0370370370,0.0000000000
-129.9645962256,12.5185185185,0.0000000000
-129.9822981128,12.7592592593,0.0000000000
-129.9822981128,12.5185185185,0.0000000000
-129.9645962256,13.0000000000,0.0000000000
-129.9822981128,13.2407407407,0.0000000000
-129.9822981128,13.0000000000,0.0000000000
-129.9645962256,13.4814814815,0.0000000000
-129.9822981128,13.7222222222,0.0000000000
-129.9822981128,13.4814814815,0.0000000000
-129.9645962256,13.9629629630,0.0000000000
-129.9822981128,14.2037037037,0.0000000000
-129.9822981128,13.9629629630,0.0000000000
-129.9645962256,14.4444444444,0.0000000000
-129.9822981128,14.6851851852,0.0000000000
-129.9822981128,14.4444444444,0.0000000000
-129.9645962256,14.9259259259,0.0000000000
-129.9822981128,15.1666666667,0.0000000000
-129.9822981128,14.9259259259,0.0000000000
-129.9645962256,15.4074074074,0.0000000000
-129.9822981128,15.6481481481,0.0000000000
-129.9822981128,15.4074074074,0.0000000000
-129.9645962256,15.8888888889,0.0000000000
-129.9822981128,16.1296296296,0.0000000000
-129.9822981128,15.8888888889,0.0000000000
-129.9645962256,16.3703703704,0.0000000000
-129.9822981128,16.6111111111,0.0000000000
-129.9822981128,16.3703703704,0.0000000000
-129.9645962256,16.8518518518,0.0000000000
-129.9822981128,17.0925925926,0.0000000000
-129.9822981128,16.8518518518,0.0000000000
-129.9645962256,17.3333333333,0.0000000000
-129.9822981128,17.5740740741,0.0000000000
-129.9822981128,17.3333333333,0.0000000000
-129.9645962256,17.8148148148,0.0000000000
-129.9822981128,18.0555555555,0.0000000000
-129.9822981128,17.8148148148,0.0000000000
-129.9645962256,18.2962962963,0.0000000000
-129.9822981128,18.5370370370,0.0000000000
-129.9822981128,18.2962962963,0.0000000000
-129.9645962256,18.7777777778,0.0000000000
-129.9822981128,19.0185185185,0.0000000000
-129.9822981128,18.7777777778,0.0000000000
-129.9645962256,19.2592592593,0.0000000000
-129.9822981128,19.5000000000,0.0000000000
-129.9822981128,19.2592592593,0.0000000000
-129.9645962256,19.7407407407,0.0000000000
-129.9822981128,19.9814814815,0.0000000000
-129.9822981128,19.7407407407,0.0000000000
-129.9645962256,20.2222222222,0.0000000000
-129.9822981128,20.4629629630,0.0000000000
-129.9822981128,20.2222222222,0.0000000000
-129.9645962256,20.7037037037,0.0000000000
-129.9822981128,20.9444444444,0.0000000000
-129.9822981128,20.7037037037,0.0000000000
-129.9645962256,21.1851851852,0.0000000000
-129.9822981128,21.4259259259,0.0000000000
-129.9822981128,21.1851851852,0.0000000000
-129.9645962256,21.6666666667,0.0000000000
-129.9822981128,21.9074074074,0.0000000000
-129.9822981128,21.6666666667,0.0000000000
-129.9645962256,22.1481481481,0.0000000000
-129.9822981128,22.3888888889,0.0000000000
-129.9822981128,22.1481481481,0.0000000000
-129.9645962256,22.6296296296,0.0000000000
-129.9822981128,22.8703703704,0.0000000000
-129.9822981128,22.6296296296,0.0000000000
-129.9645962256,23.1111111111,0.0000000000
-129.9822981128,23.3518518518,0.0000000000
-129.9822981128,23.1111111111,0.0000000000
-129.9645962256,23.5925925926,0.0000000000
-129.9822981128,23.8333333333,0.0000000000
-129.9822981128,23.5925925926,0.0000000000
-129.9645962256,24.0740740741,0.0000000000
-129.9822981128,24.3148148148,0.0000000000
-129.9822981128,24.0740740741,0.0000000000
-129.9645962256,24.5555555555,0.0000000000
-129.9822981128,24.7962962963,0.0000000000
-129.9822981128,24.5555555555,0.0000000000
-129.9645962256,25.0370370370,0.0000000000
-129.9822981128,25.2777777778,0.0000000000
-129.9822981128,25.0370370370,0.0000000000
-129.9645962256,25.5185185185,0.0000000000
-129.9822981128,25.7592592593,0.0000000000
-129.9822981128,25.5185185185,0.0000000000
-129.9645962256,26.0000000000,0.0000000000
-129.9822981128,26.2407407407,0.0000000000
-129.9822981128,26.0000000000,0.0000000000
-129.9645962256,26.4814814815,0.0000000000
-129.9822981128,26.7222222222,0.0000000000
-129.9822981128,26.4814814815,0.0000000000
-129.9645962256,26.9629629630,0.0000000000
-129.9822981128,27.2037037037,0.0000000000
-129.9822981128,26.9629629630,0.0000000000
-129.9645962256,27.4444444444,0.0000000000
-129.9822981128,27.6851851852,0.0000000000
-129.9822981128,27.4444444444,0.0000000000
-129.9645962256,27.9259259259,0.0000000000
-129.9822981128,28.1666666667,0.0000000000
-129.9822981128,27.9259259259,0.0000000000
-129.9645962256,28.4074074074,0.0000000000
-129.9822981128,28.6481481481,0.0000000000
-129.9822981128,28.4074074074,0.0000000000
-129.9645962256,28.8888888889,0.0000000000
-129.9822981128,29.1296296296,0.0000000000
-129.9822981128,28.8888888889,0.0000000000
-129.9645962256,29.3703703704,0.0000000000
-129.9822981128,29.6111111111,0.0000000000
-129.9822981128,29.3703703704,0.0000000000
-129.9645962256,29.8518518518,0.0000000000
-129.9822981128,30.0925925926,0.0000000000
-129.9822981128,29.8518518518,0.0000000000
-129.9645962256,30.3333333333,0.0000000000
-129.9822981128,30.5740740741,0.0000000000
-129.9822981128,30.3333333333,0.0000000000
-129.9645962256,30.8148148148,0.0000000000
-129.9822981128,31.0555555555,0.0000000000
-129.9822981128,30.8148148148,0.0000000000
-129.9645962256,31.2962962963,0.0000000000
-129.9822981128,31.5370370370,0.0000000000
-129.9822981128,31.2962962963,0.0000000000
-129.9645962256,31.7777777778,0.0000000000
-129.9822981128,32.0185185185,0.0000000000
-129.9822981128,31.7777777778,0.0000000000
-129.9645962256,32.2592592593,0.0000000000
-129.9822981128,32.2592592593,0.0000000000
-129.9221118269,-32.2592592593,0.0000000000
-129.9433540263,-32.0185185185,0.0000000000
-129.9433540263,-32.2592592593,0.0000000000
-129.9221118269,-31.7777777778,0.0000000000
-129.9433540263,-31.5370370370,0.0000000000
-129.9433540263,-31.7777777778,0.0000000000
-129.9221118269,-31.2962962963,0.0000000000
-129.9433540263,-31.0555555556,0.0000000000
-129.9433540263,-31.2962962963,0.0000000000
-129.9221118269,-30.8148148148,0.0000000000
-129.9433540263,-30.5740740741,0.0000000000
-129.9433540263,-30.8148148148,0.0000000000
-129.9221118269,-30.3333333333,0.0000000000
-129.9433540263,-30.0925925926,0.0000000000
-129.9433540263,-30.3333333333,0.0000000000
-129.9221118269,-29.8518518519,0.0000000000
-129.9433540263,-29.6111111111,0.0000000000
-129.9433540263,-29.8518518519,0.0000000000
-129.9221118269,-29.3703703704,0.0000000000
-129.9433540263,-29.1296296296,0.0000000000
-129.9433540263,-29.3703703704,0.0000000000
-129.9221118269,-28.8888888889,0.0000000000
-129.9433540263,-28.6481481481,0.0000000000
-129.9433540263,-28.8888888889,0.0000000000
-129.9221118269,-28.4074074074,0.0000000000
-129.9433540263,-28.1666666667,0.0000000000
-129.9433540263,-28.4074074074,0.0000000000
-129.9221118269,-27.9259259259,0.0000000000
-129.9433540263,-27.6851851852,0.0000000000
-129.9433540263,-27.9259259259,0.0000000000
-129.9221118269,-27.4444444444,0.0000000000
-129.9433540263,-27.2037037037,0.0000000000
-129.9433540263,-27.4444444444,0.0000000000
-129.9221118269,-26.9629629630,0.0000000000
-129.9433540263,-26.7222222222,0.0000000000
-129.9433540263,-26.9629629630,0.0000000000
-129.9221118269,-26.4814814815,0.0000000000
-129.9433540263,-26.2407407407,0.0000000000
-129.9433540263,-26.4814814815,0.0000000000
-129.9221118269,-26.0000000000,0.0000000000
-129.9433540263,-25.7592592593,0.0000000000
-129.9433540263,-26.0000000000,0.0000000000
-129.9221118269,-25.5185185185,0.0000000000
-129.9433540263,-25.2777777778,0.0000000000
-129.9433540263,-25.5185185185,0.0000000000
-129.9221118269,-25.0370370370,0.0000000000
-129.9433540263,-24.7962962963,0.0000000000
-129.9433540263,-25.0370370370,0.0000000000
-129.9221118269,-24.5555555556,0.0000000000
-129.9433540263,-24.3148148148,0.0000000000
-129.9433540263,-24.5555555556,0.0000000000
-129.9221118269,-24.0740740741,0.0000000000
-129.9433540263,-23.8333333333,0.0000000000
-129.9433540263,-24.0740740741,0.0000000000
-129.9221118269,-23.5925925926,0.0000000000
-129.9433540263,-23.3518518519,0.0000000000
-129.9433540263,-23.5925925926,0.0000000000
-129.9221118269,-23.1111111111,0.0000000000
-129.9433540263,-22.8703703704,0.0000000000
-129.9433540263,-23.1111111111,0.0000000000
-129.9221118269,-22.6296296296,0.0000000000
-129.9433540263,-22.3888888889,0.0000000000
-129.9433540263,-22.6296296296,0.0000000000
-129.9221118269,-22.1481481481,0.0000000000
-129.9433540263,-21.9074074074,0.0000000000
-129.9433540263,-22.1481481481,0.0000000000
-129.9221118269,-21.6666666667,0.0000000000
-129.9433540263,-21.4259259259,0.0000000000
-129.9433540263,-21.6666666667,0.0000000000
-129.9221118269,-21.1851851852,0.0000000000
-129.9433540263,-20.9444444444,0.0000000000
-129.9433540263,-21.1851851852,0.0000000000
-129.9221118269,-20.7037037037,0.0000000000
-129.9433540263,-20.4629629630,0.0000000000
-129.9433540263,-20.7037037037,0.0000000000
-129.9221118269,-20.2222222222,0.0000000000
-129.9433540263,-19.9814814815,0.0000000000
-129.9433540263,-20.2222222222,0.0000000000
-129.9221118269,-19.7407407407,0.0000000000
-129.9433540263,-19.5000000000,0.0000000000
-129.9433540263,-19.7407407407,0.0000000000
-129.9221118269,-19.2592592593,0.0000000000
-129.9433540263,-19.0185185185,0.0000000000
-129.9433540263,-19.2592592593,0.0000000000
-129.9221118269,-18.7777777778,0.0000000000
-129.9433540263,-18.5370370370,0.0000000000
-129.9433540263,-18.7777777778,0.0000000000
-129.9221118269,-18.2962962963,0.0000000000
-129.9433540263,-18.0555555556,0.0000000000
-129.9433540263,-18.2962962963,0.0000000000
-129.9221118269,-17.8148148148,0.0000000000
-129.9433540263,-17.5740740741,0.0000000000
-129.9433540263,-17.8148148148,0.0000000000
-129.9221118269,-17.3333333333,0.0000000000
-129.9433540263,-17.0925925926,0.0000000000
-129.9433540263,-17.3333333333,0.0000000000
-129.9221118269,-16.8518518519,0.0000000000
-129.9433540263,-16.6111111111,0.0000000000
-129.9433540263,-16.8518518519,0.0000000000
-129.9221118269,-16.3703703704,0.0000000000
-129.9433540263,-16.1296296296,0.0000000000
-129.9433540263,-16.3703703704,0.0000000000
-129.9221118269,-15.8888888889,0.0000000000
-129.9433540263,-15.6481481482,0.0000000000
-129.9433540263,-15.8888888889,0.0000000000
-129.9221118269,-15.4074074074,0.0000000000
-129.9433540263,-15.1666666667,0.0000000000
-129.9433540263,-15.4074074074,0.0000000000
-129.9221118269,-14.9259259259,0.0000000000
-129.9433540263,-14.6851851852,0.0000000000
-129.9433540263,-14.9259259259,0.0000000000
-129.9221118269,-14.4444444444,0.0000000000
-129.9433540263,-14.2037037037,0.0000000000
-129.9433540263,-14.4444444444,0.0000000000
-129.9221118269,-13.9629629630,0.0000000000
-129.9433540263,-13.7222222222,0.0000000000
-129.9433540263,-13.9629629630,0.0000000000
-129.9221118269,-13.4814814815,0.0000000000
-129.9433540263,-13.2407407407,0.0000000000
-129.9433540263,-13.4814814815,0.0000000000
-129.9221118269,-13.0000000000,0.0000000000
-129.9433540263,-12.7592592593,0.0000000000
-129.9433540263,-13.0000000000,0.0000000000
-129.9221118269,-12.5185185185,0.0000000000
-129.9433540263,-12.2777777778,0.0000000000
-129.9433540263,-12.5185185185,0.0000000000
-129.9221118269,-12.0370370370,0.0000000000
-129.9433540263,-11.7962962963,0.0000000000
-129.9433540263,-12.0370370370,0.0000000000
-129.9221118269,-11.5555555556,0.0000000000
-129.9433540263,-11.3148148148,0.0000000000
-129.9433540263,-11.5555555556,0.0000000000
-129.9221118269,-11.0740740741,0.0000000000
-129.9433540263,-10.8333333333,0.0000000000
-129.9433540263,-11.0740740741,0.0000000000
-129.9221118269,-10.5925925926,0.0000000000
-129.9433540263,-10.3518518519,0.0000000000
-129.9433540263,-10.5925925926,0.0000000000
-129.9221118269,-10.1111111111,0.0000000000
-129.9433540263,-9.8703703704,0.0000000000
-129.9433540263,-10.1111111111,0.0000000000
-129.9221118269,-9.6296296296,0.0000000000
-129.9433540263,-9.3888888889,0.0000000000
-129.9433540263,-9.6296296296,0.0000000000
-129.9221118269,-9.1481481482,0.0000000000
-129.9433540263,-8.9074074074,0.0000000000
-129.9433540263,-9.1481481482,0.0000000000
-129.9221118269,-8.6666666667,0.0000000000
-129.9433540263,-8.4259259259,0.0000000000
-129.9433540263,-8.6666666667,0.0000000000
-129.9221118269,-8.1851851852,0.0000000000
-129.9433540263,-7.9444444444,0.0000000000
-129.9433540263,-8.1851851852,0.0000000000
-129.9221118269,-7.7037037037,0.0000000000
-129.9433540263,-7.4629629630,0.0000000000
-129.9433540263,-7.7037037037,0.0000000000
-129.9221118269,-7.2222222222,0.0000000000
-129.9433540263,-6.9814814815,0.0000000000
-129.9433540263,-7.2222222222,0.0000000000
-129.9221118269,-6.7407407407,0.0000000000
-129.9433540263,-6.5000000000,0.0000000000
-129.9433540263,-6.7407407407,0.0000000000
-129.9221118269,-6.2592592593,0.0000000000
-129.9433540263,-6.0185185185,0.0000000000
-129.9433540263,-6.2592592593,0.0000000000
-129.9221118269,-5.7777777778,0.0000000000
-129.9433540263,-5.5370370370,0.0000000000
-129.9433540263,-5.7777777778,0.0000000000
-129.9221118269,-5.2962962963,0.0000000000
-129.9433540263,-5.0555555556,0.0000000000
-129.9433540263,-5.2962962963,0.0000000000
-129.9221118269,-4.8148148148,0.0000000000
-129.9433540263,-4.5740740741,0.0000000000
-129.9433540263,-4.8148148148,0.0000000000
-129.9221118269,-4.3333333333,0.0000000000
-129.9433540263,-4.0925925926,0.0000000000
-129.9433540263,-4.3333333333,0.0000000000
-129.9221118269,-3.8518518519,0.0000000000
-129.9433540263,-3.6111111111,0.0000000000
-129.9433540263,-3.8518518519,0.0000000000
-129.9221118269,-3.3703703704,0.0000000000
-129.9433540263,-3.1296296296,0.0000000000
-129.9433540263,-3.3703703704,0.0000000000
-129.9221118269,-2.8888888889,0.0000000000
-129.9433540263,-2.6481481482,0.0000000000
-129.9433540263,-2.8888888889,0.0000000000
-129.9221118269,-2.4074074074,0.0000000000
-129.9433540263,-2.1666666667,0.0000000000
-129.9433540263,-2.4074074074,0.0000000000
-129.9221118269,-1.9259259259,0.0000000000
-129.9433540263,-1.6851851852,0.0000000000
-129.9433540263,-1.9259259259,0.0000000000
-129.9221118269,-1.4444444444,0.0000000000
-129.9433540263,-1.2037037037,0.0000000000
-129.9433540263,-1.4444444444,0.0000000000
-129.9221118269,-0.9629629630,0.0000000000
-129.9433540263,-0.7222222222,0.0000000000
-129.9433540263,-0.9629629630,0.0000000000
-129.9221118269,-0.4814814815,0.0000000000
-129.9433540263,-0.2407407407,0.0000000000
-129.9433540263,-0.4814814815,0.0000000000
-129.9221118269,-0.0000000000,0.0000000000
-129.9433540263,0.2407407407,0.0000000000
-129.9433540263,-0.0000000000,0.0000000000
-129.9221118269,0.4814814815,0.0000000000
-129.9433540263,0.7222222222,0.0000000000
-129.9433540263,0.4814814815,0.0000000000
-129.9221118269,0.9629629630,0.0000000000
-129.9433540263,1.2037037037,0.0000000000
-129.9433540263,0.9629629630,0.0000000000
-129.9221118269,1.4444444444,0.0000000000
-129.9433540263,1.6851851852,0.0000000000
-129.9433540263,1.4444444444,0.0000000000
-129.9221118269,1.9259259259,0.0000000000
-129.9433540263,2.1666666667,0.0000000000
-129.9433540263,1.9259259259,0.0000000000
-129.9221118269,2.4074074074,0.0000000000
-129.9433540263,2.6481481481,0.0000000000
-129.9433540263,2.4074074074,0.0000000000
-129.9221118269,2.8888888889,0.0000000000
-129.9433540263,3.1296296296,0.0000000000
-129.9433540263,2.8888888889,0.0000000000
-129.9221118269,3.3703703704,0.0000000000
-129.9433540263,3.6111111111,0.0000000000
-129.9433540263,3.3703703704,0.0000000000
-129.9221118269,3.8518518518,0.0000000000
-129.9433540263,4.0925925926,0.0000000000
-129.9433540263,3.8518518518,0.0000000000
-129.9221118269,4.3333333333,0.0000000000
-129.9433540263,4.5740740741,0.0000000000
-129.9433540263,4.3333333333,0.0000000000
-129.9221118269,4.8148148148,0.0000000000
-129.9433540263,5.0555555556,0.0000000000
-129.9433540263,4.8148148148,0.0000000000
-129.9221118269,5.2962962963,0.0000000000
-129.9433540263,5.5370370370,0.0000000000
-129.9433540263,5.2962962963,0.0000000000
-129.9221118269,5.7777777778,0.0000000000
-129.9433540263,6.0185185185,0.0000000000
-129.9433540263,5.7777777778,0.0000000000
-129.9221118269,6.2592592593,0.0000000000
-129.9433540263,6.5000000000,0.0000000000
-129.9433540263,6.2592592593,0.0000000000
-129.9221118269,6.7407407407,0.0000000000
-129.9433540263,6.9814814815,0.0000000000
-129.9433540263,6.7407407407,0.0000000000
-129.9221118269,7.2222222222,0.0000000000
-129.9433540263,7.4629629630,0.0000000000
-129.9433540263,7.2222222222,0.0000000000
-129.9221118269,7.7037037037,0.0000000000
-129.9433540263,7.9444444444,0.0000000000
-129.9433540263,7.7037037037,0.0000000000
-129.9221118269,8.1851851852,0.0000000000
-129.9433540263,8.4259259259,0.0000000000
-129.9433540263,8.1851851852,0.0000000000
-129.9221118269,8.6666666667,0.0000000000
-129.9433540263,8.9074074074,0.0000000000
-129.9433540263,8.6666666667,0.0000000000
-129.9221118269,9.1481481481,0.0000000000
-129.9433540263,9.3888888889,0.0000000000
-129.9433540263,9.1481481481,0.0000000000
-129.9221118269,9.6296296296,0.0000000000
-129.9433540263,9.8703703704,0.0000000000
-129.9433540263,9.6296296296,0.0000000000
-129.9221118269,10.1111111111,0.0000000000
-129.9433540263,10.3518518518,0.0000000000
-129.9433540263,10.1111111111,0.0000000000
-129.9221118269,10.5925925926,0.0000000000
-129.9433540263,10.8333333333,0.0000000000
-129.9433540263,10.5925925926,0.0000000000
-129.9221118269,11.0740740741,0.0000000000
-129.9433540263,11.3148148148,0.0000000000
-129.9433540263,11.0740740741,0.0000000000
-129.9221118269,11.5555555555,0.0000000000
-129.9433540263,11.7962962963,0.0000000000
-129.9433540263,11.5555555555,0.0000000000
-129.9221118269,12.0370370370,0.0000000000
-129.9433540263,12.2777777778,0.0000000000
-129.9433540263,12.0370370370,0.0000000000
-129.9221118269,12.5185185185,0.0000000000
-129.9433540263,12.7592592593,0.0000000000
-129.9433540263,12.5185185185,0.0000000000
-129.9221118269,13.0000000000,0.0000000000
-129.9433540263,13.2407407407,0.0000000000
-129.9433540263,13.0000000000,0.0000000000
-129.9221118269,13.4814814815,0.0000000000
-129.9433540263,13.7222222222,0.0000000000
-129.9433540263,13.4814814815,0.0000000000
-129.9221118269,13.9629629630,0.0000000000
-129.9433540263,14.2037037037,0.0000000000
-129.9433540263,13.9629629630,0.0000000000
-129.9221118269,14.4444444444,0.0000000000
-129.9433540263,14.6851851852,0.0000000000
-129.9433540263,14.4444444444,0.0000000000
-129.9221118269,14.9259259259,0.0000000000
-129.9433540263,15.1666666667,0.0000000000
-129.9433540263,14.9259259259,0.0000000000
-129.9221118269,15.4074074074,0.0000000000
-129.9433540263,15.6481481481,0.0000000000
-129.9433540263,15.4074074074,0.0000000000
-129.9221118269,15.8888888889,0.0000000000
-129.9433540263,16.1296296296,0.0000000000
-129.9433540263,15.8888888889,0.0000000000
-129.9221118269,16.3703703704,0.0000000000
-129.9433540263,16.6111111111,0.0000000000
-129.9433540263,16.3703703704,0.0000000000
-129.9221118269,16.8518518518,0.0000000000
-129.9433540263,17.0925925926,0.0000000000
-129.9433540263,16.8518518518,0.0000000000
-129.9221118269,17.3333333333,0.0000000000
-129.9433540263,17.5740740741,0.0000000000
-129.9433540263,17.3333333333,0.0000000000
-129.9221118269,17.8148148148,0.0000000000
-129.9433540263,18.0555555555,0.0000000000
-129.9433540263,17.8148148148,0.0000000000
-129.9221118269,18.2962962963,0.0000000000
-129.9433540263,18.5370370370,0.0000000000
-129.9433540263,18.2962962963,0.0000000000
-129.9221118269,18.7777777778,0.0000000000
-129.9433540263,19.0185185185,0.0000000000
-129.9433540263,18.7777777778,0.0000000000
-129.9221118269,19.2592592593,0.0000000000
-129.9433540263,19.5000000000,0.0000000000
-129.9433540263,19.2592592593,0.0000000000
-129.9221118269,19.7407407407,0.0000000000
-129.9433540263,19.9814814815,0.0000000000
-129.9433540263,19.7407407407,0.0000000000
-129.9221118269,20.2222222222,0.0000000000
-129.9433540263,20.4629629630,0.0000000000
-129.9433540263,20.2222222222,0.0000000000
-129.9221118269,20.7037037037,0.0000000000
-129.9433540263,20.9444444444,0.0000000000
-129.9433540263,20.7037037037,0.0000000000
-129.9221118269,21.1851851852,0.0000000000
-129.9433540263,21.4259259259,0.0000000000
-129.9433540263,21.1851851852,0.0000000000
-129.9221118269,21.6666666667,0.0000000000
-129.9433540263,21.9074074074,0.0000000000
-129.9433540263,21.6666666667,0.0000000000
-129.9221118269,22.1481481481,0.0000000000
-129.9433540263,22.3888888889,0.0000000000
-129.9433540263,22.1481481481,0.0000000000
-129.9221118269,22.6296296296,0.0000000000
-129.9433540263,22.8703703704,0.0000000000
-129.9433540263,22.6296296296,0.0000000000
-129.9221118269,23.1111111111,0.0000000000
-129.9433540263,23.3518518518,0.0000000000
-129.9433540263,23.1111111111,0.0000000000
-129.9221118269,23.5925925926,0.0000000000
-129.9433540263,23.8333333333,0.0000000000
-129.9433540263,23.5925925926,0.0000000000
-129.9221118269,24.0740740741,0.0000000000
-129.9433540263,24.3148148148,0.0000000000
-129.9433540263,24.0740740741,0.0000000000
-129.9221118269,24.5555555555,0.0000000000
-129.9433540263,24.7962962963,0.0000000000
-129.9433540263,24.5555555555,0.0000000000
-129.9221118269,25.0370370370,0.0000000000
-129.9433540263,25.2777777778,0.0000000000
-129.9433540263,25.0370370370,0.0000000000
-129.9221118269,25.5185185185,0.0000000000
-129.9433540263,25.7592592593,0.0000000000
-129.9433540263,25.5185185185,0.0000000000
-129.9221118269,26.0000000000,0.0000000000
-129.9433540263,26.2407407407,0.0000000000
-129.9433540263,26.0000000000,0.0000000000
-129.9221118269,26.4814814815,0.0000000000
-129.9433540263,26.7222222222,0.0000000000
-129.9433540263,26.4814814815,0.0000000000
-129.9221118269,26.9629629630,0.0000000000
-129.9433540263,27.2037037037,0.0000000000
-129.9433540263,26.9629629630,0.0000000000
-129.9221118269,27.4444444444,0.0000000000
-129.9433540263,27.6851851852,0.0000000000
-129.9433540263,27.4444444444,0.0000000000
-129.9221118269,27.9259259259,0.0000000000
-129.9433540263,28.1666666667,0.0000000000
-129.9433540263,27.9259259259,0.0000000000
-129.9221118269,28.4074074074,0.0000000000
-129.9433540263,28.6481481481,0.0000000000
-129.9433540263,28.4074074074,0.0000000000
-129.9221118269,28.8888888889,0.0000000000
-129.9433540263,29.1296296296,0.0000000000
-129.9433540263,28.8888888889,0.0000000000
-129.9221118269,29.3703703704,0.0000000000
-129.9433540263,29.6111111111,0.0000000000
-129.9433540263,29.3703703704,0.0000000000
-129.9221118269,29.8518518518,0.0000000000
-129.9433540263,30.0925925926,0.0000000000
-129.9433540263,29.8518518518,0.0000000000
-129.9221118269,30.3333333333,0.0000000000
-129.9433540263,30.5740740741,0.0000000000
-129.9433540263,30.3333333333,0.0000000000
-129.9221118269,30.8148148148,0.0000000000
-129.9433540263,31.0555555555,0.0000000000
-129.9433540263,30.8148148148,0.0000000000
-129.9221118269,31.2962962963,0.0000000000
-129.9433540263,31.5370370370,0.0000000000
-129.9433540263,31.2962962963,0.0000000000
-129.9221118269,31.7777777778,0.0000000000
-129.9433540263,32.0185185185,0.0000000000
-129.9433540263,31.7777777778,0.0000000000
-129.9221118269,32.2592592593,0.0000000000
-129.9433540263,32.2592592593,0.0000000000
-129.8711302967,-32.2592592593,0.0000000000
-129.8966210618,-32.0185185185,0.0000000000
-129.8966210618,-32.2592592593,0.0000000000
-129.8711302967,-31.7777777778,0.0000000000
-129.8966210618,-31.5370370370,0.0000000000
-129.8966210618,-31.7777777778,0.0000000000
-129.8711302967,-31.2962962963,0.0000000000
-129.8966210618,-31.0555555556,0.0000000000
-129.8966210618,-31.2962962963,0.0000000000
-129.8711302967,-30.8148148148,0.0000000000
-129.8966210618,-30.5740740741,0.0000000000
-129.8966210618,-30.8148148148,0.0000000000
-129.8711302967,-30.3333333333,0.0000000000
-129.8966210618,-30.0925925926,0.0000000000
-129.8966210618,-30.3333333333,0.0000000000
-129.8711302967,-29.8518518519,0.0000000000
-129.8966210618,-29.6111111111,0.0000000000
-129.8966210618,-29.8518518519,0.0000000000
-129.8711302967,-29.3703703704,0.0000000000
-129.8966210618,-29.1296296296,0.0000000000
-129.8966210618,-29.3703703704,0.0000000000
-129.8711302967,-28.8888888889,0.0000000000
-129.8966210618,-28.6481481481,0.0000000000
-129.8966210618,-28.8888888889,0.0000000000
-129.8711302967,-28.4074074074,0.0000000000
-129.8966210618,-28.1666666667,0.0000000000
-129.8966210618,-28.4074074074,0.0000000000
-129.8711302967,-27.9259259259,0.0000000000
-129.8966210618,-27.6851851852,0.0000000000
-129.8966210618,-27.9259259259,0.0000000000
-129.8711302967,-27.4444444444,0.0000000000
-129.8966210618,-27.2037037037,0.0000000000
-129.8966210618,-27.4444444444,0.0000000000
-129.8711302967,-26.9629629630,0.0000000000
-129.8966210618,-26.7222222222,0.0000000000
-129.8966210618,-26.9629629630,0.0000000000
-129.8711302967,-26.4814814815,0.0000000000
-129.8966210618,-26.2407407407,0.0000000000
-129.8966210618,-26.4814814815,0.0000000000
-129.8711302967,-26.0000000000,0.0000000000
-129.8966210618,-25.7592592593,0.0000000000
-129.8966210618,-26.0000000000,0.0000000000
-129.8711302967,-25.5185185185,0.0000000000
-129.8966210618,-25.2777777778,0.0000000000
-129.8966210618,-25.5185185185,0.0000000000
-129.8711302967,-25.0370370370,0.0000000000
-129.8966210618,-24.7962962963,0.0000000000
-129.8966210618,-25.0370370370,0.0000000000
-129.8711302967,-24.5555555556,0.0000000000
-129.8966210618,-24.3148148148,0.0000000000
-129.8966210618,-24.5555555556,0.0000000000
-129.8711302967,-24.0740740741,0.0000000000
-129.8966210618,-23.8333333333,0.0000000000
-129.8966210618,-24.0740740741,0.0000000000
-129.8711302967,-23.5925925926,0.0000000000
-129.8966210618,-23.3518518519,0.0000000000
-129.8966210618,-23.5925925926,0.0000000000
-129.8711302967,-23.1111111111,0.0000000000
-129.8966210618,-22.8703703704,0.0000000000
-129.8966210618,-23.1111111111,0.0000000000
-129.8711302967,-22.6296296296,0.0000000000
-129.8966210618,-22.3888888889,0.0000000000
-129.8966210618,-22.6296296296,0.0000000000
-129.8711302967,-22.1481481481,0.0000000000
-129.8966210618,-21.9074074074,0.0000000000
-129.8966210618,-22.1481481481,0.0000000000
-129.8711302967,-21.6666666667,0.0000000000
-129.8966210618,-21.4259259259,0.0000000000
-129.8966210618,-21.6666666667,0.0000000000
-129.8711302967,-21.1851851852,0.0000000000
-129.8966210618,-20.9444444444,0.0000000000
-129.8966210618,-21.1851851852,0.0000000000
-129.8711302967,-20.7037037037,0.0000000000
-129.8966210618,-20.4629629630,0.0000000000
-129.8966210618,-20.7037037037,0.0000000000
-129.8711302967,-20.2222222222,0.0000000000
-129.8966210618,-19.9814814815,0.0000000000
-129.8966210618,-20.2222222222,0.0000000000
-129.8711302967,-19.7407407407,0.0000000000
-129.8966210618,-19.5000000000,0.0000000000
-129.8966210618,-19.7407407407,0.0000000000
-129.8711302967,-19.2592592593,0.0000000000
-129.8966210618,-19.0185185185,0.0000000000
-129.8966210618,-19.2592592593,0.0000000000
-129.8711302967,-18.7777777778,0.0000000000
-129.8966210618,-18.5370370370,0.0000000000
-129.8966210618,-18.7777777778,0.0000000000
-129.8711302967,-18.2962962963,0.0000000000
-129.8966210618,-18.0555555556,0.0000000000
-129.8966210618,-18.2962962963,0.0000000000
-129.8711302967,-17.8148148148,0.0000000000
-129.8966210618,-17.5740740741,0.0000000000
-129.8966210618,-17.8148148148,0.0000000000
-129.8711302967,-17.3333333333,0.0000000000
-129.8966210618,-17.0925925926,0.0000000000
-129.8966210618,-17.3333333333,0.0000000000
-129.8711302967,-16.8518518519,0.0000000000
-129.8966210618,-16.6111111111,0.0000000000
-129.8966210618,-16.8518518519,0.0000000000
-129.8711302967,-16.3703703704,0.0000000000
-129.8966210618,-16.1296296296,0.0000000000
-129.8966210618,-16.3703703704,0.0000000000
-129.8711302967,-15.8888888889,0.0000000000
-129.8966210618,-15.6481481482,0.0000000000
-129.8966210618,-15.8888888889,0.0000000000
-129.8711302967,-15.4074074074,0.0000000000
-129.8966210618,-15.1666666667,0.0000000000
-129.8966210618,-15.4074074074,0.0000000000
-129.8711302967,-14.9259259259,0.0000000000
-129.8966210618,-14.6851851852,0.0000000000
-129.8966210618,-14.9259259259,0.0000000000
-129.8711302967,-14.4444444444,0.0000000000
-129.8966210618,-14.2037037037,0.0000000000
-129.8966210618,-14.4444444444,0.0000000000
-129.8711302967,-13.9629629630,0.0000000000
-129.8966210618,-13.7222222222,0.0000000000
-129.8966210618,-13.9629629630,0.0000000000
-129.8711302967,-13.4814814815,0.0000000000
-129.8966210618,-13.2407407407,0.0000000000
-129.8966210618,-13.4814814815,0.0000000000
-129.8711302967,-13.0000000000,0.0000000000
-129.8966210618,-12.7592592593,0.0000000000
-129.8966210618,-13.0000000000,0.0000000000
-129.8711302967,-12.5185185185,0.0000000000
-129.8966210618,-12.2777777778,0.0000000000
-129.8966210618,-12.5185185185,0.0000000000
-129.8711302967,-12.0370370370,0.0000000000
-129.8966210618,-11.7962962963,0.0000000000
-129.8966210618,-12.0370370370,0.0000000000
-129.8711302967,-11.5555555556,0.0000000000
-129.8966210618,-11.3148148148,0.0000000000
-129.8966210618,-11.5555555556,0.0000000000
-129.8711302967,-11.0740740741,0.0000000000
-129.8966210618,-10.8333333333,0.0000000000
-129.8966210618,-11.0740740741,0.0000000000
-129.8711302967,-10.5925925926,0.0000000000
-129.8966210618,-10.3518518519,0.0000000000
-129.8966210618,-10.5925925926,0.0000000000
-129.8711302967,-10.1111111111,0.0000000000
-129.8966210618,-9.8703703704,0.0000000000
-129.8966210618,-10.1111111111,0.0000000000
-129.8711302967,-9.6296296296,0.0000000000
-129.8966210618,-9.3888888889,0.0000000000
-129.8966210618,-9.6296296296,0.0000000000
-129.8711302967,-9.1481481482,0.0000000000
-129.8966210618,-8.9074074074,0.0000000000
-129.8966210618,-9.1481481482,0.0000000000
-129.8711302967,-8.6666666667,0.0000000000
-129.8966210618,-8.4259259259,0.0000000000
-129.8966210618,-8.6666666667,0.0000000000
-129.8711302967,-8.1851851852,0.0000000000
-129.8966210618,-7.9444444444,0.0000000000
-129.8966210618,-8.1851851852,0.0000000000
-129.8711302967,-7.7037037037,0.0000000000
-129.8966210618,-7.4629629630,0.0000000000
-129.8966210618,-7.7037037037,0.0000000000
-129.8711302967,-7.2222222222,0.0000000000
-129.8966210618,-6.9814814815,0.0000000000
-129.8966210618,-7.2222222222,0.0000000000
-129.8711302967,-6.7407407407,0.0000000000
-129.8966210618,-6.5000000000,0.0000000000
-129.8966210618,-6.7407407407,0.0000000000
-129.8711302967,-6.2592592593,0.0000000000
-129.8966210618,-6.0185185185,0.0000000000
-129.8966210618,-6.2592592593,0.0000000000
-129.8711302967,-5.7777777778,0.0000000000
-129.8966210618,-5.5370370370,0.0000000000
-129.8966210618,-5.7777777778,0.0000000000
-129.8711302967,-5.2962962963,0.0000000000
-129.8966210618,-5.0555555556,0.0000000000
-129.8966210618,-5.2962962963,0.0000000000
-129.8711302967,-4.8148148148,0.0000000000
-129.8966210618,-4.5740740741,0.0000000000
-129.8966210618,-4.8148148148,0.0000000000
-129.8711302967,-4.3333333333,0.0000000000
-129.8966210618,-4.0925925926,0.0000000000
-129.8966210618,-4.3333333333,0.0000000000
-129.8711302967,-3.8518518519,0.0000000000
-129.8966210618,-3.6111111111,0.0000000000
-129.8966210618,-3.8518518519,0.0000000000
-129.8711302967,-3.3703703704,0.0000000000
-129.8966210618,-3.1296296296,0.0000000000
-129.8966210618,-3.3703703704,0.0000000000
-129.8711302967,-2.8888888889,0.0000000000
-129.8966210618,-2.6481481482,0.0000000000
-129.8966210618,-2.8888888889,0.0000000000
-129.8711302967,-2.4074074074,0.0000000000
-129.8966210618,-2.1666666667,0.0000000000
-129.8966210618,-2.4074074074,0.0000000000
-129.8711302967,-1.9259259259,0.0000000000
-129.8966210618,-1.6851851852,0.0000000000
-129.8966210618,-1.9259259259,0.0000000000
-129.8711302967,-1.4444444444,0.0000000000
-129.8966210618,-1.2037037037,0.0000000000
-129.8966210618,-1.4444444444,0.0000000000
-129.8711302967,-0.9629629630,0.0000000000
-129.8966210618,-0.7222222222,0.0000000000
-129.8966210618,-0.9629629630,0.0000000000
-129.8711302967,-0.4814814815,0.0000000000
-129.8966210618,-0.2407407407,0.0000000000
-129.8966210618,-0.4814814815,0.0000000000
-129.8711302967,-0.0000000000,0.0000000000
-129.8966210618,0.2407407407,0.0000000000
-129.8966210618,-0.0000000000,0.0000000000
-129.8711302967,0.4814814815,0.0000000000
-129.8966210618,0.7222222222,0.0000000000
-129.8966210618,0.4814814815,0.0000000000
-129.8711302967,0.9629629630,0.0000000000
-129.8966210618,1.2037037037,0.0000000000
-129.8966210618,0.9629629630,0.0000000000
-129.8711302967,1.4444444444,0.0000000000
-129.8966210618,1.6851851852,0.0000000000
-129.8966210618,1.4444444444,0.0000000000
-129.8711302967,1.9259259259,0.0000000000
-129.8966210618,2.1666666667,0.0000000000
-129.8966210618,1.9259259259,0.0000000000
-129.8711302967,2.4074074074,0.0000000000
-129.8966210618,2.6481481481,0.0000000000
-129.8966210618,2.4074074074,0.0000000000
-129.8711302967,2.8888888889,0.0000000000
-129.8966210618,3.1296296296,0.0000000000
-129.8966210618,2.8888888889,0.0000000000
-129.8711302967,3.3703703704,0.0000000000
-129.8966210618,3.6111111111,0.0000000000
-129.8966210618,3.3703703704,0.0000000000
-129.8711302967,3.8518518518,0.0000000000
-129.8966210618,4.0925925926,0.0000000000
-129.8966210618,3.8518518518,0.0000000000
-129.8711302967,4.3333333333,0.0000000000
-129.8966210618,4.5740740741,0.0000000000
-129.8966210618,4.3333333333,0.0000000000
-129.8711302967,4.8148148148,0.0000000000
-129.8966210618,5.0555555556,0.0000000000
-129.8966210618,4.8148148148,0.0000000000
-129.8711302967,5.2962962963,0.0000000000
-129.8966210618,5.5370370370,0.0000000000
-129.8966210618,5.2962962963,0.0000000000
-129.8711302967,5.7777777778,0.0000000000
-129.8966210618,6.0185185185,0.0000000000
-129.8966210618,5.7777777778,0.0000000000
-129.8711302967,6.2592592593,0.0000000000
-129.8966210618,6.5000000000,0.0000000000
-129.8966210618,6.2592592593,0.0000000000
-129.8711302967,6.7407407407,0.0000000000
-129.8966210618,6.9814814815,0.0000000000
-129.8966210618,6.7407407407,0.0000000000
-129.8711302967,7.2222222222,0.0000000000
-129.8966210618,7.4629629630,0.0000000000
-129.8966210618,7.2222222222,0.0000000000
-129.8711302967,7.7037037037,0.0000000000
-129.8966210618,7.9444444444,0.0000000000
-129.8966210618,7.7037037037,0.0000000000
-129.8711302967,8.1851851852,0.0000000000
-129.8966210618,8.4259259259,0.0000000000
-129.8966210618,8.1851851852,0.0000000000
-129.8711302967,8.6666666667,0.0000000000
-129.8966210618,8.9074074074,0.0000000000
-129.8966210618,8.6666666667,0.0000000000
-129.8711302967,9.1481481481,0.0000000000
-129.8966210618,9.3888888889,0.0000000000
-129.8966210618,9.1481481481,0.0000000000
-129.8711302967,9.6296296296,0.0000000000
-129.8966210618,9.8703703704,0.0000000000
-129.8966210618,9.6296296296,0.0000000000
-129.8711302967,10.1111111111,0.0000000000
-129.8966210618,10.3518518518,0.0000000000
-129.8966210618,10.1111111111,0.0000000000
-129.8711302967,10.5925925926,0.0000000000
-129.8966210618,10.8333333333,0.0000000000
-129.8966210618,10.5925925926,0.0000000000
-129.8711302967,11.0740740741,0.0000000000
-129.8966210618,11.3148148148,0.0000000000
-129.8966210618,11.0740740741,0.0000000000
-129.8711302967,11.5555555555,0.0000000000
-129.8966210618,11.7962962963,0.0000000000
-129.8966210618,11.5555555555,0.0000000000
-129.8711302967,12.0370370370,0.0000000000
-129.8966210618,12.2777777778,0.0000000000
-129.8966210618,12.0370370370,0.0000000000
-129.8711302967,12.5185185185,0.0000000000
-129.8966210618,12.7592592593,0.0000000000
-129.8966210618,12.5185185185,0.0000000000
-129.8711302967,13.0000000000,0.0000000000
-129.8966210618,13.2407407407,0.0000000000
-129.8966210618,13.0000000000,0.0000000000
-129.8711302967,13.4814814815,0.0000000000
-129.8966210618,13.7222222222,0.0000000000
-129.8966210618,13.4814814815,0.0000000000
-129.8711302967,13.9629629630,0.0000000000
-129.8966210618,14.2037037037,0.0000000000
-129.8966210618,13.9629629630,0.0000000000
-129.8711302967,14.4444444444,0.0000000000
-129.8966210618,14.6851851852,0.0000000000
-129.8966210618,14.4444444444,0.0000000000
-129.8711302967,14.9259259259,0.0000000000
-129.8966210618,15.1666666667,0.0000000000
-129.8966210618,14.9259259259,0.0000000000
-129.8711302967,15.4074074074,0.0000000000
-129.8966210618,15.6481481481,0.0000000000
-129.8966210618,15.4074074074,0.0000000000
-129.8711302967,15.8888888889,0.0000000000
-129.8966210618,16.1296296296,0.0000000000
-129.8966210618,15.8888888889,0.0000000000
-129.8711302967,16.3703703704,0.0000000000
-129.8966210618,16.6111111111,0.0000000000
-129.8966210618,16.3703703704,0.0000000000
-129.8711302967,16.8518518518,0.0000000000
-129.8966210618,17.0925925926,0.0000000000
-129.8966210618,16.8518518518,0.0000000000
-129.8711302967,17.3333333333,0.0000000000
-129.8966210618,17.5740740741,0.0000000000
-129.8966210618,17.3333333333,0.0000000000
-129.8711302967,17.8148148148,0.0000000000
-129.8966210618,18.0555555555,0.0000000000
-129.8966210618,17.8148148148,0.0000000000
-129.8711302967,18.2962962963,0.0000000000
-129.8966210618,18.5370370370,0.0000000000
-129.8966210618,18.2962962963,0.0000000000
-129.8711302967,18.7777777778,0.0000000000
-129.8966210618,19.0185185185,0.0000000000
-129.8966210618,18.7777777778,0.0000000000
-129.8711302967,19.2592592593,0.0000000000
-129.8966210618,19.5000000000,0.0000000000
-129.8966210618,19.2592592593,0.0000000000
-129.8711302967,19.7407407407,0.0000000000
-129.8966210618,19.9814814815,0.0000000000
-129.8966210618,19.7407407407,0.0000000000
-129.8711302967,20.2222222222,0.0000000000
-129.8966210618,20.4629629630,0.0000000000
-129.8966210618,20.2222222222,0.0000000000
-129.8711302967,20.7037037037,0.0000000000
-129.8966210618,20.9444444444,0.0000000000
-129.8966210618,20.7037037037,0.0000000000
-129.8711302967,21.1851851852,0.0000000000
-129.8966210618,21.4259259259,0.0000000000
-129.8966210618,21.1851851852,0.0000000000
-129.8711302967,21.6666666667,0.0000000000
-129.8966210618,21.9074074074,0.0000000000
-129.8966210618,21.6666666667,0.0000000000
-129.8711302967,22.1481481481,0.0000000000
-129.8966210618,22.3888888889,0.0000000000
-129.8966210618,22.1481481481,0.0000000000
-129.8711302967,22.6296296296,0.0000000000
-129.8966210618,22.8703703704,0.0000000000
-129.8966210618,22.6296296296,0.0000000000
-129.8711302967,23.1111111111,0.0000000000
-129.8966210618,23.3518518518,0.0000000000
-129.8966210618,23.1111111111,0.0000000000
-129.8711302967,23.5925925926,0.0000000000
-129.8966210618,23.8333333333,0.0000000000
-129.8966210618,23.5925925926,0.0000000000
-129.8711302967,24.0740740741,0.0000000000
-129.8966210618,24.3148148148,0.0000000000
-129.8966210618,24.0740740741,0.0000000000
-129.8711302967,24.5555555555,0.0000000000
-129.8966210618,24.7962962963,0.0000000000
-129.8966210618,24.5555555555,0.0000000000
-129.8711302967,25.0370370370,0.0000000000
-129.8966210618,25.2777777778,0.0000000000
-129.8966210618,25.0370370370,0.0000000000
-129.8711302967,25.5185185185,0.0000000000
-129.8966210618,25.7592592593,0.0000000000
-129.8966210618,25.5185185185,0.0000000000
-129.8711302967,26.0000000000,0.0000000000
-129.8966210618,26.2407407407,0.0000000000
-129.8966210618,26.0000000000,0.0000000000
-129.8711302967,26.4814814815,0.0000000000
-129.8966210618,26.7222222222,0.0000000000
-129.8966210618,26.4814814815,0.0000000000
-129.8711302967,26.9629629630,0.0000000000
-129.8966210618,27.2037037037,0.0000000000
-129.8966210618,26.9629629630,0.0000000000
-129.8711302967,27.4444444444,0.0000000000
-129.8966210618,27.6851851852,0.0000000000
-129.8966210618,27.4444444444,0.0000000000
-129.8711302967,27.9259259259,0.0000000000
-129.8966210618,28.1666666667,0.0000000000
-129.8966210618,27.9259259259,0.0000000000
-129.8711302967,28.4074074074,0.0000000000
-129.8966210618,28.6481481481,0.0000000000
-129.8966210618,28.4074074074,0.0000000000
-129.8711302967,28.8888888889,0.0000000000
-129.8966210618,29.1296296296,0.0000000000
-129.8966210618,28.8888888889,0.0000000000
-129.8711302967,29.3703703704,0.0000000000
-129.8966210618,29.6111111111,0.0000000000
-129.8966210618,29.3703703704,0.0000000000
-129.8711302967,29.8518518518,0.0000000000
-129.8966210618,30.0925925926,0.0000000000
-129.8966210618,29.8518518518,0.0000000000
-129.8711302967,30.3333333333,0.0000000000
-129.8966210618,30.5740740741,0.0000000000
-129.8966210618,30.3333333333,0.0000000000
-129.8711302967,30.8148148148,0.0000000000
-129.8966210618,31.0555555555,0.0000000000
-129.8966210618,30.8148148148,0.0000000000
-129.8711302967,31.2962962963,0.0000000000
-129.8966210618,31.5370370370,0.0000000000
-129.8966210618,31.2962962963,0.0000000000
-129.8711302967,31.7777777778,0.0000000000
-129.8966210618,32.0185185185,0.0000000000
-129.8966210618,31.7777777778,0.0000000000
-129.8711302967,32.2592592593,0.0000000000
-129.8966210618,32.2592592593,0.0000000000
-129.8099526513,-32.2592592593,0.0000000000
-129.8405414740,-32.0185185185,0.0000000000
-129.8405414740,-32.2592592593,0.0000000000
-129.8099526513,-31.7777777778,0.0000000000
-129.8405414740,-31.5370370370,0.0000000000
-129.8405414740,-31.7777777778,0.0000000000
-129.8099526513,-31.2962962963,0.0000000000
-129.8405414740,-31.0555555556,0.0000000000
-129.8405414740,-31.2962962963,0.0000000000
-129.8099526513,-30.8148148148,0.0000000000
-129.8405414740,-30.5740740741,0.0000000000
-129.8405414740,-30.8148148148,0.0000000000
-129.8099526513,-30.3333333333,0.0000000000
-129.8405414740,-30.0925925926,0.0000000000
-129.8405414740,-30.3333333333,0.0000000000
-129.8099526513,-29.8518518519,0.0000000000
-129.8405414740,-29.6111111111,0.0000000000
-129.8405414740,-29.8518518519,0.0000000000
-129.8099526513,-29.3703703704,0.0000000000
-129.8405414740,-29.1296296296,0.0000000000
-129.8405414740,-29.3703703704,0.0000000000
-129.8099526513,-28.8888888889,0.0000000000
-129.8405414740,-28.6481481481,0.0000000000
-129.8405414740,-28.8888888889,0.0000000000
-129.8099526513,-28.4074074074,0.0000000000
-129.8405414740,-28.1666666667,0.0000000000
-129.8405414740,-28.4074074074,0.0000000000
-129.8099526513,-27.9259259259,0.0000000000
-129.8405414740,-27.6851851852,0.0000000000
-129.8405414740,-27.9259259259,0.0000000000
-129.8099526513,-27.4444444444,0.0000000000
-129.8405414740,-27.2037037037,0.0000000000
-129.8405414740,-27.4444444444,0.0000000000
-129.8099526513,-26.9629629630,0.0000000000
-129.8405414740,-26.7222222222,0.0000000000
-129.8405414740,-26.9629629630,0.0000000000
-129.8099526513,-26.4814814815,0.0000000000
-129.8405414740,-26.2407407407,0.0000000000
-129.8405414740,-26.4814814815,0.0000000000
-129.8099526513,-26.0000000000,0.0000000000
-129.8405414740,-25.7592592593,0.0000000000
-129.8405414740,-26.0000000000,0.0000000000
-129.8099526513,-25.5185185185,0.0000000000
-129.8405414740,-25.2777777778,0.0000000000
-129.8405414740,-25.5185185185,0.0000000000
-129.8099526513,-25.0370370370,0.0000000000
-129.8405414740,-24.7962962963,0.0000000000
-129.8405414740,-25.0370370370,0.0000000000
-129.8099526513,-24.5555555556,0.0000000000
-129.8405414740,-24.3148148148,0.0000000000
-129.8405414740,-24.5555555556,0.0000000000
-129.8099526513,-24.0740740741,0.0000000000
-129.8405414740,-23.8333333333,0.0000000000
-129.8405414740,-24.0740740741,0.0000000000
-129.8099526513,-23.5925925926,0.0000000000
-129.8405414740,-23.3518518519,0.0000000000
-129.8405414740,-23.5925925926,0.0000000000
-129.8099526513,-23.1111111111,0.0000000000
-129.8405414740,-22.8703703704,0.0000000000
-129.8405414740,-23.1111111111,0.0000000000
-129.8099526513,-22.6296296296,0.0000000000
-129.8405414740,-22.3888888889,0.0000000000
-129.8405414740,-22.6296296296,0.0000000000
-129.8099526513,-22.1481481481,0.0000000000
-129.8405414740,-21.9074074074,0.0000000000
-129.8405414740,-22.1481481481,0.0000000000
-129.8099526513,-21.6666666667,0.0000000000
-129.8405414740,-21.4259259259,0.0000000000
-129.8405414740,-21.6666666667,0.0000000000
-129.8099526513,-21.1851851852,0.0000000000
-129.8405414740,-20.9444444444,0.0000000000
-129.8405414740,-21.1851851852,0.0000000000
-129.8099526513,-20.7037037037,0.0000000000
-129.8405414740,-20.4629629630,0.0000000000
-129.8405414740,-20.7037037037,0.0000000000
-129.8099526513,-20.2222222222,0.0000000000
-129.8405414740,-19.9814814815,0.0000000000
-129.8405414740,-20.2222222222,0.0000000000
-129.8099526513,-19.7407407407,0.0000000000
-129.8405414740,-19.5000000000,0.0000000000
-129.8405414740,-19.7407407407,0.0000000000
-129.8099526513,-19.2592592593,0.0000000000
-129.8405414740,-19.0185185185,0.0000000000
-129.8405414740,-19.2592592593,0.0000000000
-129.8099526513,-18.7777777778,0.0000000000
-129.8405414740,-18.5370370370,0.0000000000
-129.8405414740,-18.7777777778,0.0000000000
-129.8099526513,-18.2962962963,0.0000000000
-129.8405414740,-18.0555555556,0.0000000000
-129.8405414740,-18.2962962963,0.0000000000
-129.8099526513,-17.8148148148,0.0000000000
-129.8405414740,-17.5740740741,0.0000000000
-129.8405414740,-17.8148148148,0.0000000000
-129.8099526513,-17.3333333333,0.0000000000
-129.8405414740,-17.0925925926,0.0000000000
-129.8405414740,-17.3333333333,0.0000000000
-129.8099526513,-16.8518518519,0.0000000000
-129.8405414740,-16.6111111111,0.0000000000
-129.8405414740,-16.8518518519,0.0000000000
-129.8099526513,-16.3703703704,0.0000000000
-129.8405414740,-16.1296296296,0.0000000000
-129.8405414740,-16.3703703704,0.0000000000
-129.8099526513,-15.8888888889,0.0000000000
-129.8405414740,-15.6481481482,0.0000000000
-129.8405414740,-15.8888888889,0.0000000000
-129.8099526513,-15.4074074074,0.0000000000
-129.8405414740,-15.1666666667,0.0000000000
-129.8405414740,-15.4074074074,0.0000000000
-129.8099526513,-14.9259259259,0.0000000000
-129.8405414740,-14.6851851852,0.0000000000
-129.8405414740,-14.9259259259,0.0000000000
-129.8099526513,-14.4444444444,0.0000000000
-129.8405414740,-14.2037037037,0.0000000000
-129.8405414740,-14.4444444444,0.0000000000
-129.8099526513,-13.9629629630,0.0000000000
-129.8405414740,-13.7222222222,0.0000000000
-129.8405414740,-13.9629629630,0.0000000000
-129.8099526513,-13.4814814815,0.0000000000
-129.8405414740,-13.2407407407,0.0000000000
-129.8405414740,-13.4814814815,0.0000000000
-129.8099526513,-13.0000000000,0.0000000000
-129.8405414740,-12.7592592593,0.0000000000
-129.8405414740,-13.0000000000,0.0000000000
-129.8099526513,-12.5185185185,0.0000000000
-129.8405414740,-12.2777777778,0.0000000000
-129.8405414740,-12.5185185185,0.0000000000
-129.8099526513,-12.0370370370,0.0000000000
-129.8405414740,-11.7962962963,0.0000000000
-129.8405414740,-12.0370370370,0.0000000000
-129.8099526513,-11.5555555556,0.0000000000
-129.8405414740,-11.3148148148,0.0000000000
-129.8405414740,-11.5555555556,0.0000000000
-129.8099526513,-11.0740740741,0.0000000000
-129.8405414740,-10.8333333333,0.0000000000
-129.8405414740,-11.0740740741,0.0000000000
-129.8099526513,-10.5925925926,0.0000000000
-129.8405414740,-10.3518518519,0.0000000000
-129.8405414740,-10.5925925926,0.0000000000
-129.8099526513,-10.1111111111,0.0000000000
-129.8405414740,-9.8703703704,0.0000000000
-129.8405414740,-10.1111111111,0.0000000000
-129.8099526513,-9.6296296296,0.0000000000
-129.8405414740,-9.3888888889,0.0000000000
-129.8405414740,-9.6296296296,0.0000000000
-129.8099526513,-9.1481481482,0.0000000000
-129.8405414740,-8.9074074074,0.0000000000
-129.8405414740,-9.1481481482,0.0000000000
-129.8099526513,-8.6666666667,0.0000000000
-129.8405414740,-8.4259259259,0.0000000000
-129.8405414740,-8.6666666667,0.0000000000
-129.8099526513,-8.1851851852,0.0000000000
-129.8405414740,-7.9444444444,0.0000000000
-129.8405414740,-8.1851851852,0.0000000000
-129.8099526513,-7.7037037037,0.0000000000
-129.8405414740,-7.4629629630,0.0000000000
-129.8405414740,-7.7037037037,0.0000000000
-129.8099526513,-7.2222222222,0.0000000000
-129.8405414740,-6.9814814815,0.0000000000
-129.8405414740,-7.2222222222,0.0000000000
-129.8099526513,-6.7407407407,0.0000000000
-129.8405414740,-6.5000000000,0.0000000000
-129.8405414740,-6.7407407407,0.0000000000
-129.8099526513,-6.2592592593,0.0000000000
-129.8405414740,-6.0185185185,0.0000000000
-129.8405414740,-6.2592592593,0.0000000000
-129.8099526513,-5.7777777778,0.0000000000
-129.8405414740,-5.5370370370,0.0000000000
-129.8405414740,-5.7777777778,0.0000000000
-129.8099526513,-5.2962962963,0.0000000000
-129.8405414740,-5.0555555556,0.0000000000
-129.8405414740,-5.2962962963,0.0000000000
-129.8099526513,-4.8148148148,0.0000000000
-129.8405414740,-4.5740740741,0.0000000000
-129.8405414740,-4.8148148148,0.0000000000
-129.8099526513,-4.3333333333,0.0000000000
-129.8405414740,-4.0925925926,0.0000000000
-129.8405414740,-4.3333333333,0.0000000000
-129.8099526513,-3.8518518519,0.0000000000
-129.8405414740,-3.6111111111,0.0000000000
-129.8405414740,-3.8518518519,0.0000000000
-129.8099526513,-3.3703703704,0.0000000000
-129.8405414740,-3.1296296296,0.0000000000
-129.8405414740,-3.3703703704,0.0000000000
-129.8099526513,-2.8888888889,0.0000000000
-129.8405414740,-2.6481481482,0.0000000000
-129.8405414740,-2.8888888889,0.0000000000
-129.8099526513,-2.4074074074,0.0000000000
-129.8405414740,-2.1666666667,0.0000000000
-129.8405414740,-2.4074074074,0.0000000000
-129.8099526513,-1.9259259259,0.0000000000
-129.8405414740,-1.6851851852,0.0000000000
-129.8405414740,-1.9259259259,0.0000000000
-129.8099526513,-1.4444444444,0.0000000000
-129.8405414740,-1.2037037037,0.0000000000
-129.8405414740,-1.4444444444,0.0000000000
-129.8099526513,-0.9629629630,0.0000000000
-129.8405414740,-0.7222222222,0.0000000000
-129.8405414740,-0.9629629630,0.0000000000
-129.8099526513,-0.4814814815,0.0000000000
-129.8405414740,-0.2407407407,0.0000000000
-129.8405414740,-0.4814814815,0.0000000000
-129.8099526513,-0.0000000000,0.0000000000
-129.8405414740,0.2407407407,0.0000000000
-129.8405414740,-0.0000000000,0.0000000000
-129.8099526513,0.4814814815,0.0000000000
-129.8405414740,0.7222222222,0.0000000000
-129.8405414740,0.4814814815,0.0000000000
-129.8099526513,0.9629629630,0.0000000000
-129.8405414740,1.2037037037,0.0000000000
-129.8405414740,0.9629629630,0.0000000000
-129.8099526513,1.4444444444,0.0000000000
-129.8405414740,1.6851851852,0.0000000000
-129.8405414740,1.4444444444,0.0000000000
-129.8099526513,1.9259259259,0.0000000000
-129.8405414740,2.1666666667,0.0000000000
-129.8405414740,1.9259259259,0.0000000000
-129.8099526513,2.4074074074,0.0000000000
-129.8405414740,2.6481481481,0.0000000000
-129.8405414740,2.4074074074,0.0000000000
-129.8099526513,2.8888888889,0.0000000000
-129.8405414740,3.1296296296,0.0000000000
-129.8405414740,2.8888888889,0.0000000000
-129.8099526513,3.3703703704,0.0000000000
-129.8405414740,3.6111111111,0.0000000000
-129.8405414740,3.3703703704,0.0000000000
-129.8099526513,3.8518518518,0.0000000000
-129.8405414740,4.0925925926,0.0000000000
-129.8405414740,3.8518518518,0.0000000000
-129.8099526513,4.3333333333,0.0000000000
-129.8405414740,4.5740740741,0.0000000000
-129.8405414740,4.3333333333,0.0000000000
-129.8099526513,4.8148148148,0.0000000000
-129.8405414740,5.0555555556,0.0000000000
-129.8405414740,4.8148148148,0.0000000000
-129.8099526513,5.2962962963,0.0000000000
-129.8405414740,5.5370370370,0.0000000000
-129.8405414740,5.2962962963,0.0000000000
-129.8099526513,5.7777777778,0.0000000000
-129.8405414740,6.0185185185,0.0000000000
-129.8405414740,5.7777777778,0.0000000000
-129.8099526513,6.2592592593,0.0000000000
-129.8405414740,6.5000000000,0.0000000000
-129.8405414740,6.2592592593,0.0000000000
-129.8099526513,6.7407407407,0.0000000000
-129.8405414740,6.9814814815,0.0000000000
-129.8405414740,6.7407407407,0.0000000000
-129.8099526513,7.2222222222,0.0000000000
-129.8405414740,7.4629629630,0.0000000000
-129.8405414740,7.2222222222,0.0000000000
-129.8099526513,7.7037037037,0.0000000000
-129.8405414740,7.9444444444,0.0000000000
-129.8405414740,7.7037037037,0.0000000000
-129.8099526513,8.1851851852,0.0000000000
-129.8405414740,8.4259259259,0.0000000000
-129.8405414740,8.1851851852,0.0000000000
-129.8099526513,8.6666666667,0.0000000000
-129.8405414740,8.9074074074,0.0000000000
-129.8405414740,8.6666666667,0.0000000000
-129.8099526513,9.1481481481,0.0000000000
-129.8405414740,9.3888888889,0.0000000000
-129.8405414740,9.1481481481,0.0000000000
-129.8099526513,9.6296296296,0.0000000000
-129.8405414740,9.8703703704,0.0000000000
-129.8405414740,9.6296296296,0.0000000000
-129.8099526513,10.1111111111,0.0000000000
-129.8405414740,10.3518518518,0.0000000000
-129.8405414740,10.1111111111,0.0000000000
-129.8099526513,10.5925925926,0.0000000000
-129.8405414740,10.8333333333,0.0000000000
-129.8405414740,10.5925925926,0.0000000000
-129.8099526513,11.0740740741,0.0000000000
-129.8405414740,11.3148148148,0.0000000000
-129.8405414740,11.0740740741,0.0000000000
-129.8099526513,11.5555555555,0.0000000000
-129.8405414740,11.7962962963,0.0000000000
-129.8405414740,11.5555555555,0.0000000000
-129.8099526513,12.0370370370,0.0000000000
-129.8405414740,12.2777777778,0.0000000000
-129.8405414740,12.0370370370,0.0000000000
-129.8099526513,12.5185185185,0.0000000000
-129.8405414740,12.7592592593,0.0000000000
-129.8405414740,12.5185185185,0.0000000000
-129.8099526513,13.0000000000,0.0000000000
-129.8405414740,13.2407407407,0.0000000000
-129.8405414740,13.0000000000,0.0000000000
-129.8099526513,13.4814814815,0.0000000000
-129.8405414740,13.7222222222,0.0000000000
-129.8405414740,13.4814814815,0.0000000000
-129.8099526513,13.9629629630,0.0000000000
-129.8405414740,14.2037037037,0.0000000000
-129.8405414740,13.9629629630,0.0000000000
-129.8099526513,14.4444444444,0.0000000000
-129.8405414740,14.6851851852,0.0000000000
-129.8405414740,14.4444444444,0.0000000000
-129.8099526513,14.9259259259,0.0000000000
-129.8405414740,15.1666666667,0.0000000000
-129.8405414740,14.9259259259,0.0000000000
-129.8099526513,15.4074074074,0.0000000000
-129.8405414740,15.6481481481,0.0000000000
-129.8405414740,15.4074074074,0.0000000000
-129.8099526513,15.8888888889,0.0000000000
-129.8405414740,16.1296296296,0.0000000000
-129.8405414740,15.8888888889,0.0000000000
-129.8099526513,16.3703703704,0.0000000000
-129.8405414740,16.6111111111,0.0000000000
-129.8405414740,16.3703703704,0.0000000000
-129.8099526513,16.8518518518,0.0000000000
-129.8405414740,17.0925925926,0.0000000000
-129.8405414740,16.8518518518,0.0000000000
-129.8099526513,17.3333333333,0.0000000000
-129.8405414740,17.5740740741,0.0000000000
-129.8405414740,17.3333333333,0.0000000000
-129.8099526513,17.8148148148,0.0000000000
-129.8405414740,18.0555555555,0.0000000000
-129.8405414740,17.8148148148,0.0000000000
-129.8099526513,18.2962962963,0.0000000000
-129.8405414740,18.5370370370,0.0000000000
-129.8405414740,18.2962962963,0.0000000000
-129.8099526513,18.7777777778,0.0000000000
-129.8405414740,19.0185185185,0.0000000000
-129.8405414740,18.7777777778,0.0000000000
-129.8099526513,19.2592592593,0.0000000000
-129.8405414740,19.5000000000,0.0000000000
-129.8405414740,19.2592592593,0.0000000000
-129.8099526513,19.7407407407,0.0000000000
-129.8405414740,19.9814814815,0.0000000000
-129.8405414740,19.7407407407,0.0000000000
-129.8099526513,20.2222222222,0.0000000000
-129.8405414740,20.4629629630,0.0000000000
-129.8405414740,20.2222222222,0.0000000000
-129.8099526513,20.7037037037,0.0000000000
-129.8405414740,20.9444444444,0.0000000000
-129.8405414740,20.7037037037,0.0000000000
-129.8099526513,21.1851851852,0.0000000000
-129.8405414740,21.4259259259,0.0000000000
-129.8405414740,21.1851851852,0.0000000000
-129.8099526513,21.6666666667,0.0000000000
-129.8405414740,21.9074074074,0.0000000000
-129.8405414740,21.6666666667,0.0000000000
-129.8099526513,22.1481481481,0.0000000000
-129.8405414740,22.3888888889,0.0000000000
-129.8405414740,22.1481481481,0.0000000000
-129.8099526513,22.6296296296,0.0000000000
-129.8405414740,22.8703703704,0.0000000000
-129.8405414740,22.6296296296,0.0000000000
-129.8099526513,23.1111111111,0.0000000000
-129.8405414740,23.3518518518,0.0000000000
-129.8405414740,23.1111111111,0.0000000000
-129.8099526513,23.5925925926,0.0000000000
-129.8405414740,23.8333333333,0.0000000000
-129.8405414740,23.5925925926,0.0000000000
-129.8099526513,24.0740740741,0.0000000000
-129.8405414740,24.3148148148,0.0000000000
-129.8405414740,24.0740740741,0.0000000000
-129.8099526513,24.5555555555,0.0000000000
-129.8405414740,24.7962962963,0.0000000000
-129.8405414740,24.5555555555,0.0000000000
-129.8099526513,25.0370370370,0.0000000000
-129.8405414740,25.2777777778,0.0000000000
-129.8405414740,25.0370370370,0.0000000000
-129.8099526513,25.5185185185,0.0000000000
-129.8405414740,25.7592592593,0.0000000000
-129.8405414740,25.5185185185,0.0000000000
-129.8099526513,26.0000000000,0.0000000000
-129.8405414740,26.2407407407,0.0000000000
-129.8405414740,26.0000000000,0.0000000000
-129.8099526513,26.4814814815,0.0000000000
-129.8405414740,26.7222222222,0.0000000000
-129.8405414740,26.4814814815,0.0000000000
-129.8099526513,26.9629629630,0.0000000000
-129.8405414740,27.2037037037,0.0000000000
-129.8405414740,26.9629629630,0.0000000000
-129.8099526513,27.4444444444,0.0000000000
-129.8405414740,27.6851851852,0.0000000000
-129.8405414740,27.4444444444,0.0000000000
-129.8099526513,27.9259259259,0.0000000000
-129.8405414740,28.1666666667,0.0000000000
-129.8405414740,27.9259259259,0.0000000000
-129.8099526513,28.4074074074,0.0000000000
-129.8405414740,28.6481481481,0.0000000000
-129.8405414740,28.4074074074,0.0000000000
-129.8099526513,28.8888888889,0.0000000000
-129.8405414740,29.1296296296,0.0000000000
-129.8405414740,28.8888888889,0.0000000000
-129.8099526513,29.3703703704,0.0000000000
-129.8405414740,29.6111111111,0.0000000000
-129.8405414740,29.3703703704,0.0000000000
-129.8099526513,29.8518518518,0.0000000000
-129.8405414740,30.0925925926,0.0000000000
-129.8405414740,29.8518518518,0.0000000000
-129.8099526513,30.3333333333,0.0000000000
-129.8405414740,30.5740740741,0.0000000000
-129.8405414740,30.3333333333,0.0000000000
-129.8099526513,30.8148148148,0.0000000000
-129.8405414740,31.0555555555,0.0000000000
-129.8405414740,30.8148148148,0.0000000000
-129.8099526513,31.2962962963,0.0000000000
-129.8405414740,31.5370370370,0.0000000000
-129.8405414740,31.2962962963,0.0000000000
-129.8099526513,31.7777777778,0.0000000000
-129.8405414740,32.0185185185,0.0000000000
-129.8405414740,31.7777777778,0.0000000000
-129.8099526513,32.2592592593,0.0000000000
-129.8405414740,32.2592592593,0.0000000000
-129.7365397200,-32.2592592593,0.0000000000
-129.7732461857,-32.0185185185,0.0000000000
-129.7732461857,-32.2592592593,0.0000000000
-129.7365397200,-31.7777777778,0.0000000000
-129.7732461857,-31.5370370370,0.0000000000
-129.7732461857,-31.7777777778,0.0000000000
-129.7365397200,-31.2962962963,0.0000000000
-129.7732461857,-31.0555555556,0.0000000000
-129.7732461857,-31.2962962963,0.0000000000
-129.7365397200,-30.8148148148,0.0000000000
-129.7732461857,-30.5740740741,0.0000000000
-129.7732461857,-30.8148148148,0.0000000000
-129.7365397200,-30.3333333333,0.0000000000
-129.7732461857,-30.0925925926,0.0000000000
-129.7732461857,-30.3333333333,0.0000000000
-129.7365397200,-29.8518518519,0.0000000000
-129.7732461857,-29.6111111111,0.0000000000
-129.7732461857,-29.8518518519,0.0000000000
-129.7365397200,-29.3703703704,0.0000000000
-129.7732461857,-29.1296296296,0.0000000000
-129.7732461857,-29.3703703704,0.0000000000
-129.7365397200,-28.8888888889,0.0000000000
-129.7732461857,-28.6481481481,0.0000000000
-129.7732461857,-28.8888888889,0.0000000000
-129.7365397200,-28.4074074074,0.0000000000
-129.7732461857,-28.1666666667,0.0000000000
-129.7732461857,-28.4074074074,0.0000000000
-129.7365397200,-27.9259259259,0.0000000000
-129.7732461857,-27.6851851852,0.0000000000
-129.7732461857,-27.9259259259,0.0000000000
-129.7365397200,-27.4444444444,0.0000000000
-129.7732461857,-27.2037037037,0.0000000000
-129.7732461857,-27.4444444444,0.0000000000
-129.7365397200,-26.9629629630,0.0000000000
-129.7732461857,-26.7222222222,0.0000000000
-129.7732461857,-26.9629629630,0.0000000000
-129.7365397200,-26.4814814815,0.0000000000
-129.7732461857,-26.2407407407,0.0000000000
-129.7732461857,-26.4814814815,0.0000000000
-129.7365397200,-26.0000000000,0.0000000000
-129.7732461857,-25.7592592593,0.0000000000
-129.7732461857,-26.0000000000,0.0000000000
-129.7365397200,-25.5185185185,0.0000000000
-129.7732461857,-25.2777777778,0.0000000000
-129.7732461857,-25.5185185185,0.0000000000
-129.7365397200,-25.0370370370,0.0000000000
-129.7732461857,-24.7962962963,0.0000000000
-129.7732461857,-25.0370370370,0.0000000000
-129.7365397200,-24.5555555556,0.0000000000
-129.7732461857,-24.3148148148,0.0000000000
-129.7732461857,-24.5555555556,0.0000000000
-129.7365397200,-24.0740740741,0.0000000000
-129.7732461857,-23.8333333333,0.0000000000
-129.7732461857,-24.0740740741,0.0000000000
-129.7365397200,-23.5925925926,0.0000000000
-129.7732461857,-23.3518518519,0.0000000000
-129.7732461857,-23.5925925926,0.0000000000
-129.7365397200,-23.1111111111,0.0000000000
-129.7732461857,-22.8703703704,0.0000000000
-129.7732461857,-23.1111111111,0.0000000000
-129.7365397200,-22.6296296296,0.0000000000
-129.7732461857,-22.3888888889,0.0000000000
-129.7732461857,-22.6296296296,0.0000000000
-129.7365397200,-22.1481481481,0.0000000000
-129.7732461857,-21.9074074074,0.0000000000
-129.7732461857,-22.1481481481,0.0000000000
-129.7365397200,-21.6666666667,0.0000000000
-129.7732461857,-21.4259259259,0.0000000000
-129.7732461857,-21.6666666667,0.0000000000
-129.7365397200,-21.1851851852,0.0000000000
-129.7732461857,-20.9444444444,0.0000000000
-129.7732461857,-21.1851851852,0.0000000000
-129.7365397200,-20.7037037037,0.0000000000
-129.7732461857,-20.4629629630,0.0000000000
-129.7732461857,-20.7037037037,0.0000000000
-129.7365397200,-20.2222222222,0.0000000000
-129.7732461857,-19.9814814815,0.0000000000
-129.7732461857,-20.2222222222,0.0000000000
-129.7365397200,-19.7407407407,0.0000000000
-129.7732461857,-19.5000000000,0.0000000000
-129.7732461857,-19.7407407407,0.0000000000
-129.7365397200,-19.2592592593,0.0000000000
-129.7732461857,-19.0185185185,0.0000000000
-129.7732461857,-19.2592592593,0.0000000000
-129.7365397200,-18.7777777778,0.0000000000
-129.7732461857,-18.5370370370,0.0000000000
-129.7732461857,-18.7777777778,0.0000000000
-129.7365397200,-18.2962962963,0.0000000000
-129.7732461857,-18.0555555556,0.0000000000
-129.7732461857,-18.2962962963,0.0000000000
-129.7365397200,-17.8148148148,0.0000000000
-129.7732461857,-17.5740740741,0.0000000000
-129.7732461857,-17.8148148148,0.0000000000
-129.7365397200,-17.3333333333,0.0000000000
-129.7732461857,-17.0925925926,0.0000000000
-129.7732461857,-17.3333333333,0.0000000000
-129.7365397200,-16.8518518519,0.0000000000
-129.7732461857,-16.6111111111,0.0000000000
-129.7732461857,-16.8518518519,0.0000000000
-129.7365397200,-16.3703703704,0.0000000000
-129.7732461857,-16.1296296296,0.0000000000
-129.7732461857,-16.3703703704,0.0000000000
-129.7365397200,-15.8888888889,0.0000000000
-129.7732461857,-15.6481481482,0.0000000000
-129.7732461857,-15.8888888889,0.0000000000
-129.7365397200,-15.4074074074,0.0000000000
-129.7732461857,-15.1666666667,0.0000000000
-129.7732461857,-15.4074074074,0.0000000000
-129.7365397200,-14.9259259259,0.0000000000
-129.7732461857,-14.6851851852,0.0000000000
-129.7732461857,-14.9259259259,0.0000000000
-129.7365397200,-14.4444444444,0.0000000000
-129.7732461857,-14.2037037037,0.0000000000
-129.7732461857,-14.4444444444,0.0000000000
-129.7365397200,-13.9629629630,0.0000000000
-129.7732461857,-13.7222222222,0.0000000000
-129.7732461857,-13.9629629630,0.0000000000
-129.7365397200,-13.4814814815,0.0000000000
-129.7732461857,-13.2407407407,0.0000000000
-129.7732461857,-13.4814814815,0.0000000000
-129.7365397200,-13.0000000000,0.0000000000
-129.7732461857,-12.7592592593,0.0000000000
-129.7732461857,-13.0000000000,0.0000000000
-129.7365397200,-12.5185185185,0.0000000000
-129.7732461857,-12.2777777778,0.0000000000
-129.7732461857,-12.5185185185,0.0000000000
-129.7365397200,-12.0370370370,0.0000000000
-129.7732461857,-11.7962962963,0.0000000000
-129.7732461857,-12.0370370370,0.0000000000
-129.7365397200,-11.5555555556,0.0000000000
-129.7732461857,-11.3148148148,0.0000000000
-129.7732461857,-11.5555555556,0.0000000000
-129.7365397200,-11.0740740741,0.0000000000
-129.7732461857,-10.8333333333,0.0000000000
-129.7732461857,-11.0740740741,0.0000000000
-129.7365397200,-10.5925925926,0.0000000000
-129.7732461857,-10.3518518519,0.0000000000
-129.7732461857,-10.5925925926,0.0000000000
-129.7365397200,-10.1111111111,0.0000000000
-129.7732461857,-9.8703703704,0.0000000000
-129.7732461857,-10.1111111111,0.0000000000
-129.7365397200,-9.6296296296,0.0000000000
-129.7732461857,-9.3888888889,0.0000000000
-129.7732461857,-9.6296296296,0.0000000000
-129.7365397200,-9.1481481482,0.0000000000
-129.7732461857,-8.9074074074,0.0000000000
-129.7732461857,-9.1481481482,0.0000000000
-129.7365397200,-8.6666666667,0.0000000000
-129.7732461857,-8.4259259259,0.0000000000
-129.7732461857,-8.6666666667,0.0000000000
-129.7365397200,-8.1851851852,0.0000000000
-129.7732461857,-7.9444444444,0.0000000000
-129.7732461857,-8.1851851852,0.0000000000
-129.7365397200,-7.7037037037,0.0000000000
-129.7732461857,-7.4629629630,0.0000000000
-129.7732461857,-7.7037037037,0.0000000000
-129.7365397200,-7.2222222222,0.0000000000
-129.7732461857,-6.9814814815,0.0000000000
-129.7732461857,-7.2222222222,0.0000000000
-129.7365397200,-6.7407407407,0.0000000000
-129.7732461857,-6.5000000000,0.0000000000
-129.7732461857,-6.7407407407,0.0000000000
-129.7365397200,-6.2592592593,0.0000000000
-129.7732461857,-6.0185185185,0.0000000000
-129.7732461857,-6.2592592593,0.0000000000
-129.7365397200,-5.7777777778,0.0000000000
-129.7732461857,-5.5370370370,0.0000000000
-129.7732461857,-5.7777777778,0.0000000000
-129.7365397200,-5.2962962963,0.0000000000
-129.7732461857,-5.0555555556,0.0000000000
-129.7732461857,-5.2962962963,0.0000000000
-129.7365397200,-4.8148148148,0.0000000000
-129.7732461857,-4.5740740741,0.0000000000
-129.7732461857,-4.8148148148,0.0000000000
-129.7365397200,-4.3333333333,0.0000000000
-129.7732461857,-4.0925925926,0.0000000000
-129.7732461857,-4.3333333333,0.0000000000
-129.7365397200,-3.8518518519,0.0000000000
-129.7732461857,-3.6111111111,0.0000000000
-129.7732461857,-3.8518518519,0.0000000000
-129.7365397200,-3.3703703704,0.0000000000
-129.7732461857,-3.1296296296,0.0000000000
-129.7732461857,-3.3703703704,0.0000000000
-129.7365397200,-2.8888888889,0.0000000000
-129.7732461857,-2.6481481482,0.0000000000
-129.7732461857,-2.8888888889,0.0000000000
-129.7365397200,-2.4074074074,0.0000000000
-129.7732461857,-2.1666666667,0.0000000000
-129.7732461857,-2.4074074074,0.0000000000
-129.7365397200,-1.9259259259,0.0000000000
-129.7732461857,-1.6851851852,0.0000000000
-129.7732461857,-1.9259259259,0.0000000000
-129.7365397200,-1.4444444444,0.0000000000
-129.7732461857,-1.2037037037,0.0000000000
-129.7732461857,-1.4444444444,0.0000000000
-129.7365397200,-0.9629629630,0.0000000000
-129.7732461857,-0.7222222222,0.0000000000
-129.7732461857,-0.9629629630,0.0000000000
-129.7365397200,-0.4814814815,0.0000000000
-129.7732461857,-0.2407407407,0.0000000000
-129.7732461857,-0.4814814815,0.0000000000
-129.7365397200,-0.0000000000,0.0000000000
-129.7732461857,0.2407407407,0.0000000000
-129.7732461857,-0.0000000000,0.0000000000
-129.7365397200,0.4814814815,0.0000000000
-129.7732461857,0.7222222222,0.0000000000
-129.7732461857,0.4814814815,0.0000000000
-129.7365397200,0.9629629630,0.0000000000
-129.7732461857,1.2037037037,0.0000000000
-129.7732461857,0.9629629630,0.0000000000
-129.7365397200,1.4444444444,0.0000000000
-129.7732461857,1.6851851852,0.0000000000
-129.7732461857,1.4444444444,0.0000000000
-129.7365397200,1.9259259259,0.0000000000
-129.7732461857,2.1666666667,0.0000000000
-129.7732461857,1.9259259259,0.0000000000
-129.7365397200,2.4074074074,0.0000000000
-129.7732461857,2.6481481481,0.0000000000
-129.7732461857,2.4074074074,0.0000000000
-129.7365397200,2.8888888889,0.0000000000
-129.7732461857,3.1296296296,0.0000000000
-129.7732461857,2.8888888889,0.0000000000
-129.7365397200,3.3703703704,0.0000000000
-129.7732461857,3.6111111111,0.0000000000
-129.7732461857,3.3703703704,0.0000000000
-129.7365397200,3.8518518518,0.0000000000
-129.7732461857,4.0925925926,0.0000000000
-129.7732461857,3.8518518518,0.0000000000
-129.7365397200,4.3333333333,0.0000000000
-129.7732461857,4.5740740741,0.0000000000
-129.7732461857,4.3333333333,0.0000000000
-129.7365397200,4.8148148148,0.0000000000
-129.7732461857,5.0555555556,0.0000000000
-129.7732461857,4.8148148148,0.0000000000
-129.7365397200,5.2962962963,0.0000000000
-129.7732461857,5.5370370370,0.0000000000
-129.7732461857,5.2962962963,0.0000000000
-129.7365397200,5.7777777778,0.0000000000
-129.7732461857,6.0185185185,0.0000000000
-129.7732461857,5.7777777778,0.0000000000
-129.7365397200,6.2592592593,0.0000000000
-129.7732461857,6.5000000000,0.0000000000
-129.7732461857,6.2592592593,0.0000000000
-129.7365397200,6.7407407407,0.0000000000
-129.7732461857,6.9814814815,0.0000000000
-129.7732461857,6.7407407407,0.0000000000
-129.7365397200,7.2222222222,0.0000000000
-129.7732461857,7.4629629630,0.0000000000
-129.7732461857,7.2222222222,0.0000000000
-129.7365397200,7.7037037037,0.0000000000
-129.7732461857,7.9444444444,0.0000000000
-129.7732461857,7.7037037037,0.0000000000
-129.7365397200,8.1851851852,0.0000000000
-129.7732461857,8.4259259259,0.0000000000
-129.7732461857,8.1851851852,0.0000000000
-129.7365397200,8.6666666667,0.0000000000
-129.7732461857,8.9074074074,0.0000000000
-129.7732461857,8.6666666667,0.0000000000
-129.7365397200,9.1481481481,0.0000000000
-129.7732461857,9.3888888889,0.0000000000
-129.7732461857,9.1481481481,0.0000000000
-129.7365397200,9.6296296296,0.0000000000
-129.7732461857,9.8703703704,0.0000000000
-129.7732461857,9.6296296296,0.0000000000
-129.7365397200,10.1111111111,0.0000000000
-129.7732461857,10.3518518518,0.0000000000
-129.7732461857,10.1111111111,0.0000000000
-129.7365397200,10.5925925926,0.0000000000
-129.7732461857,10.8333333333,0.0000000000
-129.7732461857,10.5925925926,0.0000000000
-129.7365397200,11.0740740741,0.0000000000
-129.7732461857,11.3148148148,0.0000000000
-129.7732461857,11.0740740741,0.0000000000
-129.7365397200,11.5555555555,0.0000000000
-129.7732461857,11.7962962963,0.0000000000
-129.7732461857,11.5555555555,0.0000000000
-129.7365397200,12.0370370370,0.0000000000
-129.7732461857,12.2777777778,0.0000000000
-129.7732461857,12.0370370370,0.0000000000
-129.7365397200,12.5185185185,0.0000000000
-129.7732461857,12.7592592593,0.0000000000
-129.7732461857,12.5185185185,0.0000000000
-129.7365397200,13.0000000000,0.0000000000
-129.7732461857,13.2407407407,0.0000000000
-129.7732461857,13.0000000000,0.0000000000
-129.7365397200,13.4814814815,0.0000000000
-129.7732461857,13.7222222222,0.0000000000
-129.7732461857,13.4814814815,0.0000000000
-129.7365397200,13.9629629630,0.0000000000
-129.7732461857,14.2037037037,0.0000000000
-129.7732461857,13.9629629630,0.0000000000
-129.7365397200,14.4444444444,0.0000000000
-129.7732461857,14.6851851852,0.0000000000
-129.7732461857,14.4444444444,0.0000000000
-129.7365397200,14.9259259259,0.0000000000
-129.7732461857,15.1666666667,0.0000000000
-129.7732461857,14.9259259259,0.0000000000
-129.7365397200,15.4074074074,0.0000000000
-129.7732461857,15.6481481481,0.0000000000
-129.7732461857,15.4074074074,0.0000000000
-129.7365397200,15.8888888889,0.0000000000
-129.7732461857,16.1296296296,0.0000000000
-129.7732461857,15.8888888889,0.0000000000
-129.7365397200,16.3703703704,0.0000000000
-129.7732461857,16.6111111111,0.0000000000
-129.7732461857,16.3703703704,0.0000000000
-129.7365397200,16.8518518518,0.0000000000
-129.7732461857,17.0925925926,0.0000000000
-129.7732461857,16.8518518518,0.0000000000
-129.7365397200,17.3333333333,0.0000000000
-129.7732461857,17.5740740741,0.0000000000
-129.7732461857,17.3333333333,0.0000000000
-129.7365397200,17.8148148148,0.0000000000
-129.7732461857,18.0555555555,0.0000000000
-129.7732461857,17.8148148148,0.0000000000
-129.7365397200,18.2962962963,0.0000000000
-129.7732461857,18.5370370370,0.0000000000
-129.7732461857,18.2962962963,0.0000000000
-129.7365397200,18.7777777778,0.0000000000
-129.7732461857,19.0185185185,0.0000000000
-129.7732461857,18.7777777778,0.0000000000
-129.7365397200,19.2592592593,0.0000000000
-129.7732461857,19.5000000000,0.0000000000
-129.7732461857,19.2592592593,0.0000000000
-129.7365397200,19.7407407407,0.0000000000
-129.7732461857,19.9814814815,0.0000000000
-129.7732461857,19.7407407407,0.0000000000
-129.7365397200,20.2222222222,0.0000000000
-129.7732461857,20.4629629630,0.0000000000
-129.7732461857,20.2222222222,0.0000000000
-129.7365397200,20.7037037037,0.0000000000
-129.7732461857,20.9444444444,0.0000000000
-129.7732461857,20.7037037037,0.0000000000
-129.7365397200,21.1851851852,0.0000000000
-129.7732461857,21.4259259259,0.0000000000
-129.7732461857,21.1851851852,0.0000000000
-129.7365397200,21.6666666667,0.0000000000
-129.7732461857,21.9074074074,0.0000000000
-129.7732461857,21.6666666667,0.0000000000
-129.7365397200,22.1481481481,0.0000000000
-129.7732461857,22.3888888889,0.0000000000
-129.7732461857,22.1481481481,0.0000000000
-129.7365397200,22.6296296296,0.0000000000
-129.7732461857,22.8703703704,0.0000000000
-129.7732461857,22.6296296296,0.0000000000
-129.7365397200,23.1111111111,0.0000000000
-129.7732461857,23.3518518518,0.0000000000
-129.7732461857,23.1111111111,0.0000000000
-129.7365397200,23.5925925926,0.0000000000
-129.7732461857,23.8333333333,0.0000000000
-129.7732461857,23.5925925926,0.0000000000
-129.7365397200,24.0740740741,0.0000000000
-129.7732461857,24.3148148148,0.0000000000
-129.7732461857,24.0740740741,0.0000000000
-129.7365397200,24.5555555555,0.0000000000
-129.7732461857,24.7962962963,0.0000000000
-129.7732461857,24.5555555555,0.0000000000
-129.7365397200,25.0370370370,0.0000000000
-129.7732461857,25.2777777778,0.0000000000
-129.7732461857,25.0370370370,0.0000000000
-129.7365397200,25.5185185185,0.0000000000
-129.7732461857,25.7592592593,0.0000000000
-129.7732461857,25.5185185185,0.0000000000
-129.7365397200,26.0000000000,0.0000000000
-129.7732461857,26.2407407407,0.0000000000
-129.7732461857,26.0000000000,0.0000000000
-129.7365397200,26.4814814815,0.0000000000
-129.7732461857,26.7222222222,0.0000000000
-129.7732461857,26.4814814815,0.0000000000
-129.7365397200,26.9629629630,0.0000000000
-129.7732461857,27.2037037037,0.0000000000
-129.7732461857,26.9629629630,0.0000000000
-129.7365397200,27.4444444444,0.0000000000
-129.7732461857,27.6851851852,0.0000000000
-129.7732461857,27.4444444444,0.0000000000
-129.7365397200,27.9259259259,0.0000000000
-129.7732461857,28.1666666667,0.0000000000
-129.7732461857,27.9259259259,0.0000000000
-129.7365397200,28.4074074074,0.0000000000
-129.7732461857,28.6481481481,0.0000000000
-129.7732461857,28.4074074074,0.0000000000
-129.7365397200,28.8888888889,0.0000000000
-129.7732461857,29.1296296296,0.0000000000
-129.7732461857,28.8888888889,0.0000000000
-129.7365397200,29.3703703704,0.0000000000
-129.7732461857,29.6111111111,0.0000000000
-129.7732461857,29.3703703704,0.0000000000
-129.7365397200,29.8518518518,0.0000000000
-129.7732461857,30.0925925926,0.0000000000
-129.7732461857,29.8518518518,0.0000000000
-129.7365397200,30.3333333333,0.0000000000
-129.7732461857,30.5740740741,0.0000000000
-129.7732461857,30.3333333333,0.0000000000
-129.7365397200,30.8148148148,0.0000000000
-129.7732461857,31.0555555555,0.0000000000
-129.7732461857,30.8148148148,0.0000000000
-129.7365397200,31.2962962963,0.0000000000
-129.7732461857,31.5370370370,0.0000000000
-129.7732461857,31.2962962963,0.0000000000
-129.7365397200,31.7777777778,0.0000000000
-129.7732461857,32.0185185185,0.0000000000
-129.7732461857,31.7777777778,0.0000000000
-129.7365397200,32.2592592593,0.0000000000
-129.7732461857,32.2592592593,0.0000000000
-129.6484441280,-32.2592592593,0.0000000000
-129.6924919240,-32.0185185185,0.0000000000
-129.6924919240,-32.2592592593,0.0000000000
-129.6484441280,-31.7777777778,0.0000000000
-129.6924919240,-31.5370370370,0.0000000000
-129.6924919240,-31.7777777778,0.0000000000
-129.6484441280,-31.2962962963,0.0000000000
-129.6924919240,-31.0555555556,0.0000000000
-129.6924919240,-31.2962962963,0.0000000000
-129.6484441280,-30.8148148148,0.0000000000
-129.6924919240,-30.5740740741,0.0000000000
-129.6924919240,-30.8148148148,0.0000000000
-129.6484441280,-30.3333333333,0.0000000000
-129.6924919240,-30.0925925926,0.0000000000
-129.6924919240,-30.3333333333,0.0000000000
-129.6484441280,-29.8518518519,0.0000000000
-129.6924919240,-29.6111111111,0.0000000000
-129.6924919240,-29.8518518519,0.0000000000
-129.6484441280,-29.3703703704,0.0000000000
-129.6924919240,-29.1296296296,0.0000000000
-129.6924919240,-29.3703703704,0.0000000000
-129.6484441280,-28.8888888889,0.0000000000
-129.6924919240,-28.6481481481,0.0000000000
-129.6924919240,-28.8888888889,0.0000000000
-129.6484441280,-28.4074074074,0.0000000000
-129.6924919240,-28.1666666667,0.0000000000
-129.6924919240,-28.4074074074,0.0000000000
-129.6484441280,-27.9259259259,0.0000000000
-129.6924919240,-27.6851851852,0.0000000000
-129.6924919240,-27.9259259259,0.0000000000
-129.6484441280,-27.4444444444,0.0000000000
-129.6924919240,-27.2037037037,0.0000000000
-129.6924919240,-27.4444444444,0.0000000000
-129.6484441280,-26.9629629630,0.0000000000
-129.6924919240,-26.7222222222,0.0000000000
-129.6924919240,-26.9629629630,0.0000000000
-129.6484441280,-26.4814814815,0.0000000000
-129.6924919240,-26.2407407407,0.0000000000
-129.6924919240,-26.4814814815,0.0000000000
-129.6484441280,-26.0000000000,0.0000000000
-129.6924919240,-25.7592592593,0.0000000000
-129.6924919240,-26.0000000000,0.0000000000
-129.6484441280,-25.5185185185,0.0000000000
-129.6924919240,-25.2777777778,0.0000000000
-129.6924919240,-25.5185185185,0.0000000000
-129.6484441280,-25.0370370370,0.0000000000
-129.6924919240,-24.7962962963,0.0000000000
-129.6924919240,-25.0370370370,0.0000000000
-129.6484441280,-24.5555555556,0.0000000000
-129.6924919240,-24.3148148148,0.0000000000
-129.6924919240,-24.5555555556,0.0000000000
-129.6484441280,-24.0740740741,0.0000000000
-129.6924919240,-23.8333333333,0.0000000000
-129.6924919240,-24.0740740741,0.0000000000
-129.6484441280,-23.5925925926,0.0000000000
-129.6924919240,-23.3518518519,0.0000000000
-129.6924919240,-23.5925925926,0.0000000000
-129.6484441280,-23.1111111111,0.0000000000
-129.6924919240,-22.8703703704,0.0000000000
-129.6924919240,-23.1111111111,0.0000000000
-129.6484441280,-22.6296296296,0.0000000000
-129.6924919240,-22.3888888889,0.0000000000
-129.6924919240,-22.6296296296,0.0000000000
-129.6484441280,-22.1481481481,0.0000000000
-129.6924919240,-21.9074074074,0.0000000000
-129.6924919240,-22.1481481481,0.0000000000
-129.6484441280,-21.6666666667,0.0000000000
-129.6924919240,-21.4259259259,0.0000000000
-129.6924919240,-21.6666666667,0.0000000000
-129.6484441280,-21.1851851852,0.0000000000
-129.6924919240,-20.9444444444,0.0000000000
-129.6924919240,-21.1851851852,0.0000000000
-129.6484441280,-20.7037037037,0.0000000000
-129.6924919240,-20.4629629630,0.0000000000
-129.6924919240,-20.7037037037,0.0000000000
-129.6484441280,-20.2222222222,0.0000000000
-129.6924919240,-19.9814814815,0.0000000000
-129.6924919240,-20.2222222222,0.0000000000
-129.6484441280,-19.7407407407,0.0000000000
-129.6924919240,-19.5000000000,0.0000000000
-129.6924919240,-19.7407407407,0.0000000000
-129.6484441280,-19.2592592593,0.0000000000
-129.6924919240,-19.0185185185,0.0000000000
-129.6924919240,-19.2592592593,0.0000000000
-129.6484441280,-18.7777777778,0.0000000000
-129.6924919240,-18.5370370370,0.0000000000
-129.6924919240,-18.7777777778,0.0000000000
-129.6484441280,-18.2962962963,0.0000000000
-129.6924919240,-18.0555555556,0.0000000000
-129.6924919240,-18.2962962963,0.0000000000
-129.6484441280,-17.8148148148,0.0000000000
-129.6924919240,-17.5740740741,0.0000000000
-129.6924919240,-17.8148148148,0.0000000000
-129.6484441280,-17.3333333333,0.0000000000
-129.6924919240,-17.0925925926,0.0000000000
-129.6924919240,-17.3333333333,0.0000000000
-129.6484441280,-16.8518518519,0.0000000000
-129.6924919240,-16.6111111111,0.0000000000
-129.6924919240,-16.8518518519,0.0000000000
-129.6484441280,-16.3703703704,0.0000000000
-129.6924919240,-16.1296296296,0.0000000000
-129.6924919240,-16.3703703704,0.0000000000
-129.6484441280,-15.8888888889,0.0000000000
-129.6924919240,-15.6481481482,0.0000000000
-129.6924919240,-15.8888888889,0.0000000000
-129.6484441280,-15.4074074074,0.0000000000
-129.6924919240,-15.1666666667,0.0000000000
-129.6924919240,-15.4074074074,0.0000000000
-129.6484441280,-14.9259259259,0.0000000000
-129.6924919240,-14.6851851852,0.0000000000
-129.6924919240,-14.9259259259,0.0000000000
-129.6484441280,-14.4444444444,0.0000000000
-129.6924919240,-14.2037037037,0.0000000000
-129.6924919240,-14.4444444444,0.0000000000
-129.6484441280,-13.9629629630,0.0000000000
-129.6924919240,-13.7222222222,0.0000000000
-129.6924919240,-13.9629629630,0.0000000000
-129.6484441280,-13.4814814815,0.0000000000
-129.6924919240,-13.2407407407,0.0000000000
-129.6924919240,-13.4814814815,0.0000000000
-129.6484441280,-13.0000000000,0.0000000000
-129.6924919240,-12.7592592593,0.0000000000
-129.6924919240,-13.0000000000,0.0000000000
-129.6484441280,-12.5185185185,0.0000000000
-129.6924919240,-12.2777777778,0.0000000000
-129.6924919240,-12.5185185185,0.0000000000
-129.6484441280,-12.0370370370,0.0000000000
-129.6924919240,-11.7962962963,0.0000000000
-129.6924919240,-12.0370370370,0.0000000000
-129.6484441280,-11.5555555556,0.0000000000
-129.6924919240,-11.3148148148,0.0000000000
-129.6924919240,-11.5555555556,0.0000000000
-129.6484441280,-11.0740740741,0.0000000000
-129.6924919240,-10.8333333333,0.0000000000
-129.6924919240,-11.0740740741,0.0000000000
-129.6484441280,-10.5925925926,0.0000000000
-129.6924919240,-10.3518518519,0.0000000000
-129.6924919240,-10.5925925926,0.0000000000
-129.6484441280,-10.1111111111,0.0000000000
-129.6924919240,-9.8703703704,0.0000000000
-129.6924919240,-10.1111111111,0.0000000000
-129.6484441280,-9.6296296296,0.0000000000
-129.6924919240,-9.3888888889,0.0000000000
-129.6924919240,-9.6296296296,0.0000000000
-129.6484441280,-9.1481481482,0.0000000000
-129.6924919240,-8.9074074074,0.0000000000
-129.6924919240,-9.1481481482,0.0000000000
-129.6484441280,-8.6666666667,0.0000000000
-129.6924919240,-8.4259259259,0.0000000000
-129.6924919240,-8.6666666667,0.0000000000
-129.6484441280,-8.1851851852,0.0000000000
-129.6924919240,-7.9444444444,0.0000000000
-129.6924919240,-8.1851851852,0.0000000000
-129.6484441280,-7.7037037037,0.0000000000
-129.6924919240,-7.4629629630,0.0000000000
-129.6924919240,-7.7037037037,0.0000000000
-129.6484441280,-7.2222222222,0.0000000000
-129.6924919240,-6.9814814815,0.0000000000
-129.6924919240,-7.2222222222,0.0000000000
-129.6484441280,-6.7407407407,0.0000000000
-129.6924919240,-6.5000000000,0.0000000000
-129.6924919240,-6.7407407407,0.0000000000
-129.6484441280,-6.2592592593,0.0000000000
-129.6924919240,-6.0185185185,0.0000000000
-129.6924919240,-6.2592592593,0.0000000000
-129.6484441280,-5.7777777778,0.0000000000
-129.6924919240,-5.5370370370,0.0000000000
-129.6924919240,-5.7777777778,0.0000000000
-129.6484441280,-5.2962962963,0.0000000000
-129.6924919240,-5.0555555556,0.0000000000
-129.6924919240,-5.2962962963,0.0000000000
-129.6484441280,-4.8148148148,0.0000000000
-129.6924919240,-4.5740740741,0.0000000000
-129.6924919240,-4.8148148148,0.0000000000
-129.6484441280,-4.3333333333,0.0000000000
-129.6924919240,-4.0925925926,0.0000000000
-129.6924919240,-4.3333333333,0.0000000000
-129.6484441280,-3.8518518519,0.0000000000
-129.6924919240,-3.6111111111,0.0000000000
-129.6924919240,-3.8518518519,0.0000000000
-129.6484441280,-3.3703703704,0.0000000000
-129.6924919240,-3.1296296296,0.0000000000
-129.6924919240,-3.3703703704,0.0000000000
-129.6484441280,-2.8888888889,0.0000000000
-129.6924919240,-2.6481481482,0.0000000000
-129.6924919240,-2.8888888889,0.0000000000
-129.6484441280,-2.4074074074,0.0000000000
-129.6924919240,-2.1666666667,0.0000000000
-129.6924919240,-2.4074074074,0.0000000000
-129.6484441280,-1.9259259259,0.0000000000
-129.6924919240,-1.6851851852,0.0000000000
-129.6924919240,-1.9259259259,0.0000000000
-129.6484441280,-1.4444444444,0.0000000000
-129.6924919240,-1.2037037037,0.0000000000
-129.6924919240,-1.4444444444,0.0000000000
-129.6484441280,-0.9629629630,0.0000000000
-129.6924919240,-0.7222222222,0.0000000000
-129.6924919240,-0.9629629630,0.0000000000
-129.6484441280,-0.4814814815,0.0000000000
-129.6924919240,-0.2407407407,0.0000000000
-129.6924919240,-0.4814814815,0.0000000000
-129.6484441280,-0.0000000000,0.0000000000
-129.6924919240,0.2407407407,0.0000000000
-129.6924919240,-0.0000000000,0.0000000000
-129.6484441280,0.4814814815,0.0000000000
-129.6924919240,0.7222222222,0.0000000000
-129.6924919240,0.4814814815,0.0000000000
-129.6484441280,0.9629629630,0.0000000000
-129.6924919240,1.2037037037,0.0000000000
-129.6924919240,0.9629629630,0.0000000000
-129.6484441280,1.4444444444,0.0000000000
-129.6924919240,1.6851851852,0.0000000000
-129.6924919240,1.4444444444,0.0000000000
-129.6484441280,1.9259259259,0.0000000000
-129.6924919240,2.1666666667,0.0000000000
-129.6924919240,1.9259259259,0.0000000000
-129.6484441280,2.4074074074,0.0000000000
-129.6924919240,2.6481481481,0.0000000000
-129.6924919240,2.4074074074,0.0000000000
-129.6484441280,2.8888888889,0.0000000000
-129.6924919240,3.1296296296,0.0000000000
-129.6924919240,2.8888888889,0.0000000000
-129.6484441280,3.3703703704,0.0000000000
-129.6924919240,3.6111111111,0.0000000000
-129.6924919240,3.3703703704,0.0000000000
-129.6484441280,3.8518518518,0.0000000000
-129.6924919240,4.0925925926,0.0000000000
-129.6924919240,3.8518518518,0.0000000000
-129.6484441280,4.3333333333,0.0000000000
-129.6924919240,4.5740740741,0.0000000000
-129.6924919240,4.3333333333,0.0000000000
-129.6484441280,4.8148148148,0.0000000000
-129.6924919240,5.0555555556,0.0000000000
-129.6924919240,4.8148148148,0.0000000000
-129.6484441280,5.2962962963,0.0000000000
-129.6924919240,5.5370370370,0.0000000000
-129.6924919240,5.2962962963,0.0000000000
-129.6484441280,5.7777777778,0.0000000000
-129.6924919240,6.0185185185,0.0000000000
-129.6924919240,5.7777777778,0.0000000000
-129.6484441280,6.2592592593,0.0000000000
-129.6924919240,6.5000000000,0.0000000000
-129.6924919240,6.2592592593,0.0000000000
-129.6484441280,6.7407407407,0.0000000000
-129.6924919240,6.9814814815,0.0000000000
-129.6924919240,6.7407407407,0.0000000000
-129.6484441280,7.2222222222,0.0000000000
-129.6924919240,7.4629629630,0.0000000000
-129.6924919240,7.2222222222,0.0000000000
-129.6484441280,7.7037037037,0.0000000000
-129.6924919240,7.9444444444,0.0000000000
-129.6924919240,7.7037037037,0.0000000000
-129.6484441280,8.1851851852,0.0000000000
-129.6924919240,8.4259259259,0.0000000000
-129.6924919240,8.1851851852,0.0000000000
-129.6484441280,8.6666666667,0.0000000000
-129.6924919240,8.9074074074,0.0000000000
-129.6924919240,8.6666666667,0.0000000000
-129.6484441280,9.1481481481,0.0000000000
-129.6924919240,9.3888888889,0.0000000000
-129.6924919240,9.1481481481,0.0000000000
-129.6484441280,9.6296296296,0.0000000000
-129.6924919240,9.8703703704,0.0000000000
-129.6924919240,9.6296296296,0.0000000000
-129.6484441280,10.1111111111,0.0000000000
-129.6924919240,10.3518518518,0.0000000000
-129.6924919240,10.1111111111,0.0000000000
-129.6484441280,10.5925925926,0.0000000000
-129.6924919240,10.8333333333,0.0000000000
-129.6924919240,10.5925925926,0.0000000000
-129.6484441280,11.0740740741,0.0000000000
-129.6924919240,11.3148148148,0.0000000000
-129.6924919240,11.0740740741,0.0000000000
-129.6484441280,11.5555555555,0.0000000000
-129.6924919240,11.7962962963,0.0000000000
-129.6924919240,11.5555555555,0.0000000000
-129.6484441280,12.0370370370,0.0000000000
-129.6924919240,12.2777777778,0.0000000000
-129.6924919240,12.0370370370,0.0000000000
-129.6484441280,12.5185185185,0.0000000000
-129.6924919240,12.7592592593,0.0000000000
-129.6924919240,12.5185185185,0.0000000000
-129.6484441280,13.0000000000,0.0000000000
-129.6924919240,13.2407407407,0.0000000000
-129.6924919240,13.0000000000,0.0000000000
-129.6484441280,13.4814814815,0.0000000000
-129.6924919240,13.7222222222,0.0000000000
-129.6924919240,13.4814814815,0.0000000000
-129.6484441280,13.9629629630,0.0000000000
-129.6924919240,14.2037037037,0.0000000000
-129.6924919240,13.9629629630,0.0000000000
-129.6484441280,14.4444444444,0.0000000000
-129.6924919240,14.6851851852,0.0000000000
-129.6924919240,14.4444444444,0.0000000000
-129.6484441280,14.9259259259,0.0000000000
-129.6924919240,15.1666666667,0.0000000000
-129.6924919240,14.9259259259,0.0000000000
-129.6484441280,15.4074074074,0.0000000000
-129.6924919240,15.6481481481,0.0000000000
-129.6924919240,15.4074074074,0.0000000000
-129.6484441280,15.8888888889,0.0000000000
-129.6924919240,16.1296296296,0.0000000000
-129.6924919240,15.8888888889,0.0000000000
-129.6484441280,16.3703703704,0.0000000000
-129.6924919240,16.6111111111,0.0000000000
-129.6924919240,16.3703703704,0.0000000000
-129.6484441280,16.8518518518,0.0000000000
-129.6924919240,17.0925925926,0.0000000000
-129.6924919240,16.8518518518,0.0000000000
-129.6484441280,17.3333333333,0.0000000000
-129.6924919240,17.5740740741,0.0000000000
-129.6924919240,17.3333333333,0.0000000000
-129.6484441280,17.8148148148,0.0000000000
-129.6924919240,18.0555555555,0.0000000000
-129.6924919240,17.8148148148,0.0000000000
-129.6484441280,18.2962962963,0.0000000000
-129.6924919240,18.5370370370,0.0000000000
-129.6924919240,18.2962962963,0.0000000000
-129.6484441280,18.7777777778,0.0000000000
-129.6924919240,19.0185185185,0.0000000000
-129.6924919240,18.7777777778,0.0000000000
-129.6484441280,19.2592592593,0.0000000000
-129.6924919240,19.5000000000,0.0000000000
-129.6924919240,19.2592592593,0.0000000000
-129.6484441280,19.7407407407,0.0000000000
-129.6924919240,19.9814814815,0.0000000000
-129.6924919240,19.7407407407,0.0000000000
-129.6484441280,20.2222222222,0.0000000000
-129.6924919240,20.4629629630,0.0000000000
-129.6924919240,20.2222222222,0.0000000000
-129.6484441280,20.7037037037,0.0000000000
-129.6924919240,20.9444444444,0.0000000000
-129.6924919240,20.7037037037,0.0000000000
-129.6484441280,21.1851851852,0.0000000000
-129.6924919240,21.4259259259,0.0000000000
-129.6924919240,21.1851851852,0.0000000000
-129.6484441280,21.6666666667,0.0000000000
-129.6924919240,21.9074074074,0.0000000000
-129.6924919240,21.6666666667,0.0000000000
-129.6484441280,22.1481481481,0.0000000000
-129.6924919240,22.3888888889,0.0000000000
-129.6924919240,22.1481481481,0.0000000000
-129.6484441280,22.6296296296,0.0000000000
-129.6924919240,22.8703703704,0.0000000000
-129.6924919240,22.6296296296,0.0000000000
-129.6484441280,23.1111111111,0.0000000000
-129.6924919240,23.3518518518,0.0000000000
-129.6924919240,23.1111111111,0.0000000000
-129.6484441280,23.5925925926,0.0000000000
-129.6924919240,23.8333333333,0.0000000000
-129.6924919240,23.5925925926,0.0000000000
-129.6484441280,24.0740740741,0.0000000000
-129.6924919240,24.3148148148,0.0000000000
-129.6924919240,24.0740740741,0.0000000000
-129.6484441280,24.5555555555,0.0000000000
-129.6924919240,24.7962962963,0.0000000000
-129.6924919240,24.5555555555,0.0000000000
-129.6484441280,25.0370370370,0.0000000000
-129.6924919240,25.2777777778,0.0000000000
-129.6924919240,25.0370370370,0.0000000000
-129.6484441280,25.5185185185,0.0000000000
-129.6924919240,25.7592592593,0.0000000000
-129.6924919240,25.5185185185,0.0000000000
-129.6484441280,26.0000000000,0.0000000000
-129.6924919240,26.2407407407,0.0000000000
-129.6924919240,26.0000000000,0.0000000000
-129.6484441280,26.4814814815,0.0000000000
-129.6924919240,26.7222222222,0.0000000000
-129.6924919240,26.4814814815,0.0000000000
-129.6484441280,26.9629629630,0.0000000000
-129.6924919240,27.2037037037,0.0000000000
-129.6924919240,26.9629629630,0.0000000000
-129.6484441280,27.4444444444,0.0000000000
-129.6924919240,27.6851851852,0.0000000000
-129.6924919240,27.4444444444,0.0000000000
-129.6484441280,27.9259259259,0.0000000000
-129.6924919240,28.1666666667,0.0000000000
-129.6924919240,27.9259259259,0.0000000000
-129.6484441280,28.4074074074,0.0000000000
-129.6924919240,28.6481481481,0.0000000000
-129.6924919240,28.4074074074,0.0000000000
-129.6484441280,28.8888888889,0.0000000000
-129.6924919240,29.1296296296,0.0000000000
-129.6924919240,28.8888888889,0.0000000000
-129.6484441280,29.3703703704,0.0000000000
-129.6924919240,29.6111111111,0.0000000000
-129.6924919240,29.3703703704,0.0000000000
-129.6484441280,29.8518518518,0.0000000000
-129.6924919240,30.0925925926,0.0000000000
-129.6924919240,29.8518518518,0.0000000000
-129.6484441280,30.3333333333,0.0000000000
-129.6924919240,30.5740740741,0.0000000000
-129.6924919240,30.3333333333,0.0000000000
-129.6484441280,30.8148148148,0.0000000000
-129.6924919240,31.0555555555,0.0000000000
-129.6924919240,30.8148148148,0.0000000000
-129.6484441280,31.2962962963,0.0000000000
-129.6924919240,31.5370370370,0.0000000000
-129.6924919240,31.2962962963,0.0000000000
-129.6484441280,31.7777777778,0.0000000000
-129.6924919240,32.0185185185,0.0000000000
-129.6924919240,31.7777777778,0.0000000000
-129.6484441280,32.2592592593,0.0000000000
-129.6924919240,32.2592592593,0.0000000000
-129.5427291310,-32.2592592593,0.0000000000
-129.5955866295,-32.0185185185,0.0000000000
-129.5955866295,-32.2592592593,0.0000000000
-129.5427291310,-31.7777777778,0.0000000000
-129.5955866295,-31.5370370370,0.0000000000
-129.5955866295,-31.7777777778,0.0000000000
-129.5427291310,-31.2962962963,0.0000000000
-129.5955866295,-31.0555555556,0.0000000000
-129.5955866295,-31.2962962963,0.0000000000
-129.5427291310,-30.8148148148,0.0000000000
-129.5955866295,-30.5740740741,0.0000000000
-129.5955866295,-30.8148148148,0.0000000000
-129.5427291310,-30.3333333333,0.0000000000
-129.5955866295,-30.0925925926,0.0000000000
-129.5955866295,-30.3333333333,0.0000000000
-129.5427291310,-29.8518518519,0.0000000000
-129.5955866295,-29.6111111111,0.0000000000
-129.5955866295,-29.8518518519,0.0000000000
-129.5427291310,-29.3703703704,0.0000000000
-129.5955866295,-29.1296296296,0.0000000000
-129.5955866295,-29.3703703704,0.0000000000
-129.5427291310,-28.8888888889,0.0000000000
-129.5955866295,-28.6481481481,0.0000000000
-129.5955866295,-28.8888888889,0.0000000000
-129.5427291310,-28.4074074074,0.0000000000
-129.5955866295,-28.1666666667,0.0000000000
-129.5955866295,-28.4074074074,0.0000000000
-129.5427291310,-27.9259259259,0.0000000000
-129.5955866295,-27.6851851852,0.0000000000
-129.5955866295,-27.9259259259,0.0000000000
-129.5427291310,-27.4444444444,0.0000000000
-129.5955866295,-27.2037037037,0.0000000000
-129.5955866295,-27.4444444444,0.0000000000
-129.5427291310,-26.9629629630,0.0000000000
-129.5955866295,-26.7222222222,0.0000000000
-129.5955866295,-26.9629629630,0.0000000000
-129.5427291310,-26.4814814815,0.0000000000
-129.5955866295,-26.2407407407,0.0000000000
-129.5955866295,-26.4814814815,0.0000000000
-129.5427291310,-26.0000000000,0.0000000000
-129.5955866295,-25.7592592593,0.0000000000
-129.5955866295,-26.0000000000,0.0000000000
-129.5427291310,-25.5185185185,0.0000000000
-129.5955866295,-25.2777777778,0.0000000000
-129.5955866295,-25.5185185185,0.0000000000
-129.5427291310,-25.0370370370,0.0000000000
-129.5955866295,-24.7962962963,0.0000000000
-129.5955866295,-25.0370370370,0.0000000000
-129.5427291310,-24.5555555556,0.0000000000
-129.5955866295,-24.3148148148,0.0000000000
-129.5955866295,-24.5555555556,0.0000000000
-129.5427291310,-24.0740740741,0.0000000000
-129.5955866295,-23.8333333333,0.0000000000
-129.5955866295,-24.0740740741,0.0000000000
-129.5427291310,-23.5925925926,0.0000000000
-129.5955866295,-23.3518518519,0.0000000000
-129.5955866295,-23.5925925926,0.0000000000
-129.5427291310,-23.1111111111,0.0000000000
-129.5955866295,-22.8703703704,0.0000000000
-129.5955866295,-23.1111111111,0.0000000000
-129.5427291310,-22.6296296296,0.0000000000
-129.5955866295,-22.3888888889,0.0000000000
-129.5955866295,-22.6296296296,0.0000000000
-129.5427291310,-22.1481481481,0.0000000000
-129.5955866295,-21.9074074074,0.0000000000
-129.5955866295,-22.1481481481,0.0000000000
-129.5427291310,-21.6666666667,0.0000000000
-129.5955866295,-21.4259259259,0.0000000000
-129.5955866295,-21.6666666667,0.0000000000
-129.5427291310,-21.1851851852,0.0000000000
-129.5955866295,-20.9444444444,0.0000000000
-129.5955866295,-21.1851851852,0.0000000000
-129.5427291310,-20.7037037037,0.0000000000
-129.5955866295,-20.4629629630,0.0000000000
-129.5955866295,-20.7037037037,0.0000000000
-129.5427291310,-20.2222222222,0.0000000000
-129.5955866295,-19.9814814815,0.0000000000
-129.5955866295,-20.2222222222,0.0000000000
-129.5427291310,-19.7407407407,0.0000000000
-129.5955866295,-19.5000000000,0.0000000000
-129.5955866295,-19.7407407407,0.0000000000
-129.5427291310,-19.2592592593,0.0000000000
-129.5955866295,-19.0185185185,0.0000000000
-129.5955866295,-19.2592592593,0.0000000000
-129.5427291310,-18.7777777778,0.0000000000
-129.5955866295,-18.5370370370,0.0000000000
-129.5955866295,-18.7777777778,0.0000000000
-129.5427291310,-18.2962962963,0.0000000000
-129.5955866295,-18.0555555556,0.0000000000
-129.5955866295,-18.2962962963,0.0000000000
-129.5427291310,-17.8148148148,0.0000000000
-129.5955866295,-17.5740740741,0.0000000000
-129.5955866295,-17.8148148148,0.0000000000
-129.5427291310,-17.3333333333,0.0000000000
-129.5955866295,-17.0925925926,0.0000000000
-129.5955866295,-17.3333333333,0.0000000000
-129.5427291310,-16.8518518519,0.0000000000
-129.5955866295,-16.6111111111,0.0000000000
-129.5955866295,-16.8518518519,0.0000000000
-129.5427291310,-16.3703703704,0.0000000000
-129.5955866295,-16.1296296296,0.0000000000
-129.5955866295,-16.3703703704,0.0000000000
-129.5427291310,-15.8888888889,0.0000000000
-129.5955866295,-15.6481481482,0.0000000000
-129.5955866295,-15.8888888889,0.0000000000
-129.5427291310,-15.4074074074,0.0000000000
-129.5955866295,-15.1666666667,0.0000000000
-129.5955866295,-15.4074074074,0.0000000000
-129.5427291310,-14.9259259259,0.0000000000
-129.5955866295,-14.6851851852,0.0000000000
-129.5955866295,-14.9259259259,0.0000000000
-129.5427291310,-14.4444444444,0.0000000000
-129.5955866295,-14.2037037037,0.0000000000
-129.5955866295,-14.4444444444,0.0000000000
-129.5427291310,-13.9629629630,0.0000000000
-129.5955866295,-13.7222222222,0.0000000000
-129.5955866295,-13.9629629630,0.0000000000
-129.5427291310,-13.4814814815,0.0000000000
-129.5955866295,-13.2407407407,0.0000000000
-129.5955866295,-13.4814814815,0.0000000000
-129.5427291310,-13.0000000000,0.0000000000
-129.5955866295,-12.7592592593,0.0000000000
-129.5955866295,-13.0000000000,0.0000000000
-129.5427291310,-12.5185185185,0.0000000000
-129.5955866295,-12.2777777778,0.0000000000
-129.5955866295,-12.5185185185,0.0000000000
-129.5427291310,-12.0370370370,0.0000000000
-129.5955866295,-11.7962962963,0.0000000000
-129.5955866295,-12.0370370370,0.0000000000
-129.5427291310,-11.5555555556,0.0000000000
-129.5955866295,-11.3148148148,0.0000000000
-129.5955866295,-11.5555555556,0.0000000000
-129.5427291310,-11.0740740741,0.0000000000
-129.5955866295,-10.8333333333,0.0000000000
-129.5955866295,-11.0740740741,0.0000000000
-129.5427291310,-10.5925925926,0.0000000000
-129.5955866295,-10.3518518519,0.0000000000
-129.5955866295,-10.5925925926,0.0000000000
-129.5427291310,-10.1111111111,0.0000000000
-129.5955866295,-9.8703703704,0.0000000000
-129.5955866295,-10.1111111111,0.0000000000
-129.5427291310,-9.6296296296,0.0000000000
-129.5955866295,-9.3888888889,0.0000000000
-129.5955866295,-9.6296296296,0.0000000000
-129.5427291310,-9.1481481482,0.0000000000
-129.5955866295,-8.9074074074,0.0000000000
-129.5955866295,-9.1481481482,0.0000000000
-129.5427291310,-8.6666666667,0.0000000000
-129.5955866295,-8.4259259259,0.0000000000
-129.5955866295,-8.6666666667,0.0000000000
-129.5427291310,-8.1851851852,0.0000000000
-129.5955866295,-7.9444444444,0.0000000000
-129.5955866295,-8.1851851852,0.0000000000
-129.5427291310,-7.7037037037,0.0000000000
-129.5955866295,-7.4629629630,0.0000000000
-129.5955866295,-7.7037037037,0.0000000000
-129.5427291310,-7.2222222222,0.0000000000
-129.5955866295,-6.9814814815,0.0000000000
-129.5955866295,-7.2222222222,0.0000000000
-129.5427291310,-6.7407407407,0.0000000000
-129.5955866295,-6.5000000000,0.0000000000
-129.5955866295,-6.7407407407,0.0000000000
-129.5427291310,-6.2592592593,0.0000000000
-129.5955866295,-6.0185185185,0.0000000000
-129.5955866295,-6.2592592593,0.0000000000
-129.5427291310,-5.7777777778,0.0000000000
-129.5955866295,-5.5370370370,0.0000000000
-129.5955866295,-5.7777777778,0.0000000000
-129.5427291310,-5.2962962963,0.0000000000
-129.5955866295,-5.0555555556,0.0000000000
-129.5955866295,-5.2962962963,0.0000000000
-129.5427291310,-4.8148148148,0.0000000000
-129.5955866295,-4.5740740741,0.0000000000
-129.5955866295,-4.8148148148,0.0000000000
-129.5427291310,-4.3333333333,0.0000000000
-129.5955866295,-4.0925925926,0.0000000000
-129.5955866295,-4.3333333333,0.0000000000
-129.5427291310,-3.8518518519,0.0000000000
-129.5955866295,-3.6111111111,0.0000000000
-129.5955866295,-3.8518518519,0.0000000000
-129.5427291310,-3.3703703704,0.0000000000
-129.5955866295,-3.1296296296,0.0000000000
-129.5955866295,-3.3703703704,0.0000000000
-129.5427291310,-2.8888888889,0.0000000000
-129.5955866295,-2.6481481482,0.0000000000
-129.5955866295,-2.8888888889,0.0000000000
-129.5427291310,-2.4074074074,0.0000000000
-129.5955866295,-2.1666666667,0.0000000000
-129.5955866295,-2.4074074074,0.0000000000
-129.5427291310,-1.9259259259,0.0000000000
-129.5955866295,-1.6851851852,0.0000000000
-129.5955866295,-1.9259259259,0.0000000000
-129.5427291310,-1.4444444444,0.0000000000
-129.5955866295,-1.2037037037,0.0000000000
-129.5955866295,-1.4444444444,0.0000000000
-129.5427291310,-0.9629629630,0.0000000000
-129.5955866295,-0.7222222222,0.0000000000
-129.5955866295,-0.9629629630,0.0000000000
-129.5427291310,-0.4814814815,0.0000000000
-129.5955866295,-0.2407407407,0.0000000000
-129.5955866295,-0.4814814815,0.0000000000
-129.5427291310,-0.0000000000,0.0000000000
-129.5955866295,0.2407407407,0.0000000000
-129.5955866295,-0.0000000000,0.0000000000
-129.5427291310,0.4814814815,0.0000000000
-129.5955866295,0.7222222222,0.0000000000
-129.5955866295,0.4814814815,0.0000000000
-129.5427291310,0.9629629630,0.0000000000
-129.5955866295,1.2037037037,0.0000000000
-129.5955866295,0.9629629630,0.0000000000
-129.5427291310,1.4444444444,0.0000000000
-129.5955866295,1.6851851852,0.0000000000
-129.5955866295,1.4444444444,0.0000000000
-129.5427291310,1.9259259259,0.0000000000
-129.5955866295,2.1666666667,0.0000000000
-129.5955866295,1.9259259259,0.0000000000
-129.5427291310,2.4074074074,0.0000000000
-129.5955866295,2.6481481481,0.0000000000
-129.5955866295,2.4074074074,0.0000000000
-129.5427291310,2.8888888889,0.0000000000
-129.5955866295,3.1296296296,0.0000000000
-129.5955866295,2.8888888889,0.0000000000
-129.5427291310,3.3703703704,0.0000000000
-129.5955866295,3.6111111111,0.0000000000
-129.5955866295,3.3703703704,0.0000000000
-129.5427291310,3.8518518518,0.0000000000
-129.5955866295,4.0925925926,0.0000000000
-129.5955866295,3.8518518518,0.0000000000
-129.5427291310,4.3333333333,0.0000000000
-129.5955866295,4.5740740741,0.0000000000
-129.5955866295,4.3333333333,0.0000000000
-129.5427291310,4.8148148148,0.0000000000
-129.5955866295,5.0555555556,0.0000000000
-129.5955866295,4.8148148148,0.0000000000
-129.5427291310,5.2962962963,0.0000000000
-129.5955866295,5.5370370370,0.0000000000
-129.5955866295,5.2962962963,0.0000000000
-129.5427291310,5.7777777778,0.0000000000
-129.5955866295,6.0185185185,0.0000000000
-129.5955866295,5.7777777778,0.0000000000
-129.5427291310,6.2592592593,0.0000000000
-129.5955866295,6.5000000000,0.0000000000
-129.5955866295,6.2592592593,0.0000000000
-129.5427291310,6.7407407407,0.0000000000
-129.5955866295,6.9814814815,0.0000000000
-129.5955866295,6.7407407407,0.0000000000
-129.5427291310,7.2222222222,0.0000000000
-129.5955866295,7.4629629630,0.0000000000
-129.5955866295,7.2222222222,0.0000000000
-129.5427291310,7.7037037037,0.0000000000
-129.5955866295,7.9444444444,0.0000000000
-129.5955866295,7.7037037037,0.0000000000
-129.5427291310,8.1851851852,0.0000000000
-129.5955866295,8.4259259259,0.0000000000
-129.5955866295,8.1851851852,0.0000000000
-129.5427291310,8.6666666667,0.0000000000
-129.5955866295,8.9074074074,0.0000000000
-129.5955866295,8.6666666667,0.0000000000
-129.5427291310,9.1481481481,0.0000000000
-129.5955866295,9.3888888889,0.0000000000
-129.5955866295,9.1481481481,0.0000000000
-129.5427291310,9.6296296296,0.0000000000
-129.5955866295,9.8703703704,0.0000000000
-129.5955866295,9.6296296296,0.0000000000
-129.5427291310,10.1111111111,0.0000000000
-129.5955866295,10.3518518518,0.0000000000
-129.5955866295,10.1111111111,0.0000000000
-129.5427291310,10.5925925926,0.0000000000
-129.5955866295,10.8333333333,0.0000000000
-129.5955866295,10.5925925926,0.0000000000
-129.5427291310,11.0740740741,0.0000000000
-129.5955866295,11.3148148148,0.0000000000
-129.5955866295,11.0740740741,0.0000000000
-129.5427291310,11.5555555555,0.0000000000
-129.5955866295,11.7962962963,0.0000000000
-129.5955866295,11.5555555555,0.0000000000
-129.5427291310,12.0370370370,0.0000000000
-129.5955866295,12.2777777778,0.0000000000
-129.5955866295,12.0370370370,0.0000000000
-129.5427291310,12.5185185185,0.0000000000
-129.5955866295,12.7592592593,0.0000000000
-129.5955866295,12.5185185185,0.0000000000
-129.5427291310,13.0000000000,0.0000000000
-129.5955866295,13.2407407407,0.0000000000
-129.5955866295,13.0000000000,0.0000000000
-129.5427291310,13.4814814815,0.0000000000
-129.5955866295,13.7222222222,0.0000000000
-129.5955866295,13.4814814815,0.0000000000
-129.5427291310,13.9629629630,0.0000000000
-129.5955866295,14.2037037037,0.0000000000
-129.5955866295,13.9629629630,0.0000000000
-129.5427291310,14.4444444444,0.0000000000
-129.5955866295,14.6851851852,0.0000000000
-129.5955866295,14.4444444444,0.0000000000
-129.5427291310,14.9259259259,0.0000000000
-129.5955866295,15.1666666667,0.0000000000
-129.5955866295,14.9259259259,0.0000000000
-129.5427291310,15.4074074074,0.0000000000
-129.5955866295,15.6481481481,0.0000000000
-129.5955866295,15.4074074074,0.0000000000
-129.5427291310,15.8888888889,0.0000000000
-129.5955866295,16.1296296296,0.0000000000
-129.5955866295,15.8888888889,0.0000000000
-129.5427291310,16.3703703704,0.0000000000
-129.5955866295,16.6111111111,0.0000000000
-129.5955866295,16.3703703704,0.0000000000
-129.5427291310,16.8518518518,0.0000000000
-129.5955866295,17.0925925926,0.0000000000
-129.5955866295,16.8518518518,0.0000000000
-129.5427291310,17.3333333333,0.0000000000
-129.5955866295,17.5740740741,0.0000000000
-129.5955866295,17.3333333333,0.0000000000
-129.5427291310,17.8148148148,0.0000000000
-129.5955866295,18.0555555555,0.0000000000
-129.5955866295,17.8148148148,0.0000000000
-129.5427291310,18.2962962963,0.0000000000
-129.5955866295,18.5370370370,0.0000000000
-129.5955866295,18.2962962963,0.0000000000
-129.5427291310,18.7777777778,0.0000000000
-129.5955866295,19.0185185185,0.0000000000
-129.5955866295,18.7777777778,0.0000000000
-129.5427291310,19.2592592593,0.0000000000
-129.5955866295,19.5000000000,0.0000000000
-129.5955866295,19.2592592593,0.0000000000
-129.5427291310,19.7407407407,0.0000000000
-129.5955866295,19.9814814815,0.0000000000
-129.5955866295,19.7407407407,0.0000000000
-129.5427291310,20.2222222222,0.0000000000
-129.5955866295,20.4629629630,0.0000000000
-129.5955866295,20.2222222222,0.0000000000
-129.5427291310,20.7037037037,0.0000000000
-129.5955866295,20.9444444444,0.0000000000
-129.5955866295,20.7037037037,0.0000000000
-129.5427291310,21.1851851852,0.0000000000
-129.5955866295,21.4259259259,0.0000000000
-129.5955866295,21.1851851852,0.0000000000
-129.5427291310,21.6666666667,0.0000000000
-129.5955866295,21.9074074074,0.0000000000
-129.5955866295,21.6666666667,0.0000000000
-129.5427291310,22.1481481481,0.0000000000
-129.5955866295,22.3888888889,0.0000000000
-129.5955866295,22.1481481481,0.0000000000
-129.5427291310,22.6296296296,0.0000000000
-129.5955866295,22.8703703704,0.0000000000
-129.5955866295,22.6296296296,0.0000000000
-129.5427291310,23.1111111111,0.0000000000
-129.5955866295,23.3518518518,0.0000000000
-129.5955866295,23.1111111111,0.0000000000
-129.5427291310,23.5925925926,0.0000000000
-129.5955866295,23.8333333333,0.0000000000
-129.5955866295,23.5925925926,0.0000000000
-129.5427291310,24.0740740741,0.0000000000
-129.5955866295,24.3148148148,0.0000000000
-129.5955866295,24.0740740741,0.0000000000
-129.5427291310,24.5555555555,0.0000000000
-129.5955866295,24.7962962963,0.0000000000
-129.5955866295,24.5555555555,0.0000000000
-129.5427291310,25.0370370370,0.0000000000
-129.5955866295,25.2777777778,0.0000000000
-129.5955866295,25.0370370370,0.0000000000
-129.5427291310,25.5185185185,0.0000000000
-129.5955866295,25.7592592593,0.0000000000
-129.5955866295,25.5185185185,0.0000000000
-129.5427291310,26.0000000000,0.0000000000
-129.5955866295,26.2407407407,0.0000000000
-129.5955866295,26.0000000000,0.0000000000
-129.5427291310,26.4814814815,0.0000000000
-129.5955866295,26.7222222222,0.0000000000
-129.5955866295,26.4814814815,0.0000000000
-129.5427291310,26.9629629630,0.0000000000
-129.5955866295,27.2037037037,0.0000000000
-129.5955866295,26.9629629630,0.0000000000
-129.5427291310,27.4444444444,0.0000000000
-129.5955866295,27.6851851852,0.0000000000
-129.5955866295,27.4444444444,0.0000000000
-129.5427291310,27.9259259259,0.0000000000
-129.5955866295,28.1666666667,0.0000000000
-129.5955866295,27.9259259259,0.0000000000
-129.5427291310,28.4074074074,0.0000000000
-129.5955866295,28.6481481481,0.0000000000
-129.5955866295,28.4074074074,0.0000000000
-129.5427291310,28.8888888889,0.0000000000
-129.5955866295,29.1296296296,0.0000000000
-129.5955866295,28.8888888889,0.0000000000
-129.5427291310,29.3703703704,0.0000000000
-129.5955866295,29.6111111111,0.0000000000
-129.5955866295,29.3703703704,0.0000000000
-129.5427291310,29.8518518518,0.0000000000
-129.5955866295,30.0925925926,0.0000000000
-129.5955866295,29.8518518518,0.0000000000
-129.5427291310,30.3333333333,0.0000000000
-129.5955866295,30.5740740741,0.0000000000
-129.5955866295,30.3333333333,0.0000000000
-129.5427291310,30.8148148148,0.0000000000
-129.5955866295,31.0555555555,0.0000000000
-129.5955866295,30.8148148148,0.0000000000
-129.5427291310,31.2962962963,0.0000000000
-129.5955866295,31.5370370370,0.0000000000
-129.5955866295,31.2962962963,0.0000000000
-129.5427291310,31.7777777778,0.0000000000
-129.5955866295,32.0185185185,0.0000000000
-129.5955866295,31.7777777778,0.0000000000
-129.5427291310,32.2592592593,0.0000000000
-129.5955866295,32.2592592593,0.0000000000
-129.4158712414,-32.2592592593,0.0000000000
-129.4793001862,-32.0185185185,0.0000000000
-129.4793001862,-32.2592592593,0.0000000000
-129.4158712414,-31.7777777778,0.0000000000
-129.4793001862,-31.5370370370,0.0000000000
-129.4793001862,-31.7777777778,0.0000000000
-129.4158712414,-31.2962962963,0.0000000000
-129.4793001862,-31.0555555556,0.0000000000
-129.4793001862,-31.2962962963,0.0000000000
-129.4158712414,-30.8148148148,0.0000000000
-129.4793001862,-30.5740740741,0.0000000000
-129.4793001862,-30.8148148148,0.0000000000
-129.4158712414,-30.3333333333,0.0000000000
-129.4793001862,-30.0925925926,0.0000000000
-129.4793001862,-30.3333333333,0.0000000000
-129.4158712414,-29.8518518519,0.0000000000
-129.4793001862,-29.6111111111,0.0000000000
-129.4793001862,-29.8518518519,0.0000000000
-129.4158712414,-29.3703703704,0.0000000000
-129.4793001862,-29.1296296296,0.0000000000
-129.4793001862,-29.3703703704,0.0000000000
-129.4158712414,-28.8888888889,0.0000000000
-129.4793001862,-28.6481481481,0.0000000000
-129.4793001862,-28.8888888889,0.0000000000
-129.4158712414,-28.4074074074,0.0000000000
-129.4793001862,-28.1666666667,0.0000000000
-129.4793001862,-28.4074074074,0.0000000000
-129.4158712414,-27.9259259259,0.0000000000
-129.4793001862,-27.6851851852,0.0000000000
-129.4793001862,-27.9259259259,0.0000000000
-129.4158712414,-27.4444444444,0.0000000000
-129.4793001862,-27.2037037037,0.0000000000
-129.4793001862,-27.4444444444,0.0000000000
-129.4158712414,-26.9629629630,0.0000000000
-129.4793001862,-26.7222222222,0.0000000000
-129.4793001862,-26.9629629630,0.0000000000
-129.4158712414,-26.4814814815,0.0000000000
-129.4793001862,-26.2407407407,0.0000000000
-129.4793001862,-26.4814814815,0.0000000000
-129.4158712414,-26.0000000000,0.0000000000
-129.4793001862,-25.7592592593,0.0000000000
-129.4793001862,-26.0000000000,0.0000000000
-129.4158712414,-25.5185185185,0.0000000000
-129.4793001862,-25.2777777778,0.0000000000
-129.4793001862,-25.5185185185,0.0000000000
-129.4158712414,-25.0370370370,0.0000000000
-129.4793001862,-24.7962962963,0.0000000000
-129.4793001862,-25.0370370370,0.0000000000
-129.4158712414,-24.5555555556,0.0000000000
-129.4793001862,-24.3148148148,0.0000000000
-129.4793001862,-24.5555555556,0.0000000000
-129.4158712414,-24.0740740741,0.0000000000
-129.4793001862,-23.8333333333,0.0000000000
-129.4793001862,-24.0740740741,0.0000000000
-129.4158712414,-23.5925925926,0.0000000000
-129.4793001862,-23.3518518519,0.0000000000
-129.4793001862,-23.5925925926,0.0000000000
-129.4158712414,-23.1111111111,0.0000000000
-129.4793001862,-22.8703703704,0.0000000000
-129.4793001862,-23.1111111111,0.0000000000
-129.4158712414,-22.6296296296,0.0000000000
-129.4793001862,-22.3888888889,0.0000000000
-129.4793001862,-22.6296296296,0.0000000000
-129.4158712414,-22.1481481481,0.0000000000
-129.4793001862,-21.9074074074,0.0000000000
-129.4793001862,-22.1481481481,0.0000000000
-129.4158712414,-21.6666666667,0.0000000000
-129.4793001862,-21.4259259259,0.0000000000
-129.4793001862,-21.6666666667,0.0000000000
-129.4158712414,-21.1851851852,0.0000000000
-129.4793001862,-20.9444444444,0.0000000000
-129.4793001862,-21.1851851852,0.0000000000
-129.4158712414,-20.7037037037,0.0000000000
-129.4793001862,-20.4629629630,0.0000000000
-129.4793001862,-20.7037037037,0.0000000000
-129.4158712414,-20.2222222222,0.0000000000
-129.4793001862,-19.9814814815,0.0000000000
-129.4793001862,-20.2222222222,0.0000000000
-129.4158712414,-19.7407407407,0.0000000000
-129.4793001862,-19.5000000000,0.0000000000
-129.4793001862,-19.7407407407,0.0000000000
-129.4158712414,-19.2592592593,0.0000000000
-129.4793001862,-19.0185185185,0.0000000000
-129.4793001862,-19.2592592593,0.0000000000
-129.4158712414,-18.7777777778,0.0000000000
-129.4793001862,-18.5370370370,0.0000000000
-129.4793001862,-18.7777777778,0.0000000000
-129.4158712414,-18.2962962963,0.0000000000
-129.4793001862,-18.0555555556,0.0000000000
-129.4793001862,-18.2962962963,0.0000000000
-129.4158712414,-17.8148148148,0.0000000000
-129.4793001862,-17.5740740741,0.0000000000
-129.4793001862,-17.8148148148,0.0000000000
-129.4158712414,-17.3333333333,0.0000000000
-129.4793001862,-17.0925925926,0.0000000000
-129.4793001862,-17.3333333333,0.0000000000
-129.4158712414,-16.8518518519,0.0000000000
-129.4793001862,-16.6111111111,0.0000000000
-129.4793001862,-16.8518518519,0.0000000000
-129.4158712414,-16.3703703704,0.0000000000
-129.4793001862,-16.1296296296,0.0000000000
-129.4793001862,-16.3703703704,0.0000000000
-129.4158712414,-15.8888888889,0.0000000000
-129.4793001862,-15.6481481482,0.0000000000
-129.4793001862,-15.8888888889,0.0000000000
-129.4158712414,-15.4074074074,0.0000000000
-129.4793001862,-15.1666666667,0.0000000000
-129.4793001862,-15.4074074074,0.0000000000
-129.4158712414,-14.9259259259,0.0000000000
-129.4793001862,-14.6851851852,0.0000000000
-129.4793001862,-14.9259259259,0.0000000000
-129.4158712414,-14.4444444444,0.0000000000
-129.4793001862,-14.2037037037,0.0000000000
-129.4793001862,-14.4444444444,0.0000000000
-129.4158712414,-13.9629629630,0.0000000000
-129.4793001862,-13.7222222222,0.0000000000
-129.4793001862,-13.9629629630,0.0000000000
-129.4158712414,-13.4814814815,0.0000000000
-129.4793001862,-13.2407407407,0.0000000000
-129.4793001862,-13.4814814815,0.0000000000
-129.4158712414,-13.0000000000,0.0000000000
-129.4793001862,-12.7592592593,0.0000000000
-129.4793001862,-13.0000000000,0.0000000000
-129.4158712414,-12.5185185185,0.0000000000
-129.4793001862,-12.2777777778,0.0000000000
-129.4793001862,-12.5185185185,0.0000000000
-129.4158712414,-12.0370370370,0.0000000000
-129.4793001862,-11.7962962963,0.0000000000
-129.4793001862,-12.0370370370,0.0000000000
-129.4158712414,-11.5555555556,0.0000000000
-129.4793001862,-11.3148148148,0.0000000000
-129.4793001862,-11.5555555556,0.0000000000
-129.4158712414,-11.0740740741,0.0000000000
-129.4793001862,-10.8333333333,0.0000000000
-129.4793001862,-11.0740740741,0.0000000000
-129.4158712414,-10.5925925926,0.0000000000
-129.4793001862,-10.3518518519,0.0000000000
-129.4793001862,-10.5925925926,0.0000000000
-129.4158712414,-10.1111111111,0.0000000000
-129.4793001862,-9.8703703704,0.0000000000
-129.4793001862,-10.1111111111,0.0000000000
-129.4158712414,-9.6296296296,0.0000000000
-129.4793001862,-9.3888888889,0.0000000000
-129.4793001862,-9.6296296296,0.0000000000
-129.4158712414,-9.1481481482,0.0000000000
-129.4793001862,-8.9074074074,0.0000000000
-129.4793001862,-9.1481481482,0.0000000000
-129.4158712414,-8.6666666667,0.0000000000
-129.4793001862,-8.4259259259,0.0000000000
-129.4793001862,-8.6666666667,0.0000000000
-129.4158712414,-8.1851851852,0.0000000000
-129.4793001862,-7.9444444444,0.0000000000
-129.4793001862,-8.1851851852,0.0000000000
-129.4158712414,-7.7037037037,0.0000000000
-129.4793001862,-7.4629629630,0.0000000000
-129.4793001862,-7.7037037037,0.0000000000
-129.4158712414,-7.2222222222,0.0000000000
-129.4793001862,-6.9814814815,0.0000000000
-129.4793001862,-7.2222222222,0.0000000000
-129.4158712414,-6.7407407407,0.0000000000
-129.4793001862,-6.5000000000,0.0000000000
-129.4793001862,-6.7407407407,0.0000000000
-129.4158712414,-6.2592592593,0.0000000000
-129.4793001862,-6.0185185185,0.0000000000
-129.4793001862,-6.2592592593,0.0000000000
-129.4158712414,-5.7777777778,0.0000000000
-129.4793001862,-5.5370370370,0.0000000000
-129.4793001862,-5.7777777778,0.0000000000
-129.4158712414,-5.2962962963,0.0000000000
-129.4793001862,-5.0555555556,0.0000000000
-129.4793001862,-5.2962962963,0.0000000000
-129.4158712414,-4.8148148148,0.0000000000
-129.4793001862,-4.5740740741,0.0000000000
-129.4793001862,-4.8148148148,0.0000000000
-129.4158712414,-4.3333333333,0.0000000000
-129.4793001862,-4.0925925926,0.0000000000
-129.4793001862,-4.3333333333,0.0000000000
-129.4158712414,-3.8518518519,0.0000000000
-129.4793001862,-3.6111111111,0.0000000000
-129.4793001862,-3.8518518519,0.0000000000
-129.4158712414,-3.3703703704,0.0000000000
-129.4793001862,-3.1296296296,0.0000000000
-129.4793001862,-3.3703703704,0.0000000000
-129.4158712414,-2.8888888889,0.0000000000
-129.4793001862,-2.6481481482,0.0000000000
-129.4793001862,-2.8888888889,0.0000000000
-129.4158712414,-2.4074074074,0.0000000000
-129.4793001862,-2.1666666667,0.0000000000
-129.4793001862,-2.4074074074,0.0000000000
-129.4158712414,-1.9259259259,0.0000000000
-129.4793001862,-1.6851851852,0.0000000000
-129.4793001862,-1.9259259259,0.0000000000
-129.4158712414,-1.4444444444,0.0000000000
-129.4793001862,-1.2037037037,0.0000000000
-129.4793001862,-1.4444444444,0.0000000000
-129.4158712414,-0.9629629630,0.0000000000
-129.4793001862,-0.7222222222,0.0000000000
-129.4793001862,-0.9629629630,0.0000000000
-129.4158712414,-0.4814814815,0.0000000000
-129.4793001862,-0.2407407407,0.0000000000
-129.4793001862,-0.4814814815,0.0000000000
-129.4158712414,-0.0000000000,0.0000000000
-129.4793001862,0.2407407407,0.0000000000
-129.4793001862,-0.0000000000,0.0000000000
-129.4158712414,0.4814814815,0.0000000000
-129.4793001862,0.7222222222,0.0000000000
-129.4793001862,0.4814814815,0.0000000000
-129.4158712414,0.9629629630,0.0000000000
-129.4793001862,1.2037037037,0.0000000000
-129.4793001862,0.9629629630,0.0000000000
-129.4158712414,1.4444444444,0.0000000000
-129.4793001862,1.6851851852,0.0000000000
-129.4793001862,1.4444444444,0.0000000000
-129.4158712414,1.9259259259,0.0000000000
-129.4793001862,2.1666666667,0.0000000000
-129.4793001862,1.9259259259,0.0000000000
-129.4158712414,2.4074074074,0.0000000000
-129.4793001862,2.6481481481,0.0000000000
-129.4793001862,2.4074074074,0.0000000000
-129.4158712414,2.8888888889,0.0000000000
-129.4793001862,3.1296296296,0.0000000000
-129.4793001862,2.8888888889,0.0000000000
-129.4158712414,3.3703703704,0.0000000000
-129.4793001862,3.6111111111,0.0000000000
-129.4793001862,3.3703703704,0.0000000000
-129.4158712414,3.8518518518,0.0000000000
-129.4793001862,4.0925925926,0.0000000000
-129.4793001862,3.8518518518,0.0000000000
-129.4158712414,4.3333333333,0.0000000000
-129.4793001862,4.5740740741,0.0000000000
-129.4793001862,4.3333333333,0.0000000000
-129.4158712414,4.8148148148,0.0000000000
-129.4793001862,5.0555555556,0.0000000000
-129.4793001862,4.8148148148,0.0000000000
-129.4158712414,5.2962962963,0.0000000000
-129.4793001862,5.5370370370,0.0000000000
-129.4793001862,5.2962962963,0.0000000000
-129.4158712414,5.7777777778,0.0000000000
-129.4793001862,6.0185185185,0.0000000000
-129.4793001862,5.7777777778,0.0000000000
-129.4158712414,6.2592592593,0.0000000000
-129.4793001862,6.5000000000,0.0000000000
-129.4793001862,6.2592592593,0.0000000000
-129.4158712414,6.7407407407,0.0000000000
-129.4793001862,6.9814814815,0.0000000000
-129.4793001862,6.7407407407,0.0000000000
-129.4158712414,7.2222222222,0.0000000000
-129.4793001862,7.4629629630,0.0000000000
-129.4793001862,7.2222222222,0.0000000000
-129.4158712414,7.7037037037,0.0000000000
-129.4793001862,7.9444444444,0.0000000000
-129.4793001862,7.7037037037,0.0000000000
-129.4158712414,8.1851851852,0.0000000000
-129.4793001862,8.4259259259,0.0000000000
-129.4793001862,8.1851851852,0.0000000000
-129.4158712414,8.6666666667,0.0000000000
-129.4793001862,8.9074074074,0.0000000000
-129.4793001862,8.6666666667,0.0000000000
-129.4158712414,9.1481481481,0.0000000000
-129.4793001862,9.3888888889,0.0000000000
-129.4793001862,9.1481481481,0.0000000000
-129.4158712414,9.6296296296,0.0000000000
-129.4793001862,9.8703703704,0.0000000000
-129.4793001862,9.6296296296,0.0000000000
-129.4158712414,10.1111111111,0.0000000000
-129.4793001862,10.3518518518,0.0000000000
-129.4793001862,10.1111111111,0.0000000000
-129.4158712414,10.5925925926,0.0000000000
-129.4793001862,10.8333333333,0.0000000000
-129.4793001862,10.5925925926,0.0000000000
-129.4158712414,11.0740740741,0.0000000000
-129.4793001862,11.3148148148,0.0000000000
-129.4793001862,11.0740740741,0.0000000000
-129.4158712414,11.5555555555,0.0000000000
-129.4793001862,11.7962962963,0.0000000000
-129.4793001862,11.5555555555,0.0000000000
-129.4158712414,12.0370370370,0.0000000000
-129.4793001862,12.2777777778,0.0000000000
-129.4793001862,12.0370370370,0.0000000000
-129.4158712414,12.5185185185,0.0000000000
-129.4793001862,12.7592592593,0.0000000000
-129.4793001862,12.5185185185,0.0000000000
-129.4158712414,13.0000000000,0.0000000000
-129.4793001862,13.2407407407,0.0000000000
-129.4793001862,13.0000000000,0.0000000000
-129.4158712414,13.4814814815,0.0000000000
-129.4793001862,13.7222222222,0.0000000000
-129.4793001862,13.4814814815,0.0000000000
-129.4158712414,13.9629629630,0.0000000000
-129.4793001862,14.2037037037,0.0000000000
-129.4793001862,13.9629629630,0.0000000000
-129.4158712414,14.4444444444,0.0000000000
-129.4793001862,14.6851851852,0.0000000000
-129.4793001862,14.4444444444,0.0000000000
-129.4158712414,14.9259259259,0.0000000000
-129.4793001862,15.1666666667,0.0000000000
-129.4793001862,14.9259259259,0.0000000000
-129.4158712414,15.4074074074,0.0000000000
-129.4793001862,15.6481481481,0.0000000000
-129.4793001862,15.4074074074,0.0000000000
-129.4158712414,15.8888888889,0.0000000000
-129.4793001862,16.1296296296,0.0000000000
-129.4793001862,15.8888888889,0.0000000000
-129.4158712414,16.3703703704,0.0000000000
-129.4793001862,16.6111111111,0.0000000000
-129.4793001862,16.3703703704,0.0000000000
-129.4158712414,16.8518518518,0.0000000000
-129.4793001862,17.0925925926,0.0000000000
-129.4793001862,16.8518518518,0.0000000000
-129.4158712414,17.3333333333,0.0000000000
-129.4793001862,17.5740740741,0.0000000000
-129.4793001862,17.3333333333,0.0000000000
-129.4158712414,17.8148148148,0.0000000000
-129.4793001862,18.0555555555,0.0000000000
-129.4793001862,17.8148148148,0.0000000000
-129.4158712414,18.2962962963,0.0000000000
-129.4793001862,18.5370370370,0.0000000000
-129.4793001862,18.2962962963,0.0000000000
-129.4158712414,18.7777777778,0.0000000000
-129.4793001862,19.0185185185,0.0000000000
-129.4793001862,18.7777777778,0.0000000000
-129.4158712414,19.2592592593,0.0000000000
-129.4793001862,19.5000000000,0.0000000000
-129.4793001862,19.2592592593,0.0000000000
-129.4158712414,19.7407407407,0.0000000000
-129.4793001862,19.9814814815,0.0000000000
-129.4793001862,19.7407407407,0.0000000000
-129.4158712414,20.2222222222,0.0000000000
-129.4793001862,20.4629629630,0.0000000000
-129.4793001862,20.2222222222,0.0000000000
-129.4158712414,20.7037037037,0.0000000000
-129.4793001862,20.9444444444,0.0000000000
-129.4793001862,20.7037037037,0.0000000000
-129.4158712414,21.1851851852,0.0000000000
-129.4793001862,21.4259259259,0.0000000000
-129.4793001862,21.1851851852,0.0000000000
-129.4158712414,21.6666666667,0.0000000000
-129.4793001862,21.9074074074,0.0000000000
-129.4793001862,21.6666666667,0.0000000000
-129.4158712414,22.1481481481,0.0000000000
-129.4793001862,22.3888888889,0.0000000000
-129.4793001862,22.1481481481,0.0000000000
-129.4158712414,22.6296296296,0.0000000000
-129.4793001862,22.8703703704,0.0000000000
-129.4793001862,22.6296296296,0.0000000000
-129.4158712414,23.1111111111,0.0000000000
-129.4793001862,23.3518518518,0.0000000000
-129.4793001862,23.1111111111,0.0000000000
-129.4158712414,23.5925925926,0.0000000000
-129.4793001862,23.8333333333,0.0000000000
-129.4793001862,23.5925925926,0.0000000000
-129.4158712414,24.0740740741,0.0000000000
-129.4793001862,24.3148148148,0.0000000000
-129.4793001862,24.0740740741,0.0000000000
-129.4158712414,24.5555555555,0.0000000000
-129.4793001862,24.7962962963,0.0000000000
-129.4793001862,24.5555555555,0.0000000000
-129.4158712414,25.0370370370,0.0000000000
-129.4793001862,25.2777777778,0.0000000000
-129.4793001862,25.0370370370,0.0000000000
-129.4158712414,25.5185185185,0.0000000000
-129.4793001862,25.7592592593,0.0000000000
-129.4793001862,25.5185185185,0.0000000000
-129.4158712414,26.0000000000,0.0000000000
-129.4793001862,26.2407407407,0.0000000000
-129.4793001862,26.0000000000,0.0000000000
-129.4158712414,26.4814814815,0.0000000000
-129.4793001862,26.7222222222,0.0000000000
-129.4793001862,26.4814814815,0.0000000000
-129.4158712414,26.9629629630,0.0000000000
-129.4793001862,27.2037037037,0.0000000000
-129.4793001862,26.9629629630,0.0000000000
-129.4158712414,27.4444444444,0.0000000000
-129.4793001862,27.6851851852,0.0000000000
-129.4793001862,27.4444444444,0.0000000000
-129.4158712414,27.9259259259,0.0000000000
-129.4793001862,28.1666666667,0.0000000000
-129.4793001862,27.9259259259,0.0000000000
-129.4158712414,28.4074074074,0.0000000000
-129.4793001862,28.6481481481,0.0000000000
-129.4793001862,28.4074074074,0.0000000000
-129.4158712414,28.8888888889,0.0000000000
-129.4793001862,29.1296296296,0.0000000000
-129.4793001862,28.8888888889,0.0000000000
-129.4158712414,29.3703703704,0.0000000000
-129.4793001862,29.6111111111,0.0000000000
-129.4793001862,29.3703703704,0.0000000000
-129.4158712414,29.8518518518,0.0000000000
-129.4793001862,30.0925925926,0.0000000000
-129.4793001862,29.8518518518,0.0000000000
-129.4158712414,30.3333333333,0.0000000000
-129.4793001862,30.5740740741,0.0000000000
-129.4793001862,30.3333333333,0.0000000000
-129.4158712414,30.8148148148,0.0000000000
-129.4793001862,31.0555555555,0.0000000000
-129.4793001862,30.8148148148,0.0000000000
-129.4158712414,31.2962962963,0.0000000000
-129.4793001862,31.5370370370,0.0000000000
-129.4793001862,31.2962962963,0.0000000000
-129.4158712414,31.7777777778,0.0000000000
-129.4793001862,32.0185185185,0.0000000000
-129.4793001862,31.7777777778,0.0000000000
-129.4158712414,32.2592592593,0.0000000000
-129.4793001862,32.2592592593,0.0000000000
-129.2636419585,-32.2592592593,0.0000000000
-129.3397566000,-32.0185185185,0.0000000000
-129.3397566000,-32.2592592593,0.0000000000
-129.2636419585,-31.7777777778,0.0000000000
-129.3397566000,-31.5370370370,0.0000000000
-129.3397566000,-31.7777777778,0.0000000000
-129.2636419585,-31.2962962963,0.0000000000
-129.3397566000,-31.0555555556,0.0000000000
-129.3397566000,-31.2962962963,0.0000000000
-129.2636419585,-30.8148148148,0.0000000000
-129.3397566000,-30.5740740741,0.0000000000
-129.3397566000,-30.8148148148,0.0000000000
-129.2636419585,-30.3333333333,0.0000000000
-129.3397566000,-30.0925925926,0.0000000000
-129.3397566000,-30.3333333333,0.0000000000
-129.2636419585,-29.8518518519,0.0000000000
-129.3397566000,-29.6111111111,0.0000000000
-129.3397566000,-29.8518518519,0.0000000000
-129.2636419585,-29.3703703704,0.0000000000
-129.3397566000,-29.1296296296,0.0000000000
-129.3397566000,-29.3703703704,0.0000000000
-129.2636419585,-28.8888888889,0.0000000000
-129.3397566000,-28.6481481481,0.0000000000
-129.3397566000,-28.8888888889,0.0000000000
-129.2636419585,-28.4074074074,0.0000000000
-129.3397566000,-28.1666666667,0.0000000000
-129.3397566000,-28.4074074074,0.0000000000
-129.2636419585,-27.9259259259,0.0000000000
-129.3397566000,-27.6851851852,0.0000000000
-129.3397566000,-27.9259259259,0.0000000000
-129.2636419585,-27.4444444444,0.0000000000
-129.3397566000,-27.2037037037,0.0000000000
-129.3397566000,-27.4444444444,0.0000000000
-129.2636419585,-26.9629629630,0.0000000000
-129.3397566000,-26.7222222222,0.0000000000
-129.3397566000,-26.9629629630,0.0000000000
-129.2636419585,-26.4814814815,0.0000000000
-129.3397566000,-26.2407407407,0.0000000000
-129.3397566000,-26.4814814815,0.0000000000
-129.2636419585,-26.0000000000,0.0000000000
-129.3397566000,-25.7592592593,0.0000000000
-129.3397566000,-26.0000000000,0.0000000000
-129.2636419585,-25.5185185185,0.0000000000
-129.3397566000,-25.2777777778,0.0000000000
-129.3397566000,-25.5185185185,0.0000000000
-129.2636419585,-25.0370370370,0.0000000000
-129.3397566000,-24.7962962963,0.0000000000
-129.3397566000,-25.0370370370,0.0000000000
-129.2636419585,-24.5555555556,0.0000000000
-129.3397566000,-24.3148148148,0.0000000000
-129.3397566000,-24.5555555556,0.0000000000
-129.2636419585,-24.0740740741,0.0000000000
-129.3397566000,-23.8333333333,0.0000000000
-129.3397566000,-24.0740740741,0.0000000000
-129.2636419585,-23.5925925926,0.0000000000
-129.3397566000,-23.3518518519,0.0000000000
-129.3397566000,-23.5925925926,0.0000000000
-129.2636419585,-23.1111111111,0.0000000000
-129.3397566000,-22.8703703704,0.0000000000
-129.3397566000,-23.1111111111,0.0000000000
-129.2636419585,-22.6296296296,0.0000000000
-129.3397566000,-22.3888888889,0.0000000000
-129.3397566000,-22.6296296296,0.0000000000
-129.2636419585,-22.1481481481,0.0000000000
-129.3397566000,-21.9074074074,0.0000000000
-129.3397566000,-22.1481481481,0.0000000000
-129.2636419585,-21.6666666667,0.0000000000
-129.3397566000,-21.4259259259,0.0000000000
-129.3397566000,-21.6666666667,0.0000000000
-129.2636419585,-21.1851851852,0.0000000000
-129.3397566000,-20.9444444444,0.0000000000
-129.3397566000,-21.1851851852,0.0000000000
-129.2636419585,-20.7037037037,0.0000000000
-129.3397566000,-20.4629629630,0.0000000000
-129.3397566000,-20.7037037037,0.0000000000
-129.2636419585,-20.2222222222,0.0000000000
-129.3397566000,-19.9814814815,0.0000000000
-129.3397566000,-20.2222222222,0.0000000000
-129.2636419585,-19.7407407407,0.0000000000
-129.3397566000,-19.5000000000,0.0000000000
-129.3397566000,-19.7407407407,0.0000000000
-129.2636419585,-19.2592592593,0.0000000000
-129.3397566000,-19.0185185185,0.0000000000
-129.3397566000,-19.2592592593,0.0000000000
-129.2636419585,-18.7777777778,0.0000000000
-129.3397566000,-18.5370370370,0.0000000000
-129.3397566000,-18.7777777778,0.0000000000
-129.2636419585,-18.2962962963,0.0000000000
-129.3397566000,-18.0555555556,0.0000000000
-129.3397566000,-18.2962962963,0.0000000000
-129.2636419585,-17.8148148148,0.0000000000
-129.3397566000,-17.5740740741,0.0000000000
-129.3397566000,-17.8148148148,0.0000000000
-129.2636419585,-17.3333333333,0.0000000000
-129.3397566000,-17.0925925926,0.0000000000
-129.3397566000,-17.3333333333,0.0000000000
-129.2636419585,-16.8518518519,0.0000000000
-129.3397566000,-16.6111111111,0.0000000000
-129.3397566000,-16.8518518519,0.0000000000
-129.2636419585,-16.3703703704,0.0000000000
-129.3397566000,-16.1296296296,0.0000000000
-129.3397566000,-16.3703703704,0.0000000000
-129.2636419585,-15.8888888889,0.0000000000
-129.3397566000,-15.6481481482,0.0000000000
-129.3397566000,-15.8888888889,0.0000000000
-129.2636419585,-15.4074074074,0.0000000000
-129.3397566000,-15.1666666667,0.0000000000
-129.3397566000,-15.4074074074,0.0000000000
-129.2636419585,-14.9259259259,0.0000000000
-129.3397566000,-14.6851851852,0.0000000000
-129.3397566000,-14.9259259259,0.0000000000
-129.2636419585,-14.4444444444,0.0000000000
-129.3397566000,-14.2037037037,0.0000000000
-129.3397566000,-14.4444444444,0.0000000000
-129.2636419585,-13.9629629630,0.0000000000
-129.3397566000,-13.7222222222,0.0000000000
-129.3397566000,-13.9629629630,0.0000000000
-129.2636419585,-13.4814814815,0.0000000000
-129.3397566000,-13.2407407407,0.0000000000
-129.3397566000,-13.4814814815,0.0000000000
-129.2636419585,-13.0000000000,0.0000000000
-129.3397566000,-12.7592592593,0.0000000000
-129.3397566000,-13.0000000000,0.0000000000
-129.2636419585,-12.5185185185,0.0000000000
-129.3397566000,-12.2777777778,0.0000000000
-129.3397566000,-12.5185185185,0.0000000000
-129.2636419585,-12.0370370370,0.0000000000
-129.3397566000,-11.7962962963,0.0000000000
-129.3397566000,-12.0370370370,0.0000000000
-129.2636419585,-11.5555555556,0.0000000000
-129.3397566000,-11.3148148148,0.0000000000
-129.3397566000,-11.5555555556,0.0000000000
-129.2636419585,-11.0740740741,0.0000000000
-129.3397566000,-10.8333333333,0.0000000000
-129.3397566000,-11.0740740741,0.0000000000
-129.2636419585,-10.5925925926,0.0000000000
-129.3397566000,-10.3518518519,0.0000000000
-129.3397566000,-10.5925925926,0.0000000000
-129.2636419585,-10.1111111111,0.0000000000
-129.3397566000,-9.8703703704,0.0000000000
-129.3397566000,-10.1111111111,0.0000000000
-129.2636419585,-9.6296296296,0.0000000000
-129.3397566000,-9.3888888889,0.0000000000
-129.3397566000,-9.6296296296,0.0000000000
-129.2636419585,-9.1481481482,0.0000000000
-129.3397566000,-8.9074074074,0.0000000000
-129.3397566000,-9.1481481482,0.0000000000
-129.2636419585,-8.6666666667,0.0000000000
-129.3397566000,-8.4259259259,0.0000000000
-129.3397566000,-8.6666666667,0.0000000000
-129.2636419585,-8.1851851852,0.0000000000
-129.3397566000,-7.9444444444,0.0000000000
-129.3397566000,-8.1851851852,0.0000000000
-129.2636419585,-7.7037037037,0.0000000000
-129.3397566000,-7.4629629630,0.0000000000
-129.3397566000,-7.7037037037,0.0000000000
-129.2636419585,-7.2222222222,0.0000000000
-129.3397566000,-6.9814814815,0.0000000000
-129.3397566000,-7.2222222222,0.0000000000
-129.2636419585,-6.7407407407,0.0000000000
-129.3397566000,-6.5000000000,0.0000000000
-129.3397566000,-6.7407407407,0.0000000000
-129.2636419585,-6.2592592593,0.0000000000
-129.3397566000,-6.0185185185,0.0000000000
-129.3397566000,-6.2592592593,0.0000000000
-129.2636419585,-5.7777777778,0.0000000000
-129.3397566000,-5.5370370370,0.0000000000
-129.3397566000,-5.7777777778,0.0000000000
-129.2636419585,-5.2962962963,0.0000000000
-129.3397566000,-5.0555555556,0.0000000000
-129.3397566000,-5.2962962963,0.0000000000
-129.2636419585,-4.8148148148,0.0000000000
-129.3397566000,-4.5740740741,0.0000000000
-129.3397566000,-4.8148148148,0.0000000000
-129.2636419585,-4.3333333333,0.0000000000
-129.3397566000,-4.0925925926,0.0000000000
-129.3397566000,-4.3333333333,0.0000000000
-129.2636419585,-3.8518518519,0.0000000000
-129.3397566000,-3.6111111111,0.0000000000
-129.3397566000,-3.8518518519,0.0000000000
-129.2636419585,-3.3703703704,0.0000000000
-129.3397566000,-3.1296296296,0.0000000000
-129.3397566000,-3.3703703704,0.0000000000
-129.2636419585,-2.8888888889,0.0000000000
-129.3397566000,-2.6481481482,0.0000000000
-129.3397566000,-2.8888888889,0.0000000000
-129.2636419585,-2.4074074074,0.0000000000
-129.3397566000,-2.1666666667,0.0000000000
-129.3397566000,-2.4074074074,0.0000000000
-129.2636419585,-1.9259259259,0.0000000000
-129.3397566000,-1.6851851852,0.0000000000
-129.3397566000,-1.9259259259,0.0000000000
-129.2636419585,-1.4444444444,0.0000000000
-129.3397566000,-1.2037037037,0.0000000000
-129.3397566000,-1.4444444444,0.0000000000
-129.2636419585,-0.9629629630,0.0000000000
-129.3397566000,-0.7222222222,0.0000000000
-129.3397566000,-0.9629629630,0.0000000000
-129.2636419585,-0.4814814815,0.0000000000
-129.3397566000,-0.2407407407,0.0000000000
-129.3397566000,-0.4814814815,0.0000000000
-129.2636419585,-0.0000000000,0.0000000000
-129.3397566000,0.2407407407,0.0000000000
-129.3397566000,-0.0000000000,0.0000000000
-129.2636419585,0.4814814815,0.0000000000
-129.3397566000,0.7222222222,0.0000000000
-129.3397566000,0.4814814815,0.0000000000
-129.2636419585,0.9629629630,0.0000000000
-129.3397566000,1.2037037037,0.0000000000
-129.3397566000,0.9629629630,0.0000000000
-129.2636419585,1.4444444444,0.0000000000
-129.3397566000,1.6851851852,0.0000000000
-129.3397566000,1.4444444444,0.0000000000
-129.2636419585,1.9259259259,0.0000000000
-129.3397566000,2.1666666667,0.0000000000
-129.3397566000,1.9259259259,0.0000000000
-129.2636419585,2.4074074074,0.0000000000
-129.3397566000,2.6481481481,0.0000000000
-129.3397566000,2.4074074074,0.0000000000
-129.2636419585,2.8888888889,0.0000000000
-129.3397566000,3.1296296296,0.0000000000
-129.3397566000,2.8888888889,0.0000000000
-129.2636419585,3.3703703704,0.0000000000
-129.3397566000,3.6111111111,0.0000000000
-129.3397566000,3.3703703704,0.0000000000
-129.2636419585,3.8518518518,0.0000000000
-129.3397566000,4.0925925926,0.0000000000
-129.3397566000,3.8518518518,0.0000000000
-129.2636419585,4.3333333333,0.0000000000
-129.3397566000,4.5740740741,0.0000000000
-129.3397566000,4.3333333333,0.0000000000
-129.2636419585,4.8148148148,0.0000000000
-129.3397566000,5.0555555556,0.0000000000
-129.3397566000,4.8148148148,0.0000000000
-129.2636419585,5.2962962963,0.0000000000
-129.3397566000,5.5370370370,0.0000000000
-129.3397566000,5.2962962963,0.0000000000
-129.2636419585,5.7777777778,0.0000000000
-129.3397566000,6.0185185185,0.0000000000
-129.3397566000,5.7777777778,0.0000000000
-129.2636419585,6.2592592593,0.0000000000
-129.3397566000,6.5000000000,0.0000000000
-129.3397566000,6.2592592593,0.0000000000
-129.2636419585,6.7407407407,0.0000000000
-129.3397566000,6.9814814815,0.0000000000
-129.3397566000,6.7407407407,0.0000000000
-129.2636419585,7.2222222222,0.0000000000
-129.3397566000,7.4629629630,0.0000000000
-129.3397566000,7.2222222222,0.0000000000
-129.2636419585,7.7037037037,0.0000000000
-129.3397566000,7.9444444444,0.0000000000
-129.3397566000,7.7037037037,0.0000000000
-129.2636419585,8.1851851852,0.0000000000
-129.3397566000,8.4259259259,0.0000000000
-129.3397566000,8.1851851852,0.0000000000
-129.2636419585,8.6666666667,0.0000000000
-129.3397566000,8.9074074074,0.0000000000
-129.3397566000,8.6666666667,0.0000000000
-129.2636419585,9.1481481481,0.0000000000
-129.3397566000,9.3888888889,0.0000000000
-129.3397566000,9.1481481481,0.0000000000
-129.2636419585,9.6296296296,0.0000000000
-129.3397566000,9.8703703704,0.0000000000
-129.3397566000,9.6296296296,0.0000000000
-129.2636419585,10.1111111111,0.0000000000
-129.3397566000,10.3518518518,0.0000000000
-129.3397566000,10.1111111111,0.0000000000
-129.2636419585,10.5925925926,0.0000000000
-129.3397566000,10.8333333333,0.0000000000
-129.3397566000,10.5925925926,0.0000000000
-129.2636419585,11.0740740741,0.0000000000
-129.3397566000,11.3148148148,0.0000000000
-129.3397566000,11.0740740741,0.0000000000
-129.2636419585,11.5555555555,0.0000000000
-129.3397566000,11.7962962963,0.0000000000
-129.3397566000,11.5555555555,0.0000000000
-129.2636419585,12.0370370370,0.0000000000
-129.3397566000,12.2777777778,0.0000000000
-129.3397566000,12.0370370370,0.0000000000
-129.2636419585,12.5185185185,0.0000000000
-129.3397566000,12.7592592593,0.0000000000
-129.3397566000,12.5185185185,0.0000000000
-129.2636419585,13.0000000000,0.0000000000
-129.3397566000,13.2407407407,0.0000000000
-129.3397566000,13.0000000000,0.0000000000
-129.2636419585,13.4814814815,0.0000000000
-129.3397566000,13.7222222222,0.0000000000
-129.3397566000,13.4814814815,0.0000000000
-129.2636419585,13.9629629630,0.0000000000
-129.3397566000,14.2037037037,0.0000000000
-129.3397566000,13.9629629630,0.0000000000
-129.2636419585,14.4444444444,0.0000000000
-129.3397566000,14.6851851852,0.0000000000
-129.3397566000,14.4444444444,0.0000000000
-129.2636419585,14.9259259259,0.0000000000
-129.3397566000,15.1666666667,0.0000000000
-129.3397566000,14.9259259259,0.0000000000
-129.2636419585,15.4074074074,0.0000000000
-129.3397566000,15.6481481481,0.0000000000
-129.3397566000,15.4074074074,0.0000000000
-129.2636419585,15.8888888889,0.0000000000
-129.3397566000,16.1296296296,0.0000000000
-129.3397566000,15.8888888889,0.0000000000
-129.2636419585,16.3703703704,0.0000000000
-129.3397566000,16.6111111111,0.0000000000
-129.3397566000,16.3703703704,0.0000000000
-129.2636419585,16.8518518518,0.0000000000
-129.3397566000,17.0925925926,0.0000000000
-129.3397566000,16.8518518518,0.0000000000
-129.2636419585,17.3333333333,0.0000000000
-129.3397566000,17.5740740741,0.0000000000
-129.3397566000,17.3333333333,0.0000000000
-129.2636419585,17.8148148148,0.0000000000
-129.3397566000,18.0555555555,0.0000000000
-129.3397566000,17.8148148148,0.0000000000
-129.2636419585,18.2962962963,0.0000000000
-129.3397566000,18.5370370370,0.0000000000
-129.3397566000,18.2962962963,0.0000000000
-129.2636419585,18.7777777778,0.0000000000
-129.3397566000,19.0185185185,0.0000000000
-129.3397566000,18.7777777778,0.0000000000
-129.2636419585,19.2592592593,0.0000000000
-129.3397566000,19.5000000000,0.0000000000
-129.3397566000,19.2592592593,0.0000000000
-129.2636419585,19.7407407407,0.0000000000
-129.3397566000,19.9814814815,0.0000000000
-129.3397566000,19.7407407407,0.0000000000
-129.2636419585,20.2222222222,0.0000000000
-129.3397566000,20.4629629630,0.0000000000
-129.3397566000,20.2222222222,0.0000000000
-129.2636419585,20.7037037037,0.0000000000
-129.3397566000,20.9444444444,0.0000000000
-129.3397566000,20.7037037037,0.0000000000
-129.2636419585,21.1851851852,0.0000000000
-129.3397566000,21.4259259259,0.0000000000
-129.3397566000,21.1851851852,0.0000000000
-129.2636419585,21.6666666667,0.0000000000
-129.3397566000,21.9074074074,0.0000000000
-129.3397566000,21.6666666667,0.0000000000
-129.2636419585,22.1481481481,0.0000000000
-129.3397566000,22.3888888889,0.0000000000
-129.3397566000,22.1481481481,0.0000000000
-129.2636419585,22.6296296296,0.0000000000
-129.3397566000,22.8703703704,0.0000000000
-129.3397566000,22.6296296296,0.0000000000
-129.2636419585,23.1111111111,0.0000000000
-129.3397566000,23.3518518518,0.0000000000
-129.3397566000,23.1111111111,0.0000000000
-129.2636419585,23.5925925926,0.0000000000
-129.3397566000,23.8333333333,0.0000000000
-129.3397566000,23.5925925926,0.0000000000
-129.2636419585,24.0740740741,0.0000000000
-129.3397566000,24.3148148148,0.0000000000
-129.3397566000,24.0740740741,0.0000000000
-129.2636419585,24.5555555555,0.0000000000
-129.3397566000,24.7962962963,0.0000000000
-129.3397566000,24.5555555555,0.0000000000
-129.2636419585,25.0370370370,0.0000000000
-129.3397566000,25.2777777778,0.0000000000
-129.3397566000,25.0370370370,0.0000000000
-129.2636419585,25.5185185185,0.0000000000
-129.3397566000,25.7592592593,0.0000000000
-129.3397566000,25.5185185185,0.0000000000
-129.2636419585,26.0000000000,0.0000000000
-129.3397566000,26.2407407407,0.0000000000
-129.3397566000,26.0000000000,0.0000000000
-129.2636419585,26.4814814815,0.0000000000
-129.3397566000,26.7222222222,0.0000000000
-129.3397566000,26.4814814815,0.0000000000
-129.2636419585,26.9629629630,0.0000000000
-129.3397566000,27.2037037037,0.0000000000
-129.3397566000,26.9629629630,0.0000000000
-129.2636419585,27.4444444444,0.0000000000
-129.3397566000,27.6851851852,0.0000000000
-129.3397566000,27.4444444444,0.0000000000
-129.2636419585,27.9259259259,0.0000000000
-129.3397566000,28.1666666667,0.0000000000
-129.3397566000,27.9259259259,0.0000000000
-129.2636419585,28.4074074074,0.0000000000
-129.3397566000,28.6481481481,0.0000000000
-129.3397566000,28.4074074074,0.0000000000
-129.2636419585,28.8888888889,0.0000000000
-129.3397566000,29.1296296296,0.0000000000
-129.3397566000,28.8888888889,0.0000000000
-129.2636419585,29.3703703704,0.0000000000
-129.3397566000,29.6111111111,0.0000000000
-129.3397566000,29.3703703704,0.0000000000
-129.2636419585,29.8518518518,0.0000000000
-129.3397566000,30.0925925926,0.0000000000
-129.3397566000,29.8518518518,0.0000000000
-129.2636419585,30.3333333333,0.0000000000
-129.3397566000,30.5740740741,0.0000000000
-129.3397566000,30.3333333333,0.0000000000
-129.2636419585,30.8148148148,0.0000000000
-129.3397566000,31.0555555555,0.0000000000
-129.3397566000,30.8148148148,0.0000000000
-129.2636419585,31.2962962963,0.0000000000
-129.3397566000,31.5370370370,0.0000000000
-129.3397566000,31.2962962963,0.0000000000
-129.2636419585,31.7777777778,0.0000000000
-129.3397566000,32.0185185185,0.0000000000
-129.3397566000,31.7777777778,0.0000000000
-129.2636419585,32.2592592593,0.0000000000
-129.3397566000,32.2592592593,0.0000000000
-129.0809665616,-32.2592592593,0.0000000000
-129.1723042601,-32.0185185185,0.0000000000
-129.1723042601,-32.2592592593,0.0000000000
-129.0809665616,-31.7777777778,0.0000000000
-129.1723042601,-31.5370370370,0.0000000000
-129.1723042601,-31.7777777778,0.0000000000
-129.0809665616,-31.2962962963,0.0000000000
-129.1723042601,-31.0555555556,0.0000000000
-129.1723042601,-31.2962962963,0.0000000000
-129.0809665616,-30.8148148148,0.0000000000
-129.1723042601,-30.5740740741,0.0000000000
-129.1723042601,-30.8148148148,0.0000000000
-129.0809665616,-30.3333333333,0.0000000000
-129.1723042601,-30.0925925926,0.0000000000
-129.1723042601,-30.3333333333,0.0000000000
-129.0809665616,-29.8518518519,0.0000000000
-129.1723042601,-29.6111111111,0.0000000000
-129.1723042601,-29.8518518519,0.0000000000
-129.0809665616,-29.3703703704,0.0000000000
-129.1723042601,-29.1296296296,0.0000000000
-129.1723042601,-29.3703703704,0.0000000000
-129.0809665616,-28.8888888889,0.0000000000
-129.1723042601,-28.6481481481,0.0000000000
-129.1723042601,-28.8888888889,0.0000000000
-129.0809665616,-28.4074074074,0.0000000000
-129.1723042601,-28.1666666667,0.0000000000
-129.1723042601,-28.4074074074,0.0000000000
-129.0809665616,-27.9259259259,0.0000000000
-129.1723042601,-27.6851851852,0.0000000000
-129.1723042601,-27.9259259259,0.0000000000
-129.0809665616,-27.4444444444,0.0000000000
-129.1723042601,-27.2037037037,0.0000000000
-129.1723042601,-27.4444444444,0.0000000000
-129.0809665616,-26.9629629630,0.0000000000
-129.1723042601,-26.7222222222,0.0000000000
-129.1723042601,-26.9629629630,0.0000000000
-129.0809665616,-26.4814814815,0.0000000000
-129.1723042601,-26.2407407407,0.0000000000
-129.1723042601,-26.4814814815,0.0000000000
-129.0809665616,-26.0000000000,0.0000000000
-129.1723042601,-25.7592592593,0.0000000000
-129.1723042601,-26.0000000000,0.0000000000
-129.0809665616,-25.5185185185,0.0000000000
-129.1723042601,-25.2777777778,0.0000000000
-129.1723042601,-25.5185185185,0.0000000000
-129.0809665616,-25.0370370370,0.0000000000
-129.1723042601,-24.7962962963,0.0000000000
-129.1723042601,-25.0370370370,0.0000000000
-129.0809665616,-24.5555555556,0.0000000000
-129.1723042601,-24.3148148148,0.0000000000
-129.1723042601,-24.5555555556,0.0000000000
-129.0809665616,-24.0740740741,0.0000000000
-129.1723042601,-23.8333333333,0.0000000000
-129.1723042601,-24.0740740741,0.0000000000
-129.0809665616,-23.5925925926,0.0000000000
-129.1723042601,-23.3518518519,0.0000000000
-129.1723042601,-23.5925925926,0.0000000000
-129.0809665616,-23.1111111111,0.0000000000
-129.1723042601,-22.8703703704,0.0000000000
-129.1723042601,-23.1111111111,0.0000000000
-129.0809665616,-22.6296296296,0.0000000000
-129.1723042601,-22.3888888889,0.0000000000
-129.1723042601,-22.6296296296,0.0000000000
-129.0809665616,-22.1481481481,0.0000000000
-129.1723042601,-21.9074074074,0.0000000000
-129.1723042601,-22.1481481481,0.0000000000
-129.0809665616,-21.6666666667,0.0000000000
-129.1723042601,-21.4259259259,0.0000000000
-129.1723042601,-21.6666666667,0.0000000000
-129.0809665616,-21.1851851852,0.0000000000
-129.1723042601,-20.9444444444,0.0000000000
-129.1723042601,-21.1851851852,0.0000000000
-129.0809665616,-20.7037037037,0.0000000000
-129.1723042601,-20.4629629630,0.0000000000
-129.1723042601,-20.7037037037,0.0000000000
-129.0809665616,-20.2222222222,0.0000000000
-129.1723042601,-19.9814814815,0.0000000000
-129.1723042601,-20.2222222222,0.0000000000
-129.0809665616,-19.7407407407,0.0000000000
-129.1723042601,-19.5000000000,0.0000000000
-129.1723042601,-19.7407407407,0.0000000000
-129.0809665616,-19.2592592593,0.0000000000
-129.1723042601,-19.0185185185,0.0000000000
-129.1723042601,-19.2592592593,0.0000000000
-129.0809665616,-18.7777777778,0.0000000000
-129.1723042601,-18.5370370370,0.0000000000
-129.1723042601,-18.7777777778,0.0000000000
-129.0809665616,-18.2962962963,0.0000000000
-129.1723042601,-18.0555555556,0.0000000000
-129.1723042601,-18.2962962963,0.0000000000
-129.0809665616,-17.8148148148,0.0000000000
-129.1723042601,-17.5740740741,0.0000000000
-129.1723042601,-17.8148148148,0.0000000000
-129.0809665616,-17.3333333333,0.0000000000
-129.1723042601,-17.0925925926,0.0000000000
-129.1723042601,-17.3333333333,0.0000000000
-129.0809665616,-16.8518518519,0.0000000000
-129.1723042601,-16.6111111111,0.0000000000
-129.1723042601,-16.8518518519,0.0000000000
-129.0809665616,-16.3703703704,0.0000000000
-129.1723042601,-16.1296296296,0.0000000000
-129.1723042601,-16.3703703704,0.0000000000
-129.0809665616,-15.8888888889,0.0000000000
-129.1723042601,-15.6481481482,0.0000000000
-129.1723042601,-15.8888888889,0.0000000000
-129.0809665616,-15.4074074074,0.0000000000
-129.1723042601,-15.1666666667,0.0000000000
-129.1723042601,-15.4074074074,0.0000000000
-129.0809665616,-14.9259259259,0.0000000000
-129.1723042601,-14.6851851852,0.0000000000
-129.1723042601,-14.9259259259,0.0000000000
-129.0809665616,-14.4444444444,0.0000000000
-129.1723042601,-14.2037037037,0.0000000000
-129.1723042601,-14.4444444444,0.0000000000
-129.0809665616,-13.9629629630,0.0000000000
-129.1723042601,-13.7222222222,0.0000000000
-129.1723042601,-13.9629629630,0.0000000000
-129.0809665616,-13.4814814815,0.0000000000
-129.1723042601,-13.2407407407,0.0000000000
-129.1723042601,-13.4814814815,0.0000000000
-129.0809665616,-13.0000000000,0.0000000000
-129.1723042601,-12.7592592593,0.0000000000
-129.1723042601,-13.0000000000,0.0000000000
-129.0809665616,-12.5185185185,0.0000000000
-129.1723042601,-12.2777777778,0.0000000000
-129.1723042601,-12.5185185185,0.0000000000
-129.0809665616,-12.0370370370,0.0000000000
-129.1723042601,-11.7962962963,0.0000000000
-129.1723042601,-12.0370370370,0.0000000000
-129.0809665616,-11.5555555556,0.0000000000
-129.1723042601,-11.3148148148,0.0000000000
-129.1723042601,-11.5555555556,0.0000000000
-129.0809665616,-11.0740740741,0.0000000000
-129.1723042601,-10.8333333333,0.0000000000
-129.1723042601,-11.0740740741,0.0000000000
-129.0809665616,-10.5925925926,0.0000000000
-129.1723042601,-10.3518518519,0.0000000000
-129.1723042601,-10.5925925926,0.0000000000
-129.0809665616,-10.1111111111,0.0000000000
-129.1723042601,-9.8703703704,0.0000000000
-129.1723042601,-10.1111111111,0.0000000000
-129.0809665616,-9.6296296296,0.0000000000
-129.1723042601,-9.3888888889,0.0000000000
-129.1723042601,-9.6296296296,0.0000000000
-129.0809665616,-9.1481481482,0.0000000000
-129.1723042601,-8.9074074074,0.0000000000
-129.1723042601,-9.1481481482,0.0000000000
-129.0809665616,-8.6666666667,0.0000000000
-129.1723042601,-8.4259259259,0.0000000000
-129.1723042601,-8.6666666667,0.0000000000
-129.0809665616,-8.1851851852,0.0000000000
-129.1723042601,-7.9444444444,0.0000000000
-129.1723042601,-8.1851851852,0.0000000000
-129.0809665616,-7.7037037037,0.0000000000
-129.1723042601,-7.4629629630,0.0000000000
-129.1723042601,-7.7037037037,0.0000000000
-129.0809665616,-7.2222222222,0.0000000000
-129.1723042601,-6.9814814815,0.0000000000
-129.1723042601,-7.2222222222,0.0000000000
-129.0809665616,-6.7407407407,0.0000000000
-129.1723042601,-6.5000000000,0.0000000000
-129.1723042601,-6.7407407407,0.0000000000
-129.0809665616,-6.2592592593,0.0000000000
-129.1723042601,-6.0185185185,0.0000000000
-129.1723042601,-6.2592592593,0.0000000000
-129.0809665616,-5.7777777778,0.0000000000
-129.1723042601,-5.5370370370,0.0000000000
-129.1723042601,-5.7777777778,0.0000000000
-129.0809665616,-5.2962962963,0.0000000000
-129.1723042601,-5.0555555556,0.0000000000
-129.1723042601,-5.2962962963,0.0000000000
-129.0809665616,-4.8148148148,0.0000000000
-129.1723042601,-4.5740740741,0.0000000000
-129.1723042601,-4.8148148148,0.0000000000
-129.0809665616,-4.3333333333,0.0000000000
-129.1723042601,-4.0925925926,0.0000000000
-129.1723042601,-4.3333333333,0.0000000000
-129.0809665616,-3.8518518519,0.0000000000
-129.1723042601,-3.6111111111,0.0000000000
-129.1723042601,-3.8518518519,0.0000000000
-129.0809665616,-3.3703703704,0.0000000000
-129.1723042601,-3.1296296296,0.0000000000
-129.1723042601,-3.3703703704,0.0000000000
-129.0809665616,-2.8888888889,0.0000000000
-129.1723042601,-2.6481481482,0.0000000000
-129.1723042601,-2.8888888889,0.0000000000
-129.0809665616,-2.4074074074,0.0000000000
-129.1723042601,-2.1666666667,0.0000000000
-129.1723042601,-2.4074074074,0.0000000000
-129.0809665616,-1.9259259259,0.0000000000
-129.1723042601,-1.6851851852,0.0000000000
-129.1723042601,-1.9259259259,0.0000000000
-129.0809665616,-1.4444444444,0.0000000000
-129.1723042601,-1.2037037037,0.0000000000
-129.1723042601,-1.4444444444,0.0000000000
-129.0809665616,-0.9629629630,0.0000000000
-129.1723042601,-0.7222222222,0.0000000000
-129.1723042601,-0.9629629630,0.0000000000
-129.0809665616,-0.4814814815,0.0000000000
-129.1723042601,-0.2407407407,0.0000000000
-129.1723042601,-0.4814814815,0.0000000000
-129.0809665616,-0.0000000000,0.0000000000
-129.1723042601,0.2407407407,0.0000000000
-129.1723042601,-0.0000000000,0.0000000000
-129.0809665616,0.4814814815,0.0000000000
-129.1723042601,0.7222222222,0.0000000000
-129.1723042601,0.4814814815,0.0000000000
-129.0809665616,0.9629629630,0.0000000000
-129.1723042601,1.2037037037,0.0000000000
-129.1723042601,0.9629629630,0.0000000000
-129.0809665616,1.4444444444,0.0000000000
-129.1723042601,1.6851851852,0.0000000000
-129.1723042601,1.4444444444,0.0000000000
-129.0809665616,1.9259259259,0.0000000000
-129.1723042601,2.1666666667,0.0000000000
-129.1723042601,1.9259259259,0.0000000000
-129.0809665616,2.4074074074,0.0000000000
-129.1723042601,2.6481481481,0.0000000000
-129.1723042601,2.4074074074,0.0000000000
-129.0809665616,2.8888888889,0.0000000000
-129.1723042601,3.1296296296,0.0000000000
-129.1723042601,2.8888888889,0.0000000000
-129.0809665616,3.3703703704,0.0000000000
-129.1723042601,3.6111111111,0.0000000000
-129.1723042601,3.3703703704,0.0000000000
-129.0809665616,3.8518518518,0.0000000000
-129.1723042601,4.0925925926,0.0000000000
-129.1723042601,3.8518518518,0.0000000000
-129.0809665616,4.3333333333,0.0000000000
-129.1723042601,4.5740740741,0.0000000000
-129.1723042601,4.3333333333,0.0000000000
-129.0809665616,4.8148148148,0.0000000000
-129.1723042601,5.0555555556,0.0000000000
-129.1723042601,4.8148148148,0.0000000000
-129.0809665616,5.2962962963,0.0000000000
-129.1723042601,5.5370370370,0.0000000000
-129.1723042601,5.2962962963,0.0000000000
-129.0809665616,5.7777777778,0.0000000000
-129.1723042601,6.0185185185,0.0000000000
-129.1723042601,5.7777777778,0.0000000000
-129.0809665616,6.2592592593,0.0000000000
-129.1723042601,6.5000000000,0.0000000000
-129.1723042601,6.2592592593,0.0000000000
-129.0809665616,6.7407407407,0.0000000000
-129.1723042601,6.9814814815,0.0000000000
-129.1723042601,6.7407407407,0.0000000000
-129.0809665616,7.2222222222,0.0000000000
-129.1723042601,7.4629629630,0.0000000000
-129.1723042601,7.2222222222,0.0000000000
-129.0809665616,7.7037037037,0.0000000000
-129.1723042601,7.9444444444,0.0000000000
-129.1723042601,7.7037037037,0.0000000000
-129.0809665616,8.1851851852,0.0000000000
-129.1723042601,8.4259259259,0.0000000000
-129.1723042601,8.1851851852,0.0000000000
-129.0809665616,8.6666666667,0.0000000000
-129.1723042601,8.9074074074,0.0000000000
-129.1723042601,8.6666666667,0.0000000000
-129.0809665616,9.1481481481,0.0000000000
-129.1723042601,9.3888888889,0.0000000000
-129.1723042601,9.1481481481,0.0000000000
-129.0809665616,9.6296296296,0.0000000000
-129.1723042601,9.8703703704,0.0000000000
-129.1723042601,9.6296296296,0.0000000000
-129.0809665616,10.1111111111,0.0000000000
-129.1723042601,10.3518518518,0.0000000000
-129.1723042601,10.1111111111,0.0000000000
-129.0809665616,10.5925925926,0.0000000000
-129.1723042601,10.8333333333,0.0000000000
-129.1723042601,10.5925925926,0.0000000000
-129.0809665616,11.0740740741,0.0000000000
-129.1723042601,11.3148148148,0.0000000000
-129.1723042601,11.0740740741,0.0000000000
-129.0809665616,11.5555555555,0.0000000000
-129.1723042601,11.7962962963,0.0000000000
-129.1723042601,11.5555555555,0.0000000000
-129.0809665616,12.0370370370,0.0000000000
-129.1723042601,12.2777777778,0.0000000000
-129.1723042601,12.0370370370,0.0000000000
-129.0809665616,12.5185185185,0.0000000000
-129.1723042601,12.7592592593,0.0000000000
-129.1723042601,12.5185185185,0.0000000000
-129.0809665616,13.0000000000,0.0000000000
-129.1723042601,13.2407407407,0.0000000000
-129.1723042601,13.0000000000,0.0000000000
-129.0809665616,13.4814814815,0.0000000000
-129.1723042601,13.7222222222,0.0000000000
-129.1723042601,13.4814814815,0.0000000000
-129.0809665616,13.9629629630,0.0000000000
-129.1723042601,14.2037037037,0.0000000000
-129.1723042601,13.9629629630,0.0000000000
-129.0809665616,14.4444444444,0.0000000000
-129.1723042601,14.6851851852,0.0000000000
-129.1723042601,14.4444444444,0.0000000000
-129.0809665616,14.9259259259,0.0000000000
-129.1723042601,15.1666666667,0.0000000000
-129.1723042601,14.9259259259,0.0000000000
-129.0809665616,15.4074074074,0.0000000000
-129.1723042601,15.6481481481,0.0000000000
-129.1723042601,15.4074074074,0.0000000000
-129.0809665616,15.8888888889,0.0000000000
-129.1723042601,16.1296296296,0.0000000000
-129.1723042601,15.8888888889,0.0000000000
-129.0809665616,16.3703703704,0.0000000000
-129.1723042601,16.6111111111,0.0000000000
-129.1723042601,16.3703703704,0.0000000000
-129.0809665616,16.8518518518,0.0000000000
-129.1723042601,17.0925925926,0.0000000000
-129.1723042601,16.8518518518,0.0000000000
-129.0809665616,17.3333333333,0.0000000000
-129.1723042601,17.5740740741,0.0000000000
-129.1723042601,17.3333333333,0.0000000000
-129.0809665616,17.8148148148,0.0000000000
-129.1723042601,18.0555555555,0.0000000000
-129.1723042601,17.8148148148,0.0000000000
-129.0809665616,18.2962962963,0.0000000000
-129.1723042601,18.5370370370,0.0000000000
-129.1723042601,18.2962962963,0.0000000000
-129.0809665616,18.7777777778,0.0000000000
-129.1723042601,19.0185185185,0.0000000000
-129.1723042601,18.7777777778,0.0000000000
-129.0809665616,19.2592592593,0.0000000000
-129.1723042601,19.5000000000,0.0000000000
-129.1723042601,19.2592592593,0.0000000000
-129.0809665616,19.7407407407,0.0000000000
-129.1723042601,19.9814814815,0.0000000000
-129.1723042601,19.7407407407,0.0000000000
-129.0809665616,20.2222222222,0.0000000000
-129.1723042601,20.4629629630,0.0000000000
-129.1723042601,20.2222222222,0.0000000000
-129.0809665616,20.7037037037,0.0000000000
-129.1723042601,20.9444444444,0.0000000000
-129.1723042601,20.7037037037,0.0000000000
-129.0809665616,21.1851851852,0.0000000000
-129.1723042601,21.4259259259,0.0000000000
-129.1723042601,21.1851851852,0.0000000000
-129.0809665616,21.6666666667,0.0000000000
-129.1723042601,21.9074074074,0.0000000000
-129.1723042601,21.6666666667,0.0000000000
-129.0809665616,22.1481481481,0.0000000000
-129.1723042601,22.3888888889,0.0000000000
-129.1723042601,22.1481481481,0.0000000000
-129.0809665616,22.6296296296,0.0000000000
-129.1723042601,22.8703703704,0.0000000000
-129.1723042601,22.6296296296,0.0000000000
-129.0809665616,23.1111111111,0.0000000000
-129.1723042601,23.3518518518,0.0000000000
-129.1723042601,23.1111111111,0.0000000000
-129.0809665616,23.5925925926,0.0000000000
-129.1723042601,23.8333333333,0.0000000000
-129.1723042601,23.5925925926,0.0000000000
-129.0809665616,24.0740740741,0.0000000000
-129.1723042601,24.3148148148,0.0000000000
-129.1723042601,24.0740740741,0.0000000000
-129.0809665616,24.5555555555,0.0000000000
-129.1723042601,24.7962962963,0.0000000000
-129.1723042601,24.5555555555,0.0000000000
-129.0809665616,25.0370370370,0.0000000000
-129.1723042601,25.2777777778,0.0000000000
-129.1723042601,25.0370370370,0.0000000000
-129.0809665616,25.5185185185,0.0000000000
-129.1723042601,25.7592592593,0.0000000000
-129.1723042601,25.5185185185,0.0000000000
-129.0809665616,26.0000000000,0.0000000000
-129.1723042601,26.2407407407,0.0000000000
-129.1723042601,26.0000000000,0.0000000000
-129.0809665616,26.4814814815,0.0000000000
-129.1723042601,26.7222222222,0.0000000000
-129.1723042601,26.4814814815,0.0000000000
-129.0809665616,26.9629629630,0.0000000000
-129.1723042601,27.2037037037,0.0000000000
-129.1723042601,26.9629629630,0.0000000000
-129.0809665616,27.4444444444,0.0000000000
-129.1723042601,27.6851851852,0.0000000000
-129.1723042601,27.4444444444,0.0000000000
-129.0809665616,27.9259259259,0.0000000000
-129.1723042601,28.1666666667,0.0000000000
-129.1723042601,27.9259259259,0.0000000000
-129.0809665616,28.4074074074,0.0000000000
-129.1723042601,28.6481481481,0.0000000000
-129.1723042601,28.4074074074,0.0000000000
-129.0809665616,28.8888888889,0.0000000000
-129.1723042601,29.1296296296,0.0000000000
-129.1723042601,28.8888888889,0.0000000000
-129.0809665616,29.3703703704,0.0000000000
-129.1723042601,29.6111111111,0.0000000000
-129.1723042601,29.3703703704,0.0000000000
-129.0809665616,29.8518518518,0.0000000000
-129.1723042601,30.0925925926,0.0000000000
-129.1723042601,29.8518518518,0.0000000000
-129.0809665616,30.3333333333,0.0000000000
-129.1723042601,30.5740740741,0.0000000000
-129.1723042601,30.3333333333,0.0000000000
-129.0809665616,30.8148148148,0.0000000000
-129.1723042601,31.0555555555,0.0000000000
-129.1723042601,30.8148148148,0.0000000000
-129.0809665616,31.2962962963,0.0000000000
-129.1723042601,31.5370370370,0.0000000000
-129.1723042601,31.2962962963,0.0000000000
-129.0809665616,31.7777777778,0.0000000000
-129.1723042601,32.0185185185,0.0000000000
-129.1723042601,31.7777777778,0.0000000000
-129.0809665616,32.2592592593,0.0000000000
-129.1723042601,32.2592592593,0.0000000000
-128.8617559594,-32.2592592593,0.0000000000
-128.9713612605,-32.0185185185,0.0000000000
-128.9713612605,-32.2592592593,0.0000000000
-128.8617559594,-31.7777777778,0.0000000000
-128.9713612605,-31.5370370370,0.0000000000
-128.9713612605,-31.7777777778,0.0000000000
-128.8617559594,-31.2962962963,0.0000000000
-128.9713612605,-31.0555555556,0.0000000000
-128.9713612605,-31.2962962963,0.0000000000
-128.8617559594,-30.8148148148,0.0000000000
-128.9713612605,-30.5740740741,0.0000000000
-128.9713612605,-30.8148148148,0.0000000000
-128.8617559594,-30.3333333333,0.0000000000
-128.9713612605,-30.0925925926,0.0000000000
-128.9713612605,-30.3333333333,0.0000000000
-128.8617559594,-29.8518518519,0.0000000000
-128.9713612605,-29.6111111111,0.0000000000
-128.9713612605,-29.8518518519,0.0000000000
-128.8617559594,-29.3703703704,0.0000000000
-128.9713612605,-29.1296296296,0.0000000000
-128.9713612605,-29.3703703704,0.0000000000
-128.8617559594,-28.8888888889,0.0000000000
-128.9713612605,-28.6481481481,0.0000000000
-128.9713612605,-28.8888888889,0.0000000000
-128.8617559594,-28.4074074074,0.0000000000
-128.9713612605,-28.1666666667,0.0000000000
-128.9713612605,-28.4074074074,0.0000000000
-128.8617559594,-27.9259259259,0.0000000000
-128.9713612605,-27.6851851852,0.0000000000
-128.9713612605,-27.9259259259,0.0000000000
-128.8617559594,-27.4444444444,0.0000000000
-128.9713612605,-27.2037037037,0.0000000000
-128.9713612605,-27.4444444444,0.0000000000
-128.8617559594,-26.9629629630,0.0000000000
-128.9713612605,-26.7222222222,0.0000000000
-128.9713612605,-26.9629629630,0.0000000000
-128.8617559594,-26.4814814815,0.0000000000
-128.9713612605,-26.2407407407,0.0000000000
-128.9713612605,-26.4814814815,0.0000000000
-128.8617559594,-26.0000000000,0.0000000000
-128.9713612605,-25.7592592593,0.0000000000
-128.9713612605,-26.0000000000,0.0000000000
-128.8617559594,-25.5185185185,0.0000000000
-128.9713612605,-25.2777777778,0.0000000000
-128.9713612605,-25.5185185185,0.0000000000
-128.8617559594,-25.0370370370,0.0000000000
-128.9713612605,-24.7962962963,0.0000000000
-128.9713612605,-25.0370370370,0.0000000000
-128.8617559594,-24.5555555556,0.0000000000
-128.9713612605,-24.3148148148,0.0000000000
-128.9713612605,-24.5555555556,0.0000000000
-128.8617559594,-24.0740740741,0.0000000000
-128.9713612605,-23.8333333333,0.0000000000
-128.9713612605,-24.0740740741,0.0000000000
-128.8617559594,-23.5925925926,0.0000000000
-128.9713612605,-23.3518518519,0.0000000000
-128.9713612605,-23.5925925926,0.0000000000
-128.8617559594,-23.1111111111,0.0000000000
-128.9713612605,-22.8703703704,0.0000000000
-128.9713612605,-23.1111111111,0.0000000000
-128.8617559594,-22.6296296296,0.0000000000
-128.9713612605,-22.3888888889,0.0000000000
-128.9713612605,-22.6296296296,0.0000000000
-128.8617559594,-22.1481481481,0.0000000000
-128.9713612605,-21.9074074074,0.0000000000
-128.9713612605,-22.1481481481,0.0000000000
-128.8617559594,-21.6666666667,0.0000000000
-128.9713612605,-21.4259259259,0.0000000000
-128.9713612605,-21.6666666667,0.0000000000
-128.8617559594,-21.1851851852,0.0000000000
-128.9713612605,-20.9444444444,0.0000000000
-128.9713612605,-21.1851851852,0.0000000000
-128.8617559594,-20.7037037037,0.0000000000
-128.9713612605,-20.4629629630,0.0000000000
-128.9713612605,-20.7037037037,0.0000000000
-128.8617559594,-20.2222222222,0.0000000000
-128.9713612605,-19.9814814815,0.0000000000
-128.9713612605,-20.2222222222,0.0000000000
-128.8617559594,-19.7407407407,0.0000000000
-128.9713612605,-19.5000000000,0.0000000000
-128.9713612605,-19.7407407407,0.0000000000
-128.8617559594,-19.2592592593,0.0000000000
-128.9713612605,-19.0185185185,0.0000000000
-128.9713612605,-19.2592592593,0.0000000000
-128.8617559594,-18.7777777778,0.0000000000
-128.9713612605,-18.5370370370,0.0000000000
-128.9713612605,-18.7777777778,0.0000000000
-128.8617559594,-18.2962962963,0.0000000000
-128.9713612605,-18.0555555556,0.0000000000
-128.9713612605,-18.2962962963,0.0000000000
-128.8617559594,-17.8148148148,0.0000000000
-128.9713612605,-17.5740740741,0.0000000000
-128.9713612605,-17.8148148148,0.0000000000
-128.8617559594,-17.3333333333,0.0000000000
-128.9713612605,-17.0925925926,0.0000000000
-128.9713612605,-17.3333333333,0.0000000000
-128.8617559594,-16.8518518519,0.0000000000
-128.9713612605,-16.6111111111,0.0000000000
-128.9713612605,-16.8518518519,0.0000000000
-128.8617559594,-16.3703703704,0.0000000000
-128.9713612605,-16.1296296296,0.0000000000
-128.9713612605,-16.3703703704,0.0000000000
-128.8617559594,-15.8888888889,0.0000000000
-128.9713612605,-15.6481481482,0.0000000000
-128.9713612605,-15.8888888889,0.0000000000
-128.8617559594,-15.4074074074,0.0000000000
-128.9713612605,-15.1666666667,0.0000000000
-128.9713612605,-15.4074074074,0.0000000000
-128.8617559594,-14.9259259259,0.0000000000
-128.9713612605,-14.6851851852,0.0000000000
-128.9713612605,-14.9259259259,0.0000000000
-128.8617559594,-14.4444444444,0.0000000000
-128.9713612605,-14.2037037037,0.0000000000
-128.9713612605,-14.4444444444,0.0000000000
-128.8617559594,-13.9629629630,0.0000000000
-128.9713612605,-13.7222222222,0.0000000000
-128.9713612605,-13.9629629630,0.0000000000
-128.8617559594,-13.4814814815,0.0000000000
-128.9713612605,-13.2407407407,0.0000000000
-128.9713612605,-13.4814814815,0.0000000000
-128.8617559594,-13.0000000000,0.0000000000
-128.9713612605,-12.7592592593,0.0000000000
-128.9713612605,-13.0000000000,0.0000000000
-128.8617559594,-12.5185185185,0.0000000000
-128.9713612605,-12.2777777778,0.0000000000
-128.9713612605,-12.5185185185,0.0000000000
-128.8617559594,-12.0370370370,0.0000000000
-128.9713612605,-11.7962962963,0.0000000000
-128.9713612605,-12.0370370370,0.0000000000
-128.8617559594,-11.5555555556,0.0000000000
-128.9713612605,-11.3148148148,0.0000000000
-128.9713612605,-11.5555555556,0.0000000000
-128.8617559594,-11.0740740741,0.0000000000
-128.9713612605,-10.8333333333,0.0000000000
-128.9713612605,-11.0740740741,0.0000000000
-128.8617559594,-10.5925925926,0.0000000000
-128.9713612605,-10.3518518519,0.0000000000
-128.9713612605,-10.5925925926,0.0000000000
-128.8617559594,-10.1111111111,0.0000000000
-128.9713612605,-9.8703703704,0.0000000000
-128.9713612605,-10.1111111111,0.0000000000
-128.8617559594,-9.6296296296,0.0000000000
-128.9713612605,-9.3888888889,0.0000000000
-128.9713612605,-9.6296296296,0.0000000000
-128.8617559594,-9.1481481482,0.0000000000
-128.9713612605,-8.9074074074,0.0000000000
-128.9713612605,-9.1481481482,0.0000000000
-128.8617559594,-8.6666666667,0.0000000000
-128.9713612605,-8.4259259259,0.0000000000
-128.9713612605,-8.6666666667,0.0000000000
-128.8617559594,-8.1851851852,0.0000000000
-128.9713612605,-7.9444444444,0.0000000000
-128.9713612605,-8.1851851852,0.0000000000
-128.8617559594,-7.7037037037,0.0000000000
-128.9713612605,-7.4629629630,0.0000000000
-128.9713612605,-7.7037037037,0.0000000000
-128.8617559594,-7.2222222222,0.0000000000
-128.9713612605,-6.9814814815,0.0000000000
-128.9713612605,-7.2222222222,0.0000000000
-128.8617559594,-6.7407407407,0.0000000000
-128.9713612605,-6.5000000000,0.0000000000
-128.9713612605,-6.7407407407,0.0000000000
-128.8617559594,-6.2592592593,0.0000000000
-128.9713612605,-6.0185185185,0.0000000000
-128.9713612605,-6.2592592593,0.0000000000
-128.8617559594,-5.7777777778,0.0000000000
-128.9713612605,-5.5370370370,0.0000000000
-128.9713612605,-5.7777777778,0.0000000000
-128.8617559594,-5.2962962963,0.0000000000
-128.9713612605,-5.0555555556,0.0000000000
-128.9713612605,-5.2962962963,0.0000000000
-128.8617559594,-4.8148148148,0.0000000000
-128.9713612605,-4.5740740741,0.0000000000
-128.9713612605,-4.8148148148,0.0000000000
-128.8617559594,-4.3333333333,0.0000000000
-128.9713612605,-4.0925925926,0.0000000000
-128.9713612605,-4.3333333333,0.0000000000
-128.8617559594,-3.8518518519,0.0000000000
-128.9713612605,-3.6111111111,0.0000000000
-128.9713612605,-3.8518518519,0.0000000000
-128.8617559594,-3.3703703704,0.0000000000
-128.9713612605,-3.1296296296,0.0000000000
-128.9713612605,-3.3703703704,0.0000000000
-128.8617559594,-2.8888888889,0.0000000000
-128.9713612605,-2.6481481482,0.0000000000
-128.9713612605,-2.8888888889,0.0000000000
-128.8617559594,-2.4074074074,0.0000000000
-128.9713612605,-2.1666666667,0.0000000000
-128.9713612605,-2.4074074074,0.0000000000
-128.8617559594,-1.9259259259,0.0000000000
-128.9713612605,-1.6851851852,0.0000000000
-128.9713612605,-1.9259259259,0.0000000000
-128.8617559594,-1.4444444444,0.0000000000
-128.9713612605,-1.2037037037,0.0000000000
-128.9713612605,-1.4444444444,0.0000000000
-128.8617559594,-0.9629629630,0.0000000000
-128.9713612605,-0.7222222222,0.0000000000
-128.9713612605,-0.9629629630,0.0000000000
-128.8617559594,-0.4814814815,0.0000000000
-128.9713612605,-0.2407407407,0.0000000000
-128.9713612605,-0.4814814815,0.0000000000
-128.8617559594,-0.0000000000,0.0000000000
-128.9713612605,0.2407407407,0.0000000000
-128.9713612605,-0.0000000000,0.0000000000
-128.8617559594,0.4814814815,0.0000000000
-128.9713612605,0.7222222222,0.0000000000
-128.9713612605,0.4814814815,0.0000000000
-128.8617559594,0.9629629630,0.0000000000
-128.9713612605,1.2037037037,0.0000000000
-128.9713612605,0.9629629630,0.0000000000
-128.8617559594,1.4444444444,0.0000000000
-128.9713612605,1.6851851852,0.0000000000
-128.9713612605,1.4444444444,0.0000000000
-128.8617559594,1.9259259259,0.0000000000
-128.9713612605,2.1666666667,0.0000000000
-128.9713612605,1.9259259259,0.0000000000
-128.8617559594,2.4074074074,0.0000000000
-128.9713612605,2.6481481481,0.0000000000
-128.9713612605,2.4074074074,0.0000000000
-128.8617559594,2.8888888889,0.0000000000
-128.9713612605,3.1296296296,0.0000000000
-128.9713612605,2.8888888889,0.0000000000
-128.8617559594,3.3703703704,0.0000000000
-128.9713612605,3.6111111111,0.0000000000
-128.9713612605,3.3703703704,0.0000000000
-128.8617559594,3.8518518518,0.0000000000
-128.9713612605,4.0925925926,0.0000000000
-128.9713612605,3.8518518518,0.0000000000
-128.8617559594,4.3333333333,0.0000000000
-128.9713612605,4.5740740741,0.0000000000
-128.9713612605,4.3333333333,0.0000000000
-128.8617559594,4.8148148148,0.0000000000
-128.9713612605,5.0555555556,0.0000000000
-128.9713612605,4.8148148148,0.0000000000
-128.8617559594,5.2962962963,0.0000000000
-128.9713612605,5.5370370370,0.0000000000
-128.9713612605,5.2962962963,0.0000000000
-128.8617559594,5.7777777778,0.0000000000
-128.9713612605,6.0185185185,0.0000000000
-128.9713612605,5.7777777778,0.0000000000
-128.8617559594,6.2592592593,0.0000000000
-128.9713612605,6.5000000000,0.0000000000
-128.9713612605,6.2592592593,0.0000000000
-128.8617559594,6.7407407407,0.0000000000
-128.9713612605,6.9814814815,0.0000000000
-128.9713612605,6.7407407407,0.0000000000
-128.8617559594,7.2222222222,0.0000000000
-128.9713612605,7.4629629630,0.0000000000
-128.9713612605,7.2222222222,0.0000000000
-128.8617559594,7.7037037037,0.0000000000
-128.9713612605,7.9444444444,0.0000000000
-128.9713612605,7.7037037037,0.0000000000
-128.8617559594,8.1851851852,0.0000000000
-128.9713612605,8.4259259259,0.0000000000
-128.9713612605,8.1851851852,0.0000000000
-128.8617559594,8.6666666667,0.0000000000
-128.9713612605,8.9074074074,0.0000000000
-128.9713612605,8.6666666667,0.0000000000
-128.8617559594,9.1481481481,0.0000000000
-128.9713612605,9.3888888889,0.0000000000
-128.9713612605,9.1481481481,0.0000000000
-128.8617559594,9.6296296296,0.0000000000
-128.9713612605,9.8703703704,0.0000000000
-128.9713612605,9.6296296296,0.0000000000
-128.8617559594,10.1111111111,0.0000000000
-128.9713612605,10.3518518518,0.0000000000
-128.9713612605,10.1111111111,0.0000000000
-128.8617559594,10.5925925926,0.0000000000
-128.9713612605,10.8333333333,0.0000000000
-128.9713612605,10.5925925926,0.0000000000
-128.8617559594,11.0740740741,0.0000000000
-128.9713612605,11.3148148148,0.0000000000
-128.9713612605,11.0740740741,0.0000000000
-128.8617559594,11.5555555555,0.0000000000
-128.9713612605,11.7962962963,0.0000000000
-128.9713612605,11.5555555555,0.0000000000
-128.8617559594,12.0370370370,0.0000000000
-128.9713612605,12.2777777778,0.0000000000
-128.9713612605,12.0370370370,0.0000000000
-128.8617559594,12.5185185185,0.0000000000
-128.9713612605,12.7592592593,0.0000000000
-128.9713612605,12.5185185185,0.0000000000
-128.8617559594,13.0000000000,0.0000000000
-128.9713612605,13.2407407407,0.0000000000
-128.9713612605,13.0000000000,0.0000000000
-128.8617559594,13.4814814815,0.0000000000
-128.9713612605,13.7222222222,0.0000000000
-128.9713612605,13.4814814815,0.0000000000
-128.8617559594,13.9629629630,0.0000000000
-128.9713612605,14.2037037037,0.0000000000
-128.9713612605,13.9629629630,0.0000000000
-128.8617559594,14.4444444444,0.0000000000
-128.9713612605,14.6851851852,0.0000000000
-128.9713612605,14.4444444444,0.0000000000
-128.8617559594,14.9259259259,0.0000000000
-128.9713612605,15.1666666667,0.0000000000
-128.9713612605,14.9259259259,0.0000000000
-128.8617559594,15.4074074074,0.0000000000
-128.9713612605,15.6481481481,0.0000000000
-128.9713612605,15.4074074074,0.0000000000
-128.8617559594,15.8888888889,0.0000000000
-128.9713612605,16.1296296296,0.0000000000
-128.9713612605,15.8888888889,0.0000000000
-128.8617559594,16.3703703704,0.0000000000
-128.9713612605,16.6111111111,0.0000000000
-128.9713612605,16.3703703704,0.0000000000
-128.8617559594,16.8518518518,0.0000000000
-128.9713612605,17.0925925926,0.0000000000
-128.9713612605,16.8518518518,0.0000000000
-128.8617559594,17.3333333333,0.0000000000
-128.9713612605,17.5740740741,0.0000000000
-128.9713612605,17.3333333333,0.0000000000
-128.8617559594,17.8148148148,0.0000000000
-128.9713612605,18.0555555555,0.0000000000
-128.9713612605,17.8148148148,0.0000000000
-128.8617559594,18.2962962963,0.0000000000
-128.9713612605,18.5370370370,0.0000000000
-128.9713612605,18.2962962963,0.0000000000
-128.8617559594,18.7777777778,0.0000000000
-128.9713612605,19.0185185185,0.0000000000
-128.9713612605,18.7777777778,0.0000000000
-128.8617559594,19.2592592593,0.0000000000
-128.9713612605,19.5000000000,0.0000000000
-128.9713612605,19.2592592593,0.0000000000
-128.8617559594,19.7407407407,0.0000000000
-128.9713612605,19.9814814815,0.0000000000
-128.9713612605,19.7407407407,0.0000000000
-128.8617559594,20.2222222222,0.0000000000
-128.9713612605,20.4629629630,0.0000000000
-128.9713612605,20.2222222222,0.0000000000
-128.8617559594,20.7037037037,0.0000000000
-128.9713612605,20.9444444444,0.0000000000
-128.9713612605,20.7037037037,0.0000000000
-128.8617559594,21.1851851852,0.0000000000
-128.9713612605,21.4259259259,0.0000000000
-128.9713612605,21.1851851852,0.0000000000
-128.8617559594,21.6666666667,0.0000000000
-128.9713612605,21.9074074074,0.0000000000
-128.9713612605,21.6666666667,0.0000000000
-128.8617559594,22.1481481481,0.0000000000
-128.9713612605,22.3888888889,0.0000000000
-128.9713612605,22.1481481481,0.0000000000
-128.8617559594,22.6296296296,0.0000000000
-128.9713612605,22.8703703704,0.0000000000
-128.9713612605,22.6296296296,0.0000000000
-128.8617559594,23.1111111111,0.0000000000
-128.9713612605,23.3518518518,0.0000000000
-128.9713612605,23.1111111111,0.0000000000
-128.8617559594,23.5925925926,0.0000000000
-128.9713612605,23.8333333333,0.0000000000
-128.9713612605,23.5925925926,0.0000000000
-128.8617559594,24.0740740741,0.0000000000
-128.9713612605,24.3148148148,0.0000000000
-128.9713612605,24.0740740741,0.0000000000
-128.8617559594,24.5555555555,0.0000000000
-128.9713612605,24.7962962963,0.0000000000
-128.9713612605,24.5555555555,0.0000000000
-128.8617559594,25.0370370370,0.0000000000
-128.9713612605,25.2777777778,0.0000000000
-128.9713612605,25.0370370370,0.0000000000
-128.8617559594,25.5185185185,0.0000000000
-128.9713612605,25.7592592593,0.0000000000
-128.9713612605,25.5185185185,0.0000000000
-128.8617559594,26.0000000000,0.0000000000
-128.9713612605,26.2407407407,0.0000000000
-128.9713612605,26.0000000000,0.0000000000
-128.8617559594,26.4814814815,0.0000000000
-128.9713612605,26.7222222222,0.0000000000
-128.9713612605,26.4814814815,0.0000000000
-128.8617559594,26.9629629630,0.0000000000
-128.9713612605,27.2037037037,0.0000000000
-128.9713612605,26.9629629630,0.0000000000
-128.8617559594,27.4444444444,0.0000000000
-128.9713612605,27.6851851852,0.0000000000
-128.9713612605,27.4444444444,0.0000000000
-128.8617559594,27.9259259259,0.0000000000
-128.9713612605,28.1666666667,0.0000000000
-128.9713612605,27.9259259259,0.0000000000
-128.8617559594,28.4074074074,0.0000000000
-128.9713612605,28.6481481481,0.0000000000
-128.9713612605,28.4074074074,0.0000000000
-128.8617559594,28.8888888889,0.0000000000
-128.9713612605,29.1296296296,0.0000000000
-128.9713612605,28.8888888889,0.0000000000
-128.8617559594,29.3703703704,0.0000000000
-128.9713612605,29.6111111111,0.0000000000
-128.9713612605,29.3703703704,0.0000000000
-128.8617559594,29.8518518518,0.0000000000
-128.9713612605,30.0925925926,0.0000000000
-128.9713612605,29.8518518518,0.0000000000
-128.8617559594,30.3333333333,0.0000000000
-128.9713612605,30.5740740741,0.0000000000
-128.9713612605,30.3333333333,0.0000000000
-128.8617559594,30.8148148148,0.0000000000
-128.9713612605,31.0555555555,0.0000000000
-128.9713612605,30.8148148148,0.0000000000
-128.8617559594,31.2962962963,0.0000000000
-128.9713612605,31.5370370370,0.0000000000
-128.9713612605,31.2962962963,0.0000000000
-128.8617559594,31.7777777778,0.0000000000
-128.9713612605,32.0185185185,0.0000000000
-128.9713612605,31.7777777778,0.0000000000
-128.8617559594,32.2592592593,0.0000000000
-128.9713612605,32.2592592593,0.0000000000
-128.5987034381,-32.2592592593,0.0000000000
-128.7302296988,-32.0185185185,0.0000000000
-128.7302296988,-32.2592592593,0.0000000000
-128.5987034381,-31.7777777778,0.0000000000
-128.7302296988,-31.5370370370,0.0000000000
-128.7302296988,-31.7777777778,0.0000000000
-128.5987034381,-31.2962962963,0.0000000000
-128.7302296988,-31.0555555556,0.0000000000
-128.7302296988,-31.2962962963,0.0000000000
-128.5987034381,-30.8148148148,0.0000000000
-128.7302296988,-30.5740740741,0.0000000000
-128.7302296988,-30.8148148148,0.0000000000
-128.5987034381,-30.3333333333,0.0000000000
-128.7302296988,-30.0925925926,0.0000000000
-128.7302296988,-30.3333333333,0.0000000000
-128.5987034381,-29.8518518519,0.0000000000
-128.7302296988,-29.6111111111,0.0000000000
-128.7302296988,-29.8518518519,0.0000000000
-128.5987034381,-29.3703703704,0.0000000000
-128.7302296988,-29.1296296296,0.0000000000
-128.7302296988,-29.3703703704,0.0000000000
-128.5987034381,-28.8888888889,0.0000000000
-128.7302296988,-28.6481481481,0.0000000000
-128.7302296988,-28.8888888889,0.0000000000
-128.5987034381,-28.4074074074,0.0000000000
-128.7302296988,-28.1666666667,0.0000000000
-128.7302296988,-28.4074074074,0.0000000000
-128.5987034381,-27.9259259259,0.0000000000
-128.7302296988,-27.6851851852,0.0000000000
-128.7302296988,-27.9259259259,0.0000000000
-128.5987034381,-27.4444444444,0.0000000000
-128.7302296988,-27.2037037037,0.0000000000
-128.7302296988,-27.4444444444,0.0000000000
-128.5987034381,-26.9629629630,0.0000000000
-128.7302296988,-26.7222222222,0.0000000000
-128.7302296988,-26.9629629630,0.0000000000
-128.5987034381,-26.4814814815,0.0000000000
-128.7302296988,-26.2407407407,0.0000000000
-128.7302296988,-26.4814814815,0.0000000000
-128.5987034381,-26.0000000000,0.0000000000
-128.7302296988,-25.7592592593,0.0000000000
-128.7302296988,-26.0000000000,0.0000000000
-128.5987034381,-25.5185185185,0.0000000000
-128.7302296988,-25.2777777778,0.0000000000
-128.7302296988,-25.5185185185,0.0000000000
-128.5987034381,-25.0370370370,0.0000000000
-128.7302296988,-24.7962962963,0.0000000000
-128.7302296988,-25.0370370370,0.0000000000
-128.5987034381,-24.5555555556,0.0000000000
-128.7302296988,-24.3148148148,0.0000000000
-128.7302296988,-24.5555555556,0.0000000000
-128.5987034381,-24.0740740741,0.0000000000
-128.7302296988,-23.8333333333,0.0000000000
-128.7302296988,-24.0740740741,0.0000000000
-128.5987034381,-23.5925925926,0.0000000000
-128.7302296988,-23.3518518519,0.0000000000
-128.7302296988,-23.5925925926,0.0000000000
-128.5987034381,-23.1111111111,0.0000000000
-128.7302296988,-22.8703703704,0.0000000000
-128.7302296988,-23.1111111111,0.0000000000
-128.5987034381,-22.6296296296,0.0000000000
-128.7302296988,-22.3888888889,0.0000000000
-128.7302296988,-22.6296296296,0.0000000000
-128.5987034381,-22.1481481481,0.0000000000
-128.7302296988,-21.9074074074,0.0000000000
-128.7302296988,-22.1481481481,0.0000000000
-128.5987034381,-21.6666666667,0.0000000000
-128.7302296988,-21.4259259259,0.0000000000
-128.7302296988,-21.6666666667,0.0000000000
-128.5987034381,-21.1851851852,0.0000000000
-128.7302296988,-20.9444444444,0.0000000000
-128.7302296988,-21.1851851852,0.0000000000
-128.5987034381,-20.7037037037,0.0000000000
-128.7302296988,-20.4629629630,0.0000000000
-128.7302296988,-20.7037037037,0.0000000000
-128.5987034381,-20.2222222222,0.0000000000
-128.7302296988,-19.9814814815,0.0000000000
-128.7302296988,-20.2222222222,0.0000000000
-128.5987034381,-19.7407407407,0.0000000000
-128.7302296988,-19.5000000000,0.0000000000
-128.7302296988,-19.7407407407,0.0000000000
-128.5987034381,-19.2592592593,0.0000000000
-128.7302296988,-19.0185185185,0.0000000000
-128.7302296988,-19.2592592593,0.0000000000
-128.5987034381,-18.7777777778,0.0000000000
-128.7302296988,-18.5370370370,0.0000000000
-128.7302296988,-18.7777777778,0.0000000000
-128.5987034381,-18.2962962963,0.0000000000
-128.7302296988,-18.0555555556,0.0000000000
-128.7302296988,-18.2962962963,0.0000000000
-128.5987034381,-17.8148148148,0.0000000000
-128.7302296988,-17.5740740741,0.0000000000
-128.7302296988,-17.8148148148,0.0000000000
-128.5987034381,-17.3333333333,0.0000000000
-128.7302296988,-17.0925925926,0.0000000000
-128.7302296988,-17.3333333333,0.0000000000
-128.5987034381,-16.8518518519,0.0000000000
-128.7302296988,-16.6111111111,0.0000000000
-128.7302296988,-16.8518518519,0.0000000000
-128.5987034381,-16.3703703704,0.0000000000
-128.7302296988,-16.1296296296,0.0000000000
-128.7302296988,-16.3703703704,0.0000000000
-128.5987034381,-15.8888888889,0.0000000000
-128.7302296988,-15.6481481482,0.0000000000
-128.7302296988,-15.8888888889,0.0000000000
-128.5987034381,-15.4074074074,0.0000000000
-128.7302296988,-15.1666666667,0.0000000000
-128.7302296988,-15.4074074074,0.0000000000
-128.5987034381,-14.9259259259,0.0000000000
-128.7302296988,-14.6851851852,0.0000000000
-128.7302296988,-14.9259259259,0.0000000000
-128.5987034381,-14.4444444444,0.0000000000
-128.7302296988,-14.2037037037,0.0000000000
-128.7302296988,-14.4444444444,0.0000000000
-128.5987034381,-13.9629629630,0.0000000000
-128.7302296988,-13.7222222222,0.0000000000
-128.7302296988,-13.9629629630,0.0000000000
-128.5987034381,-13.4814814815,0.0000000000
-128.7302296988,-13.2407407407,0.0000000000
-128.7302296988,-13.4814814815,0.0000000000
-128.5987034381,-13.0000000000,0.0000000000
-128.7302296988,-12.7592592593,0.0000000000
-128.7302296988,-13.0000000000,0.0000000000
-128.5987034381,-12.5185185185,0.0000000000
-128.7302296988,-12.2777777778,0.0000000000
-128.7302296988,-12.5185185185,0.0000000000
-128.5987034381,-12.0370370370,0.0000000000
-128.7302296988,-11.7962962963,0.0000000000
-128.7302296988,-12.0370370370,0.0000000000
-128.5987034381,-11.5555555556,0.0000000000
-128.7302296988,-11.3148148148,0.0000000000
-128.7302296988,-11.5555555556,0.0000000000
-128.5987034381,-11.0740740741,0.0000000000
-128.7302296988,-10.8333333333,0.0000000000
-128.7302296988,-11.0740740741,0.0000000000
-128.5987034381,-10.5925925926,0.0000000000
-128.7302296988,-10.3518518519,0.0000000000
-128.7302296988,-10.5925925926,0.0000000000
-128.5987034381,-10.1111111111,0.0000000000
-128.7302296988,-9.8703703704,0.0000000000
-128.7302296988,-10.1111111111,0.0000000000
-128.5987034381,-9.6296296296,0.0000000000
-128.7302296988,-9.3888888889,0.0000000000
-128.7302296988,-9.6296296296,0.0000000000
-128.5987034381,-9.1481481482,0.0000000000
-128.7302296988,-8.9074074074,0.0000000000
-128.7302296988,-9.1481481482,0.0000000000
-128.5987034381,-8.6666666667,0.0000000000
-128.7302296988,-8.4259259259,0.0000000000
-128.7302296988,-8.6666666667,0.0000000000
-128.5987034381,-8.1851851852,0.0000000000
-128.7302296988,-7.9444444444,0.0000000000
-128.7302296988,-8.1851851852,0.0000000000
-128.5987034381,-7.7037037037,0.0000000000
-128.7302296988,-7.4629629630,0.0000000000
-128.7302296988,-7.7037037037,0.0000000000
-128.5987034381,-7.2222222222,0.0000000000
-128.7302296988,-6.9814814815,0.0000000000
-128.7302296988,-7.2222222222,0.0000000000
-128.5987034381,-6.7407407407,0.0000000000
-128.7302296988,-6.5000000000,0.0000000000
-128.7302296988,-6.7407407407,0.0000000000
-128.5987034381,-6.2592592593,0.0000000000
-128.7302296988,-6.0185185185,0.0000000000
-128.7302296988,-6.2592592593,0.0000000000
-128.5987034381,-5.7777777778,0.0000000000
-128.7302296988,-5.5370370370,0.0000000000
-128.7302296988,-5.7777777778,0.0000000000
-128.5987034381,-5.2962962963,0.0000000000
-128.7302296988,-5.0555555556,0.0000000000
-128.7302296988,-5.2962962963,0.0000000000
-128.5987034381,-4.8148148148,0.0000000000
-128.7302296988,-4.5740740741,0.0000000000
-128.7302296988,-4.8148148148,0.0000000000
-128.5987034381,-4.3333333333,0.0000000000
-128.7302296988,-4.0925925926,0.0000000000
-128.7302296988,-4.3333333333,0.0000000000
-128.5987034381,-3.8518518519,0.0000000000
-128.7302296988,-3.6111111111,0.0000000000
-128.7302296988,-3.8518518519,0.0000000000
-128.5987034381,-3.3703703704,0.0000000000
-128.7302296988,-3.1296296296,0.0000000000
-128.7302296988,-3.3703703704,0.0000000000
-128.5987034381,-2.8888888889,0.0000000000
-128.7302296988,-2.6481481482,0.0000000000
-128.7302296988,-2.8888888889,0.0000000000
-128.5987034381,-2.4074074074,0.0000000000
-128.7302296988,-2.1666666667,0.0000000000
-128.7302296988,-2.4074074074,0.0000000000
-128.5987034381,-1.9259259259,0.0000000000
-128.7302296988,-1.6851851852,0.0000000000
-128.7302296988,-1.9259259259,0.0000000000
-128.5987034381,-1.4444444444,0.0000000000
-128.7302296988,-1.2037037037,0.0000000000
-128.7302296988,-1.4444444444,0.0000000000
-128.5987034381,-0.9629629630,0.0000000000
-128.7302296988,-0.7222222222,0.0000000000
-128.7302296988,-0.9629629630,0.0000000000
-128.5987034381,-0.4814814815,0.0000000000
-128.7302296988,-0.2407407407,0.0000000000
-128.7302296988,-0.4814814815,0.0000000000
-128.5987034381,-0.0000000000,0.0000000000
-128.7302296988,0.2407407407,0.0000000000
-128.7302296988,-0.0000000000,0.0000000000
-128.5987034381,0.4814814815,0.0000000000
-128.7302296988,0.7222222222,0.0000000000
-128.7302296988,0.4814814815,0.0000000000
-128.5987034381,0.9629629630,0.0000000000
-128.7302296988,1.2037037037,0.0000000000
-128.7302296988,0.9629629630,0.0000000000
-128.5987034381,1.4444444444,0.0000000000
-128.7302296988,1.6851851852,0.0000000000
-128.7302296988,1.4444444444,0.0000000000
-128.5987034381,1.9259259259,0.0000000000
-128.7302296988,2.1666666667,0.0000000000
-128.7302296988,1.9259259259,0.0000000000
-128.5987034381,2.4074074074,0.0000000000
-128.7302296988,2.6481481481,0.0000000000
-128.7302296988,2.4074074074,0.0000000000
-128.5987034381,2.8888888889,0.0000000000
-128.7302296988,3.1296296296,0.0000000000
-128.7302296988,2.8888888889,0.0000000000
-128.5987034381,3.3703703704,0.0000000000
-128.7302296988,3.6111111111,0.0000000000
-128.7302296988,3.3703703704,0.0000000000
-128.5987034381,3.8518518518,0.0000000000
-128.7302296988,4.0925925926,0.0000000000
-128.7302296988,3.8518518518,0.0000000000
-128.5987034381,4.3333333333,0.0000000000
-128.7302296988,4.5740740741,0.0000000000
-128.7302296988,4.3333333333,0.0000000000
-128.5987034381,4.8148148148,0.0000000000
-128.7302296988,5.0555555556,0.0000000000
-128.7302296988,4.8148148148,0.0000000000
-128.5987034381,5.2962962963,0.0000000000
-128.7302296988,5.5370370370,0.0000000000
-128.7302296988,5.2962962963,0.0000000000
-128.5987034381,5.7777777778,0.0000000000
-128.7302296988,6.0185185185,0.0000000000
-128.7302296988,5.7777777778,0.0000000000
-128.5987034381,6.2592592593,0.0000000000
-128.7302296988,6.5000000000,0.0000000000
-128.7302296988,6.2592592593,0.0000000000
-128.5987034381,6.7407407407,0.0000000000
-128.7302296988,6.9814814815,0.0000000000
-128.7302296988,6.7407407407,0.0000000000
-128.5987034381,7.2222222222,0.0000000000
-128.7302296988,7.4629629630,0.0000000000
-128.7302296988,7.2222222222,0.0000000000
-128.5987034381,7.7037037037,0.0000000000
-128.7302296988,7.9444444444,0.0000000000
-128.7302296988,7.7037037037,0.0000000000
-128.5987034381,8.1851851852,0.0000000000
-128.7302296988,8.4259259259,0.0000000000
-128.7302296988,8.1851851852,0.0000000000
-128.5987034381,8.6666666667,0.0000000000
-128.7302296988,8.9074074074,0.0000000000
-128.7302296988,8.6666666667,0.0000000000
-128.5987034381,9.1481481481,0.0000000000
-128.7302296988,9.3888888889,0.0000000000
-128.7302296988,9.1481481481,0.0000000000
-128.5987034381,9.6296296296,0.0000000000
-128.7302296988,9.8703703704,0.0000000000
-128.7302296988,9.6296296296,0.0000000000
-128.5987034381,10.1111111111,0.0000000000
-128.7302296988,10.3518518518,0.0000000000
-128.7302296988,10.1111111111,0.0000000000
-128.5987034381,10.5925925926,0.0000000000
-128.7302296988,10.8333333333,0.0000000000
-128.7302296988,10.5925925926,0.0000000000
-128.5987034381,11.0740740741,0.0000000000
-128.7302296988,11.3148148148,0.0000000000
-128.7302296988,11.0740740741,0.0000000000
-128.5987034381,11.5555555555,0.0000000000
-128.7302296988,11.7962962963,0.0000000000
-128.7302296988,11.5555555555,0.0000000000
-128.5987034381,12.0370370370,0.0000000000
-128.7302296988,12.2777777778,0.0000000000
-128.7302296988,12.0370370370,0.0000000000
-128.5987034381,12.5185185185,0.0000000000
-128.7302296988,12.7592592593,0.0000000000
-128.7302296988,12.5185185185,0.0000000000
-128.5987034381,13.0000000000,0.0000000000
-128.7302296988,13.2407407407,0.0000000000
-128.7302296988,13.0000000000,0.0000000000
-128.5987034381,13.4814814815,0.0000000000
-128.7302296988,13.7222222222,0.0000000000
-128.7302296988,13.4814814815,0.0000000000
-128.5987034381,13.9629629630,0.0000000000
-128.7302296988,14.2037037037,0.0000000000
-128.7302296988,13.9629629630,0.0000000000
-128.5987034381,14.4444444444,0.0000000000
-128.7302296988,14.6851851852,0.0000000000
-128.7302296988,14.4444444444,0.0000000000
-128.5987034381,14.9259259259,0.0000000000
-128.7302296988,15.1666666667,0.0000000000
-128.7302296988,14.9259259259,0.0000000000
-128.5987034381,15.4074074074,0.0000000000
-128.7302296988,15.6481481481,0.0000000000
-128.7302296988,15.4074074074,0.0000000000
-128.5987034381,15.8888888889,0.0000000000
-128.7302296988,16.1296296296,0.0000000000
-128.7302296988,15.8888888889,0.0000000000
-128.5987034381,16.3703703704,0.0000000000
-128.7302296988,16.6111111111,0.0000000000
-128.7302296988,16.3703703704,0.0000000000
-128.5987034381,16.8518518518,0.0000000000
-128.7302296988,17.0925925926,0.0000000000
-128.7302296988,16.8518518518,0.0000000000
-128.5987034381,17.3333333333,0.0000000000
-128.7302296988,17.5740740741,0.0000000000
-128.7302296988,17.3333333333,0.0000000000
-128.5987034381,17.8148148148,0.0000000000
-128.7302296988,18.0555555555,0.0000000000
-128.7302296988,17.8148148148,0.0000000000
-128.5987034381,18.2962962963,0.0000000000
-128.7302296988,18.5370370370,0.0000000000
-128.7302296988,18.2962962963,0.0000000000
-128.5987034381,18.7777777778,0.0000000000
-128.7302296988,19.0185185185,0.0000000000
-128.7302296988,18.7777777778,0.0000000000
-128.5987034381,19.2592592593,0.0000000000
-128.7302296988,19.5000000000,0.0000000000
-128.7302296988,19.2592592593,0.0000000000
-128.5987034381,19.7407407407,0.0000000000
-128.7302296988,19.9814814815,0.0000000000
-128.7302296988,19.7407407407,0.0000000000
-128.5987034381,20.2222222222,0.0000000000
-128.7302296988,20.4629629630,0.0000000000
-128.7302296988,20.2222222222,0.0000000000
-128.5987034381,20.7037037037,0.0000000000
-128.7302296988,20.9444444444,0.0000000000
-128.7302296988,20.7037037037,0.0000000000
-128.5987034381,21.1851851852,0.0000000000
-128.7302296988,21.4259259259,0.0000000000
-128.7302296988,21.1851851852,0.0000000000
-128.5987034381,21.6666666667,0.0000000000
-128.7302296988,21.9074074074,0.0000000000
-128.7302296988,21.6666666667,0.0000000000
-128.5987034381,22.1481481481,0.0000000000
-128.7302296988,22.3888888889,0.0000000000
-128.7302296988,22.1481481481,0.0000000000
-128.5987034381,22.6296296296,0.0000000000
-128.7302296988,22.8703703704,0.0000000000
-128.7302296988,22.6296296296,0.0000000000
-128.5987034381,23.1111111111,0.0000000000
-128.7302296988,23.3518518518,0.0000000000
-128.7302296988,23.1111111111,0.0000000000
-128.5987034381,23.5925925926,0.0000000000
-128.7302296988,23.8333333333,0.0000000000
-128.7302296988,23.5925925926,0.0000000000
-128.5987034381,24.0740740741,0.0000000000
-128.7302296988,24.3148148148,0.0000000000
-128.7302296988,24.0740740741,0.0000000000
-128.5987034381,24.5555555555,0.0000000000
-128.7302296988,24.7962962963,0.0000000000
-128.7302296988,24.5555555555,0.0000000000
-128.5987034381,25.0370370370,0.0000000000
-128.7302296988,25.2777777778,0.0000000000
-128.7302296988,25.0370370370,0.0000000000
-128.5987034381,25.5185185185,0.0000000000
-128.7302296988,25.7592592593,0.0000000000
-128.7302296988,25.5185185185,0.0000000000
-128.5987034381,26.0000000000,0.0000000000
-128.7302296988,26.2407407407,0.0000000000
-128.7302296988,26.0000000000,0.0000000000
-128.5987034381,26.4814814815,0.0000000000
-128.7302296988,26.7222222222,0.0000000000
-128.7302296988,26.4814814815,0.0000000000
-128.5987034381,26.9629629630,0.0000000000
-128.7302296988,27.2037037037,0.0000000000
-128.7302296988,26.9629629630,0.0000000000
-128.5987034381,27.4444444444,0.0000000000
-128.7302296988,27.6851851852,0.0000000000
-128.7302296988,27.4444444444,0.0000000000
-128.5987034381,27.9259259259,0.0000000000
-128.7302296988,28.1666666667,0.0000000000
-128.7302296988,27.9259259259,0.0000000000
-128.5987034381,28.4074074074,0.0000000000
-128.7302296988,28.6481481481,0.0000000000
-128.7302296988,28.4074074074,0.0000000000
-128.5987034381,28.8888888889,0.0000000000
-128.7302296988,29.1296296296,0.0000000000
-128.7302296988,28.8888888889,0.0000000000
-128.5987034381,29.3703703704,0.0000000000
-128.7302296988,29.6111111111,0.0000000000
-128.7302296988,29.3703703704,0.0000000000
-128.5987034381,29.8518518518,0.0000000000
-128.7302296988,30.0925925926,0.0000000000
-128.7302296988,29.8518518518,0.0000000000
-128.5987034381,30.3333333333,0.0000000000
-128.7302296988,30.5740740741,0.0000000000
-128.7302296988,30.3333333333,0.0000000000
-128.5987034381,30.8148148148,0.0000000000
-128.7302296988,31.0555555555,0.0000000000
-128.7302296988,30.8148148148,0.0000000000
-128.5987034381,31.2962962963,0.0000000000
-128.7302296988,31.5370370370,0.0000000000
-128.7302296988,31.2962962963,0.0000000000
-128.5987034381,31.7777777778,0.0000000000
-128.7302296988,32.0185185185,0.0000000000
-128.7302296988,31.7777777778,0.0000000000
-128.5987034381,32.2592592593,0.0000000000
-128.7302296988,32.2592592593,0.0000000000
-128.2830404285,-32.2592592593,0.0000000000
-128.4408719333,-32.0185185185,0.0000000000
-128.4408719333,-32.2592592593,0.0000000000
-128.2830404285,-31.7777777778,0.0000000000
-128.4408719333,-31.5370370370,0.0000000000
-128.4408719333,-31.7777777778,0.0000000000
-128.2830404285,-31.2962962963,0.0000000000
-128.4408719333,-31.0555555556,0.0000000000
-128.4408719333,-31.2962962963,0.0000000000
-128.2830404285,-30.8148148148,0.0000000000
-128.4408719333,-30.5740740741,0.0000000000
-128.4408719333,-30.8148148148,0.0000000000
-128.2830404285,-30.3333333333,0.0000000000
-128.4408719333,-30.0925925926,0.0000000000
-128.4408719333,-30.3333333333,0.0000000000
-128.2830404285,-29.8518518519,0.0000000000
-128.4408719333,-29.6111111111,0.0000000000
-128.4408719333,-29.8518518519,0.0000000000
-128.2830404285,-29.3703703704,0.0000000000
-128.4408719333,-29.1296296296,0.0000000000
-128.4408719333,-29.3703703704,0.0000000000
-128.2830404285,-28.8888888889,0.0000000000
-128.4408719333,-28.6481481481,0.0000000000
-128.4408719333,-28.8888888889,0.0000000000
-128.2830404285,-28.4074074074,0.0000000000
-128.4408719333,-28.1666666667,0.0000000000
-128.4408719333,-28.4074074074,0.0000000000
-128.2830404285,-27.9259259259,0.0000000000
-128.4408719333,-27.6851851852,0.0000000000
-128.4408719333,-27.9259259259,0.0000000000
-128.2830404285,-27.4444444444,0.0000000000
-128.4408719333,-27.2037037037,0.0000000000
-128.4408719333,-27.4444444444,0.0000000000
-128.2830404285,-26.9629629630,0.0000000000
-128.4408719333,-26.7222222222,0.0000000000
-128.4408719333,-26.9629629630,0.0000000000
-128.2830404285,-26.4814814815,0.0000000000
-128.4408719333,-26.2407407407,0.0000000000
-128.4408719333,-26.4814814815,0.0000000000
-128.2830404285,-26.0000000000,0.0000000000
-128.4408719333,-25.7592592593,0.0000000000
-128.4408719333,-26.0000000000,0.0000000000
-128.2830404285,-25.5185185185,0.0000000000
-128.4408719333,-25.2777777778,0.0000000000
-128.4408719333,-25.5185185185,0.0000000000
-128.2830404285,-25.0370370370,0.0000000000
-128.4408719333,-24.7962962963,0.0000000000
-128.4408719333,-25.0370370370,0.0000000000
-128.2830404285,-24.5555555556,0.0000000000
-128.4408719333,-24.3148148148,0.0000000000
-128.4408719333,-24.5555555556,0.0000000000
-128.2830404285,-24.0740740741,0.0000000000
-128.4408719333,-23.8333333333,0.0000000000
-128.4408719333,-24.0740740741,0.0000000000
-128.2830404285,-23.5925925926,0.0000000000
-128.4408719333,-23.3518518519,0.0000000000
-128.4408719333,-23.5925925926,0.0000000000
-128.2830404285,-23.1111111111,0.0000000000
-128.4408719333,-22.8703703704,0.0000000000
-128.4408719333,-23.1111111111,0.0000000000
-128.2830404285,-22.6296296296,0.0000000000
-128.4408719333,-22.3888888889,0.0000000000
-128.4408719333,-22.6296296296,0.0000000000
-128.2830404285,-22.1481481481,0.0000000000
-128.4408719333,-21.9074074074,0.0000000000
-128.4408719333,-22.1481481481,0.0000000000
-128.2830404285,-21.6666666667,0.0000000000
-128.4408719333,-21.4259259259,0.0000000000
-128.4408719333,-21.6666666667,0.0000000000
-128.2830404285,-21.1851851852,0.0000000000
-128.4408719333,-20.9444444444,0.0000000000
-128.4408719333,-21.1851851852,0.0000000000
-128.2830404285,-20.7037037037,0.0000000000
-128.4408719333,-20.4629629630,0.0000000000
-128.4408719333,-20.7037037037,0.0000000000
-128.2830404285,-20.2222222222,0.0000000000
-128.4408719333,-19.9814814815,0.0000000000
-128.4408719333,-20.2222222222,0.0000000000
-128.2830404285,-19.7407407407,0.0000000000
-128.4408719333,-19.5000000000,0.0000000000
-128.4408719333,-19.7407407407,0.0000000000
-128.2830404285,-19.2592592593,0.0000000000
-128.4408719333,-19.0185185185,0.0000000000
-128.4408719333,-19.2592592593,0.0000000000
-128.2830404285,-18.7777777778,0.0000000000
-128.4408719333,-18.5370370370,0.0000000000
-128.4408719333,-18.7777777778,0.0000000000
-128.2830404285,-18.2962962963,0.0000000000
-128.4408719333,-18.0555555556,0.0000000000
-128.4408719333,-18.2962962963,0.0000000000
-128.2830404285,-17.8148148148,0.0000000000
-128.4408719333,-17.5740740741,0.0000000000
-128.4408719333,-17.8148148148,0.0000000000
-128.2830404285,-17.3333333333,0.0000000000
-128.4408719333,-17.0925925926,0.0000000000
-128.4408719333,-17.3333333333,0.0000000000
-128.2830404285,-16.8518518519,0.0000000000
-128.4408719333,-16.6111111111,0.0000000000
-128.4408719333,-16.8518518519,0.0000000000
-128.2830404285,-16.3703703704,0.0000000000
-128.4408719333,-16.1296296296,0.0000000000
-128.4408719333,-16.3703703704,0.0000000000
-128.2830404285,-15.8888888889,0.0000000000
-128.4408719333,-15.6481481482,0.0000000000
-128.4408719333,-15.8888888889,0.0000000000
-128.2830404285,-15.4074074074,0.0000000000
-128.4408719333,-15.1666666667,0.0000000000
-128.4408719333,-15.4074074074,0.0000000000
-128.2830404285,-14.9259259259,0.0000000000
-128.4408719333,-14.6851851852,0.0000000000
-128.4408719333,-14.9259259259,0.0000000000
-128.2830404285,-14.4444444444,0.0000000000
-128.4408719333,-14.2037037037,0.0000000000
-128.4408719333,-14.4444444444,0.0000000000
-128.2830404285,-13.9629629630,0.0000000000
-128.4408719333,-13.7222222222,0.0000000000
-128.4408719333,-13.9629629630,0.0000000000
-128.2830404285,-13.4814814815,0.0000000000
-128.4408719333,-13.2407407407,0.0000000000
-128.4408719333,-13.4814814815,0.0000000000
-128.2830404285,-13.0000000000,0.0000000000
-128.4408719333,-12.7592592593,0.0000000000
-128.4408719333,-13.0000000000,0.0000000000
-128.2830404285,-12.5185185185,0.0000000000
-128.4408719333,-12.2777777778,0.0000000000
-128.4408719333,-12.5185185185,0.0000000000
-128.2830404285,-12.0370370370,0.0000000000
-128.4408719333,-11.7962962963,0.0000000000
-128.4408719333,-12.0370370370,0.0000000000
-128.2830404285,-11.5555555556,0.0000000000
-128.4408719333,-11.3148148148,0.0000000000
-128.4408719333,-11.5555555556,0.0000000000
-128.2830404285,-11.0740740741,0.0000000000
-128.4408719333,-10.8333333333,0.0000000000
-128.4408719333,-11.0740740741,0.0000000000
-128.2830404285,-10.5925925926,0.0000000000
-128.4408719333,-10.3518518519,0.0000000000
-128.4408719333,-10.5925925926,0.0000000000
-128.2830404285,-10.1111111111,0.0000000000
-128.4408719333,-9.8703703704,0.0000000000
-128.4408719333,-10.1111111111,0.0000000000
-128.2830404285,-9.6296296296,0.0000000000
-128.4408719333,-9.3888888889,0.0000000000
-128.4408719333,-9.6296296296,0.0000000000
-128.2830404285,-9.1481481482,0.0000000000
-128.4408719333,-8.9074074074,0.0000000000
-128.4408719333,-9.1481481482,0.0000000000
-128.2830404285,-8.6666666667,0.0000000000
-128.4408719333,-8.4259259259,0.0000000000
-128.4408719333,-8.6666666667,0.0000000000
-128.2830404285,-8.1851851852,0.0000000000
-128.4408719333,-7.9444444444,0.0000000000
-128.4408719333,-8.1851851852,0.0000000000
-128.2830404285,-7.7037037037,0.0000000000
-128.4408719333,-7.4629629630,0.0000000000
-128.4408719333,-7.7037037037,0.0000000000
-128.2830404285,-7.2222222222,0.0000000000
-128.4408719333,-6.9814814815,0.0000000000
-128.4408719333,-7.2222222222,0.0000000000
-128.2830404285,-6.7407407407,0.0000000000
-128.4408719333,-6.5000000000,0.0000000000
-128.4408719333,-6.7407407407,0.0000000000
-128.2830404285,-6.2592592593,0.0000000000
-128.4408719333,-6.0185185185,0.0000000000
-128.4408719333,-6.2592592593,0.0000000000
-128.2830404285,-5.7777777778,0.0000000000
-128.4408719333,-5.5370370370,0.0000000000
-128.4408719333,-5.7777777778,0.0000000000
-128.2830404285,-5.2962962963,0.0000000000
-128.4408719333,-5.0555555556,0.0000000000
-128.4408719333,-5.2962962963,0.0000000000
-128.2830404285,-4.8148148148,0.0000000000
-128.4408719333,-4.5740740741,0.0000000000
-128.4408719333,-4.8148148148,0.0000000000
-128.2830404285,-4.3333333333,0.0000000000
-128.4408719333,-4.0925925926,0.0000000000
-128.4408719333,-4.3333333333,0.0000000000
-128.2830404285,-3.8518518519,0.0000000000
-128.4408719333,-3.6111111111,0.0000000000
-128.4408719333,-3.8518518519,0.0000000000
-128.2830404285,-3.3703703704,0.0000000000
-128.4408719333,-3.1296296296,0.0000000000
-128.4408719333,-3.3703703704,0.0000000000
-128.2830404285,-2.8888888889,0.0000000000
-128.4408719333,-2.6481481482,0.0000000000
-128.4408719333,-2.8888888889,0.0000000000
-128.2830404285,-2.4074074074,0.0000000000
-128.4408719333,-2.1666666667,0.0000000000
-128.4408719333,-2.4074074074,0.0000000000
-128.2830404285,-1.9259259259,0.0000000000
-128.4408719333,-1.6851851852,0.0000000000
-128.4408719333,-1.9259259259,0.0000000000
-128.2830404285,-1.4444444444,0.0000000000
-128.4408719333,-1.2037037037,0.0000000000
-128.4408719333,-1.4444444444,0.0000000000
-128.2830404285,-0.9629629630,0.0000000000
-128.4408719333,-0.7222222222,0.0000000000
-128.4408719333,-0.9629629630,0.0000000000
-128.2830404285,-0.4814814815,0.0000000000
-128.4408719333,-0.2407407407,0.0000000000
-128.4408719333,-0.4814814815,0.0000000000
-128.2830404285,-0.0000000000,0.0000000000
-128.4408719333,0.2407407407,0.0000000000
-128.4408719333,-0.0000000000,0.0000000000
-128.2830404285,0.4814814815,0.0000000000
-128.4408719333,0.7222222222,0.0000000000
-128.4408719333,0.4814814815,0.0000000000
-128.2830404285,0.9629629630,0.0000000000
-128.4408719333,1.2037037037,0.0000000000
-128.4408719333,0.9629629630,0.0000000000
-128.2830404285,1.4444444444,0.0000000000
-128.4408719333,1.6851851852,0.0000000000
-128.4408719333,1.4444444444,0.0000000000
-128.2830404285,1.9259259259,0.0000000000
-128.4408719333,2.1666666667,0.0000000000
-128.4408719333,1.9259259259,0.0000000000
-128.2830404285,2.4074074074,0.0000000000
-128.4408719333,2.6481481481,0.0000000000
-128.4408719333,2.4074074074,0.0000000000
-128.2830404285,2.8888888889,0.0000000000
-128.4408719333,3.1296296296,0.0000000000
-128.4408719333,2.8888888889,0.0000000000
-128.2830404285,3.3703703704,0.0000000000
-128.4408719333,3.6111111111,0.0000000000
-128.4408719333,3.3703703704,0.0000000000
-128.2830404285,3.8518518518,0.0000000000
-128.4408719333,4.0925925926,0.0000000000
-128.4408719333,3.8518518518,0.0000000000
-128.2830404285,4.3333333333,0.0000000000
-128.4408719333,4.5740740741,0.0000000000
-128.4408719333,4.3333333333,0.0000000000
-128.2830404285,4.8148148148,0.0000000000
-128.4408719333,5.0555555556,0.0000000000
-128.4408719333,4.8148148148,0.0000000000
-128.2830404285,5.2962962963,0.0000000000
-128.4408719333,5.5370370370,0.0000000000
-128.4408719333,5.2962962963,0.0000000000
-128.2830404285,5.7777777778,0.0000000000
-128.4408719333,6.0185185185,0.0000000000
-128.4408719333,5.7777777778,0.0000000000
-128.2830404285,6.2592592593,0.0000000000
-128.4408719333,6.5000000000,0.0000000000
-128.4408719333,6.2592592593,0.0000000000
-128.2830404285,6.7407407407,0.0000000000
-128.4408719333,6.9814814815,0.0000000000
-128.4408719333,6.7407407407,0.0000000000
-128.2830404285,7.2222222222,0.0000000000
-128.4408719333,7.4629629630,0.0000000000
-128.4408719333,7.2222222222,0.0000000000
-128.2830404285,7.7037037037,0.0000000000
-128.4408719333,7.9444444444,0.0000000000
-128.4408719333,7.7037037037,0.0000000000
-128.2830404285,8.1851851852,0.0000000000
-128.4408719333,8.4259259259,0.0000000000
-128.4408719333,8.1851851852,0.0000000000
-128.2830404285,8.6666666667,0.0000000000
-128.4408719333,8.9074074074,0.0000000000
-128.4408719333,8.6666666667,0.0000000000
-128.2830404285,9.1481481481,0.0000000000
-128.4408719333,9.3888888889,0.0000000000
-128.4408719333,9.1481481481,0.0000000000
-128.2830404285,9.6296296296,0.0000000000
-128.4408719333,9.8703703704,0.0000000000
-128.4408719333,9.6296296296,0.0000000000
-128.2830404285,10.1111111111,0.0000000000
-128.4408719333,10.3518518518,0.0000000000
-128.4408719333,10.1111111111,0.0000000000
-128.2830404285,10.5925925926,0.0000000000
-128.4408719333,10.8333333333,0.0000000000
-128.4408719333,10.5925925926,0.0000000000
-128.2830404285,11.0740740741,0.0000000000
-128.4408719333,11.3148148148,0.0000000000
-128.4408719333,11.0740740741,0.0000000000
-128.2830404285,11.5555555555,0.0000000000
-128.4408719333,11.7962962963,0.0000000000
-128.4408719333,11.5555555555,0.0000000000
-128.2830404285,12.0370370370,0.0000000000
-128.4408719333,12.2777777778,0.0000000000
-128.4408719333,12.0370370370,0.0000000000
-128.2830404285,12.5185185185,0.0000000000
-128.4408719333,12.7592592593,0.0000000000
-128.4408719333,12.5185185185,0.0000000000
-128.2830404285,13.0000000000,0.0000000000
-128.4408719333,13.2407407407,0.0000000000
-128.4408719333,13.0000000000,0.0000000000
-128.2830404285,13.4814814815,0.0000000000
-128.4408719333,13.7222222222,0.0000000000
-128.4408719333,13.4814814815,0.0000000000
-128.2830404285,13.9629629630,0.0000000000
-128.4408719333,14.2037037037,0.0000000000
-128.4408719333,13.9629629630,0.0000000000
-128.2830404285,14.4444444444,0.0000000000
-128.4408719333,14.6851851852,0.0000000000
-128.4408719333,14.4444444444,0.0000000000
-128.2830404285,14.9259259259,0.0000000000
-128.4408719333,15.1666666667,0.0000000000
-128.4408719333,14.9259259259,0.0000000000
-128.2830404285,15.4074074074,0.0000000000
-128.4408719333,15.6481481481,0.0000000000
-128.4408719333,15.4074074074,0.0000000000
-128.2830404285,15.8888888889,0.0000000000
-128.4408719333,16.1296296296,0.0000000000
-128.4408719333,15.8888888889,0.0000000000
-128.2830404285,16.3703703704,0.0000000000
-128.4408719333,16.6111111111,0.0000000000
-128.4408719333,16.3703703704,0.0000000000
-128.2830404285,16.8518518518,0.0000000000
-128.4408719333,17.0925925926,0.0000000000
-128.4408719333,16.8518518518,0.0000000000
-128.2830404285,17.3333333333,0.0000000000
-128.4408719333,17.5740740741,0.0000000000
-128.4408719333,17.3333333333,0.0000000000
-128.2830404285,17.8148148148,0.0000000000
-128.4408719333,18.0555555555,0.0000000000
-128.4408719333,17.8148148148,0.0000000000
-128.2830404285,18.2962962963,0.0000000000
-128.4408719333,18.5370370370,0.0000000000
-128.4408719333,18.2962962963,0.0000000000
-128.2830404285,18.7777777778,0.0000000000
-128.4408719333,19.0185185185,0.0000000000
-128.4408719333,18.7777777778,0.0000000000
-128.2830404285,19.2592592593,0.0000000000
-128.4408719333,19.5000000000,0.0000000000
-128.4408719333,19.2592592593,0.0000000000
-128.2830404285,19.7407407407,0.0000000000
-128.4408719333,19.9814814815,0.0000000000
-128.4408719333,19.7407407407,0.0000000000
-128.2830404285,20.2222222222,0.0000000000
-128.4408719333,20.4629629630,0.0000000000
-128.4408719333,20.2222222222,0.0000000000
-128.2830404285,20.7037037037,0.0000000000
-128.4408719333,20.9444444444,0.0000000000
-128.4408719333,20.7037037037,0.0000000000
-128.2830404285,21.1851851852,0.0000000000
-128.4408719333,21.4259259259,0.0000000000
-128.4408719333,21.1851851852,0.0000000000
-128.2830404285,21.6666666667,0.0000000000
-128.4408719333,21.9074074074,0.0000000000
-128.4408719333,21.6666666667,0.0000000000
-128.2830404285,22.1481481481,0.0000000000
-128.4408719333,22.3888888889,0.0000000000
-128.4408719333,22.1481481481,0.0000000000
-128.2830404285,22.6296296296,0.0000000000
-128.4408719333,22.8703703704,0.0000000000
-128.4408719333,22.6296296296,0.0000000000
-128.2830404285,23.1111111111,0.0000000000
-128.4408719333,23.3518518518,0.0000000000
-128.4408719333,23.1111111111,0.0000000000
-128.2830404285,23.5925925926,0.0000000000
-128.4408719333,23.8333333333,0.0000000000
-128.4408719333,23.5925925926,0.0000000000
-128.2830404285,24.0740740741,0.0000000000
-128.4408719333,24.3148148148,0.0000000000
-128.4408719333,24.0740740741,0.0000000000
-128.2830404285,24.5555555555,0.0000000000
-128.4408719333,24.7962962963,0.0000000000
-128.4408719333,24.5555555555,0.0000000000
-128.2830404285,25.0370370370,0.0000000000
-128.4408719333,25.2777777778,0.0000000000
-128.4408719333,25.0370370370,0.0000000000
-128.2830404285,25.5185185185,0.0000000000
-128.4408719333,25.7592592593,0.0000000000
-128.4408719333,25.5185185185,0.0000000000
-128.2830404285,26.0000000000,0.0000000000
-128.4408719333,26.2407407407,0.0000000000
-128.4408719333,26.0000000000,0.0000000000
-128.2830404285,26.4814814815,0.0000000000
-128.4408719333,26.7222222222,0.0000000000
-128.4408719333,26.4814814815,0.0000000000
-128.2830404285,26.9629629630,0.0000000000
-128.4408719333,27.2037037037,0.0000000000
-128.4408719333,26.9629629630,0.0000000000
-128.2830404285,27.4444444444,0.0000000000
-128.4408719333,27.6851851852,0.0000000000
-128.4408719333,27.4444444444,0.0000000000
-128.2830404285,27.9259259259,0.0000000000
-128.4408719333,28.1666666667,0.0000000000
-128.4408719333,27.9259259259,0.0000000000
-128.2830404285,28.4074074074,0.0000000000
-128.4408719333,28.6481481481,0.0000000000
-128.4408719333,28.4074074074,0.0000000000
-128.2830404285,28.8888888889,0.0000000000
-128.4408719333,29.1296296296,0.0000000000
-128.4408719333,28.8888888889,0.0000000000
-128.2830404285,29.3703703704,0.0000000000
-128.4408719333,29.6111111111,0.0000000000
-128.4408719333,29.3703703704,0.0000000000
-128.2830404285,29.8518518518,0.0000000000
-128.4408719333,30.0925925926,0.0000000000
-128.4408719333,29.8518518518,0.0000000000
-128.2830404285,30.3333333333,0.0000000000
-128.4408719333,30.5740740741,0.0000000000
-128.4408719333,30.3333333333,0.0000000000
-128.2830404285,30.8148148148,0.0000000000
-128.4408719333,31.0555555555,0.0000000000
-128.4408719333,30.8148148148,0.0000000000
-128.2830404285,31.2962962963,0.0000000000
-128.4408719333,31.5370370370,0.0000000000
-128.4408719333,31.2962962963,0.0000000000
-128.2830404285,31.7777777778,0.0000000000
-128.4408719333,32.0185185185,0.0000000000
-128.4408719333,31.7777777778,0.0000000000
-128.2830404285,32.2592592593,0.0000000000
-128.4408719333,32.2592592593,0.0000000000
-127.9042445968,-32.2592592593,0.0000000000
-128.0936425127,-32.0185185185,0.0000000000
-128.0936425127,-32.2592592593,0.0000000000
-127.9042445968,-31.7777777778,0.0000000000
-128.0936425127,-31.5370370370,0.0000000000
-128.0936425127,-31.7777777778,0.0000000000
-127.9042445968,-31.2962962963,0.0000000000
-128.0936425127,-31.0555555556,0.0000000000
-128.0936425127,-31.2962962963,0.0000000000
-127.9042445968,-30.8148148148,0.0000000000
-128.0936425127,-30.5740740741,0.0000000000
-128.0936425127,-30.8148148148,0.0000000000
-127.9042445968,-30.3333333333,0.0000000000
-128.0936425127,-30.0925925926,0.0000000000
-128.0936425127,-30.3333333333,0.0000000000
-127.9042445968,-29.8518518519,0.0000000000
-128.0936425127,-29.6111111111,0.0000000000
-128.0936425127,-29.8518518519,0.0000000000
-127.9042445968,-29.3703703704,0.0000000000
-128.0936425127,-29.1296296296,0.0000000000
-128.0936425127,-29.3703703704,0.0000000000
-127.9042445968,-28.8888888889,0.0000000000
-128.0936425127,-28.6481481481,0.0000000000
-128.0936425127,-28.8888888889,0.0000000000
-127.9042445968,-28.4074074074,0.0000000000
-128.0936425127,-28.1666666667,0.0000000000
-128.0936425127,-28.4074074074,0.0000000000
-127.9042445968,-27.9259259259,0.0000000000
-128.0936425127,-27.6851851852,0.0000000000
-128.0936425127,-27.9259259259,0.0000000000
-127.9042445968,-27.4444444444,0.0000000000
-128.0936425127,-27.2037037037,0.0000000000
-128.0936425127,-27.4444444444,0.0000000000
-127.9042445968,-26.9629629630,0.0000000000
-128.0936425127,-26.7222222222,0.0000000000
-128.0936425127,-26.9629629630,0.0000000000
-127.9042445968,-26.4814814815,0.0000000000
-128.0936425127,-26.2407407407,0.0000000000
-128.0936425127,-26.4814814815,0.0000000000
-127.9042445968,-26.0000000000,0.0000000000
-128.0936425127,-25.7592592593,0.0000000000
-128.0936425127,-26.0000000000,0.0000000000
-127.9042445968,-25.5185185185,0.0000000000
-128.0936425127,-25.2777777778,0.0000000000
-128.0936425127,-25.5185185185,0.0000000000
-127.9042445968,-25.0370370370,0.0000000000
-128.0936425127,-24.7962962963,0.0000000000
-128.0936425127,-25.0370370370,0.0000000000
-127.9042445968,-24.5555555556,0.0000000000
-128.0936425127,-24.3148148148,0.0000000000
-128.0936425127,-24.5555555556,0.0000000000
-127.9042445968,-24.0740740741,0.0000000000
-128.0936425127,-23.8333333333,0.0000000000
-128.0936425127,-24.0740740741,0.0000000000
-127.9042445968,-23.5925925926,0.0000000000
-128.0936425127,-23.3518518519,0.0000000000
-128.0936425127,-23.5925925926,0.0000000000
-127.9042445968,-23.1111111111,0.0000000000
-128.0936425127,-22.8703703704,0.0000000000
-128.0936425127,-23.1111111111,0.0000000000
-127.9042445968,-22.6296296296,0.0000000000
-128.0936425127,-22.3888888889,0.0000000000
-128.0936425127,-22.6296296296,0.0000000000
-127.9042445968,-22.1481481481,0.0000000000
-128.0936425127,-21.9074074074,0.0000000000
-128.0936425127,-22.1481481481,0.0000000000
-127.9042445968,-21.6666666667,0.0000000000
-128.0936425127,-21.4259259259,0.0000000000
-128.0936425127,-21.6666666667,0.0000000000
-127.9042445968,-21.1851851852,0.0000000000
-128.0936425127,-20.9444444444,0.0000000000
-128.0936425127,-21.1851851852,0.0000000000
-127.9042445968,-20.7037037037,0.0000000000
-128.0936425127,-20.4629629630,0.0000000000
-128.0936425127,-20.7037037037,0.0000000000
-127.9042445968,-20.2222222222,0.0000000000
-128.0936425127,-19.9814814815,0.0000000000
-128.0936425127,-20.2222222222,0.0000000000
-127.9042445968,-19.7407407407,0.0000000000
-128.0936425127,-19.5000000000,0.0000000000
-128.0936425127,-19.7407407407,0.0000000000
-127.9042445968,-19.2592592593,0.0000000000
-128.0936425127,-19.0185185185,0.0000000000
-128.0936425127,-19.2592592593,0.0000000000
-127.9042445968,-18.7777777778,0.0000000000
-128.0936425127,-18.5370370370,0.0000000000
-128.0936425127,-18.7777777778,0.0000000000
-127.9042445968,-18.2962962963,0.0000000000
-128.0936425127,-18.0555555556,0.0000000000
-128.0936425127,-18.2962962963,0.0000000000
-127.9042445968,-17.8148148148,0.0000000000
-128.0936425127,-17.5740740741,0.0000000000
-128.0936425127,-17.8148148148,0.0000000000
-127.9042445968,-17.3333333333,0.0000000000
-128.0936425127,-17.0925925926,0.0000000000
-128.0936425127,-17.3333333333,0.0000000000
-127.9042445968,-16.8518518519,0.0000000000
-128.0936425127,-16.6111111111,0.0000000000
-128.0936425127,-16.8518518519,0.0000000000
-127.9042445968,-16.3703703704,0.0000000000
-128.0936425127,-16.1296296296,0.0000000000
-128.0936425127,-16.3703703704,0.0000000000
-127.9042445968,-15.8888888889,0.0000000000
-128.0936425127,-15.6481481482,0.0000000000
-128.0936425127,-15.8888888889,0.0000000000
-127.9042445968,-15.4074074074,0.0000000000
-128.0936425127,-15.1666666667,0.0000000000
-128.0936425127,-15.4074074074,0.0000000000
-127.9042445968,-14.9259259259,0.0000000000
-128.0936425127,-14.6851851852,0.0000000000
-128.0936425127,-14.9259259259,0.0000000000
-127.9042445968,-14.4444444444,0.0000000000
-128.0936425127,-14.2037037037,0.0000000000
-128.0936425127,-14.4444444444,0.0000000000
-127.9042445968,-13.9629629630,0.0000000000
-128.0936425127,-13.7222222222,0.0000000000
-128.0936425127,-13.9629629630,0.0000000000
-127.9042445968,-13.4814814815,0.0000000000
-128.0936425127,-13.2407407407,0.0000000000
-128.0936425127,-13.4814814815,0.0000000000
-127.9042445968,-13.0000000000,0.0000000000
-128.0936425127,-12.7592592593,0.0000000000
-128.0936425127,-13.0000000000,0.0000000000
-127.9042445968,-12.5185185185,0.0000000000
-128.0936425127,-12.2777777778,0.0000000000
-128.0936425127,-12.5185185185,0.0000000000
-127.9042445968,-12.0370370370,0.0000000000
-128.0936425127,-11.7962962963,0.0000000000
-128.0936425127,-12.0370370370,0.0000000000
-127.9042445968,-11.5555555556,0.0000000000
-128.0936425127,-11.3148148148,0.0000000000
-128.0936425127,-11.5555555556,0.0000000000
-127.9042445968,-11.0740740741,0.0000000000
-128.0936425127,-10.8333333333,0.0000000000
-128.0936425127,-11.0740740741,0.0000000000
-127.9042445968,-10.5925925926,0.0000000000
-128.0936425127,-10.3518518519,0.0000000000
-128.0936425127,-10.5925925926,0.0000000000
-127.9042445968,-10.1111111111,0.0000000000
-128.0936425127,-9.8703703704,0.0000000000
-128.0936425127,-10.1111111111,0.0000000000
-127.9042445968,-9.6296296296,0.0000000000
-128.0936425127,-9.3888888889,0.0000000000
-128.0936425127,-9.6296296296,0.0000000000
-127.9042445968,-9.1481481482,0.0000000000
-128.0936425127,-8.9074074074,0.0000000000
-128.0936425127,-9.1481481482,0.0000000000
-127.9042445968,-8.6666666667,0.0000000000
-128.0936425127,-8.4259259259,0.0000000000
-128.0936425127,-8.6666666667,0.0000000000
-127.9042445968,-8.1851851852,0.0000000000
-128.0936425127,-7.9444444444,0.0000000000
-128.0936425127,-8.1851851852,0.0000000000
-127.9042445968,-7.7037037037,0.0000000000
-128.0936425127,-7.4629629630,0.0000000000
-128.0936425127,-7.7037037037,0.0000000000
-127.9042445968,-7.2222222222,0.0000000000
-128.0936425127,-6.9814814815,0.0000000000
-128.0936425127,-7.2222222222,0.0000000000
-127.9042445968,-6.7407407407,0.0000000000
-128.0936425127,-6.5000000000,0.0000000000
-128.0936425127,-6.7407407407,0.0000000000
-127.9042445968,-6.2592592593,0.0000000000
-128.0936425127,-6.0185185185,0.0000000000
-128.0936425127,-6.2592592593,0.0000000000
-127.9042445968,-5.7777777778,0.0000000000
-128.0936425127,-5.5370370370,0.0000000000
-128.0936425127,-5.7777777778,0.0000000000
-127.9042445968,-5.2962962963,0.0000000000
-128.0936425127,-5.0555555556,0.0000000000
-128.0936425127,-5.2962962963,0.0000000000
-127.9042445968,-4.8148148148,0.0000000000
-128.0936425127,-4.5740740741,0.0000000000
-128.0936425127,-4.8148148148,0.0000000000
-127.9042445968,-4.3333333333,0.0000000000
-128.0936425127,-4.0925925926,0.0000000000
-128.0936425127,-4.3333333333,0.0000000000
-127.9042445968,-3.8518518519,0.0000000000
-128.0936425127,-3.6111111111,0.0000000000
-128.0936425127,-3.8518518519,0.0000000000
-127.9042445968,-3.3703703704,0.0000000000
-128.0936425127,-3.1296296296,0.0000000000
-128.0936425127,-3.3703703704,0.0000000000
-127.9042445968,-2.8888888889,0.0000000000
-128.0936425127,-2.6481481482,0.0000000000
-128.0936425127,-2.8888888889,0.0000000000
-127.9042445968,-2.4074074074,0.0000000000
-128.0936425127,-2.1666666667,0.0000000000
-128.0936425127,-2.4074074074,0.0000000000
-127.9042445968,-1.9259259259,0.0000000000
-128.0936425127,-1.6851851852,0.0000000000
-128.0936425127,-1.9259259259,0.0000000000
-127.9042445968,-1.4444444444,0.0000000000
-128.0936425127,-1.2037037037,0.0000000000
-128.0936425127,-1.4444444444,0.0000000000
-127.9042445968,-0.9629629630,0.0000000000
-128.0936425127,-0.7222222222,0.0000000000
-128.0936425127,-0.9629629630,0.0000000000
-127.9042445968,-0.4814814815,0.0000000000
-128.0936425127,-0.2407407407,0.0000000000
-128.0936425127,-0.4814814815,0.0000000000
-127.9042445968,-0.0000000000,0.0000000000
-128.0936425127,0.2407407407,0.0000000000
-128.0936425127,-0.0000000000,0.0000000000
-127.9042445968,0.4814814815,0.0000000000
-128.0936425127,0.7222222222,0.0000000000
-128.0936425127,0.4814814815,0.0000000000
-127.9042445968,0.9629629630,0.0000000000
-128.0936425127,1.2037037037,0.0000000000
-128.0936425127,0.9629629630,0.0000000000
-127.9042445968,1.4444444444,0.0000000000
-128.0936425127,1.6851851852,0.0000000000
-128.0936425127,1.4444444444,0.0000000000
-127.9042445968,1.9259259259,0.0000000000
-128.0936425127,2.1666666667,0.0000000000
-128.0936425127,1.9259259259,0.0000000000
-127.9042445968,2.4074074074,0.0000000000
-128.0936425127,2.6481481481,0.0000000000
-128.0936425127,2.4074074074,0.0000000000
-127.9042445968,2.8888888889,0.0000000000
-128.0936425127,3.1296296296,0.0000000000
-128.0936425127,2.8888888889,0.0000000000
-127.9042445968,3.3703703704,0.0000000000
-128.0936425127,3.6111111111,0.0000000000
-128.0936425127,3.3703703704,0.0000000000
-127.9042445968,3.8518518518,0.0000000000
-128.0936425127,4.0925925926,0.0000000000
-128.0936425127,3.8518518518,0.0000000000
-127.9042445968,4.3333333333,0.0000000000
-128.0936425127,4.5740740741,0.0000000000
-128.0936425127,4.3333333333,0.0000000000
-127.9042445968,4.8148148148,0.0000000000
-128.0936425127,5.0555555556,0.0000000000
-128.0936425127,4.8148148148,0.0000000000
-127.9042445968,5.2962962963,0.0000000000
-128.0936425127,5.5370370370,0.0000000000
-128.0936425127,5.2962962963,0.0000000000
-127.9042445968,5.7777777778,0.0000000000
-128.0936425127,6.0185185185,0.0000000000
-128.0936425127,5.7777777778,0.0000000000
-127.9042445968,6.2592592593,0.0000000000
-128.0936425127,6.5000000000,0.0000000000
-128.0936425127,6.2592592593,0.0000000000
-127.9042445968,6.7407407407,0.0000000000
-128.0936425127,6.9814814815,0.0000000000
-128.0936425127,6.7407407407,0.0000000000
-127.9042445968,7.2222222222,0.0000000000
-128.0936425127,7.4629629630,0.0000000000
-128.0936425127,7.2222222222,0.0000000000
-127.9042445968,7.7037037037,0.0000000000
-128.0936425127,7.9444444444,0.0000000000
-128.0936425127,7.7037037037,0.0000000000
-127.9042445968,8.1851851852,0.0000000000
-128.0936425127,8.4259259259,0.0000000000
-128.0936425127,8.1851851852,0.0000000000
-127.9042445968,8.6666666667,0.0000000000
-128.0936425127,8.9074074074,0.0000000000
-128.0936425127,8.6666666667,0.0000000000
-127.9042445968,9.1481481481,0.0000000000
-128.0936425127,9.3888888889,0.0000000000
-128.0936425127,9.1481481481,0.0000000000
-127.9042445968,9.6296296296,0.0000000000
-128.0936425127,9.8703703704,0.0000000000
-128.0936425127,9.6296296296,0.0000000000
-127.9042445968,10.1111111111,0.0000000000
-128.0936425127,10.3518518518,0.0000000000
-128.0936425127,10.1111111111,0.0000000000
-127.9042445968,10.5925925926,0.0000000000
-128.0936425127,10.8333333333,0.0000000000
-128.0936425127,10.5925925926,0.0000000000
-127.9042445968,11.0740740741,0.0000000000
-128.0936425127,11.3148148148,0.0000000000
-128.0936425127,11.0740740741,0.0000000000
-127.9042445968,11.5555555555,0.0000000000
-128.0936425127,11.7962962963,0.0000000000
-128.0936425127,11.5555555555,0.0000000000
-127.9042445968,12.0370370370,0.0000000000
-128.0936425127,12.2777777778,0.0000000000
-128.0936425127,12.0370370370,0.0000000000
-127.9042445968,12.5185185185,0.0000000000
-128.0936425127,12.7592592593,0.0000000000
-128.0936425127,12.5185185185,0.0000000000
-127.9042445968,13.0000000000,0.0000000000
-128.0936425127,13.2407407407,0.0000000000
-128.0936425127,13.0000000000,0.0000000000
-127.9042445968,13.4814814815,0.0000000000
-128.0936425127,13.7222222222,0.0000000000
-128.0936425127,13.4814814815,0.0000000000
-127.9042445968,13.9629629630,0.0000000000
-128.0936425127,14.2037037037,0.0000000000
-128.0936425127,13.9629629630,0.0000000000
-127.9042445968,14.4444444444,0.0000000000
-128.0936425127,14.6851851852,0.0000000000
-128.0936425127,14.4444444444,0.0000000000
-127.9042445968,14.9259259259,0.0000000000
-128.0936425127,15.1666666667,0.0000000000
-128.0936425127,14.9259259259,0.0000000000
-127.9042445968,15.4074074074,0.0000000000
-128.0936425127,15.6481481481,0.0000000000
-128.0936425127,15.4074074074,0.0000000000
-127.9042445968,15.8888888889,0.0000000000
-128.0936425127,16.1296296296,0.0000000000
-128.0936425127,15.8888888889,0.0000000000
-127.9042445968,16.3703703704,0.0000000000
-128.0936425127,16.6111111111,0.0000000000
-128.0936425127,16.3703703704,0.0000000000
-127.9042445968,16.8518518518,0.0000000000
-128.0936425127,17.0925925926,0.0000000000
-128.0936425127,16.8518518518,0.0000000000
-127.9042445968,17.3333333333,0.0000000000
-128.0936425127,17.5740740741,0.0000000000
-128.0936425127,17.3333333333,0.0000000000
-127.9042445968,17.8148148148,0.0000000000
-128.0936425127,18.0555555555,0.0000000000
-128.0936425127,17.8148148148,0.0000000000
-127.9042445968,18.2962962963,0.0000000000
-128.0936425127,18.5370370370,0.0000000000
-128.0936425127,18.2962962963,0.0000000000
-127.9042445968,18.7777777778,0.0000000000
-128.0936425127,19.0185185185,0.0000000000
-128.0936425127,18.7777777778,0.0000000000
-127.9042445968,19.2592592593,0.0000000000
-128.0936425127,19.5000000000,0.0000000000
-128.0936425127,19.2592592593,0.0000000000
-127.9042445968,19.7407407407,0.0000000000
-128.0936425127,19.9814814815,0.0000000000
-128.0936425127,19.7407407407,0.0000000000
-127.9042445968,20.2222222222,0.0000000000
-128.0936425127,20.4629629630,0.0000000000
-128.0936425127,20.2222222222,0.0000000000
-127.9042445968,20.7037037037,0.0000000000
-128.0936425127,20.9444444444,0.0000000000
-128.0936425127,20.7037037037,0.0000000000
-127.9042445968,21.1851851852,0.0000000000
-128.0936425127,21.4259259259,0.0000000000
-128.0936425127,21.1851851852,0.0000000000
-127.9042445968,21.6666666667,0.0000000000
-128.0936425127,21.9074074074,0.0000000000
-128.0936425127,21.6666666667,0.0000000000
-127.9042445968,22.1481481481,0.0000000000
-128.0936425127,22.3888888889,0.0000000000
-128.0936425127,22.1481481481,0.0000000000
-127.9042445968,22.6296296296,0.0000000000
-128.0936425127,22.8703703704,0.0000000000
-128.0936425127,22.6296296296,0.0000000000
-127.9042445968,23.1111111111,0.0000000000
-128.0936425127,23.3518518518,0.0000000000
-128.0936425127,23.1111111111,0.0000000000
-127.9042445968,23.5925925926,0.0000000000
-128.0936425127,23.8333333333,0.0000000000
-128.0936425127,23.5925925926,0.0000000000
-127.9042445968,24.0740740741,0.0000000000
-128.0936425127,24.3148148148,0.0000000000
-128.0936425127,24.0740740741,0.0000000000
-127.9042445968,24.5555555555,0.0000000000
-128.0936425127,24.7962962963,0.0000000000
-128.0936425127,24.5555555555,0.0000000000
-127.9042445968,25.0370370370,0.0000000000
-128.0936425127,25.2777777778,0.0000000000
-128.0936425127,25.0370370370,0.0000000000
-127.9042445968,25.5185185185,0.0000000000
-128.0936425127,25.7592592593,0.0000000000
-128.0936425127,25.5185185185,0.0000000000
-127.9042445968,26.0000000000,0.0000000000
-128.0936425127,26.2407407407,0.0000000000
-128.0936425127,26.0000000000,0.0000000000
-127.9042445968,26.4814814815,0.0000000000
-128.0936425127,26.7222222222,0.0000000000
-128.0936425127,26.4814814815,0.0000000000
-127.9042445968,26.9629629630,0.0000000000
-128.0936425127,27.2037037037,0.0000000000
-128.0936425127,26.9629629630,0.0000000000
-127.9042445968,27.4444444444,0.0000000000
-128.0936425127,27.6851851852,0.0000000000
-128.0936425127,27.4444444444,0.0000000000
-127.9042445968,27.9259259259,0.0000000000
-128.0936425127,28.1666666667,0.0000000000
-128.0936425127,27.9259259259,0.0000000000
-127.9042445968,28.4074074074,0.0000000000
-128.0936425127,28.6481481481,0.0000000000
-128.0936425127,28.4074074074,0.0000000000
-127.9042445968,28.8888888889,0.0000000000
-128.0936425127,29.1296296296,0.0000000000
-128.0936425127,28.8888888889,0.0000000000
-127.9042445968,29.3703703704,0.0000000000
-128.0936425127,29.6111111111,0.0000000000
-128.0936425127,29.3703703704,0.0000000000
-127.9042445968,29.8518518518,0.0000000000
-128.0936425127,30.0925925926,0.0000000000
-128.0936425127,29.8518518518,0.0000000000
-127.9042445968,30.3333333333,0.0000000000
-128.0936425127,30.5740740741,0.0000000000
-128.0936425127,30.3333333333,0.0000000000
-127.9042445968,30.8148148148,0.0000000000
-128.0936425127,31.0555555555,0.0000000000
-128.0936425127,30.8148148148,0.0000000000
-127.9042445968,31.2962962963,0.0000000000
-128.0936425127,31.5370370370,0.0000000000
-128.0936425127,31.2962962963,0.0000000000
-127.9042445968,31.7777777778,0.0000000000
-128.0936425127,32.0185185185,0.0000000000
-128.0936425127,31.7777777778,0.0000000000
-127.9042445968,32.2592592593,0.0000000000
-128.0936425127,32.2592592593,0.0000000000
-127.4496895317,-32.2592592593,0.0000000000
-127.6769670643,-32.0185185185,0.0000000000
-127.6769670643,-32.2592592593,0.0000000000
-127.4496895317,-31.7777777778,0.0000000000
-127.6769670643,-31.5370370370,0.0000000000
-127.6769670643,-31.7777777778,0.0000000000
-127.4496895317,-31.2962962963,0.0000000000
-127.6769670643,-31.0555555556,0.0000000000
-127.6769670643,-31.2962962963,0.0000000000
-127.4496895317,-30.8148148148,0.0000000000
-127.6769670643,-30.5740740741,0.0000000000
-127.6769670643,-30.8148148148,0.0000000000
-127.4496895317,-30.3333333333,0.0000000000
-127.6769670643,-30.0925925926,0.0000000000
-127.6769670643,-30.3333333333,0.0000000000
-127.4496895317,-29.8518518519,0.0000000000
-127.6769670643,-29.6111111111,0.0000000000
-127.6769670643,-29.8518518519,0.0000000000
-127.4496895317,-29.3703703704,0.0000000000
-127.6769670643,-29.1296296296,0.0000000000
-127.6769670643,-29.3703703704,0.0000000000
-127.4496895317,-28.8888888889,0.0000000000
-127.6769670643,-28.6481481481,0.0000000000
-127.6769670643,-28.8888888889,0.0000000000
-127.4496895317,-28.4074074074,0.0000000000
-127.6769670643,-28.1666666667,0.0000000000
-127.6769670643,-28.4074074074,0.0000000000
-127.4496895317,-27.9259259259,0.0000000000
-127.6769670643,-27.6851851852,0.0000000000
-127.6769670643,-27.9259259259,0.0000000000
-127.4496895317,-27.4444444444,0.0000000000
-127.6769670643,-27.2037037037,0.0000000000
-127.6769670643,-27.4444444444,0.0000000000
-127.4496895317,-26.9629629630,0.0000000000
-127.6769670643,-26.7222222222,0.0000000000
-127.6769670643,-26.9629629630,0.0000000000
-127.4496895317,-26.4814814815,0.0000000000
-127.6769670643,-26.2407407407,0.0000000000
-127.6769670643,-26.4814814815,0.0000000000
-127.4496895317,-26.0000000000,0.0000000000
-127.6769670643,-25.7592592593,0.0000000000
-127.6769670643,-26.0000000000,0.0000000000
-127.4496895317,-25.5185185185,0.0000000000
-127.6769670643,-25.2777777778,0.0000000000
-127.6769670643,-25.5185185185,0.0000000000
-127.4496895317,-25.0370370370,0.0000000000
-127.6769670643,-24.7962962963,0.0000000000
-127.6769670643,-25.0370370370,0.0000000000
-127.4496895317,-24.5555555556,0.0000000000
-127.6769670643,-24.3148148148,0.0000000000
-127.6769670643,-24.5555555556,0.0000000000
-127.4496895317,-24.0740740741,0.0000000000
-127.6769670643,-23.8333333333,0.0000000000
-127.6769670643,-24.0740740741,0.0000000000
-127.4496895317,-23.5925925926,0.0000000000
-127.6769670643,-23.3518518519,0.0000000000
-127.6769670643,-23.5925925926,0.0000000000
-127.4496895317,-23.1111111111,0.0000000000
-127.6769670643,-22.8703703704,0.0000000000
-127.6769670643,-23.1111111111,0.0000000000
-127.4496895317,-22.6296296296,0.0000000000
-127.6769670643,-22.3888888889,0.0000000000
-127.6769670643,-22.6296296296,0.0000000000
-127.4496895317,-22.1481481481,0.0000000000
-127.6769670643,-21.9074074074,0.0000000000
-127.6769670643,-22.1481481481,0.0000000000
-127.4496895317,-21.6666666667,0.0000000000
-127.6769670643,-21.4259259259,0.0000000000
-127.6769670643,-21.6666666667,0.0000000000
-127.4496895317,-21.1851851852,0.0000000000
-127.6769670643,-20.9444444444,0.0000000000
-127.6769670643,-21.1851851852,0.0000000000
-127.4496895317,-20.7037037037,0.0000000000
-127.6769670643,-20.4629629630,0.0000000000
-127.6769670643,-20.7037037037,0.0000000000
-127.4496895317,-20.2222222222,0.0000000000
-127.6769670643,-19.9814814815,0.0000000000
-127.6769670643,-20.2222222222,0.0000000000
-127.4496895317,-19.7407407407,0.0000000000
-127.6769670643,-19.5000000000,0.0000000000
-127.6769670643,-19.7407407407,0.0000000000
-127.4496895317,-19.2592592593,0.0000000000
-127.6769670643,-19.0185185185,0.0000000000
-127.6769670643,-19.2592592593,0.0000000000
-127.4496895317,-18.7777777778,0.0000000000
-127.6769670643,-18.5370370370,0.0000000000
-127.6769670643,-18.7777777778,0.0000000000
-127.4496895317,-18.2962962963,0.0000000000
-127.6769670643,-18.0555555556,0.0000000000
-127.6769670643,-18.2962962963,0.0000000000
-127.4496895317,-17.8148148148,0.0000000000
-127.6769670643,-17.5740740741,0.0000000000
-127.6769670643,-17.8148148148,0.0000000000
-127.4496895317,-17.3333333333,0.0000000000
-127.6769670643,-17.0925925926,0.0000000000
-127.6769670643,-17.3333333333,0.0000000000
-127.4496895317,-16.8518518519,0.0000000000
-127.6769670643,-16.6111111111,0.0000000000
-127.6769670643,-16.8518518519,0.0000000000
-127.4496895317,-16.3703703704,0.0000000000
-127.6769670643,-16.1296296296,0.0000000000
-127.6769670643,-16.3703703704,0.0000000000
-127.4496895317,-15.8888888889,0.0000000000
-127.6769670643,-15.6481481482,0.0000000000
-127.6769670643,-15.8888888889,0.0000000000
-127.4496895317,-15.4074074074,0.0000000000
-127.6769670643,-15.1666666667,0.0000000000
-127.6769670643,-15.4074074074,0.0000000000
-127.4496895317,-14.9259259259,0.0000000000
-127.6769670643,-14.6851851852,0.0000000000
-127.6769670643,-14.9259259259,0.0000000000
-127.4496895317,-14.4444444444,0.0000000000
-127.6769670643,-14.2037037037,0.0000000000
-127.6769670643,-14.4444444444,0.0000000000
-127.4496895317,-13.9629629630,0.0000000000
-127.6769670643,-13.7222222222,0.0000000000
-127.6769670643,-13.9629629630,0.0000000000
-127.4496895317,-13.4814814815,0.0000000000
-127.6769670643,-13.2407407407,0.0000000000
-127.6769670643,-13.4814814815,0.0000000000
-127.4496895317,-13.0000000000,0.0000000000
-127.6769670643,-12.7592592593,0.0000000000
-127.6769670643,-13.0000000000,0.0000000000
-127.4496895317,-12.5185185185,0.0000000000
-127.6769670643,-12.2777777778,0.0000000000
-127.6769670643,-12.5185185185,0.0000000000
-127.4496895317,-12.0370370370,0.0000000000
-127.6769670643,-11.7962962963,0.0000000000
-127.6769670643,-12.0370370370,0.0000000000
-127.4496895317,-11.5555555556,0.0000000000
-127.6769670643,-11.3148148148,0.0000000000
-127.6769670643,-11.5555555556,0.0000000000
-127.4496895317,-11.0740740741,0.0000000000
-127.6769670643,-10.8333333333,0.0000000000
-127.6769670643,-11.0740740741,0.0000000000
-127.4496895317,-10.5925925926,0.0000000000
-127.6769670643,-10.3518518519,0.0000000000
-127.6769670643,-10.5925925926,0.0000000000
-127.4496895317,-10.1111111111,0.0000000000
-127.6769670643,-9.8703703704,0.0000000000
-127.6769670643,-10.1111111111,0.0000000000
-127.4496895317,-9.6296296296,0.0000000000
-127.6769670643,-9.3888888889,0.0000000000
-127.6769670643,-9.6296296296,0.0000000000
-127.4496895317,-9.1481481482,0.0000000000
-127.6769670643,-8.9074074074,0.0000000000
-127.6769670643,-9.1481481482,0.0000000000
-127.4496895317,-8.6666666667,0.0000000000
-127.6769670643,-8.4259259259,0.0000000000
-127.6769670643,-8.6666666667,0.0000000000
-127.4496895317,-8.1851851852,0.0000000000
-127.6769670643,-7.9444444444,0.0000000000
-127.6769670643,-8.1851851852,0.0000000000
-127.4496895317,-7.7037037037,0.0000000000
-127.6769670643,-7.4629629630,0.0000000000
-127.6769670643,-7.7037037037,0.0000000000
-127.4496895317,-7.2222222222,0.0000000000
-127.6769670643,-6.9814814815,0.0000000000
-127.6769670643,-7.2222222222,0.0000000000
-127.4496895317,-6.7407407407,0.0000000000
-127.6769670643,-6.5000000000,0.0000000000
-127.6769670643,-6.7407407407,0.0000000000
-127.4496895317,-6.2592592593,0.0000000000
-127.6769670643,-6.0185185185,0.0000000000
-127.6769670643,-6.2592592593,0.0000000000
-127.4496895317,-5.7777777778,0.0000000000
-127.6769670643,-5.5370370370,0.0000000000
-127.6769670643,-5.7777777778,0.0000000000
-127.4496895317,-5.2962962963,0.0000000000
-127.6769670643,-5.0555555556,0.0000000000
-127.6769670643,-5.2962962963,0.0000000000
-127.4496895317,-4.8148148148,0.0000000000
-127.6769670643,-4.5740740741,0.0000000000
-127.6769670643,-4.8148148148,0.0000000000
-127.4496895317,-4.3333333333,0.0000000000
-127.6769670643,-4.0925925926,0.0000000000
-127.6769670643,-4.3333333333,0.0000000000
-127.4496895317,-3.8518518519,0.0000000000
-127.6769670643,-3.6111111111,0.0000000000
-127.6769670643,-3.8518518519,0.0000000000
-127.4496895317,-3.3703703704,0.0000000000
-127.6769670643,-3.1296296296,0.0000000000
-127.6769670643,-3.3703703704,0.0000000000
-127.4496895317,-2.8888888889,0.0000000000
-127.6769670643,-2.6481481482,0.0000000000
-127.6769670643,-2.8888888889,0.0000000000
-127.4496895317,-2.4074074074,0.0000000000
-127.6769670643,-2.1666666667,0.0000000000
-127.6769670643,-2.4074074074,0.0000000000
-127.4496895317,-1.9259259259,0.0000000000
-127.6769670643,-1.6851851852,0.0000000000
-127.6769670643,-1.9259259259,0.0000000000
-127.4496895317,-1.4444444444,0.0000000000
-127.6769670643,-1.2037037037,0.0000000000
-127.6769670643,-1.4444444444,0.0000000000
-127.4496895317,-0.9629629630,0.0000000000
-127.6769670643,-0.7222222222,0.0000000000
-127.6769670643,-0.9629629630,0.0000000000
-127.4496895317,-0.4814814815,0.0000000000
-127.6769670643,-0.2407407407,0.0000000000
-127.6769670643,-0.4814814815,0.0000000000
-127.4496895317,-0.0000000000,0.0000000000
-127.6769670643,0.2407407407,0.0000000000
-127.6769670643,-0.0000000000,0.0000000000
-127.4496895317,0.4814814815,0.0000000000
-127.6769670643,0.7222222222,0.0000000000
-127.6769670643,0.4814814815,0.0000000000
-127.4496895317,0.9629629630,0.0000000000
-127.6769670643,1.2037037037,0.0000000000
-127.6769670643,0.9629629630,0.0000000000
-127.4496895317,1.4444444444,0.0000000000
-127.6769670643,1.6851851852,0.0000000000
-127.6769670643,1.4444444444,0.0000000000
-127.4496895317,1.9259259259,0.0000000000
-127.6769670643,2.1666666667,0.0000000000
-127.6769670643,1.9259259259,0.0000000000
-127.4496895317,2.4074074074,0.0000000000
-127.6769670643,2.6481481481,0.0000000000
-127.6769670643,2.4074074074,0.0000000000
-127.4496895317,2.8888888889,0.0000000000
-127.6769670643,3.1296296296,0.0000000000
-127.6769670643,2.8888888889,0.0000000000
-127.4496895317,3.3703703704,0.0000000000
-127.6769670643,3.6111111111,0.0000000000
-127.6769670643,3.3703703704,0.0000000000
-127.4496895317,3.8518518518,0.0000000000
-127.6769670643,4.0925925926,0.0000000000
-127.6769670643,3.8518518518,0.0000000000
-127.4496895317,4.3333333333,0.0000000000
-127.6769670643,4.5740740741,0.0000000000
-127.6769670643,4.3333333333,0.0000000000
-127.4496895317,4.8148148148,0.0000000000
-127.6769670643,5.0555555556,0.0000000000
-127.6769670643,4.8148148148,0.0000000000
-127.4496895317,5.2962962963,0.0000000000
-127.6769670643,5.5370370370,0.0000000000
-127.6769670643,5.2962962963,0.0000000000
-127.4496895317,5.7777777778,0.0000000000
-127.6769670643,6.0185185185,0.0000000000
-127.6769670643,5.7777777778,0.0000000000
-127.4496895317,6.2592592593,0.0000000000
-127.6769670643,6.5000000000,0.0000000000
-127.6769670643,6.2592592593,0.0000000000
-127.4496895317,6.7407407407,0.0000000000
-127.6769670643,6.9814814815,0.0000000000
-127.6769670643,6.7407407407,0.0000000000
-127.4496895317,7.2222222222,0.0000000000
-127.6769670643,7.4629629630,0.0000000000
-127.6769670643,7.2222222222,0.0000000000
-127.4496895317,7.7037037037,0.0000000000
-127.6769670643,7.9444444444,0.0000000000
-127.6769670643,7.7037037037,0.0000000000
-127.4496895317,8.1851851852,0.0000000000
-127.6769670643,8.4259259259,0.0000000000
-127.6769670643,8.1851851852,0.0000000000
-127.4496895317,8.6666666667,0.0000000000
-127.6769670643,8.9074074074,0.0000000000
-127.6769670643,8.6666666667,0.0000000000
-127.4496895317,9.1481481481,0.0000000000
-127.6769670643,9.3888888889,0.0000000000
-127.6769670643,9.1481481481,0.0000000000
-127.4496895317,9.6296296296,0.0000000000
-127.6769670643,9.8703703704,0.0000000000
-127.6769670643,9.6296296296,0.0000000000
-127.4496895317,10.1111111111,0.0000000000
-127.6769670643,10.3518518518,0.0000000000
-127.6769670643,10.1111111111,0.0000000000
-127.4496895317,10.5925925926,0.0000000000
-127.6769670643,10.8333333333,0.0000000000
-127.6769670643,10.5925925926,0.0000000000
-127.4496895317,11.0740740741,0.0000000000
-127.6769670643,11.3148148148,0.0000000000
-127.6769670643,11.0740740741,0.0000000000
-127.4496895317,11.5555555555,0.0000000000
-127.6769670643,11.7962962963,0.0000000000
-127.6769670643,11.5555555555,0.0000000000
-127.4496895317,12.0370370370,0.0000000000
-127.6769670643,12.2777777778,0.0000000000
-127.6769670643,12.0370370370,0.0000000000
-127.4496895317,12.5185185185,0.0000000000
-127.6769670643,12.7592592593,0.0000000000
-127.6769670643,12.5185185185,0.0000000000
-127.4496895317,13.0000000000,0.0000000000
-127.6769670643,13.2407407407,0.0000000000
-127.6769670643,13.0000000000,0.0000000000
-127.4496895317,13.4814814815,0.0000000000
-127.6769670643,13.7222222222,0.0000000000
-127.6769670643,13.4814814815,0.0000000000
-127.4496895317,13.9629629630,0.0000000000
-127.6769670643,14.2037037037,0.0000000000
-127.6769670643,13.9629629630,0.0000000000
-127.4496895317,14.4444444444,0.0000000000
-127.6769670643,14.6851851852,0.0000000000
-127.6769670643,14.4444444444,0.0000000000
-127.4496895317,14.9259259259,0.0000000000
-127.6769670643,15.1666666667,0.0000000000
-127.6769670643,14.9259259259,0.0000000000
-127.4496895317,15.4074074074,0.0000000000
-127.6769670643,15.6481481481,0.0000000000
-127.6769670643,15.4074074074,0.0000000000
-127.4496895317,15.8888888889,0.0000000000
-127.6769670643,16.1296296296,0.0000000000
-127.6769670643,15.8888888889,0.0000000000
-127.4496895317,16.3703703704,0.0000000000
-127.6769670643,16.6111111111,0.0000000000
-127.6769670643,16.3703703704,0.0000000000
-127.4496895317,16.8518518518,0.0000000000
-127.6769670643,17.0925925926,0.0000000000
-127.6769670643,16.8518518518,0.0000000000
-127.4496895317,17.3333333333,0.0000000000
-127.6769670643,17.5740740741,0.0000000000
-127.6769670643,17.3333333333,0.0000000000
-127.4496895317,17.8148148148,0.0000000000
-127.6769670643,18.0555555555,0.0000000000
-127.6769670643,17.8148148148,0.0000000000
-127.4496895317,18.2962962963,0.0000000000
-127.6769670643,18.5370370370,0.0000000000
-127.6769670643,18.2962962963,0.0000000000
-127.4496895317,18.7777777778,0.0000000000
-127.6769670643,19.0185185185,0.0000000000
-127.6769670643,18.7777777778,0.0000000000
-127.4496895317,19.2592592593,0.0000000000
-127.6769670643,19.5000000000,0.0000000000
-127.6769670643,19.2592592593,0.0000000000
-127.4496895317,19.7407407407,0.0000000000
-127.6769670643,19.9814814815,0.0000000000
-127.6769670643,19.7407407407,0.0000000000
-127.4496895317,20.2222222222,0.0000000000
-127.6769670643,20.4629629630,0.0000000000
-127.6769670643,20.2222222222,0.0000000000
-127.4496895317,20.7037037037,0.0000000000
-127.6769670643,20.9444444444,0.0000000000
-127.6769670643,20.7037037037,0.0000000000
-127.4496895317,21.1851851852,0.0000000000
-127.6769670643,21.4259259259,0.0000000000
-127.6769670643,21.1851851852,0.0000000000
-127.4496895317,21.6666666667,0.0000000000
-127.6769670643,21.9074074074,0.0000000000
-127.6769670643,21.6666666667,0.0000000000
-127.4496895317,22.1481481481,0.0000000000
-127.6769670643,22.3888888889,0.0000000000
-127.6769670643,22.1481481481,0.0000000000
-127.4496895317,22.6296296296,0.0000000000
-127.6769670643,22.8703703704,0.0000000000
-127.6769670643,22.6296296296,0.0000000000
-127.4496895317,23.1111111111,0.0000000000
-127.6769670643,23.3518518518,0.0000000000
-127.6769670643,23.1111111111,0.0000000000
-127.4496895317,23.5925925926,0.0000000000
-127.6769670643,23.8333333333,0.0000000000
-127.6769670643,23.5925925926,0.0000000000
-127.4496895317,24.0740740741,0.0000000000
-127.6769670643,24.3148148148,0.0000000000
-127.6769670643,24.0740740741,0.0000000000
-127.4496895317,24.5555555555,0.0000000000
-127.6769670643,24.7962962963,0.0000000000
-127.6769670643,24.5555555555,0.0000000000
-127.4496895317,25.0370370370,0.0000000000
-127.6769670643,25.2777777778,0.0000000000
-127.6769670643,25.0370370370,0.0000000000
-127.4496895317,25.5185185185,0.0000000000
-127.6769670643,25.7592592593,0.0000000000
-127.6769670643,25.5185185185,0.0000000000
-127.4496895317,26.0000000000,0.0000000000
-127.6769670643,26.2407407407,0.0000000000
-127.6769670643,26.0000000000,0.0000000000
-127.4496895317,26.4814814815,0.0000000000
-127.6769670643,26.7222222222,0.0000000000
-127.6769670643,26.4814814815,0.0000000000
-127.4496895317,26.9629629630,0.0000000000
-127.6769670643,27.2037037037,0.0000000000
-127.6769670643,26.9629629630,0.0000000000
-127.4496895317,27.4444444444,0.0000000000
-127.6769670643,27.6851851852,0.0000000000
-127.6769670643,27.4444444444,0.0000000000
-127.4496895317,27.9259259259,0.0000000000
-127.6769670643,28.1666666667,0.0000000000
-127.6769670643,27.9259259259,0.0000000000
-127.4496895317,28.4074074074,0.0000000000
-127.6769670643,28.6481481481,0.0000000000
-127.6769670643,28.4074074074,0.0000000000
-127.4496895317,28.8888888889,0.0000000000
-127.6769670643,29.1296296296,0.0000000000
-127.6769670643,28.8888888889,0.0000000000
-127.4496895317,29.3703703704,0.0000000000
-127.6769670643,29.6111111111,0.0000000000
-127.6769670643,29.3703703704,0.0000000000
-127.4496895317,29.8518518518,0.0000000000
-127.6769670643,30.0925925926,0.0000000000
-127.6769670643,29.8518518518,0.0000000000
-127.4496895317,30.3333333333,0.0000000000
-127.6769670643,30.5740740741,0.0000000000
-127.6769670643,30.3333333333,0.0000000000
-127.4496895317,30.8148148148,0.0000000000
-127.6769670643,31.0555555555,0.0000000000
-127.6769670643,30.8148148148,0.0000000000
-127.4496895317,31.2962962963,0.0000000000
-127.6769670643,31.5370370370,0.0000000000
-127.6769670643,31.2962962963,0.0000000000
-127.4496895317,31.7777777778,0.0000000000
-127.6769670643,32.0185185185,0.0000000000
-127.6769670643,31.7777777778,0.0000000000
-127.4496895317,32.2592592593,0.0000000000
-127.6769670643,32.2592592593,0.0000000000
-126.9042236342,-32.2592592593,0.0000000000
-127.1769565829,-32.0185185185,0.0000000000
-127.1769565829,-32.2592592593,0.0000000000
-126.9042236342,-31.7777777778,0.0000000000
-127.1769565829,-31.5370370370,0.0000000000
-127.1769565829,-31.7777777778,0.0000000000
-126.9042236342,-31.2962962963,0.0000000000
-127.1769565829,-31.0555555556,0.0000000000
-127.1769565829,-31.2962962963,0.0000000000
-126.9042236342,-30.8148148148,0.0000000000
-127.1769565829,-30.5740740741,0.0000000000
-127.1769565829,-30.8148148148,0.0000000000
-126.9042236342,-30.3333333333,0.0000000000
-127.1769565829,-30.0925925926,0.0000000000
-127.1769565829,-30.3333333333,0.0000000000
-126.9042236342,-29.8518518519,0.0000000000
-127.1769565829,-29.6111111111,0.0000000000
-127.1769565829,-29.8518518519,0.0000000000
-126.9042236342,-29.3703703704,0.0000000000
-127.1769565829,-29.1296296296,0.0000000000
-127.1769565829,-29.3703703704,0.0000000000
-126.9042236342,-28.8888888889,0.0000000000
-127.1769565829,-28.6481481481,0.0000000000
-127.1769565829,-28.8888888889,0.0000000000
-126.9042236342,-28.4074074074,0.0000000000
-127.1769565829,-28.1666666667,0.0000000000
-127.1769565829,-28.4074074074,0.0000000000
-126.9042236342,-27.9259259259,0.0000000000
-127.1769565829,-27.6851851852,0.0000000000
-127.1769565829,-27.9259259259,0.0000000000
-126.9042236342,-27.4444444444,0.0000000000
-127.1769565829,-27.2037037037,0.0000000000
-127.1769565829,-27.4444444444,0.0000000000
-126.9042236342,-26.9629629630,0.0000000000
-127.1769565829,-26.7222222222,0.0000000000
-127.1769565829,-26.9629629630,0.0000000000
-126.9042236342,-26.4814814815,0.0000000000
-127.1769565829,-26.2407407407,0.0000000000
-127.1769565829,-26.4814814815,0.0000000000
-126.9042236342,-26.0000000000,0.0000000000
-127.1769565829,-25.7592592593,0.0000000000
-127.1769565829,-26.0000000000,0.0000000000
-126.9042236342,-25.5185185185,0.0000000000
-127.1769565829,-25.2777777778,0.0000000000
-127.1769565829,-25.5185185185,0.0000000000
-126.9042236342,-25.0370370370,0.0000000000
-127.1769565829,-24.7962962963,0.0000000000
-127.1769565829,-25.0370370370,0.0000000000
-126.9042236342,-24.5555555556,0.0000000000
-127.1769565829,-24.3148148148,0.0000000000
-127.1769565829,-24.5555555556,0.0000000000
-126.9042236342,-24.0740740741,0.0000000000
-127.1769565829,-23.8333333333,0.0000000000
-127.1769565829,-24.0740740741,0.0000000000
-126.9042236342,-23.5925925926,0.0000000000
-127.1769565829,-23.3518518519,0.0000000000
-127.1769565829,-23.5925925926,0.0000000000
-126.9042236342,-23.1111111111,0.0000000000
-127.1769565829,-22.8703703704,0.0000000000
-127.1769565829,-23.1111111111,0.0000000000
-126.9042236342,-22.6296296296,0.0000000000
-127.1769565829,-22.3888888889,0.0000000000
-127.1769565829,-22.6296296296,0.0000000000
-126.9042236342,-22.1481481481,0.0000000000
-127.1769565829,-21.9074074074,0.0000000000
-127.1769565829,-22.1481481481,0.0000000000
-126.9042236342,-21.6666666667,0.0000000000
-127.1769565829,-21.4259259259,0.0000000000
-127.1769565829,-21.6666666667,0.0000000000
-126.9042236342,-21.1851851852,0.0000000000
-127.1769565829,-20.9444444444,0.0000000000
-127.1769565829,-21.1851851852,0.0000000000
-126.9042236342,-20.7037037037,0.0000000000
-127.1769565829,-20.4629629630,0.0000000000
-127.1769565829,-20.7037037037,0.0000000000
-126.9042236342,-20.2222222222,0.0000000000
-127.1769565829,-19.9814814815,0.0000000000
-127.1769565829,-20.2222222222,0.0000000000
-126.9042236342,-19.7407407407,0.0000000000
-127.1769565829,-19.5000000000,0.0000000000
-127.1769565829,-19.7407407407,0.0000000000
-126.9042236342,-19.2592592593,0.0000000000
-127.1769565829,-19.0185185185,0.0000000000
-127.1769565829,-19.2592592593,0.0000000000
-126.9042236342,-18.7777777778,0.0000000000
-127.1769565829,-18.5370370370,0.0000000000
-127.1769565829,-18.7777777778,0.0000000000
-126.9042236342,-18.2962962963,0.0000000000
-127.1769565829,-18.0555555556,0.0000000000
-127.1769565829,-18.2962962963,0.0000000000
-126.9042236342,-17.8148148148,0.0000000000
-127.1769565829,-17.5740740741,0.0000000000
-127.1769565829,-17.8148148148,0.0000000000
-126.9042236342,-17.3333333333,0.0000000000
-127.1769565829,-17.0925925926,0.0000000000
-127.1769565829,-17.3333333333,0.0000000000
-126.9042236342,-16.8518518519,0.0000000000
-127.1769565829,-16.6111111111,0.0000000000
-127.1769565829,-16.8518518519,0.0000000000
-126.9042236342,-16.3703703704,0.0000000000
-127.1769565829,-16.1296296296,0.0000000000
-127.1769565829,-16.3703703704,0.0000000000
-126.9042236342,-15.8888888889,0.0000000000
-127.1769565829,-15.6481481482,0.0000000000
-127.1769565829,-15.8888888889,0.0000000000
-126.9042236342,-15.4074074074,0.0000000000
-127.1769565829,-15.1666666667,0.0000000000
-127.1769565829,-15.4074074074,0.0000000000
-126.9042236342,-14.9259259259,0.0000000000
-127.1769565829,-14.6851851852,0.0000000000
-127.1769565829,-14.9259259259,0.0000000000
-126.9042236342,-14.4444444444,0.0000000000
-127.1769565829,-14.2037037037,0.0000000000
-127.1769565829,-14.4444444444,0.0000000000
-126.9042236342,-13.9629629630,0.0000000000
-127.1769565829,-13.7222222222,0.0000000000
-127.1769565829,-13.9629629630,0.0000000000
-126.9042236342,-13.4814814815,0.0000000000
-127.1769565829,-13.2407407407,0.0000000000
-127.1769565829,-13.4814814815,0.0000000000
-126.9042236342,-13.0000000000,0.0000000000
-127.1769565829,-12.7592592593,0.0000000000
-127.1769565829,-13.0000000000,0.0000000000
-126.9042236342,-12.5185185185,0.0000000000
-127.1769565829,-12.2777777778,0.0000000000
-127.1769565829,-12.5185185185,0.0000000000
-126.9042236342,-12.0370370370,0.0000000000
-127.1769565829,-11.7962962963,0.0000000000
-127.1769565829,-12.0370370370,0.0000000000
-126.9042236342,-11.5555555556,0.0000000000
-127.1769565829,-11.3148148148,0.0000000000
-127.1769565829,-11.5555555556,0.0000000000
-126.9042236342,-11.0740740741,0.0000000000
-127.1769565829,-10.8333333333,0.0000000000
-127.1769565829,-11.0740740741,0.0000000000
-126.9042236342,-10.5925925926,0.0000000000
-127.1769565829,-10.3518518519,0.0000000000
-127.1769565829,-10.5925925926,0.0000000000
-126.9042236342,-10.1111111111,0.0000000000
-127.1769565829,-9.8703703704,0.0000000000
-127.1769565829,-10.1111111111,0.0000000000
-126.9042236342,-9.6296296296,0.0000000000
-127.1769565829,-9.3888888889,0.0000000000
-127.1769565829,-9.6296296296,0.0000000000
-126.9042236342,-9.1481481482,0.0000000000
-127.1769565829,-8.9074074074,0.0000000000
-127.1769565829,-9.1481481482,0.0000000000
-126.9042236342,-8.6666666667,0.0000000000
-127.1769565829,-8.4259259259,0.0000000000
-127.1769565829,-8.6666666667,0.0000000000
-126.9042236342,-8.1851851852,0.0000000000
-127.1769565829,-7.9444444444,0.0000000000
-127.1769565829,-8.1851851852,0.0000000000
-126.9042236342,-7.7037037037,0.0000000000
-127.1769565829,-7.4629629630,0.0000000000
-127.1769565829,-7.7037037037,0.0000000000
-126.9042236342,-7.2222222222,0.0000000000
-127.1769565829,-6.9814814815,0.0000000000
-127.1769565829,-7.2222222222,0.0000000000
-126.9042236342,-6.7407407407,0.0000000000
-127.1769565829,-6.5000000000,0.0000000000
-127.1769565829,-6.7407407407,0.0000000000
-126.9042236342,-6.2592592593,0.0000000000
-127.1769565829,-6.0185185185,0.0000000000
-127.1769565829,-6.2592592593,0.0000000000
-126.9042236342,-5.7777777778,0.0000000000
-127.1769565829,-5.5370370370,0.0000000000
-127.1769565829,-5.7777777778,0.0000000000
-126.9042236342,-5.2962962963,0.0000000000
-127.1769565829,-5.0555555556,0.0000000000
-127.1769565829,-5.2962962963,0.0000000000
-126.9042236342,-4.8148148148,0.0000000000
-127.1769565829,-4.5740740741,0.0000000000
-127.1769565829,-4.8148148148,0.0000000000
-126.9042236342,-4.3333333333,0.0000000000
-127.1769565829,-4.0925925926,0.0000000000
-127.1769565829,-4.3333333333,0.0000000000
-126.9042236342,-3.8518518519,0.0000000000
-127.1769565829,-3.6111111111,0.0000000000
-127.1769565829,-3.8518518519,0.0000000000
-126.9042236342,-3.3703703704,0.0000000000
-127.1769565829,-3.1296296296,0.0000000000
-127.1769565829,-3.3703703704,0.0000000000
-126.9042236342,-2.8888888889,0.0000000000
-127.1769565829,-2.6481481482,0.0000000000
-127.1769565829,-2.8888888889,0.0000000000
-126.9042236342,-2.4074074074,0.0000000000
-127.1769565829,-2.1666666667,0.0000000000
-127.1769565829,-2.4074074074,0.0000000000
-126.9042236342,-1.9259259259,0.0000000000
-127.1769565829,-1.6851851852,0.0000000000
-127.1769565829,-1.9259259259,0.0000000000
-126.9042236342,-1.4444444444,0.0000000000
-127.1769565829,-1.2037037037,0.0000000000
-127.1769565829,-1.4444444444,0.0000000000
-126.9042236342,-0.9629629630,0.0000000000
-127.1769565829,-0.7222222222,0.0000000000
-127.1769565829,-0.9629629630,0.0000000000
-126.9042236342,-0.4814814815,0.0000000000
-127.1769565829,-0.2407407407,0.0000000000
-127.1769565829,-0.4814814815,0.0000000000
-126.9042236342,-0.0000000000,0.0000000000
-127.1769565829,0.2407407407,0.0000000000
-127.1769565829,-0.0000000000,0.0000000000
-126.9042236342,0.4814814815,0.0000000000
-127.1769565829,0.7222222222,0.0000000000
-127.1769565829,0.4814814815,0.0000000000
-126.9042236342,0.9629629630,0.0000000000
-127.1769565829,1.2037037037,0.0000000000
-127.1769565829,0.9629629630,0.0000000000
-126.9042236342,1.4444444444,0.0000000000
-127.1769565829,1.6851851852,0.0000000000
-127.1769565829,1.4444444444,0.0000000000
-126.9042236342,1.9259259259,0.0000000000
-127.1769565829,2.1666666667,0.0000000000
-127.1769565829,1.9259259259,0.0000000000
-126.9042236342,2.4074074074,0.0000000000
-127.1769565829,2.6481481481,0.0000000000
-127.1769565829,2.4074074074,0.0000000000
-126.9042236342,2.8888888889,0.0000000000
-127.1769565829,3.1296296296,0.0000000000
-127.1769565829,2.8888888889,0.0000000000
-126.9042236342,3.3703703704,0.0000000000
-127.1769565829,3.6111111111,0.0000000000
-127.1769565829,3.3703703704,0.0000000000
-126.9042236342,3.8518518518,0.0000000000
-127.1769565829,4.0925925926,0.0000000000
-127.1769565829,3.8518518518,0.0000000000
-126.9042236342,4.3333333333,0.0000000000
-127.1769565829,4.5740740741,0.0000000000
-127.1769565829,4.3333333333,0.0000000000
-126.9042236342,4.8148148148,0.0000000000
-127.1769565829,5.0555555556,0.0000000000
-127.1769565829,4.8148148148,0.0000000000
-126.9042236342,5.2962962963,0.0000000000
-127.1769565829,5.5370370370,0.0000000000
-127.1769565829,5.2962962963,0.0000000000
-126.9042236342,5.7777777778,0.0000000000
-127.1769565829,6.0185185185,0.0000000000
-127.1769565829,5.7777777778,0.0000000000
-126.9042236342,6.2592592593,0.0000000000
-127.1769565829,6.5000000000,0.0000000000
-127.1769565829,6.2592592593,0.0000000000
-126.9042236342,6.7407407407,0.0000000000
-127.1769565829,6.9814814815,0.0000000000
-127.1769565829,6.7407407407,0.0000000000
-126.9042236342,7.2222222222,0.0000000000
-127.1769565829,7.4629629630,0.0000000000
-127.1769565829,7.2222222222,0.0000000000
-126.9042236342,7.7037037037,0.0000000000
-127.1769565829,7.9444444444,0.0000000000
-127.1769565829,7.7037037037,0.0000000000
-126.9042236342,8.1851851852,0.0000000000
-127.1769565829,8.4259259259,0.0000000000
-127.1769565829,8.1851851852,0.0000000000
-126.9042236342,8.6666666667,0.0000000000
-127.1769565829,8.9074074074,0.0000000000
-127.1769565829,8.6666666667,0.0000000000
-126.9042236342,9.1481481481,0.0000000000
-127.1769565829,9.3888888889,0.0000000000
-127.1769565829,9.1481481481,0.0000000000
-126.9042236342,9.6296296296,0.0000000000
-127.1769565829,9.8703703704,0.0000000000
-127.1769565829,9.6296296296,0.0000000000
-126.9042236342,10.1111111111,0.0000000000
-127.1769565829,10.3518518518,0.0000000000
-127.1769565829,10.1111111111,0.0000000000
-126.9042236342,10.5925925926,0.0000000000
-127.1769565829,10.8333333333,0.0000000000
-127.1769565829,10.5925925926,0.0000000000
-126.9042236342,11.0740740741,0.0000000000
-127.1769565829,11.3148148148,0.0000000000
-127.1769565829,11.0740740741,0.0000000000
-126.9042236342,11.5555555555,0.0000000000
-127.1769565829,11.7962962963,0.0000000000
-127.1769565829,11.5555555555,0.0000000000
-126.9042236342,12.0370370370,0.0000000000
-127.1769565829,12.2777777778,0.0000000000
-127.1769565829,12.0370370370,0.0000000000
-126.9042236342,12.5185185185,0.0000000000
-127.1769565829,12.7592592593,0.0000000000
-127.1769565829,12.5185185185,0.0000000000
-126.9042236342,13.0000000000,0.0000000000
-127.1769565829,13.2407407407,0.0000000000
-127.1769565829,13.0000000000,0.0000000000
-126.9042236342,13.4814814815,0.0000000000
-127.1769565829,13.7222222222,0.0000000000
-127.1769565829,13.4814814815,0.0000000000
-126.9042236342,13.9629629630,0.0000000000
-127.1769565829,14.2037037037,0.0000000000
-127.1769565829,13.9629629630,0.0000000000
-126.9042236342,14.4444444444,0.0000000000
-127.1769565829,14.6851851852,0.0000000000
-127.1769565829,14.4444444444,0.0000000000
-126.9042236342,14.9259259259,0.0000000000
-127.1769565829,15.1666666667,0.0000000000
-127.1769565829,14.9259259259,0.0000000000
-126.9042236342,15.4074074074,0.0000000000
-127.1769565829,15.6481481481,0.0000000000
-127.1769565829,15.4074074074,0.0000000000
-126.9042236342,15.8888888889,0.0000000000
-127.1769565829,16.1296296296,0.0000000000
-127.1769565829,15.8888888889,0.0000000000
-126.9042236342,16.3703703704,0.0000000000
-127.1769565829,16.6111111111,0.0000000000
-127.1769565829,16.3703703704,0.0000000000
-126.9042236342,16.8518518518,0.0000000000
-127.1769565829,17.0925925926,0.0000000000
-127.1769565829,16.8518518518,0.0000000000
-126.9042236342,17.3333333333,0.0000000000
-127.1769565829,17.5740740741,0.0000000000
-127.1769565829,17.3333333333,0.0000000000
-126.9042236342,17.8148148148,0.0000000000
-127.1769565829,18.0555555555,0.0000000000
-127.1769565829,17.8148148148,0.0000000000
-126.9042236342,18.2962962963,0.0000000000
-127.1769565829,18.5370370370,0.0000000000
-127.1769565829,18.2962962963,0.0000000000
-126.9042236342,18.7777777778,0.0000000000
-127.1769565829,19.0185185185,0.0000000000
-127.1769565829,18.7777777778,0.0000000000
-126.9042236342,19.2592592593,0.0000000000
-127.1769565829,19.5000000000,0.0000000000
-127.1769565829,19.2592592593,0.0000000000
-126.9042236342,19.7407407407,0.0000000000
-127.1769565829,19.9814814815,0.0000000000
-127.1769565829,19.7407407407,0.0000000000
-126.9042236342,20.2222222222,0.0000000000
-127.1769565829,20.4629629630,0.0000000000
-127.1769565829,20.2222222222,0.0000000000
-126.9042236342,20.7037037037,0.0000000000
-127.1769565829,20.9444444444,0.0000000000
-127.1769565829,20.7037037037,0.0000000000
-126.9042236342,21.1851851852,0.0000000000
-127.1769565829,21.4259259259,0.0000000000
-127.1769565829,21.1851851852,0.0000000000
-126.9042236342,21.6666666667,0.0000000000
-127.1769565829,21.9074074074,0.0000000000
-127.1769565829,21.6666666667,0.0000000000
-126.9042236342,22.1481481481,0.0000000000
-127.1769565829,22.3888888889,0.0000000000
-127.1769565829,22.1481481481,0.0000000000
-126.9042236342,22.6296296296,0.0000000000
-127.1769565829,22.8703703704,0.0000000000
-127.1769565829,22.6296296296,0.0000000000
-126.9042236342,23.1111111111,0.0000000000
-127.1769565829,23.3518518518,0.0000000000
-127.1769565829,23.1111111111,0.0000000000
-126.9042236342,23.5925925926,0.0000000000
-127.1769565829,23.8333333333,0.0000000000
-127.1769565829,23.5925925926,0.0000000000
-126.9042236342,24.0740740741,0.0000000000
-127.1769565829,24.3148148148,0.0000000000
-127.1769565829,24.0740740741,0.0000000000
-126.9042236342,24.5555555555,0.0000000000
-127.1769565829,24.7962962963,0.0000000000
-127.1769565829,24.5555555555,0.0000000000
-126.9042236342,25.0370370370,0.0000000000
-127.1769565829,25.2777777778,0.0000000000
-127.1769565829,25.0370370370,0.0000000000
-126.9042236342,25.5185185185,0.0000000000
-127.1769565829,25.7592592593,0.0000000000
-127.1769565829,25.5185185185,0.0000000000
-126.9042236342,26.0000000000,0.0000000000
-127.1769565829,26.2407407407,0.0000000000
-127.1769565829,26.0000000000,0.0000000000
-126.9042236342,26.4814814815,0.0000000000
-127.1769565829,26.7222222222,0.0000000000
-127.1769565829,26.4814814815,0.0000000000
-126.9042236342,26.9629629630,0.0000000000
-127.1769565829,27.2037037037,0.0000000000
-127.1769565829,26.9629629630,0.0000000000
-126.9042236342,27.4444444444,0.0000000000
-127.1769565829,27.6851851852,0.0000000000
-127.1769565829,27.4444444444,0.0000000000
-126.9042236342,27.9259259259,0.0000000000
-127.1769565829,28.1666666667,0.0000000000
-127.1769565829,27.9259259259,0.0000000000
-126.9042236342,28.4074074074,0.0000000000
-127.1769565829,28.6481481481,0.0000000000
-127.1769565829,28.4074074074,0.0000000000
-126.9042236342,28.8888888889,0.0000000000
-127.1769565829,29.1296296296,0.0000000000
-127.1769565829,28.8888888889,0.0000000000
-126.9042236342,29.3703703704,0.0000000000
-127.1769565829,29.6111111111,0.0000000000
-127.1769565829,29.3703703704,0.0000000000
-126.9042236342,29.8518518518,0.0000000000
-127.1769565829,30.0925925926,0.0000000000
-127.1769565829,29.8518518518,0.0000000000
-126.9042236342,30.3333333333,0.0000000000
-127.1769565829,30.5740740741,0.0000000000
-127.1769565829,30.3333333333,0.0000000000
-126.9042236342,30.8148148148,0.0000000000
-127.1769565829,31.0555555555,0.0000000000
-127.1769565829,30.8148148148,0.0000000000
-126.9042236342,31.2962962963,0.0000000000
-127.1769565829,31.5370370370,0.0000000000
-127.1769565829,31.2962962963,0.0000000000
-126.9042236342,31.7777777778,0.0000000000
-127.1769565829,32.0185185185,0.0000000000
-127.1769565829,31.7777777778,0.0000000000
-126.9042236342,32.2592592593,0.0000000000
-127.1769565829,32.2592592593,0.0000000000
-126.2496645986,-32.2592592593,0.0000000000
-126.5769441164,-32.0185185185,0.0000000000
-126.5769441164,-32.2592592593,0.0000000000
-126.2496645986,-31.7777777778,0.0000000000
-126.5769441164,-31.5370370370,0.0000000000
-126.5769441164,-31.7777777778,0.0000000000
-126.2496645986,-31.2962962963,0.0000000000
-126.5769441164,-31.0555555556,0.0000000000
-126.5769441164,-31.2962962963,0.0000000000
-126.2496645986,-30.8148148148,0.0000000000
-126.5769441164,-30.5740740741,0.0000000000
-126.5769441164,-30.8148148148,0.0000000000
-126.2496645986,-30.3333333333,0.0000000000
-126.5769441164,-30.0925925926,0.0000000000
-126.5769441164,-30.3333333333,0.0000000000
-126.2496645986,-29.8518518519,0.0000000000
-126.5769441164,-29.6111111111,0.0000000000
-126.5769441164,-29.8518518519,0.0000000000
-126.2496645986,-29.3703703704,0.0000000000
-126.5769441164,-29.1296296296,0.0000000000
-126.5769441164,-29.3703703704,0.0000000000
-126.2496645986,-28.8888888889,0.0000000000
-126.5769441164,-28.6481481481,0.0000000000
-126.5769441164,-28.8888888889,0.0000000000
-126.2496645986,-28.4074074074,0.0000000000
-126.5769441164,-28.1666666667,0.0000000000
-126.5769441164,-28.4074074074,0.0000000000
-126.2496645986,-27.9259259259,0.0000000000
-126.5769441164,-27.6851851852,0.0000000000
-126.5769441164,-27.9259259259,0.0000000000
-126.2496645986,-27.4444444444,0.0000000000
-126.5769441164,-27.2037037037,0.0000000000
-126.5769441164,-27.4444444444,0.0000000000
-126.2496645986,-26.9629629630,0.0000000000
-126.5769441164,-26.7222222222,0.0000000000
-126.5769441164,-26.9629629630,0.0000000000
-126.2496645986,-26.4814814815,0.0000000000
-126.5769441164,-26.2407407407,0.0000000000
-126.5769441164,-26.4814814815,0.0000000000
-126.2496645986,-26.0000000000,0.0000000000
-126.5769441164,-25.7592592593,0.0000000000
-126.5769441164,-26.0000000000,0.0000000000
-126.2496645986,-25.5185185185,0.0000000000
-126.5769441164,-25.2777777778,0.0000000000
-126.5769441164,-25.5185185185,0.0000000000
-126.2496645986,-25.0370370370,0.0000000000
-126.5769441164,-24.7962962963,0.0000000000
-126.5769441164,-25.0370370370,0.0000000000
-126.2496645986,-24.5555555556,0.0000000000
-126.5769441164,-24.3148148148,0.0000000000
-126.5769441164,-24.5555555556,0.0000000000
-126.2496645986,-24.0740740741,0.0000000000
-126.5769441164,-23.8333333333,0.0000000000
-126.5769441164,-24.0740740741,0.0000000000
-126.2496645986,-23.5925925926,0.0000000000
-126.5769441164,-23.3518518519,0.0000000000
-126.5769441164,-23.5925925926,0.0000000000
-126.2496645986,-23.1111111111,0.0000000000
-126.5769441164,-22.8703703704,0.0000000000
-126.5769441164,-23.1111111111,0.0000000000
-126.2496645986,-22.6296296296,0.0000000000
-126.5769441164,-22.3888888889,0.0000000000
-126.5769441164,-22.6296296296,0.0000000000
-126.2496645986,-22.1481481481,0.0000000000
-126.5769441164,-21.9074074074,0.0000000000
-126.5769441164,-22.1481481481,0.0000000000
-126.2496645986,-21.6666666667,0.0000000000
-126.5769441164,-21.4259259259,0.0000000000
-126.5769441164,-21.6666666667,0.0000000000
-126.2496645986,-21.1851851852,0.0000000000
-126.5769441164,-20.9444444444,0.0000000000
-126.5769441164,-21.1851851852,0.0000000000
-126.2496645986,-20.7037037037,0.0000000000
-126.5769441164,-20.4629629630,0.0000000000
-126.5769441164,-20.7037037037,0.0000000000
-126.2496645986,-20.2222222222,0.0000000000
-126.5769441164,-19.9814814815,0.0000000000
-126.5769441164,-20.2222222222,0.0000000000
-126.2496645986,-19.7407407407,0.0000000000
-126.5769441164,-19.5000000000,0.0000000000
-126.5769441164,-19.7407407407,0.0000000000
-126.2496645986,-19.2592592593,0.0000000000
-126.5769441164,-19.0185185185,0.0000000000
-126.5769441164,-19.2592592593,0.0000000000
-126.2496645986,-18.7777777778,0.0000000000
-126.5769441164,-18.5370370370,0.0000000000
-126.5769441164,-18.7777777778,0.0000000000
-126.2496645986,-18.2962962963,0.0000000000
-126.5769441164,-18.0555555556,0.0000000000
-126.5769441164,-18.2962962963,0.0000000000
-126.2496645986,-17.8148148148,0.0000000000
-126.5769441164,-17.5740740741,0.0000000000
-126.5769441164,-17.8148148148,0.0000000000
-126.2496645986,-17.3333333333,0.0000000000
-126.5769441164,-17.0925925926,0.0000000000
-126.5769441164,-17.3333333333,0.0000000000
-126.2496645986,-16.8518518519,0.0000000000
-126.5769441164,-16.6111111111,0.0000000000
-126.5769441164,-16.8518518519,0.0000000000
-126.2496645986,-16.3703703704,0.0000000000
-126.5769441164,-16.1296296296,0.0000000000
-126.5769441164,-16.3703703704,0.0000000000
-126.2496645986,-15.8888888889,0.0000000000
-126.5769441164,-15.6481481482,0.0000000000
-126.5769441164,-15.8888888889,0.0000000000
-126.2496645986,-15.4074074074,0.0000000000
-126.5769441164,-15.1666666667,0.0000000000
-126.5769441164,-15.4074074074,0.0000000000
-126.2496645986,-14.9259259259,0.0000000000
-126.5769441164,-14.6851851852,0.0000000000
-126.5769441164,-14.9259259259,0.0000000000
-126.2496645986,-14.4444444444,0.0000000000
-126.5769441164,-14.2037037037,0.0000000000
-126.5769441164,-14.4444444444,0.0000000000
-126.2496645986,-13.9629629630,0.0000000000
-126.5769441164,-13.7222222222,0.0000000000
-126.5769441164,-13.9629629630,0.0000000000
-126.2496645986,-13.4814814815,0.0000000000
-126.5769441164,-13.2407407407,0.0000000000
-126.5769441164,-13.4814814815,0.0000000000
-126.2496645986,-13.0000000000,0.0000000000
-126.5769441164,-12.7592592593,0.0000000000
-126.5769441164,-13.0000000000,0.0000000000
-126.2496645986,-12.5185185185,0.0000000000
-126.5769441164,-12.2777777778,0.0000000000
-126.5769441164,-12.5185185185,0.0000000000
-126.2496645986,-12.0370370370,0.0000000000
-126.5769441164,-11.7962962963,0.0000000000
-126.5769441164,-12.0370370370,0.0000000000
-126.2496645986,-11.5555555556,0.0000000000
-126.5769441164,-11.3148148148,0.0000000000
-126.5769441164,-11.5555555556,0.0000000000
-126.2496645986,-11.0740740741,0.0000000000
-126.5769441164,-10.8333333333,0.0000000000
-126.5769441164,-11.0740740741,0.0000000000
-126.2496645986,-10.5925925926,0.0000000000
-126.5769441164,-10.3518518519,0.0000000000
-126.5769441164,-10.5925925926,0.0000000000
-126.2496645986,-10.1111111111,0.0000000000
-126.5769441164,-9.8703703704,0.0000000000
-126.5769441164,-10.1111111111,0.0000000000
-126.2496645986,-9.6296296296,0.0000000000
-126.5769441164,-9.3888888889,0.0000000000
-126.5769441164,-9.6296296296,0.0000000000
-126.2496645986,-9.1481481482,0.0000000000
-126.5769441164,-8.9074074074,0.0000000000
-126.5769441164,-9.1481481482,0.0000000000
-126.2496645986,-8.6666666667,0.0000000000
-126.5769441164,-8.4259259259,0.0000000000
-126.5769441164,-8.6666666667,0.0000000000
-126.2496645986,-8.1851851852,0.0000000000
-126.5769441164,-7.9444444444,0.0000000000
-126.5769441164,-8.1851851852,0.0000000000
-126.2496645986,-7.7037037037,0.0000000000
-126.5769441164,-7.4629629630,0.0000000000
-126.5769441164,-7.7037037037,0.0000000000
-126.2496645986,-7.2222222222,0.0000000000
-126.5769441164,-6.9814814815,0.0000000000
-126.5769441164,-7.2222222222,0.0000000000
-126.2496645986,-6.7407407407,0.0000000000
-126.5769441164,-6.5000000000,0.0000000000
-126.5769441164,-6.7407407407,0.0000000000
-126.2496645986,-6.2592592593,0.0000000000
-126.5769441164,-6.0185185185,0.0000000000
-126.5769441164,-6.2592592593,0.0000000000
-126.2496645986,-5.7777777778,0.0000000000
-126.5769441164,-5.5370370370,0.0000000000
-126.5769441164,-5.7777777778,0.0000000000
-126.2496645986,-5.2962962963,0.0000000000
-126.5769441164,-5.0555555556,0.0000000000
-126.5769441164,-5.2962962963,0.0000000000
-126.2496645986,-4.8148148148,0.0000000000
-126.5769441164,-4.5740740741,0.0000000000
-126.5769441164,-4.8148148148,0.0000000000
-126.2496645986,-4.3333333333,0.0000000000
-126.5769441164,-4.0925925926,0.0000000000
-126.5769441164,-4.3333333333,0.0000000000
-126.2496645986,-3.8518518519,0.0000000000
-126.5769441164,-3.6111111111,0.0000000000
-126.5769441164,-3.8518518519,0.0000000000
-126.2496645986,-3.3703703704,0.0000000000
-126.5769441164,-3.1296296296,0.0000000000
-126.5769441164,-3.3703703704,0.0000000000
-126.2496645986,-2.8888888889,0.0000000000
-126.5769441164,-2.6481481482,0.0000000000
-126.5769441164,-2.8888888889,0.0000000000
-126.2496645986,-2.4074074074,0.0000000000
-126.5769441164,-2.1666666667,0.0000000000
-126.5769441164,-2.4074074074,0.0000000000
-126.2496645986,-1.9259259259,0.0000000000
-126.5769441164,-1.6851851852,0.0000000000
-126.5769441164,-1.9259259259,0.0000000000
-126.2496645986,-1.4444444444,0.0000000000
-126.5769441164,-1.2037037037,0.0000000000
-126.5769441164,-1.4444444444,0.0000000000
-126.2496645986,-0.9629629630,0.0000000000
-126.5769441164,-0.7222222222,0.0000000000
-126.5769441164,-0.9629629630,0.0000000000
-126.2496645986,-0.4814814815,0.0000000000
-126.5769441164,-0.2407407407,0.0000000000
-126.5769441164,-0.4814814815,0.0000000000
-126.2496645986,-0.0000000000,0.0000000000
-126.5769441164,0.2407407407,0.0000000000
-126.5769441164,-0.0000000000,0.0000000000
-126.2496645986,0.4814814815,0.0000000000
-126.5769441164,0.7222222222,0.0000000000
-126.5769441164,0.4814814815,0.0000000000
-126.2496645986,0.9629629630,0.0000000000
-126.5769441164,1.2037037037,0.0000000000
-126.5769441164,0.9629629630,0.0000000000
-126.2496645986,1.4444444444,0.0000000000
-126.5769441164,1.6851851852,0.0000000000
-126.5769441164,1.4444444444,0.0000000000
-126.2496645986,1.9259259259,0.0000000000
-126.5769441164,2.1666666667,0.0000000000
-126.5769441164,1.9259259259,0.0000000000
-126.2496645986,2.4074074074,0.0000000000
-126.5769441164,2.6481481481,0.0000000000
-126.5769441164,2.4074074074,0.0000000000
-126.2496645986,2.8888888889,0.0000000000
-126.5769441164,3.1296296296,0.0000000000
-126.5769441164,2.8888888889,0.0000000000
-126.2496645986,3.3703703704,0.0000000000
-126.5769441164,3.6111111111,0.0000000000
-126.5769441164,3.3703703704,0.0000000000
-126.2496645986,3.8518518518,0.0000000000
-126.5769441164,4.0925925926,0.0000000000
-126.5769441164,3.8518518518,0.0000000000
-126.2496645986,4.3333333333,0.0000000000
-126.5769441164,4.5740740741,0.0000000000
-126.5769441164,4.3333333333,0.0000000000
-126.2496645986,4.8148148148,0.0000000000
-126.5769441164,5.0555555556,0.0000000000
-126.5769441164,4.8148148148,0.0000000000
-126.2496645986,5.2962962963,0.0000000000
-126.5769441164,5.5370370370,0.0000000000
-126.5769441164,5.2962962963,0.0000000000
-126.2496645986,5.7777777778,0.0000000000
-126.5769441164,6.0185185185,0.0000000000
-126.5769441164,5.7777777778,0.0000000000
-126.2496645986,6.2592592593,0.0000000000
-126.5769441164,6.5000000000,0.0000000000
-126.5769441164,6.2592592593,0.0000000000
-126.2496645986,6.7407407407,0.0000000000
-126.5769441164,6.9814814815,0.0000000000
-126.5769441164,6.7407407407,0.0000000000
-126.2496645986,7.2222222222,0.0000000000
-126.5769441164,7.4629629630,0.0000000000
-126.5769441164,7.2222222222,0.0000000000
-126.2496645986,7.7037037037,0.0000000000
-126.5769441164,7.9444444444,0.0000000000
-126.5769441164,7.7037037037,0.0000000000
-126.2496645986,8.1851851852,0.0000000000
-126.5769441164,8.4259259259,0.0000000000
-126.5769441164,8.1851851852,0.0000000000
-126.2496645986,8.6666666667,0.0000000000
-126.5769441164,8.9074074074,0.0000000000
-126.5769441164,8.6666666667,0.0000000000
-126.2496645986,9.1481481481,0.0000000000
-126.5769441164,9.3888888889,0.0000000000
-126.5769441164,9.1481481481,0.0000000000
-126.2496645986,9.6296296296,0.0000000000
-126.5769441164,9.8703703704,0.0000000000
-126.5769441164,9.6296296296,0.0000000000
-126.2496645986,10.1111111111,0.0000000000
-126.5769441164,10.3518518518,0.0000000000
-126.5769441164,10.1111111111,0.0000000000
-126.2496645986,10.5925925926,0.0000000000
-126.5769441164,10.8333333333,0.0000000000
-126.5769441164,10.5925925926,0.0000000000
-126.2496645986,11.0740740741,0.0000000000
-126.5769441164,11.3148148148,0.0000000000
-126.5769441164,11.0740740741,0.0000000000
-126.2496645986,11.5555555555,0.0000000000
-126.5769441164,11.7962962963,0.0000000000
-126.5769441164,11.5555555555,0.0000000000
-126.2496645986,12.0370370370,0.0000000000
-126.5769441164,12.2777777778,0.0000000000
-126.5769441164,12.0370370370,0.0000000000
-126.2496645986,12.5185185185,0.0000000000
-126.5769441164,12.7592592593,0.0000000000
-126.5769441164,12.5185185185,0.0000000000
-126.2496645986,13.0000000000,0.0000000000
-126.5769441164,13.2407407407,0.0000000000
-126.5769441164,13.0000000000,0.0000000000
-126.2496645986,13.4814814815,0.0000000000
-126.5769441164,13.7222222222,0.0000000000
-126.5769441164,13.4814814815,0.0000000000
-126.2496645986,13.9629629630,0.0000000000
-126.5769441164,14.2037037037,0.0000000000
-126.5769441164,13.9629629630,0.0000000000
-126.2496645986,14.4444444444,0.0000000000
-126.5769441164,14.6851851852,0.0000000000
-126.5769441164,14.4444444444,0.0000000000
-126.2496645986,14.9259259259,0.0000000000
-126.5769441164,15.1666666667,0.0000000000
-126.5769441164,14.9259259259,0.0000000000
-126.2496645986,15.4074074074,0.0000000000
-126.5769441164,15.6481481481,0.0000000000
-126.5769441164,15.4074074074,0.0000000000
-126.2496645986,15.8888888889,0.0000000000
-126.5769441164,16.1296296296,0.0000000000
-126.5769441164,15.8888888889,0.0000000000
-126.2496645986,16.3703703704,0.0000000000
-126.5769441164,16.6111111111,0.0000000000
-126.5769441164,16.3703703704,0.0000000000
-126.2496645986,16.8518518518,0.0000000000
-126.5769441164,17.0925925926,0.0000000000
-126.5769441164,16.8518518518,0.0000000000
-126.2496645986,17.3333333333,0.0000000000
-126.5769441164,17.5740740741,0.0000000000
-126.5769441164,17.3333333333,0.0000000000
-126.2496645986,17.8148148148,0.0000000000
-126.5769441164,18.0555555555,0.0000000000
-126.5769441164,17.8148148148,0.0000000000
-126.2496645986,18.2962962963,0.0000000000
-126.5769441164,18.5370370370,0.0000000000
-126.5769441164,18.2962962963,0.0000000000
-126.2496645986,18.7777777778,0.0000000000
-126.5769441164,19.0185185185,0.0000000000
-126.5769441164,18.7777777778,0.0000000000
-126.2496645986,19.2592592593,0.0000000000
-126.5769441164,19.5000000000,0.0000000000
-126.5769441164,19.2592592593,0.0000000000
-126.2496645986,19.7407407407,0.0000000000
-126.5769441164,19.9814814815,0.0000000000
-126.5769441164,19.7407407407,0.0000000000
-126.2496645986,20.2222222222,0.0000000000
-126.5769441164,20.4629629630,0.0000000000
-126.5769441164,20.2222222222,0.0000000000
-126.2496645986,20.7037037037,0.0000000000
-126.5769441164,20.9444444444,0.0000000000
-126.5769441164,20.7037037037,0.0000000000
-126.2496645986,21.1851851852,0.0000000000
-126.5769441164,21.4259259259,0.0000000000
-126.5769441164,21.1851851852,0.0000000000
-126.2496645986,21.6666666667,0.0000000000
-126.5769441164,21.9074074074,0.0000000000
-126.5769441164,21.6666666667,0.0000000000
-126.2496645986,22.1481481481,0.0000000000
-126.5769441164,22.3888888889,0.0000000000
-126.5769441164,22.1481481481,0.0000000000
-126.2496645986,22.6296296296,0.0000000000
-126.5769441164,22.8703703704,0.0000000000
-126.5769441164,22.6296296296,0.0000000000
-126.2496645986,23.1111111111,0.0000000000
-126.5769441164,23.3518518518,0.0000000000
-126.5769441164,23.1111111111,0.0000000000
-126.2496645986,23.5925925926,0.0000000000
-126.5769441164,23.8333333333,0.0000000000
-126.5769441164,23.5925925926,0.0000000000
-126.2496645986,24.0740740741,0.0000000000
-126.5769441164,24.3148148148,0.0000000000
-126.5769441164,24.0740740741,0.0000000000
-126.2496645986,24.5555555555,0.0000000000
-126.5769441164,24.7962962963,0.0000000000
-126.5769441164,24.5555555555,0.0000000000
-126.2496645986,25.0370370370,0.0000000000
-126.5769441164,25.2777777778,0.0000000000
-126.5769441164,25.0370370370,0.0000000000
-126.2496645986,25.5185185185,0.0000000000
-126.5769441164,25.7592592593,0.0000000000
-126.5769441164,25.5185185185,0.0000000000
-126.2496645986,26.0000000000,0.0000000000
-126.5769441164,26.2407407407,0.0000000000
-126.5769441164,26.0000000000,0.0000000000
-126.2496645986,26.4814814815,0.0000000000
-126.5769441164,26.7222222222,0.0000000000
-126.5769441164,26.4814814815,0.0000000000
-126.2496645986,26.9629629630,0.0000000000
-126.5769441164,27.2037037037,0.0000000000
-126.5769441164,26.9629629630,0.0000000000
-126.2496645986,27.4444444444,0.0000000000
-126.5769441164,27.6851851852,0.0000000000
-126.5769441164,27.4444444444,0.0000000000
-126.2496645986,27.9259259259,0.0000000000
-126.5769441164,28.1666666667,0.0000000000
-126.5769441164,27.9259259259,0.0000000000
-126.2496645986,28.4074074074,0.0000000000
-126.5769441164,28.6481481481,0.0000000000
-126.5769441164,28.4074074074,0.0000000000
-126.2496645986,28.8888888889,0.0000000000
-126.5769441164,29.1296296296,0.0000000000
-126.5769441164,28.8888888889,0.0000000000
-126.2496645986,29.3703703704,0.0000000000
-126.5769441164,29.6111111111,0.0000000000
-126.5769441164,29.3703703704,0.0000000000
-126.2496645986,29.8518518518,0.0000000000
-126.5769441164,30.0925925926,0.0000000000
-126.5769441164,29.8518518518,0.0000000000
-126.2496645986,30.3333333333,0.0000000000
-126.5769441164,30.5740740741,0.0000000000
-126.5769441164,30.3333333333,0.0000000000
-126.2496645986,30.8148148148,0.0000000000
-126.5769441164,31.0555555555,0.0000000000
-126.5769441164,30.8148148148,0.0000000000
-126.2496645986,31.2962962963,0.0000000000
-126.5769441164,31.5370370370,0.0000000000
-126.5769441164,31.2962962963,0.0000000000
-126.2496645986,31.7777777778,0.0000000000
-126.5769441164,32.0185185185,0.0000000000
-126.5769441164,31.7777777778,0.0000000000
-126.2496645986,32.2592592593,0.0000000000
-126.5769441164,32.2592592593,0.0000000000
-125.4641937551,-32.2592592593,0.0000000000
-125.8569291769,-32.0185185185,0.0000000000
-125.8569291769,-32.2592592593,0.0000000000
-125.4641937551,-31.7777777778,0.0000000000
-125.8569291769,-31.5370370370,0.0000000000
-125.8569291769,-31.7777777778,0.0000000000
-125.4641937551,-31.2962962963,0.0000000000
-125.8569291769,-31.0555555556,0.0000000000
-125.8569291769,-31.2962962963,0.0000000000
-125.4641937551,-30.8148148148,0.0000000000
-125.8569291769,-30.5740740741,0.0000000000
-125.8569291769,-30.8148148148,0.0000000000
-125.4641937551,-30.3333333333,0.0000000000
-125.8569291769,-30.0925925926,0.0000000000
-125.8569291769,-30.3333333333,0.0000000000
-125.4641937551,-29.8518518519,0.0000000000
-125.8569291769,-29.6111111111,0.0000000000
-125.8569291769,-29.8518518519,0.0000000000
-125.4641937551,-29.3703703704,0.0000000000
-125.8569291769,-29.1296296296,0.0000000000
-125.8569291769,-29.3703703704,0.0000000000
-125.4641937551,-28.8888888889,0.0000000000
-125.8569291769,-28.6481481481,0.0000000000
-125.8569291769,-28.8888888889,0.0000000000
-125.4641937551,-28.4074074074,0.0000000000
-125.8569291769,-28.1666666667,0.0000000000
-125.8569291769,-28.4074074074,0.0000000000
-125.4641937551,-27.9259259259,0.0000000000
-125.8569291769,-27.6851851852,0.0000000000
-125.8569291769,-27.9259259259,0.0000000000
-125.4641937551,-27.4444444444,0.0000000000
-125.8569291769,-27.2037037037,0.0000000000
-125.8569291769,-27.4444444444,0.0000000000
-125.4641937551,-26.9629629630,0.0000000000
-125.8569291769,-26.7222222222,0.0000000000
-125.8569291769,-26.9629629630,0.0000000000
-125.4641937551,-26.4814814815,0.0000000000
-125.8569291769,-26.2407407407,0.0000000000
-125.8569291769,-26.4814814815,0.0000000000
-125.4641937551,-26.0000000000,0.0000000000
-125.8569291769,-25.7592592593,0.0000000000
-125.8569291769,-26.0000000000,0.0000000000
-125.4641937551,-25.5185185185,0.0000000000
-125.8569291769,-25.2777777778,0.0000000000
-125.8569291769,-25.5185185185,0.0000000000
-125.4641937551,-25.0370370370,0.0000000000
-125.8569291769,-24.7962962963,0.0000000000
-125.8569291769,-25.0370370370,0.0000000000
-125.4641937551,-24.5555555556,0.0000000000
-125.8569291769,-24.3148148148,0.0000000000
-125.8569291769,-24.5555555556,0.0000000000
-125.4641937551,-24.0740740741,0.0000000000
-125.8569291769,-23.8333333333,0.0000000000
-125.8569291769,-24.0740740741,0.0000000000
-125.4641937551,-23.5925925926,0.0000000000
-125.8569291769,-23.3518518519,0.0000000000
-125.8569291769,-23.5925925926,0.0000000000
-125.4641937551,-23.1111111111,0.0000000000
-125.8569291769,-22.8703703704,0.0000000000
-125.8569291769,-23.1111111111,0.0000000000
-125.4641937551,-22.6296296296,0.0000000000
-125.8569291769,-22.3888888889,0.0000000000
-125.8569291769,-22.6296296296,0.0000000000
-125.4641937551,-22.1481481481,0.0000000000
-125.8569291769,-21.9074074074,0.0000000000
-125.8569291769,-22.1481481481,0.0000000000
-125.4641937551,-21.6666666667,0.0000000000
-125.8569291769,-21.4259259259,0.0000000000
-125.8569291769,-21.6666666667,0.0000000000
-125.4641937551,-21.1851851852,0.0000000000
-125.8569291769,-20.9444444444,0.0000000000
-125.8569291769,-21.1851851852,0.0000000000
-125.4641937551,-20.7037037037,0.0000000000
-125.8569291769,-20.4629629630,0.0000000000
-125.8569291769,-20.7037037037,0.0000000000
-125.4641937551,-20.2222222222,0.0000000000
-125.8569291769,-19.9814814815,0.0000000000
-125.8569291769,-20.2222222222,0.0000000000
-125.4641937551,-19.7407407407,0.0000000000
-125.8569291769,-19.5000000000,0.0000000000
-125.8569291769,-19.7407407407,0.0000000000
-125.4641937551,-19.2592592593,0.0000000000
-125.8569291769,-19.0185185185,0.0000000000
-125.8569291769,-19.2592592593,0.0000000000
-125.4641937551,-18.7777777778,0.0000000000
-125.8569291769,-18.5370370370,0.0000000000
-125.8569291769,-18.7777777778,0.0000000000
-125.4641937551,-18.2962962963,0.0000000000
-125.8569291769,-18.0555555556,0.0000000000
-125.8569291769,-18.2962962963,0.0000000000
-125.4641937551,-17.8148148148,0.0000000000
-125.8569291769,-17.5740740741,0.0000000000
-125.8569291769,-17.8148148148,0.0000000000
-125.4641937551,-17.3333333333,0.0000000000
-125.8569291769,-17.0925925926,0.0000000000
-125.8569291769,-17.3333333333,0.0000000000
-125.4641937551,-16.8518518519,0.0000000000
-125.8569291769,-16.6111111111,0.0000000000
-125.8569291769,-16.8518518519,0.0000000000
-125.4641937551,-16.3703703704,0.0000000000
-125.8569291769,-16.1296296296,0.0000000000
-125.8569291769,-16.3703703704,0.0000000000
-125.4641937551,-15.8888888889,0.0000000000
-125.8569291769,-15.6481481482,0.0000000000
-125.8569291769,-15.8888888889,0.0000000000
-125.4641937551,-15.4074074074,0.0000000000
-125.8569291769,-15.1666666667,0.0000000000
-125.8569291769,-15.4074074074,0.0000000000
-125.4641937551,-14.9259259259,0.0000000000
-125.8569291769,-14.6851851852,0.0000000000
-125.8569291769,-14.9259259259,0.0000000000
-125.4641937551,-14.4444444444,0.0000000000
-125.8569291769,-14.2037037037,0.0000000000
-125.8569291769,-14.4444444444,0.0000000000
-125.4641937551,-13.9629629630,0.0000000000
-125.8569291769,-13.7222222222,0.0000000000
-125.8569291769,-13.9629629630,0.0000000000
-125.4641937551,-13.4814814815,0.0000000000
-125.8569291769,-13.2407407407,0.0000000000
-125.8569291769,-13.4814814815,0.0000000000
-125.4641937551,-13.0000000000,0.0000000000
-125.8569291769,-12.7592592593,0.0000000000
-125.8569291769,-13.0000000000,0.0000000000
-125.4641937551,-12.5185185185,0.0000000000
-125.8569291769,-12.2777777778,0.0000000000
-125.8569291769,-12.5185185185,0.0000000000
-125.4641937551,-12.0370370370,0.0000000000
-125.8569291769,-11.7962962963,0.0000000000
-125.8569291769,-12.0370370370,0.0000000000
-125.4641937551,-11.5555555556,0.0000000000
-125.8569291769,-11.3148148148,0.0000000000
-125.8569291769,-11.5555555556,0.0000000000
-125.4641937551,-11.0740740741,0.0000000000
-125.8569291769,-10.8333333333,0.0000000000
-125.8569291769,-11.0740740741,0.0000000000
-125.4641937551,-10.5925925926,0.0000000000
-125.8569291769,-10.3518518519,0.0000000000
-125.8569291769,-10.5925925926,0.0000000000
-125.4641937551,-10.1111111111,0.0000000000
-125.8569291769,-9.8703703704,0.0000000000
-125.8569291769,-10.1111111111,0.0000000000
-125.4641937551,-9.6296296296,0.0000000000
-125.8569291769,-9.3888888889,0.0000000000
-125.8569291769,-9.6296296296,0.0000000000
-125.4641937551,-9.1481481482,0.0000000000
-125.8569291769,-8.9074074074,0.0000000000
-125.8569291769,-9.1481481482,0.0000000000
-125.4641937551,-8.6666666667,0.0000000000
-125.8569291769,-8.4259259259,0.0000000000
-125.8569291769,-8.6666666667,0.0000000000
-125.4641937551,-8.1851851852,0.0000000000
-125.8569291769,-7.9444444444,0.0000000000
-125.8569291769,-8.1851851852,0.0000000000
-125.4641937551,-7.7037037037,0.0000000000
-125.8569291769,-7.4629629630,0.0000000000
-125.8569291769,-7.7037037037,0.0000000000
-125.4641937551,-7.2222222222,0.0000000000
-125.8569291769,-6.9814814815,0.0000000000
-125.8569291769,-7.2222222222,0.0000000000
-125.4641937551,-6.7407407407,0.0000000000
-125.8569291769,-6.5000000000,0.0000000000
-125.8569291769,-6.7407407407,0.0000000000
-125.4641937551,-6.2592592593,0.0000000000
-125.8569291769,-6.0185185185,0.0000000000
-125.8569291769,-6.2592592593,0.0000000000
-125.4641937551,-5.7777777778,0.0000000000
-125.8569291769,-5.5370370370,0.0000000000
-125.8569291769,-5.7777777778,0.0000000000
-125.4641937551,-5.2962962963,0.0000000000
-125.8569291769,-5.0555555556,0.0000000000
-125.8569291769,-5.2962962963,0.0000000000
-125.4641937551,-4.8148148148,0.0000000000
-125.8569291769,-4.5740740741,0.0000000000
-125.8569291769,-4.8148148148,0.0000000000
-125.4641937551,-4.3333333333,0.0000000000
-125.8569291769,-4.0925925926,0.0000000000
-125.8569291769,-4.3333333333,0.0000000000
-125.4641937551,-3.8518518519,0.0000000000
-125.8569291769,-3.6111111111,0.0000000000
-125.8569291769,-3.8518518519,0.0000000000
-125.4641937551,-3.3703703704,0.0000000000
-125.8569291769,-3.1296296296,0.0000000000
-125.8569291769,-3.3703703704,0.0000000000
-125.4641937551,-2.8888888889,0.0000000000
-125.8569291769,-2.6481481482,0.0000000000
-125.8569291769,-2.8888888889,0.0000000000
-125.4641937551,-2.4074074074,0.0000000000
-125.8569291769,-2.1666666667,0.0000000000
-125.8569291769,-2.4074074074,0.0000000000
-125.4641937551,-1.9259259259,0.0000000000
-125.8569291769,-1.6851851852,0.0000000000
-125.8569291769,-1.9259259259,0.0000000000
-125.4641937551,-1.4444444444,0.0000000000
-125.8569291769,-1.2037037037,0.0000000000
-125.8569291769,-1.4444444444,0.0000000000
-125.4641937551,-0.9629629630,0.0000000000
-125.8569291769,-0.7222222222,0.0000000000
-125.8569291769,-0.9629629630,0.0000000000
-125.4641937551,-0.4814814815,0.0000000000
-125.8569291769,-0.2407407407,0.0000000000
-125.8569291769,-0.4814814815,0.0000000000
-125.4641937551,-0.0000000000,0.0000000000
-125.8569291769,0.2407407407,0.0000000000
-125.8569291769,-0.0000000000,0.0000000000
-125.4641937551,0.4814814815,0.0000000000
-125.8569291769,0.7222222222,0.0000000000
-125.8569291769,0.4814814815,0.0000000000
-125.4641937551,0.9629629630,0.0000000000
-125.8569291769,1.2037037037,0.0000000000
-125.8569291769,0.9629629630,0.0000000000
-125.4641937551,1.4444444444,0.0000000000
-125.8569291769,1.6851851852,0.0000000000
-125.8569291769,1.4444444444,0.0000000000
-125.4641937551,1.9259259259,0.0000000000
-125.8569291769,2.1666666667,0.0000000000
-125.8569291769,1.9259259259,0.0000000000
-125.4641937551,2.4074074074,0.0000000000
-125.8569291769,2.6481481481,0.0000000000
-125.8569291769,2.4074074074,0.0000000000
-125.4641937551,2.8888888889,0.0000000000
-125.8569291769,3.1296296296,0.0000000000
-125.8569291769,2.8888888889,0.0000000000
-125.4641937551,3.3703703704,0.0000000000
-125.8569291769,3.6111111111,0.0000000000
-125.8569291769,3.3703703704,0.0000000000
-125.4641937551,3.8518518518,0.0000000000
-125.8569291769,4.0925925926,0.0000000000
-125.8569291769,3.8518518518,0.0000000000
-125.4641937551,4.3333333333,0.0000000000
-125.8569291769,4.5740740741,0.0000000000
-125.8569291769,4.3333333333,0.0000000000
-125.4641937551,4.8148148148,0.0000000000
-125.8569291769,5.0555555556,0.0000000000
-125.8569291769,4.8148148148,0.0000000000
-125.4641937551,5.2962962963,0.0000000000
-125.8569291769,5.5370370370,0.0000000000
-125.8569291769,5.2962962963,0.0000000000
-125.4641937551,5.7777777778,0.0000000000
-125.8569291769,6.0185185185,0.0000000000
-125.8569291769,5.7777777778,0.0000000000
-125.4641937551,6.2592592593,0.0000000000
-125.8569291769,6.5000000000,0.0000000000
-125.8569291769,6.2592592593,0.0000000000
-125.4641937551,6.7407407407,0.0000000000
-125.8569291769,6.9814814815,0.0000000000
-125.8569291769,6.7407407407,0.0000000000
-125.4641937551,7.2222222222,0.0000000000
-125.8569291769,7.4629629630,0.0000000000
-125.8569291769,7.2222222222,0.0000000000
-125.4641937551,7.7037037037,0.0000000000
-125.8569291769,7.9444444444,0.0000000000
-125.8569291769,7.7037037037,0.0000000000
-125.4641937551,8.1851851852,0.0000000000
-125.8569291769,8.4259259259,0.0000000000
-125.8569291769,8.1851851852,0.0000000000
-125.4641937551,8.6666666667,0.0000000000
-125.8569291769,8.9074074074,0.0000000000
-125.8569291769,8.6666666667,0.0000000000
-125.4641937551,9.1481481481,0.0000000000
-125.8569291769,9.3888888889,0.0000000000
-125.8569291769,9.1481481481,0.0000000000
-125.4641937551,9.6296296296,0.0000000000
-125.8569291769,9.8703703704,0.0000000000
-125.8569291769,9.6296296296,0.0000000000
-125.4641937551,10.1111111111,0.0000000000
-125.8569291769,10.3518518518,0.0000000000
-125.8569291769,10.1111111111,0.0000000000
-125.4641937551,10.5925925926,0.0000000000
-125.8569291769,10.8333333333,0.0000000000
-125.8569291769,10.5925925926,0.0000000000
-125.4641937551,11.0740740741,0.0000000000
-125.8569291769,11.3148148148,0.0000000000
-125.8569291769,11.0740740741,0.0000000000
-125.4641937551,11.5555555555,0.0000000000
-125.8569291769,11.7962962963,0.0000000000
-125.8569291769,11.5555555555,0.0000000000
-125.4641937551,12.0370370370,0.0000000000
-125.8569291769,12.2777777778,0.0000000000
-125.8569291769,12.0370370370,0.0000000000
-125.4641937551,12.5185185185,0.0000000000
-125.8569291769,12.7592592593,0.0000000000
-125.8569291769,12.5185185185,0.0000000000
-125.4641937551,13.0000000000,0.0000000000
-125.8569291769,13.2407407407,0.0000000000
-125.8569291769,13.0000000000,0.0000000000
-125.4641937551,13.4814814815,0.0000000000
-125.8569291769,13.7222222222,0.0000000000
-125.8569291769,13.4814814815,0.0000000000
-125.4641937551,13.9629629630,0.0000000000
-125.8569291769,14.2037037037,0.0000000000
-125.8569291769,13.9629629630,0.0000000000
-125.4641937551,14.4444444444,0.0000000000
-125.8569291769,14.6851851852,0.0000000000
-125.8569291769,14.4444444444,0.0000000000
-125.4641937551,14.9259259259,0.0000000000
-125.8569291769,15.1666666667,0.0000000000
-125.8569291769,14.9259259259,0.0000000000
-125.4641937551,15.4074074074,0.0000000000
-125.8569291769,15.6481481481,0.0000000000
-125.8569291769,15.4074074074,0.0000000000
-125.4641937551,15.8888888889,0.0000000000
-125.8569291769,16.1296296296,0.0000000000
-125.8569291769,15.8888888889,0.0000000000
-125.4641937551,16.3703703704,0.0000000000
-125.8569291769,16.6111111111,0.0000000000
-125.8569291769,16.3703703704,0.0000000000
-125.4641937551,16.8518518518,0.0000000000
-125.8569291769,17.0925925926,0.0000000000
-125.8569291769,16.8518518518,0.0000000000
-125.4641937551,17.3333333333,0.0000000000
-125.8569291769,17.5740740741,0.0000000000
-125.8569291769,17.3333333333,0.0000000000
-125.4641937551,17.8148148148,0.0000000000
-125.8569291769,18.0555555555,0.0000000000
-125.8569291769,17.8148148148,0.0000000000
-125.4641937551,18.2962962963,0.0000000000
-125.8569291769,18.5370370370,0.0000000000
-125.8569291769,18.2962962963,0.0000000000
-125.4641937551,18.7777777778,0.0000000000
-125.8569291769,19.0185185185,0.0000000000
-125.8569291769,18.7777777778,0.0000000000
-125.4641937551,19.2592592593,0.0000000000
-125.8569291769,19.5000000000,0.0000000000
-125.8569291769,19.2592592593,0.0000000000
-125.4641937551,19.7407407407,0.0000000000
-125.8569291769,19.9814814815,0.0000000000
-125.8569291769,19.7407407407,0.0000000000
-125.4641937551,20.2222222222,0.0000000000
-125.8569291769,20.4629629630,0.0000000000
-125.8569291769,20.2222222222,0.0000000000
-125.4641937551,20.7037037037,0.0000000000
-125.8569291769,20.9444444444,0.0000000000
-125.8569291769,20.7037037037,0.0000000000
-125.4641937551,21.1851851852,0.0000000000
-125.8569291769,21.4259259259,0.0000000000
-125.8569291769,21.1851851852,0.0000000000
-125.4641937551,21.6666666667,0.0000000000
-125.8569291769,21.9074074074,0.0000000000
-125.8569291769,21.6666666667,0.0000000000
-125.4641937551,22.1481481481,0.0000000000
-125.8569291769,22.3888888889,0.0000000000
-125.8569291769,22.1481481481,0.0000000000
-125.4641937551,22.6296296296,0.0000000000
-125.8569291769,22.8703703704,0.0000000000
-125.8569291769,22.6296296296,0.0000000000
-125.4641937551,23.1111111111,0.0000000000
-125.8569291769,23.3518518518,0.0000000000
-125.8569291769,23.1111111111,0.0000000000
-125.4641937551,23.5925925926,0.0000000000
-125.8569291769,23.8333333333,0.0000000000
-125.8569291769,23.5925925926,0.0000000000
-125.4641937551,24.0740740741,0.0000000000
-125.8569291769,24.3148148148,0.0000000000
-125.8569291769,24.0740740741,0.0000000000
-125.4641937551,24.5555555555,0.0000000000
-125.8569291769,24.7962962963,0.0000000000
-125.8569291769,24.5555555555,0.0000000000
-125.4641937551,25.0370370370,0.0000000000
-125.8569291769,25.2777777778,0.0000000000
-125.8569291769,25.0370370370,0.0000000000
-125.4641937551,25.5185185185,0.0000000000
-125.8569291769,25.7592592593,0.0000000000
-125.8569291769,25.5185185185,0.0000000000
-125.4641937551,26.0000000000,0.0000000000
-125.8569291769,26.2407407407,0.0000000000
-125.8569291769,26.0000000000,0.0000000000
-125.4641937551,26.4814814815,0.0000000000
-125.8569291769,26.7222222222,0.0000000000
-125.8569291769,26.4814814815,0.0000000000
-125.4641937551,26.9629629630,0.0000000000
-125.8569291769,27.2037037037,0.0000000000
-125.8569291769,26.9629629630,0.0000000000
-125.4641937551,27.4444444444,0.0000000000
-125.8569291769,27.6851851852,0.0000000000
-125.8569291769,27.4444444444,0.0000000000
-125.4641937551,27.9259259259,0.0000000000
-125.8569291769,28.1666666667,0.0000000000
-125.8569291769,27.9259259259,0.0000000000
-125.4641937551,28.4074074074,0.0000000000
-125.8569291769,28.6481481481,0.0000000000
-125.8569291769,28.4074074074,0.0000000000
-125.4641937551,28.8888888889,0.0000000000
-125.8569291769,29.1296296296,0.0000000000
-125.8569291769,28.8888888889,0.0000000000
-125.4641937551,29.3703703704,0.0000000000
-125.8569291769,29.6111111111,0.0000000000
-125.8569291769,29.3703703704,0.0000000000
-125.4641937551,29.8518518518,0.0000000000
-125.8569291769,30.0925925926,0.0000000000
-125.8569291769,29.8518518518,0.0000000000
-125.4641937551,30.3333333333,0.0000000000
-125.8569291769,30.5740740741,0.0000000000
-125.8569291769,30.3333333333,0.0000000000
-125.4641937551,30.8148148148,0.0000000000
-125.8569291769,31.0555555555,0.0000000000
-125.8569291769,30.8148148148,0.0000000000
-125.4641937551,31.2962962963,0.0000000000
-125.8569291769,31.5370370370,0.0000000000
-125.8569291769,31.2962962963,0.0000000000
-125.4641937551,31.7777777778,0.0000000000
-125.8569291769,32.0185185185,0.0000000000
-125.8569291769,31.7777777778,0.0000000000
-125.4641937551,32.2592592593,0.0000000000
-125.8569291769,32.2592592593,0.0000000000
-124.5216288969,-32.2592592593,0.0000000000
-124.9929113260,-32.0185185185,0.0000000000
-124.9929113260,-32.2592592593,0.0000000000
-124.5216288969,-31.7777777778,0.0000000000
-124.9929113260,-31.5370370370,0.0000000000
-124.9929113260,-31.7777777778,0.0000000000
-124.5216288969,-31.2962962963,0.0000000000
-124.9929113260,-31.0555555556,0.0000000000
-124.9929113260,-31.2962962963,0.0000000000
-124.5216288969,-30.8148148148,0.0000000000
-124.9929113260,-30.5740740741,0.0000000000
-124.9929113260,-30.8148148148,0.0000000000
-124.5216288969,-30.3333333333,0.0000000000
-124.9929113260,-30.0925925926,0.0000000000
-124.9929113260,-30.3333333333,0.0000000000
-124.5216288969,-29.8518518519,0.0000000000
-124.9929113260,-29.6111111111,0.0000000000
-124.9929113260,-29.8518518519,0.0000000000
-124.5216288969,-29.3703703704,0.0000000000
-124.9929113260,-29.1296296296,0.0000000000
-124.9929113260,-29.3703703704,0.0000000000
-124.5216288969,-28.8888888889,0.0000000000
-124.9929113260,-28.6481481481,0.0000000000
-124.9929113260,-28.8888888889,0.0000000000
-124.5216288969,-28.4074074074,0.0000000000
-124.9929113260,-28.1666666667,0.0000000000
-124.9929113260,-28.4074074074,0.0000000000
-124.5216288969,-27.9259259259,0.0000000000
-124.9929113260,-27.6851851852,0.0000000000
-124.9929113260,-27.9259259259,0.0000000000
-124.5216288969,-27.4444444444,0.0000000000
-124.9929113260,-27.2037037037,0.0000000000
-124.9929113260,-27.4444444444,0.0000000000
-124.5216288969,-26.9629629630,0.0000000000
-124.9929113260,-26.7222222222,0.0000000000
-124.9929113260,-26.9629629630,0.0000000000
-124.5216288969,-26.4814814815,0.0000000000
-124.9929113260,-26.2407407407,0.0000000000
-124.9929113260,-26.4814814815,0.0000000000
-124.5216288969,-26.0000000000,0.0000000000
-124.9929113260,-25.7592592593,0.0000000000
-124.9929113260,-26.0000000000,0.0000000000
-124.5216288969,-25.5185185185,0.0000000000
-124.9929113260,-25.2777777778,0.0000000000
-124.9929113260,-25.5185185185,0.0000000000
-124.5216288969,-25.0370370370,0.0000000000
-124.9929113260,-24.7962962963,0.0000000000
-124.9929113260,-25.0370370370,0.0000000000
-124.5216288969,-24.5555555556,0.0000000000
-124.9929113260,-24.3148148148,0.0000000000
-124.9929113260,-24.5555555556,0.0000000000
-124.5216288969,-24.0740740741,0.0000000000
-124.9929113260,-23.8333333333,0.0000000000
-124.9929113260,-24.0740740741,0.0000000000
-124.5216288969,-23.5925925926,0.0000000000
-124.9929113260,-23.3518518519,0.0000000000
-124.9929113260,-23.5925925926,0.0000000000
-124.5216288969,-23.1111111111,0.0000000000
-124.9929113260,-22.8703703704,0.0000000000
-124.9929113260,-23.1111111111,0.0000000000
-124.5216288969,-22.6296296296,0.0000000000
-124.9929113260,-22.3888888889,0.0000000000
-124.9929113260,-22.6296296296,0.0000000000
-124.5216288969,-22.1481481481,0.0000000000
-124.9929113260,-21.9074074074,0.0000000000
-124.9929113260,-22.1481481481,0.0000000000
-124.5216288969,-21.6666666667,0.0000000000
-124.9929113260,-21.4259259259,0.0000000000
-124.9929113260,-21.6666666667,0.0000000000
-124.5216288969,-21.1851851852,0.0000000000
-124.9929113260,-20.9444444444,0.0000000000
-124.9929113260,-21.1851851852,0.0000000000
-124.5216288969,-20.7037037037,0.0000000000
-124.9929113260,-20.4629629630,0.0000000000
-124.9929113260,-20.7037037037,0.0000000000
-124.5216288969,-20.2222222222,0.0000000000
-124.9929113260,-19.9814814815,0.0000000000
-124.9929113260,-20.2222222222,0.0000000000
-124.5216288969,-19.7407407407,0.0000000000
-124.9929113260,-19.5000000000,0.0000000000
-124.9929113260,-19.7407407407,0.0000000000
-124.5216288969,-19.2592592593,0.0000000000
-124.9929113260,-19.0185185185,0.0000000000
-124.9929113260,-19.2592592593,0.0000000000
-124.5216288969,-18.7777777778,0.0000000000
-124.9929113260,-18.5370370370,0.0000000000
-124.9929113260,-18.7777777778,0.0000000000
-124.5216288969,-18.2962962963,0.0000000000
-124.9929113260,-18.0555555556,0.0000000000
-124.9929113260,-18.2962962963,0.0000000000
-124.5216288969,-17.8148148148,0.0000000000
-124.9929113260,-17.5740740741,0.0000000000
-124.9929113260,-17.8148148148,0.0000000000
-124.5216288969,-17.3333333333,0.0000000000
-124.9929113260,-17.0925925926,0.0000000000
-124.9929113260,-17.3333333333,0.0000000000
-124.5216288969,-16.8518518519,0.0000000000
-124.9929113260,-16.6111111111,0.0000000000
-124.9929113260,-16.8518518519,0.0000000000
-124.5216288969,-16.3703703704,0.0000000000
-124.9929113260,-16.1296296296,0.0000000000
-124.9929113260,-16.3703703704,0.0000000000
-124.5216288969,-15.8888888889,0.0000000000
-124.9929113260,-15.6481481482,0.0000000000
-124.9929113260,-15.8888888889,0.0000000000
-124.5216288969,-15.4074074074,0.0000000000
-124.9929113260,-15.1666666667,0.0000000000
-124.9929113260,-15.4074074074,0.0000000000
-124.5216288969,-14.9259259259,0.0000000000
-124.9929113260,-14.6851851852,0.0000000000
-124.9929113260,-14.9259259259,0.0000000000
-124.5216288969,-14.4444444444,0.0000000000
-124.9929113260,-14.2037037037,0.0000000000
-124.9929113260,-14.4444444444,0.0000000000
-124.5216288969,-13.9629629630,0.0000000000
-124.9929113260,-13.7222222222,0.0000000000
-124.9929113260,-13.9629629630,0.0000000000
-124.5216288969,-13.4814814815,0.0000000000
-124.9929113260,-13.2407407407,0.0000000000
-124.9929113260,-13.4814814815,0.0000000000
-124.5216288969,-13.0000000000,0.0000000000
-124.9929113260,-12.7592592593,0.0000000000
-124.9929113260,-13.0000000000,0.0000000000
-124.5216288969,-12.5185185185,0.0000000000
-124.9929113260,-12.2777777778,0.0000000000
-124.9929113260,-12.5185185185,0.0000000000
-124.5216288969,-12.0370370370,0.0000000000
-124.9929113260,-11.7962962963,0.0000000000
-124.9929113260,-12.0370370370,0.0000000000
-124.5216288969,-11.5555555556,0.0000000000
-124.9929113260,-11.3148148148,0.0000000000
-124.9929113260,-11.5555555556,0.0000000000
-124.5216288969,-11.0740740741,0.0000000000
-124.9929113260,-10.8333333333,0.0000000000
-124.9929113260,-11.0740740741,0.0000000000
-124.5216288969,-10.5925925926,0.0000000000
-124.9929113260,-10.3518518519,0.0000000000
-124.9929113260,-10.5925925926,0.0000000000
-124.5216288969,-10.1111111111,0.0000000000
-124.9929113260,-9.8703703704,0.0000000000
-124.9929113260,-10.1111111111,0.0000000000
-124.5216288969,-9.6296296296,0.0000000000
-124.9929113260,-9.3888888889,0.0000000000
-124.9929113260,-9.6296296296,0.0000000000
-124.5216288969,-9.1481481482,0.0000000000
-124.9929113260,-8.9074074074,0.0000000000
-124.9929113260,-9.1481481482,0.0000000000
-124.5216288969,-8.6666666667,0.0000000000
-124.9929113260,-8.4259259259,0.0000000000
-124.9929113260,-8.6666666667,0.0000000000
-124.5216288969,-8.1851851852,0.0000000000
-124.9929113260,-7.9444444444,0.0000000000
-124.9929113260,-8.1851851852,0.0000000000
-124.5216288969,-7.7037037037,0.0000000000
-124.9929113260,-7.4629629630,0.0000000000
-124.9929113260,-7.7037037037,0.0000000000
-124.5216288969,-7.2222222222,0.0000000000
-124.9929113260,-6.9814814815,0.0000000000
-124.9929113260,-7.2222222222,0.0000000000
-124.5216288969,-6.7407407407,0.0000000000
-124.9929113260,-6.5000000000,0.0000000000
-124.9929113260,-6.7407407407,0.0000000000
-124.5216288969,-6.2592592593,0.0000000000
-124.9929113260,-6.0185185185,0.0000000000
-124.9929113260,-6.2592592593,0.0000000000
-124.5216288969,-5.7777777778,0.0000000000
-124.9929113260,-5.5370370370,0.0000000000
-124.9929113260,-5.7777777778,0.0000000000
-124.5216288969,-5.2962962963,0.0000000000
-124.9929113260,-5.0555555556,0.0000000000
-124.9929113260,-5.2962962963,0.0000000000
-124.5216288969,-4.8148148148,0.0000000000
-124.9929113260,-4.5740740741,0.0000000000
-124.9929113260,-4.8148148148,0.0000000000
-124.5216288969,-4.3333333333,0.0000000000
-124.9929113260,-4.0925925926,0.0000000000
-124.9929113260,-4.3333333333,0.0000000000
-124.5216288969,-3.8518518519,0.0000000000
-124.9929113260,-3.6111111111,0.0000000000
-124.9929113260,-3.8518518519,0.0000000000
-124.5216288969,-3.3703703704,0.0000000000
-124.9929113260,-3.1296296296,0.0000000000
-124.9929113260,-3.3703703704,0.0000000000
-124.5216288969,-2.8888888889,0.0000000000
-124.9929113260,-2.6481481482,0.0000000000
-124.9929113260,-2.8888888889,0.0000000000
-124.5216288969,-2.4074074074,0.0000000000
-124.9929113260,-2.1666666667,0.0000000000
-124.9929113260,-2.4074074074,0.0000000000
-124.5216288969,-1.9259259259,0.0000000000
-124.9929113260,-1.6851851852,0.0000000000
-124.9929113260,-1.9259259259,0.0000000000
-124.5216288969,-1.4444444444,0.0000000000
-124.9929113260,-1.2037037037,0.0000000000
-124.9929113260,-1.4444444444,0.0000000000
-124.5216288969,-0.9629629630,0.0000000000
-124.9929113260,-0.7222222222,0.0000000000
-124.9929113260,-0.9629629630,0.0000000000
-124.5216288969,-0.4814814815,0.0000000000
-124.9929113260,-0.2407407407,0.0000000000
-124.9929113260,-0.4814814815,0.0000000000
-124.5216288969,-0.0000000000,0.0000000000
-124.9929113260,0.2407407407,0.0000000000
-124.9929113260,-0.0000000000,0.0000000000
-124.5216288969,0.4814814815,0.0000000000
-124.9929113260,0.7222222222,0.0000000000
-124.9929113260,0.4814814815,0.0000000000
-124.5216288969,0.9629629630,0.0000000000
-124.9929113260,1.2037037037,0.0000000000
-124.9929113260,0.9629629630,0.0000000000
-124.5216288969,1.4444444444,0.0000000000
-124.9929113260,1.6851851852,0.0000000000
-124.9929113260,1.4444444444,0.0000000000
-124.5216288969,1.9259259259,0.0000000000
-124.9929113260,2.1666666667,0.0000000000
-124.9929113260,1.9259259259,0.0000000000
-124.5216288969,2.4074074074,0.0000000000
-124.9929113260,2.6481481481,0.0000000000
-124.9929113260,2.4074074074,0.0000000000
-124.5216288969,2.8888888889,0.0000000000
-124.9929113260,3.1296296296,0.0000000000
-124.9929113260,2.8888888889,0.0000000000
-124.5216288969,3.3703703704,0.0000000000
-124.9929113260,3.6111111111,0.0000000000
-124.9929113260,3.3703703704,0.0000000000
-124.5216288969,3.8518518518,0.0000000000
-124.9929113260,4.0925925926,0.0000000000
-124.9929113260,3.8518518518,0.0000000000
-124.5216288969,4.3333333333,0.0000000000
-124.9929113260,4.5740740741,0.0000000000
-124.9929113260,4.3333333333,0.0000000000
-124.5216288969,4.8148148148,0.0000000000
-124.9929113260,5.0555555556,0.0000000000
-124.9929113260,4.8148148148,0.0000000000
-124.5216288969,5.2962962963,0.0000000000
-124.9929113260,5.5370370370,0.0000000000
-124.9929113260,5.2962962963,0.0000000000
-124.5216288969,5.7777777778,0.0000000000
-124.9929113260,6.0185185185,0.0000000000
-124.9929113260,5.7777777778,0.0000000000
-124.5216288969,6.2592592593,0.0000000000
-124.9929113260,6.5000000000,0.0000000000
-124.9929113260,6.2592592593,0.0000000000
-124.5216288969,6.7407407407,0.0000000000
-124.9929113260,6.9814814815,0.0000000000
-124.9929113260,6.7407407407,0.0000000000
-124.5216288969,7.2222222222,0.0000000000
-124.9929113260,7.4629629630,0.0000000000
-124.9929113260,7.2222222222,0.0000000000
-124.5216288969,7.7037037037,0.0000000000
-124.9929113260,7.9444444444,0.0000000000
-124.9929113260,7.7037037037,0.0000000000
-124.5216288969,8.1851851852,0.0000000000
-124.9929113260,8.4259259259,0.0000000000
-124.9929113260,8.1851851852,0.0000000000
-124.5216288969,8.6666666667,0.0000000000
-124.9929113260,8.9074074074,0.0000000000
-124.9929113260,8.6666666667,0.0000000000
-124.5216288969,9.1481481481,0.0000000000
-124.9929113260,9.3888888889,0.0000000000
-124.9929113260,9.1481481481,0.0000000000
-124.5216288969,9.6296296296,0.0000000000
-124.9929113260,9.8703703704,0.0000000000
-124.9929113260,9.6296296296,0.0000000000
-124.5216288969,10.1111111111,0.0000000000
-124.9929113260,10.3518518518,0.0000000000
-124.9929113260,10.1111111111,0.0000000000
-124.5216288969,10.5925925926,0.0000000000
-124.9929113260,10.8333333333,0.0000000000
-124.9929113260,10.5925925926,0.0000000000
-124.5216288969,11.0740740741,0.0000000000
-124.9929113260,11.3148148148,0.0000000000
-124.9929113260,11.0740740741,0.0000000000
-124.5216288969,11.5555555555,0.0000000000
-124.9929113260,11.7962962963,0.0000000000
-124.9929113260,11.5555555555,0.0000000000
-124.5216288969,12.0370370370,0.0000000000
-124.9929113260,12.2777777778,0.0000000000
-124.9929113260,12.0370370370,0.0000000000
-124.5216288969,12.5185185185,0.0000000000
-124.9929113260,12.7592592593,0.0000000000
-124.9929113260,12.5185185185,0.0000000000
-124.5216288969,13.0000000000,0.0000000000
-124.9929113260,13.2407407407,0.0000000000
-124.9929113260,13.0000000000,0.0000000000
-124.5216288969,13.4814814815,0.0000000000
-124.9929113260,13.7222222222,0.0000000000
-124.9929113260,13.4814814815,0.0000000000
-124.5216288969,13.9629629630,0.0000000000
-124.9929113260,14.2037037037,0.0000000000
-124.9929113260,13.9629629630,0.0000000000
-124.5216288969,14.4444444444,0.0000000000
-124.9929113260,14.6851851852,0.0000000000
-124.9929113260,14.4444444444,0.0000000000
-124.5216288969,14.9259259259,0.0000000000
-124.9929113260,15.1666666667,0.0000000000
-124.9929113260,14.9259259259,0.0000000000
-124.5216288969,15.4074074074,0.0000000000
-124.9929113260,15.6481481481,0.0000000000
-124.9929113260,15.4074074074,0.0000000000
-124.5216288969,15.8888888889,0.0000000000
-124.9929113260,16.1296296296,0.0000000000
-124.9929113260,15.8888888889,0.0000000000
-124.5216288969,16.3703703704,0.0000000000
-124.9929113260,16.6111111111,0.0000000000
-124.9929113260,16.3703703704,0.0000000000
-124.5216288969,16.8518518518,0.0000000000
-124.9929113260,17.0925925926,0.0000000000
-124.9929113260,16.8518518518,0.0000000000
-124.5216288969,17.3333333333,0.0000000000
-124.9929113260,17.5740740741,0.0000000000
-124.9929113260,17.3333333333,0.0000000000
-124.5216288969,17.8148148148,0.0000000000
-124.9929113260,18.0555555555,0.0000000000
-124.9929113260,17.8148148148,0.0000000000
-124.5216288969,18.2962962963,0.0000000000
-124.9929113260,18.5370370370,0.0000000000
-124.9929113260,18.2962962963,0.0000000000
-124.5216288969,18.7777777778,0.0000000000
-124.9929113260,19.0185185185,0.0000000000
-124.9929113260,18.7777777778,0.0000000000
-124.5216288969,19.2592592593,0.0000000000
-124.9929113260,19.5000000000,0.0000000000
-124.9929113260,19.2592592593,0.0000000000
-124.5216288969,19.7407407407,0.0000000000
-124.9929113260,19.9814814815,0.0000000000
-124.9929113260,19.7407407407,0.0000000000
-124.5216288969,20.2222222222,0.0000000000
-124.9929113260,20.4629629630,0.0000000000
-124.9929113260,20.2222222222,0.0000000000
-124.5216288969,20.7037037037,0.0000000000
-124.9929113260,20.9444444444,0.0000000000
-124.9929113260,20.7037037037,0.0000000000
-124.5216288969,21.1851851852,0.0000000000
-124.9929113260,21.4259259259,0.0000000000
-124.9929113260,21.1851851852,0.0000000000
-124.5216288969,21.6666666667,0.0000000000
-124.9929113260,21.9074074074,0.0000000000
-124.9929113260,21.6666666667,0.0000000000
-124.5216288969,22.1481481481,0.0000000000
-124.9929113260,22.3888888889,0.0000000000
-124.9929113260,22.1481481481,0.0000000000
-124.5216288969,22.6296296296,0.0000000000
-124.9929113260,22.8703703704,0.0000000000
-124.9929113260,22.6296296296,0.0000000000
-124.5216288969,23.1111111111,0.0000000000
-124.9929113260,23.3518518518,0.0000000000
-124.9929113260,23.1111111111,0.0000000000
-124.5216288969,23.5925925926,0.0000000000
-124.9929113260,23.8333333333,0.0000000000
-124.9929113260,23.5925925926,0.0000000000
-124.5216288969,24.0740740741,0.0000000000
-124.9929113260,24.3148148148,0.0000000000
-124.9929113260,24.0740740741,0.0000000000
-124.5216288969,24.5555555555,0.0000000000
-124.9929113260,24.7962962963,0.0000000000
-124.9929113260,24.5555555555,0.0000000000
-124.5216288969,25.0370370370,0.0000000000
-124.9929113260,25.2777777778,0.0000000000
-124.9929113260,25.0370370370,0.0000000000
-124.5216288969,25.5185185185,0.0000000000
-124.9929113260,25.7592592593,0.0000000000
-124.9929113260,25.5185185185,0.0000000000
-124.5216288969,26.0000000000,0.0000000000
-124.9929113260,26.2407407407,0.0000000000
-124.9929113260,26.0000000000,0.0000000000
-124.5216288969,26.4814814815,0.0000000000
-124.9929113260,26.7222222222,0.0000000000
-124.9929113260,26.4814814815,0.0000000000
-124.5216288969,26.9629629630,0.0000000000
-124.9929113260,27.2037037037,0.0000000000
-124.9929113260,26.9629629630,0.0000000000
-124.5216288969,27.4444444444,0.0000000000
-124.9929113260,27.6851851852,0.0000000000
-124.9929113260,27.4444444444,0.0000000000
-124.5216288969,27.9259259259,0.0000000000
-124.9929113260,28.1666666667,0.0000000000
-124.9929113260,27.9259259259,0.0000000000
-124.5216288969,28.4074074074,0.0000000000
-124.9929113260,28.6481481481,0.0000000000
-124.9929113260,28.4074074074,0.0000000000
-124.5216288969,28.8888888889,0.0000000000
-124.9929113260,29.1296296296,0.0000000000
-124.9929113260,28.8888888889,0.0000000000
-124.5216288969,29.3703703704,0.0000000000
-124.9929113260,29.6111111111,0.0000000000
-124.9929113260,29.3703703704,0.0000000000
-124.5216288969,29.8518518518,0.0000000000
-124.9929113260,30.0925925926,0.0000000000
-124.9929113260,29.8518518518,0.0000000000
-124.5216288969,30.3333333333,0.0000000000
-124.9929113260,30.5740740741,0.0000000000
-124.9929113260,30.3333333333,0.0000000000
-124.5216288969,30.8148148148,0.0000000000
-124.9929113260,31.0555555555,0.0000000000
-124.9929113260,30.8148148148,0.0000000000
-124.5216288969,31.2962962963,0.0000000000
-124.9929113260,31.5370370370,0.0000000000
-124.9929113260,31.2962962963,0.0000000000
-124.5216288969,31.7777777778,0.0000000000
-124.9929113260,32.0185185185,0.0000000000
-124.9929113260,31.7777777778,0.0000000000
-124.5216288969,32.2592592593,0.0000000000
-124.9929113260,32.2592592593,0.0000000000
-123.3905506319,-32.2592592593,0.0000000000
-123.9560897644,-32.0185185185,0.0000000000
-123.9560897644,-32.2592592593,0.0000000000
-123.3905506319,-31.7777777778,0.0000000000
-123.9560897644,-31.5370370370,0.0000000000
-123.9560897644,-31.7777777778,0.0000000000
-123.3905506319,-31.2962962963,0.0000000000
-123.9560897644,-31.0555555556,0.0000000000
-123.9560897644,-31.2962962963,0.0000000000
-123.3905506319,-30.8148148148,0.0000000000
-123.9560897644,-30.5740740741,0.0000000000
-123.9560897644,-30.8148148148,0.0000000000
-123.3905506319,-30.3333333333,0.0000000000
-123.9560897644,-30.0925925926,0.0000000000
-123.9560897644,-30.3333333333,0.0000000000
-123.3905506319,-29.8518518519,0.0000000000
-123.9560897644,-29.6111111111,0.0000000000
-123.9560897644,-29.8518518519,0.0000000000
-123.3905506319,-29.3703703704,0.0000000000
-123.9560897644,-29.1296296296,0.0000000000
-123.9560897644,-29.3703703704,0.0000000000
-123.3905506319,-28.8888888889,0.0000000000
-123.9560897644,-28.6481481481,0.0000000000
-123.9560897644,-28.8888888889,0.0000000000
-123.3905506319,-28.4074074074,0.0000000000
-123.9560897644,-28.1666666667,0.0000000000
-123.9560897644,-28.4074074074,0.0000000000
-123.3905506319,-27.9259259259,0.0000000000
-123.9560897644,-27.6851851852,0.0000000000
-123.9560897644,-27.9259259259,0.0000000000
-123.3905506319,-27.4444444444,0.0000000000
-123.9560897644,-27.2037037037,0.0000000000
-123.9560897644,-27.4444444444,0.0000000000
-123.3905506319,-26.9629629630,0.0000000000
-123.9560897644,-26.7222222222,0.0000000000
-123.9560897644,-26.9629629630,0.0000000000
-123.3905506319,-26.4814814815,0.0000000000
-123.9560897644,-26.2407407407,0.0000000000
-123.9560897644,-26.4814814815,0.0000000000
-123.3905506319,-26.0000000000,0.0000000000
-123.9560897644,-25.7592592593,0.0000000000
-123.9560897644,-26.0000000000,0.0000000000
-123.3905506319,-25.5185185185,0.0000000000
-123.9560897644,-25.2777777778,0.0000000000
-123.9560897644,-25.5185185185,0.0000000000
-123.3905506319,-25.0370370370,0.0000000000
-123.9560897644,-24.7962962963,0.0000000000
-123.9560897644,-25.0370370370,0.0000000000
-123.3905506319,-24.5555555556,0.0000000000
-123.9560897644,-24.3148148148,0.0000000000
-123.9560897644,-24.5555555556,0.0000000000
-123.3905506319,-24.0740740741,0.0000000000
-123.9560897644,-23.8333333333,0.0000000000
-123.9560897644,-24.0740740741,0.0000000000
-123.3905506319,-23.5925925926,0.0000000000
-123.9560897644,-23.3518518519,0.0000000000
-123.9560897644,-23.5925925926,0.0000000000
-123.3905506319,-23.1111111111,0.0000000000
-123.9560897644,-22.8703703704,0.0000000000
-123.9560897644,-23.1111111111,0.0000000000
-123.3905506319,-22.6296296296,0.0000000000
-123.9560897644,-22.3888888889,0.0000000000
-123.9560897644,-22.6296296296,0.0000000000
-123.3905506319,-22.1481481481,0.0000000000
-123.9560897644,-21.9074074074,0.0000000000
-123.9560897644,-22.1481481481,0.0000000000
-123.3905506319,-21.6666666667,0.0000000000
-123.9560897644,-21.4259259259,0.0000000000
-123.9560897644,-21.6666666667,0.0000000000
-123.3905506319,-21.1851851852,0.0000000000
-123.9560897644,-20.9444444444,0.0000000000
-123.9560897644,-21.1851851852,0.0000000000
-123.3905506319,-20.7037037037,0.0000000000
-123.9560897644,-20.4629629630,0.0000000000
-123.9560897644,-20.7037037037,0.0000000000
-123.3905506319,-20.2222222222,0.0000000000
-123.9560897644,-19.9814814815,0.0000000000
-123.9560897644,-20.2222222222,0.0000000000
-123.3905506319,-19.7407407407,0.0000000000
-123.9560897644,-19.5000000000,0.0000000000
-123.9560897644,-19.7407407407,0.0000000000
-123.3905506319,-19.2592592593,0.0000000000
-123.9560897644,-19.0185185185,0.0000000000
-123.9560897644,-19.2592592593,0.0000000000
-123.3905506319,-18.7777777778,0.0000000000
-123.9560897644,-18.5370370370,0.0000000000
-123.9560897644,-18.7777777778,0.0000000000
-123.3905506319,-18.2962962963,0.0000000000
-123.9560897644,-18.0555555556,0.0000000000
-123.9560897644,-18.2962962963,0.0000000000
-123.3905506319,-17.8148148148,0.0000000000
-123.9560897644,-17.5740740741,0.0000000000
-123.9560897644,-17.8148148148,0.0000000000
-123.3905506319,-17.3333333333,0.0000000000
-123.9560897644,-17.0925925926,0.0000000000
-123.9560897644,-17.3333333333,0.0000000000
-123.3905506319,-16.8518518519,0.0000000000
-123.9560897644,-16.6111111111,0.0000000000
-123.9560897644,-16.8518518519,0.0000000000
-123.3905506319,-16.3703703704,0.0000000000
-123.9560897644,-16.1296296296,0.0000000000
-123.9560897644,-16.3703703704,0.0000000000
-123.3905506319,-15.8888888889,0.0000000000
-123.9560897644,-15.6481481482,0.0000000000
-123.9560897644,-15.8888888889,0.0000000000
-123.3905506319,-15.4074074074,0.0000000000
-123.9560897644,-15.1666666667,0.0000000000
-123.9560897644,-15.4074074074,0.0000000000
-123.3905506319,-14.9259259259,0.0000000000
-123.9560897644,-14.6851851852,0.0000000000
-123.9560897644,-14.9259259259,0.0000000000
-123.3905506319,-14.4444444444,0.0000000000
-123.9560897644,-14.2037037037,0.0000000000
-123.9560897644,-14.4444444444,0.0000000000
-123.3905506319,-13.9629629630,0.0000000000
-123.9560897644,-13.7222222222,0.0000000000
-123.9560897644,-13.9629629630,0.0000000000
-123.3905506319,-13.4814814815,0.0000000000
-123.9560897644,-13.2407407407,0.0000000000
-123.9560897644,-13.4814814815,0.0000000000
-123.3905506319,-13.0000000000,0.0000000000
-123.9560897644,-12.7592592593,0.0000000000
-123.9560897644,-13.0000000000,0.0000000000
-123.3905506319,-12.5185185185,0.0000000000
-123.9560897644,-12.2777777778,0.0000000000
-123.9560897644,-12.5185185185,0.0000000000
-123.3905506319,-12.0370370370,0.0000000000
-123.9560897644,-11.7962962963,0.0000000000
-123.9560897644,-12.0370370370,0.0000000000
-123.3905506319,-11.5555555556,0.0000000000
-123.9560897644,-11.3148148148,0.0000000000
-123.9560897644,-11.5555555556,0.0000000000
-123.3905506319,-11.0740740741,0.0000000000
-123.9560897644,-10.8333333333,0.0000000000
-123.9560897644,-11.0740740741,0.0000000000
-123.3905506319,-10.5925925926,0.0000000000
-123.9560897644,-10.3518518519,0.0000000000
-123.9560897644,-10.5925925926,0.0000000000
-123.3905506319,-10.1111111111,0.0000000000
-123.9560897644,-9.8703703704,0.0000000000
-123.9560897644,-10.1111111111,0.0000000000
-123.3905506319,-9.6296296296,0.0000000000
-123.9560897644,-9.3888888889,0.0000000000
-123.9560897644,-9.6296296296,0.0000000000
-123.3905506319,-9.1481481482,0.0000000000
-123.9560897644,-8.9074074074,0.0000000000
-123.9560897644,-9.1481481482,0.0000000000
-123.3905506319,-8.6666666667,0.0000000000
-123.9560897644,-8.4259259259,0.0000000000
-123.9560897644,-8.6666666667,0.0000000000
-123.3905506319,-8.1851851852,0.0000000000
-123.9560897644,-7.9444444444,0.0000000000
-123.9560897644,-8.1851851852,0.0000000000
-123.3905506319,-7.7037037037,0.0000000000
-123.9560897644,-7.4629629630,0.0000000000
-123.9560897644,-7.7037037037,0.0000000000
-123.3905506319,-7.2222222222,0.0000000000
-123.9560897644,-6.9814814815,0.0000000000
-123.9560897644,-7.2222222222,0.0000000000
-123.3905506319,-6.7407407407,0.0000000000
-123.9560897644,-6.5000000000,0.0000000000
-123.9560897644,-6.7407407407,0.0000000000
-123.3905506319,-6.2592592593,0.0000000000
-123.9560897644,-6.0185185185,0.0000000000
-123.9560897644,-6.2592592593,0.0000000000
-123.3905506319,-5.7777777778,0.0000000000
-123.9560897644,-5.5370370370,0.0000000000
-123.9560897644,-5.7777777778,0.0000000000
-123.3905506319,-5.2962962963,0.0000000000
-123.9560897644,-5.0555555556,0.0000000000
-123.9560897644,-5.2962962963,0.0000000000
-123.3905506319,-4.8148148148,0.0000000000
-123.9560897644,-4.5740740741,0.0000000000
-123.9560897644,-4.8148148148,0.0000000000
-123.3905506319,-4.3333333333,0.0000000000
-123.9560897644,-4.0925925926,0.0000000000
-123.9560897644,-4.3333333333,0.0000000000
-123.3905506319,-3.8518518519,0.0000000000
-123.9560897644,-3.6111111111,0.0000000000
-123.9560897644,-3.8518518519,0.0000000000
-123.3905506319,-3.3703703704,0.0000000000
-123.9560897644,-3.1296296296,0.0000000000
-123.9560897644,-3.3703703704,0.0000000000
-123.3905506319,-2.8888888889,0.0000000000
-123.9560897644,-2.6481481482,0.0000000000
-123.9560897644,-2.8888888889,0.0000000000
-123.3905506319,-2.4074074074,0.0000000000
-123.9560897644,-2.1666666667,0.0000000000
-123.9560897644,-2.4074074074,0.0000000000
-123.3905506319,-1.9259259259,0.0000000000
-123.9560897644,-1.6851851852,0.0000000000
-123.9560897644,-1.9259259259,0.0000000000
-123.3905506319,-1.4444444444,0.0000000000
-123.9560897644,-1.2037037037,0.0000000000
-123.9560897644,-1.4444444444,0.0000000000
-123.3905506319,-0.9629629630,0.0000000000
-123.9560897644,-0.7222222222,0.0000000000
-123.9560897644,-0.9629629630,0.0000000000
-123.3905506319,-0.4814814815,0.0000000000
-123.9560897644,-0.2407407407,0.0000000000
-123.9560897644,-0.4814814815,0.0000000000
-123.3905506319,-0.0000000000,0.0000000000
-123.9560897644,0.2407407407,0.0000000000
-123.9560897644,-0.0000000000,0.0000000000
-123.3905506319,0.4814814815,0.0000000000
-123.9560897644,0.7222222222,0.0000000000
-123.9560897644,0.4814814815,0.0000000000
-123.3905506319,0.9629629630,0.0000000000
-123.9560897644,1.2037037037,0.0000000000
-123.9560897644,0.9629629630,0.0000000000
-123.3905506319,1.4444444444,0.0000000000
-123.9560897644,1.6851851852,0.0000000000
-123.9560897644,1.4444444444,0.0000000000
-123.3905506319,1.9259259259,0.0000000000
-123.9560897644,2.1666666667,0.0000000000
-123.9560897644,1.9259259259,0.0000000000
-123.3905506319,2.4074074074,0.0000000000
-123.9560897644,2.6481481481,0.0000000000
-123.9560897644,2.4074074074,0.0000000000
-123.3905506319,2.8888888889,0.0000000000
-123.9560897644,3.1296296296,0.0000000000
-123.9560897644,2.8888888889,0.0000000000
-123.3905506319,3.3703703704,0.0000000000
-123.9560897644,3.6111111111,0.0000000000
-123.9560897644,3.3703703704,0.0000000000
-123.3905506319,3.8518518518,0.0000000000
-123.9560897644,4.0925925926,0.0000000000
-123.9560897644,3.8518518518,0.0000000000
-123.3905506319,4.3333333333,0.0000000000
-123.9560897644,4.5740740741,0.0000000000
-123.9560897644,4.3333333333,0.0000000000
-123.3905506319,4.8148148148,0.0000000000
-123.9560897644,5.0555555556,0.0000000000
-123.9560897644,4.8148148148,0.0000000000
-123.3905506319,5.2962962963,0.0000000000
-123.9560897644,5.5370370370,0.0000000000
-123.9560897644,5.2962962963,0.0000000000
-123.3905506319,5.7777777778,0.0000000000
-123.9560897644,6.0185185185,0.0000000000
-123.9560897644,5.7777777778,0.0000000000
-123.3905506319,6.2592592593,0.0000000000
-123.9560897644,6.5000000000,0.0000000000
-123.9560897644,6.2592592593,0.0000000000
-123.3905506319,6.7407407407,0.0000000000
-123.9560897644,6.9814814815,0.0000000000
-123.9560897644,6.7407407407,0.0000000000
-123.3905506319,7.2222222222,0.0000000000
-123.9560897644,7.4629629630,0.0000000000
-123.9560897644,7.2222222222,0.0000000000
-123.3905506319,7.7037037037,0.0000000000
-123.9560897644,7.9444444444,0.0000000000
-123.9560897644,7.7037037037,0.0000000000
-123.3905506319,8.1851851852,0.0000000000
-123.9560897644,8.4259259259,0.0000000000
-123.9560897644,8.1851851852,0.0000000000
-123.3905506319,8.6666666667,0.0000000000
-123.9560897644,8.9074074074,0.0000000000
-123.9560897644,8.6666666667,0.0000000000
-123.3905506319,9.1481481481,0.0000000000
-123.9560897644,9.3888888889,0.0000000000
-123.9560897644,9.1481481481,0.0000000000
-123.3905506319,9.6296296296,0.0000000000
-123.9560897644,9.8703703704,0.0000000000
-123.9560897644,9.6296296296,0.0000000000
-123.3905506319,10.1111111111,0.0000000000
-123.9560897644,10.3518518518,0.0000000000
-123.9560897644,10.1111111111,0.0000000000
-123.3905506319,10.5925925926,0.0000000000
-123.9560897644,10.8333333333,0.0000000000
-123.9560897644,10.5925925926,0.0000000000
-123.3905506319,11.0740740741,0.0000000000
-123.9560897644,11.3148148148,0.0000000000
-123.9560897644,11.0740740741,0.0000000000
-123.3905506319,11.5555555555,0.0000000000
-123.9560897644,11.7962962963,0.0000000000
-123.9560897644,11.5555555555,0.0000000000
-123.3905506319,12.0370370370,0.0000000000
-123.9560897644,12.2777777778,0.0000000000
-123.9560897644,12.0370370370,0.0000000000
-123.3905506319,12.5185185185,0.0000000000
-123.9560897644,12.7592592593,0.0000000000
-123.9560897644,12.5185185185,0.0000000000
-123.3905506319,13.0000000000,0.0000000000
-123.9560897644,13.2407407407,0.0000000000
-123.9560897644,13.0000000000,0.0000000000
-123.3905506319,13.4814814815,0.0000000000
-123.9560897644,13.7222222222,0.0000000000
-123.9560897644,13.4814814815,0.0000000000
-123.3905506319,13.9629629630,0.0000000000
-123.9560897644,14.2037037037,0.0000000000
-123.9560897644,13.9629629630,0.0000000000
-123.3905506319,14.4444444444,0.0000000000
-123.9560897644,14.6851851852,0.0000000000
-123.9560897644,14.4444444444,0.0000000000
-123.3905506319,14.9259259259,0.0000000000
-123.9560897644,15.1666666667,0.0000000000
-123.9560897644,14.9259259259,0.0000000000
-123.3905506319,15.4074074074,0.0000000000
-123.9560897644,15.6481481481,0.0000000000
-123.9560897644,15.4074074074,0.0000000000
-123.3905506319,15.8888888889,0.0000000000
-123.9560897644,16.1296296296,0.0000000000
-123.9560897644,15.8888888889,0.0000000000
-123.3905506319,16.3703703704,0.0000000000
-123.9560897644,16.6111111111,0.0000000000
-123.9560897644,16.3703703704,0.0000000000
-123.3905506319,16.8518518518,0.0000000000
-123.9560897644,17.0925925926,0.0000000000
-123.9560897644,16.8518518518,0.0000000000
-123.3905506319,17.3333333333,0.0000000000
-123.9560897644,17.5740740741,0.0000000000
-123.9560897644,17.3333333333,0.0000000000
-123.3905506319,17.8148148148,0.0000000000
-123.9560897644,18.0555555555,0.0000000000
-123.9560897644,17.8148148148,0.0000000000
-123.3905506319,18.2962962963,0.0000000000
-123.9560897644,18.5370370370,0.0000000000
-123.9560897644,18.2962962963,0.0000000000
-123.3905506319,18.7777777778,0.0000000000
-123.9560897644,19.0185185185,0.0000000000
-123.9560897644,18.7777777778,0.0000000000
-123.3905506319,19.2592592593,0.0000000000
-123.9560897644,19.5000000000,0.0000000000
-123.9560897644,19.2592592593,0.0000000000
-123.3905506319,19.7407407407,0.0000000000
-123.9560897644,19.9814814815,0.0000000000
-123.9560897644,19.7407407407,0.0000000000
-123.3905506319,20.2222222222,0.0000000000
-123.9560897644,20.4629629630,0.0000000000
-123.9560897644,20.2222222222,0.0000000000
-123.3905506319,20.7037037037,0.0000000000
-123.9560897644,20.9444444444,0.0000000000
-123.9560897644,20.7037037037,0.0000000000
-123.3905506319,21.1851851852,0.0000000000
-123.9560897644,21.4259259259,0.0000000000
-123.9560897644,21.1851851852,0.0000000000
-123.3905506319,21.6666666667,0.0000000000
-123.9560897644,21.9074074074,0.0000000000
-123.9560897644,21.6666666667,0.0000000000
-123.3905506319,22.1481481481,0.0000000000
-123.9560897644,22.3888888889,0.0000000000
-123.9560897644,22.1481481481,0.0000000000
-123.3905506319,22.6296296296,0.0000000000
-123.9560897644,22.8703703704,0.0000000000
-123.9560897644,22.6296296296,0.0000000000
-123.3905506319,23.1111111111,0.0000000000
-123.9560897644,23.3518518518,0.0000000000
-123.9560897644,23.1111111111,0.0000000000
-123.3905506319,23.5925925926,0.0000000000
-123.9560897644,23.8333333333,0.0000000000
-123.9560897644,23.5925925926,0.0000000000
-123.3905506319,24.0740740741,0.0000000000
-123.9560897644,24.3148148148,0.0000000000
-123.9560897644,24.0740740741,0.0000000000
-123.3905506319,24.5555555555,0.0000000000
-123.9560897644,24.7962962963,0.0000000000
-123.9560897644,24.5555555555,0.0000000000
-123.3905506319,25.0370370370,0.0000000000
-123.9560897644,25.2777777778,0.0000000000
-123.9560897644,25.0370370370,0.0000000000
-123.3905506319,25.5185185185,0.0000000000
-123.9560897644,25.7592592593,0.0000000000
-123.9560897644,25.5185185185,0.0000000000
-123.3905506319,26.0000000000,0.0000000000
-123.9560897644,26.2407407407,0.0000000000
-123.9560897644,26.0000000000,0.0000000000
-123.3905506319,26.4814814815,0.0000000000
-123.9560897644,26.7222222222,0.0000000000
-123.9560897644,26.4814814815,0.0000000000
-123.3905506319,26.9629629630,0.0000000000
-123.9560897644,27.2037037037,0.0000000000
-123.9560897644,26.9629629630,0.0000000000
-123.3905506319,27.4444444444,0.0000000000
-123.9560897644,27.6851851852,0.0000000000
-123.9560897644,27.4444444444,0.0000000000
-123.3905506319,27.9259259259,0.0000000000
-123.9560897644,28.1666666667,0.0000000000
-123.9560897644,27.9259259259,0.0000000000
-123.3905506319,28.4074074074,0.0000000000
-123.9560897644,28.6481481481,0.0000000000
-123.9560897644,28.4074074074,0.0000000000
-123.3905506319,28.8888888889,0.0000000000
-123.9560897644,29.1296296296,0.0000000000
-123.9560897644,28.8888888889,0.0000000000
-123.3905506319,29.3703703704,0.0000000000
-123.9560897644,29.6111111111,0.0000000000
-123.9560897644,29.3703703704,0.0000000000
-123.3905506319,29.8518518518,0.0000000000
-123.9560897644,30.0925925926,0.0000000000
-123.9560897644,29.8518518518,0.0000000000
-123.3905506319,30.3333333333,0.0000000000
-123.9560897644,30.5740740741,0.0000000000
-123.9560897644,30.3333333333,0.0000000000
-123.3905506319,30.8148148148,0.0000000000
-123.9560897644,31.0555555555,0.0000000000
-123.9560897644,30.8148148148,0.0000000000
-123.3905506319,31.2962962963,0.0000000000
-123.9560897644,31.5370370370,0.0000000000
-123.9560897644,31.2962962963,0.0000000000
-123.3905506319,31.7777777778,0.0000000000
-123.9560897644,32.0185185185,0.0000000000
-123.9560897644,31.7777777778,0.0000000000
-123.3905506319,32.2592592593,0.0000000000
-123.9560897644,32.2592592593,0.0000000000
-122.0332568117,-32.2592592593,0.0000000000
-122.7119037218,-32.0185185185,0.0000000000
-122.7119037218,-32.2592592593,0.0000000000
-122.0332568117,-31.7777777778,0.0000000000
-122.7119037218,-31.5370370370,0.0000000000
-122.7119037218,-31.7777777778,0.0000000000
-122.0332568117,-31.2962962963,0.0000000000
-122.7119037218,-31.0555555556,0.0000000000
-122.7119037218,-31.2962962963,0.0000000000
-122.0332568117,-30.8148148148,0.0000000000
-122.7119037218,-30.5740740741,0.0000000000
-122.7119037218,-30.8148148148,0.0000000000
-122.0332568117,-30.3333333333,0.0000000000
-122.7119037218,-30.0925925926,0.0000000000
-122.7119037218,-30.3333333333,0.0000000000
-122.0332568117,-29.8518518519,0.0000000000
-122.7119037218,-29.6111111111,0.0000000000
-122.7119037218,-29.8518518519,0.0000000000
-122.0332568117,-29.3703703704,0.0000000000
-122.7119037218,-29.1296296296,0.0000000000
-122.7119037218,-29.3703703704,0.0000000000
-122.0332568117,-28.8888888889,0.0000000000
-122.7119037218,-28.6481481481,0.0000000000
-122.7119037218,-28.8888888889,0.0000000000
-122.0332568117,-28.4074074074,0.0000000000
-122.7119037218,-28.1666666667,0.0000000000
-122.7119037218,-28.4074074074,0.0000000000
-122.0332568117,-27.9259259259,0.0000000000
-122.7119037218,-27.6851851852,0.0000000000
-122.7119037218,-27.9259259259,0.0000000000
-122.0332568117,-27.4444444444,0.0000000000
-122.7119037218,-27.2037037037,0.0000000000
-122.7119037218,-27.4444444444,0.0000000000
-122.0332568117,-26.9629629630,0.0000000000
-122.7119037218,-26.7222222222,0.0000000000
-122.7119037218,-26.9629629630,0.0000000000
-122.0332568117,-26.4814814815,0.0000000000
-122.7119037218,-26.2407407407,0.0000000000
-122.7119037218,-26.4814814815,0.0000000000
-122.0332568117,-26.0000000000,0.0000000000
-122.7119037218,-25.7592592593,0.0000000000
-122.7119037218,-26.0000000000,0.0000000000
-122.0332568117,-25.5185185185,0.0000000000
-122.7119037218,-25.2777777778,0.0000000000
-122.7119037218,-25.5185185185,0.0000000000
-122.0332568117,-25.0370370370,0.0000000000
-122.7119037218,-24.7962962963,0.0000000000
-122.7119037218,-25.0370370370,0.0000000000
-122.0332568117,-24.5555555556,0.0000000000
-122.7119037218,-24.3148148148,0.0000000000
-122.7119037218,-24.5555555556,0.0000000000
-122.0332568117,-24.0740740741,0.0000000000
-122.7119037218,-23.8333333333,0.0000000000
-122.7119037218,-24.0740740741,0.0000000000
-122.0332568117,-23.5925925926,0.0000000000
-122.7119037218,-23.3518518519,0.0000000000
-122.7119037218,-23.5925925926,0.0000000000
-122.0332568117,-23.1111111111,0.0000000000
-122.7119037218,-22.8703703704,0.0000000000
-122.7119037218,-23.1111111111,0.0000000000
-122.0332568117,-22.6296296296,0.0000000000
-122.7119037218,-22.3888888889,0.0000000000
-122.7119037218,-22.6296296296,0.0000000000
-122.0332568117,-22.1481481481,0.0000000000
-122.7119037218,-21.9074074074,0.0000000000
-122.7119037218,-22.1481481481,0.0000000000
-122.0332568117,-21.6666666667,0.0000000000
-122.7119037218,-21.4259259259,0.0000000000
-122.7119037218,-21.6666666667,0.0000000000
-122.0332568117,-21.1851851852,0.0000000000
-122.7119037218,-20.9444444444,0.0000000000
-122.7119037218,-21.1851851852,0.0000000000
-122.0332568117,-20.7037037037,0.0000000000
-122.7119037218,-20.4629629630,0.0000000000
-122.7119037218,-20.7037037037,0.0000000000
-122.0332568117,-20.2222222222,0.0000000000
-122.7119037218,-19.9814814815,0.0000000000
-122.7119037218,-20.2222222222,0.0000000000
-122.0332568117,-19.7407407407,0.0000000000
-122.7119037218,-19.5000000000,0.0000000000
-122.7119037218,-19.7407407407,0.0000000000
-122.0332568117,-19.2592592593,0.0000000000
-122.7119037218,-19.0185185185,0.0000000000
-122.7119037218,-19.2592592593,0.0000000000
-122.0332568117,-18.7777777778,0.0000000000
-122.7119037218,-18.5370370370,0.0000000000
-122.7119037218,-18.7777777778,0.0000000000
-122.0332568117,-18.2962962963,0.0000000000
-122.7119037218,-18.0555555556,0.0000000000
-122.7119037218,-18.2962962963,0.0000000000
-122.0332568117,-17.8148148148,0.0000000000
-122.7119037218,-17.5740740741,0.0000000000
-122.7119037218,-17.8148148148,0.0000000000
-122.0332568117,-17.3333333333,0.0000000000
-122.7119037218,-17.0925925926,0.0000000000
-122.7119037218,-17.3333333333,0.0000000000
-122.0332568117,-16.8518518519,0.0000000000
-122.7119037218,-16.6111111111,0.0000000000
-122.7119037218,-16.8518518519,0.0000000000
-122.0332568117,-16.3703703704,0.0000000000
-122.7119037218,-16.1296296296,0.0000000000
-122.7119037218,-16.3703703704,0.0000000000
-122.0332568117,-15.8888888889,0.0000000000
-122.7119037218,-15.6481481482,0.0000000000
-122.7119037218,-15.8888888889,0.0000000000
-122.0332568117,-15.4074074074,0.0000000000
-122.7119037218,-15.1666666667,0.0000000000
-122.7119037218,-15.4074074074,0.0000000000
-122.0332568117,-14.9259259259,0.0000000000
-122.7119037218,-14.6851851852,0.0000000000
-122.7119037218,-14.9259259259,0.0000000000
-122.0332568117,-14.4444444444,0.0000000000
-122.7119037218,-14.2037037037,0.0000000000
-122.7119037218,-14.4444444444,0.0000000000
-122.0332568117,-13.9629629630,0.0000000000
-122.7119037218,-13.7222222222,0.0000000000
-122.7119037218,-13.9629629630,0.0000000000
-122.0332568117,-13.4814814815,0.0000000000
-122.7119037218,-13.2407407407,0.0000000000
-122.7119037218,-13.4814814815,0.0000000000
-122.0332568117,-13.0000000000,0.0000000000
-122.7119037218,-12.7592592593,0.0000000000
-122.7119037218,-13.0000000000,0.0000000000
-122.0332568117,-12.5185185185,0.0000000000
-122.7119037218,-12.2777777778,0.0000000000
-122.7119037218,-12.5185185185,0.0000000000
-122.0332568117,-12.0370370370,0.0000000000
-122.7119037218,-11.7962962963,0.0000000000
-122.7119037218,-12.0370370370,0.0000000000
-122.0332568117,-11.5555555556,0.0000000000
-122.7119037218,-11.3148148148,0.0000000000
-122.7119037218,-11.5555555556,0.0000000000
-122.0332568117,-11.0740740741,0.0000000000
-122.7119037218,-10.8333333333,0.0000000000
-122.7119037218,-11.0740740741,0.0000000000
-122.0332568117,-10.5925925926,0.0000000000
-122.7119037218,-10.3518518519,0.0000000000
-122.7119037218,-10.5925925926,0.0000000000
-122.0332568117,-10.1111111111,0.0000000000
-122.7119037218,-9.8703703704,0.0000000000
-122.7119037218,-10.1111111111,0.0000000000
-122.0332568117,-9.6296296296,0.0000000000
-122.7119037218,-9.3888888889,0.0000000000
-122.7119037218,-9.6296296296,0.0000000000
-122.0332568117,-9.1481481482,0.0000000000
-122.7119037218,-8.9074074074,0.0000000000
-122.7119037218,-9.1481481482,0.0000000000
-122.0332568117,-8.6666666667,0.0000000000
-122.7119037218,-8.4259259259,0.0000000000
-122.7119037218,-8.6666666667,0.0000000000
-122.0332568117,-8.1851851852,0.0000000000
-122.7119037218,-7.9444444444,0.0000000000
-122.7119037218,-8.1851851852,0.0000000000
-122.0332568117,-7.7037037037,0.0000000000
-122.7119037218,-7.4629629630,0.0000000000
-122.7119037218,-7.7037037037,0.0000000000
-122.0332568117,-7.2222222222,0.0000000000
-122.7119037218,-6.9814814815,0.0000000000
-122.7119037218,-7.2222222222,0.0000000000
-122.0332568117,-6.7407407407,0.0000000000
-122.7119037218,-6.5000000000,0.0000000000
-122.7119037218,-6.7407407407,0.0000000000
-122.0332568117,-6.2592592593,0.0000000000
-122.7119037218,-6.0185185185,0.0000000000
-122.7119037218,-6.2592592593,0.0000000000
-122.0332568117,-5.7777777778,0.0000000000
-122.7119037218,-5.5370370370,0.0000000000
-122.7119037218,-5.7777777778,0.0000000000
-122.0332568117,-5.2962962963,0.0000000000
-122.7119037218,-5.0555555556,0.0000000000
-122.7119037218,-5.2962962963,0.0000000000
-122.0332568117,-4.8148148148,0.0000000000
-122.7119037218,-4.5740740741,0.0000000000
-122.7119037218,-4.8148148148,0.0000000000
-122.0332568117,-4.3333333333,0.0000000000
-122.7119037218,-4.0925925926,0.0000000000
-122.7119037218,-4.3333333333,0.0000000000
-122.0332568117,-3.8518518519,0.0000000000
-122.7119037218,-3.6111111111,0.0000000000
-122.7119037218,-3.8518518519,0.0000000000
-122.0332568117,-3.3703703704,0.0000000000
-122.7119037218,-3.1296296296,0.0000000000
-122.7119037218,-3.3703703704,0.0000000000
-122.0332568117,-2.8888888889,0.0000000000
-122.7119037218,-2.6481481482,0.0000000000
-122.7119037218,-2.8888888889,0.0000000000
-122.0332568117,-2.4074074074,0.0000000000
-122.7119037218,-2.1666666667,0.0000000000
-122.7119037218,-2.4074074074,0.0000000000
-122.0332568117,-1.9259259259,0.0000000000
-122.7119037218,-1.6851851852,0.0000000000
-122.7119037218,-1.9259259259,0.0000000000
-122.0332568117,-1.4444444444,0.0000000000
-122.7119037218,-1.2037037037,0.0000000000
-122.7119037218,-1.4444444444,0.0000000000
-122.0332568117,-0.9629629630,0.0000000000
-122.7119037218,-0.7222222222,0.0000000000
-122.7119037218,-0.9629629630,0.0000000000
-122.0332568117,-0.4814814815,0.0000000000
-122.7119037218,-0.2407407407,0.0000000000
-122.7119037218,-0.4814814815,0.0000000000
-122.0332568117,-0.0000000000,0.0000000000
-122.7119037218,0.2407407407,0.0000000000
-122.7119037218,-0.0000000000,0.0000000000
-122.0332568117,0.4814814815,0.0000000000
-122.7119037218,0.7222222222,0.0000000000
-122.7119037218,0.4814814815,0.0000000000
-122.0332568117,0.9629629630,0.0000000000
-122.7119037218,1.2037037037,0.0000000000
-122.7119037218,0.9629629630,0.0000000000
-122.0332568117,1.4444444444,0.0000000000
-122.7119037218,1.6851851852,0.0000000000
-122.7119037218,1.4444444444,0.0000000000
-122.0332568117,1.9259259259,0.0000000000
-122.7119037218,2.1666666667,0.0000000000
-122.7119037218,1.9259259259,0.0000000000
-122.0332568117,2.4074074074,0.0000000000
-122.7119037218,2.6481481481,0.0000000000
-122.7119037218,2.4074074074,0.0000000000
-122.0332568117,2.8888888889,0.0000000000
-122.7119037218,3.1296296296,0.0000000000
-122.7119037218,2.8888888889,0.0000000000
-122.0332568117,3.3703703704,0.0000000000
-122.7119037218,3.6111111111,0.0000000000
-122.7119037218,3.3703703704,0.0000000000
-122.0332568117,3.8518518518,0.0000000000
-122.7119037218,4.0925925926,0.0000000000
-122.7119037218,3.8518518518,0.0000000000
-122.0332568117,4.3333333333,0.0000000000
-122.7119037218,4.5740740741,0.0000000000
-122.7119037218,4.3333333333,0.0000000000
-122.0332568117,4.8148148148,0.0000000000
-122.7119037218,5.0555555556,0.0000000000
-122.7119037218,4.8148148148,0.0000000000
-122.0332568117,5.2962962963,0.0000000000
-122.7119037218,5.5370370370,0.0000000000
-122.7119037218,5.2962962963,0.0000000000
-122.0332568117,5.7777777778,0.0000000000
-122.7119037218,6.0185185185,0.0000000000
-122.7119037218,5.7777777778,0.0000000000
-122.0332568117,6.2592592593,0.0000000000
-122.7119037218,6.5000000000,0.0000000000
-122.7119037218,6.2592592593,0.0000000000
-122.0332568117,6.7407407407,0.0000000000
-122.7119037218,6.9814814815,0.0000000000
-122.7119037218,6.7407407407,0.0000000000
-122.0332568117,7.2222222222,0.0000000000
-122.7119037218,7.4629629630,0.0000000000
-122.7119037218,7.2222222222,0.0000000000
-122.0332568117,7.7037037037,0.0000000000
-122.7119037218,7.9444444444,0.0000000000
-122.7119037218,7.7037037037,0.0000000000
-122.0332568117,8.1851851852,0.0000000000
-122.7119037218,8.4259259259,0.0000000000
-122.7119037218,8.1851851852,0.0000000000
-122.0332568117,8.6666666667,0.0000000000
-122.7119037218,8.9074074074,0.0000000000
-122.7119037218,8.6666666667,0.0000000000
-122.0332568117,9.1481481481,0.0000000000
-122.7119037218,9.3888888889,0.0000000000
-122.7119037218,9.1481481481,0.0000000000
-122.0332568117,9.6296296296,0.0000000000
-122.7119037218,9.8703703704,0.0000000000
-122.7119037218,9.6296296296,0.0000000000
-122.0332568117,10.1111111111,0.0000000000
-122.7119037218,10.3518518518,0.0000000000
-122.7119037218,10.1111111111,0.0000000000
-122.0332568117,10.5925925926,0.0000000000
-122.7119037218,10.8333333333,0.0000000000
-122.7119037218,10.5925925926,0.0000000000
-122.0332568117,11.0740740741,0.0000000000
-122.7119037218,11.3148148148,0.0000000000
-122.7119037218,11.0740740741,0.0000000000
-122.0332568117,11.5555555555,0.0000000000
-122.7119037218,11.7962962963,0.0000000000
-122.7119037218,11.5555555555,0.0000000000
-122.0332568117,12.0370370370,0.0000000000
-122.7119037218,12.2777777778,0.0000000000
-122.7119037218,12.0370370370,0.0000000000
-122.0332568117,12.5185185185,0.0000000000
-122.7119037218,12.7592592593,0.0000000000
-122.7119037218,12.5185185185,0.0000000000
-122.0332568117,13.0000000000,0.0000000000
-122.7119037218,13.2407407407,0.0000000000
-122.7119037218,13.0000000000,0.0000000000
-122.0332568117,13.4814814815,0.0000000000
-122.7119037218,13.7222222222,0.0000000000
-122.7119037218,13.4814814815,0.0000000000
-122.0332568117,13.9629629630,0.0000000000
-122.7119037218,14.2037037037,0.0000000000
-122.7119037218,13.9629629630,0.0000000000
-122.0332568117,14.4444444444,0.0000000000
-122.7119037218,14.6851851852,0.0000000000
-122.7119037218,14.4444444444,0.0000000000
-122.0332568117,14.9259259259,0.0000000000
-122.7119037218,15.1666666667,0.0000000000
-122.7119037218,14.9259259259,0.0000000000
-122.0332568117,15.4074074074,0.0000000000
-122.7119037218,15.6481481481,0.0000000000
-122.7119037218,15.4074074074,0.0000000000
-122.0332568117,15.8888888889,0.0000000000
-122.7119037218,16.1296296296,0.0000000000
-122.7119037218,15.8888888889,0.0000000000
-122.0332568117,16.3703703704,0.0000000000
-122.7119037218,16.6111111111,0.0000000000
-122.7119037218,16.3703703704,0.0000000000
-122.0332568117,16.8518518518,0.0000000000
-122.7119037218,17.0925925926,0.0000000000
-122.7119037218,16.8518518518,0.0000000000
-122.0332568117,17.3333333333,0.0000000000
-122.7119037218,17.5740740741,0.0000000000
-122.7119037218,17.3333333333,0.0000000000
-122.0332568117,17.8148148148,0.0000000000
-122.7119037218,18.0555555555,0.0000000000
-122.7119037218,17.8148148148,0.0000000000
-122.0332568117,18.2962962963,0.0000000000
-122.7119037218,18.5370370370,0.0000000000
-122.7119037218,18.2962962963,0.0000000000
-122.0332568117,18.7777777778,0.0000000000
-122.7119037218,19.0185185185,0.0000000000
-122.7119037218,18.7777777778,0.0000000000
-122.0332568117,19.2592592593,0.0000000000
-122.7119037218,19.5000000000,0.0000000000
-122.7119037218,19.2592592593,0.0000000000
-122.0332568117,19.7407407407,0.0000000000
-122.7119037218,19.9814814815,0.0000000000
-122.7119037218,19.7407407407,0.0000000000
-122.0332568117,20.2222222222,0.0000000000
-122.7119037218,20.4629629630,0.0000000000
-122.7119037218,20.2222222222,0.0000000000
-122.0332568117,20.7037037037,0.0000000000
-122.7119037218,20.9444444444,0.0000000000
-122.7119037218,20.7037037037,0.0000000000
-122.0332568117,21.1851851852,0.0000000000
-122.7119037218,21.4259259259,0.0000000000
-122.7119037218,21.1851851852,0.0000000000
-122.0332568117,21.6666666667,0.0000000000
-122.7119037218,21.9074074074,0.0000000000
-122.7119037218,21.6666666667,0.0000000000
-122.0332568117,22.1481481481,0.0000000000
-122.7119037218,22.3888888889,0.0000000000
-122.7119037218,22.1481481481,0.0000000000
-122.0332568117,22.6296296296,0.0000000000
-122.7119037218,22.8703703704,0.0000000000
-122.7119037218,22.6296296296,0.0000000000
-122.0332568117,23.1111111111,0.0000000000
-122.7119037218,23.3518518518,0.0000000000
-122.7119037218,23.1111111111,0.0000000000
-122.0332568117,23.5925925926,0.0000000000
-122.7119037218,23.8333333333,0.0000000000
-122.7119037218,23.5925925926,0.0000000000
-122.0332568117,24.0740740741,0.0000000000
-122.7119037218,24.3148148148,0.0000000000
-122.7119037218,24.0740740741,0.0000000000
-122.0332568117,24.5555555555,0.0000000000
-122.7119037218,24.7962962963,0.0000000000
-122.7119037218,24.5555555555,0.0000000000
-122.0332568117,25.0370370370,0.0000000000
-122.7119037218,25.2777777778,0.0000000000
-122.7119037218,25.0370370370,0.0000000000
-122.0332568117,25.5185185185,0.0000000000
-122.7119037218,25.7592592593,0.0000000000
-122.7119037218,25.5185185185,0.0000000000
-122.0332568117,26.0000000000,0.0000000000
-122.7119037218,26.2407407407,0.0000000000
-122.7119037218,26.0000000000,0.0000000000
-122.0332568117,26.4814814815,0.0000000000
-122.7119037218,26.7222222222,0.0000000000
-122.7119037218,26.4814814815,0.0000000000
-122.0332568117,26.9629629630,0.0000000000
-122.7119037218,27.2037037037,0.0000000000
-122.7119037218,26.9629629630,0.0000000000
-122.0332568117,27.4444444444,0.0000000000
-122.7119037218,27.6851851852,0.0000000000
-122.7119037218,27.4444444444,0.0000000000
-122.0332568117,27.9259259259,0.0000000000
-122.7119037218,28.1666666667,0.0000000000
-122.7119037218,27.9259259259,0.0000000000
-122.0332568117,28.4074074074,0.0000000000
-122.7119037218,28.6481481481,0.0000000000
-122.7119037218,28.4074074074,0.0000000000
-122.0332568117,28.8888888889,0.0000000000
-122.7119037218,29.1296296296,0.0000000000
-122.7119037218,28.8888888889,0.0000000000
-122.0332568117,29.3703703704,0.0000000000
-122.7119037218,29.6111111111,0.0000000000
-122.7119037218,29.3703703704,0.0000000000
-122.0332568117,29.8518518518,0.0000000000
-122.7119037218,30.0925925926,0.0000000000
-122.7119037218,29.8518518518,0.0000000000
-122.0332568117,30.3333333333,0.0000000000
-122.7119037218,30.5740740741,0.0000000000
-122.7119037218,30.3333333333,0.0000000000
-122.0332568117,30.8148148148,0.0000000000
-122.7119037218,31.0555555555,0.0000000000
-122.7119037218,30.8148148148,0.0000000000
-122.0332568117,31.2962962963,0.0000000000
-122.7119037218,31.5370370370,0.0000000000
-122.7119037218,31.2962962963,0.0000000000
-122.0332568117,31.7777777778,0.0000000000
-122.7119037218,32.0185185185,0.0000000000
-122.7119037218,31.7777777778,0.0000000000
-122.0332568117,32.2592592593,0.0000000000
-122.7119037218,32.2592592593,0.0000000000
-120.4045044998,-32.2592592593,0.0000000000
-121.2188806557,-32.0185185185,0.0000000000
-121.2188806557,-32.2592592593,0.0000000000
-120.4045044998,-31.7777777778,0.0000000000
-121.2188806557,-31.5370370370,0.0000000000
-121.2188806557,-31.7777777778,0.0000000000
-120.4045044998,-31.2962962963,0.0000000000
-121.2188806557,-31.0555555556,0.0000000000
-121.2188806557,-31.2962962963,0.0000000000
-120.4045044998,-30.8148148148,0.0000000000
-121.2188806557,-30.5740740741,0.0000000000
-121.2188806557,-30.8148148148,0.0000000000
-120.4045044998,-30.3333333333,0.0000000000
-121.2188806557,-30.0925925926,0.0000000000
-121.2188806557,-30.3333333333,0.0000000000
-120.4045044998,-29.8518518519,0.0000000000
-121.2188806557,-29.6111111111,0.0000000000
-121.2188806557,-29.8518518519,0.0000000000
-120.4045044998,-29.3703703704,0.0000000000
-121.2188806557,-29.1296296296,0.0000000000
-121.2188806557,-29.3703703704,0.0000000000
-120.4045044998,-28.8888888889,0.0000000000
-121.2188806557,-28.6481481481,0.0000000000
-121.2188806557,-28.8888888889,0.0000000000
-120.4045044998,-28.4074074074,0.0000000000
-121.2188806557,-28.1666666667,0.0000000000
-121.2188806557,-28.4074074074,0.0000000000
-120.4045044998,-27.9259259259,0.0000000000
-121.2188806557,-27.6851851852,0.0000000000
-121.2188806557,-27.9259259259,0.0000000000
-120.4045044998,-27.4444444444,0.0000000000
-121.2188806557,-27.2037037037,0.0000000000
-121.2188806557,-27.4444444444,0.0000000000
-120.4045044998,-26.9629629630,0.0000000000
-121.2188806557,-26.7222222222,0.0000000000
-121.2188806557,-26.9629629630,0.0000000000
-120.4045044998,-26.4814814815,0.0000000000
-121.2188806557,-26.2407407407,0.0000000000
-121.2188806557,-26.4814814815,0.0000000000
-120.4045044998,-26.0000000000,0.0000000000
-121.2188806557,-25.7592592593,0.0000000000
-121.2188806557,-26.0000000000,0.0000000000
-120.4045044998,-25.5185185185,0.0000000000
-121.2188806557,-25.2777777778,0.0000000000
-121.2188806557,-25.5185185185,0.0000000000
-120.4045044998,-25.0370370370,0.0000000000
-121.2188806557,-24.7962962963,0.0000000000
-121.2188806557,-25.0370370370,0.0000000000
-120.4045044998,-24.5555555556,0.0000000000
-121.2188806557,-24.3148148148,0.0000000000
-121.2188806557,-24.5555555556,0.0000000000
-120.4045044998,-24.0740740741,0.0000000000
-121.2188806557,-23.8333333333,0.0000000000
-121.2188806557,-24.0740740741,0.0000000000
-120.4045044998,-23.5925925926,0.0000000000
-121.2188806557,-23.3518518519,0.0000000000
-121.2188806557,-23.5925925926,0.0000000000
-120.4045044998,-23.1111111111,0.0000000000
-121.2188806557,-22.8703703704,0.0000000000
-121.2188806557,-23.1111111111,0.0000000000
-120.4045044998,-22.6296296296,0.0000000000
-121.2188806557,-22.3888888889,0.0000000000
-121.2188806557,-22.6296296296,0.0000000000
-120.4045044998,-22.1481481481,0.0000000000
-121.2188806557,-21.9074074074,0.0000000000
-121.2188806557,-22.1481481481,0.0000000000
-120.4045044998,-21.6666666667,0.0000000000
-121.2188806557,-21.4259259259,0.0000000000
-121.2188806557,-21.6666666667,0.0000000000
-120.4045044998,-21.1851851852,0.0000000000
-121.2188806557,-20.9444444444,0.0000000000
-121.2188806557,-21.1851851852,0.0000000000
-120.4045044998,-20.7037037037,0.0000000000
-121.2188806557,-20.4629629630,0.0000000000
-121.2188806557,-20.7037037037,0.0000000000
-120.4045044998,-20.2222222222,0.0000000000
-121.2188806557,-19.9814814815,0.0000000000
-121.2188806557,-20.2222222222,0.0000000000
-120.4045044998,-19.7407407407,0.0000000000
-121.2188806557,-19.5000000000,0.0000000000
-121.2188806557,-19.7407407407,0.0000000000
-120.4045044998,-19.2592592593,0.0000000000
-121.2188806557,-19.0185185185,0.0000000000
-121.2188806557,-19.2592592593,0.0000000000
-120.4045044998,-18.7777777778,0.0000000000
-121.2188806557,-18.5370370370,0.0000000000
-121.2188806557,-18.7777777778,0.0000000000
-120.4045044998,-18.2962962963,0.0000000000
-121.2188806557,-18.0555555556,0.0000000000
-121.2188806557,-18.2962962963,0.0000000000
-120.4045044998,-17.8148148148,0.0000000000
-121.2188806557,-17.5740740741,0.0000000000
-121.2188806557,-17.8148148148,0.0000000000
-120.4045044998,-17.3333333333,0.0000000000
-121.2188806557,-17.0925925926,0.0000000000
-121.2188806557,-17.3333333333,0.0000000000
-120.4045044998,-16.8518518519,0.0000000000
-121.2188806557,-16.6111111111,0.0000000000
-121.2188806557,-16.8518518519,0.0000000000
-120.4045044998,-16.3703703704,0.0000000000
-121.2188806557,-16.1296296296,0.0000000000
-121.2188806557,-16.3703703704,0.0000000000
-120.4045044998,-15.8888888889,0.0000000000
-121.2188806557,-15.6481481482,0.0000000000
-121.2188806557,-15.8888888889,0.0000000000
-120.4045044998,-15.4074074074,0.0000000000
-121.2188806557,-15.1666666667,0.0000000000
-121.2188806557,-15.4074074074,0.0000000000
-120.4045044998,-14.9259259259,0.0000000000
-121.2188806557,-14.6851851852,0.0000000000
-121.2188806557,-14.9259259259,0.0000000000
-120.4045044998,-14.4444444444,0.0000000000
-121.2188806557,-14.2037037037,0.0000000000
-121.2188806557,-14.4444444444,0.0000000000
-120.4045044998,-13.9629629630,0.0000000000
-121.2188806557,-13.7222222222,0.0000000000
-121.2188806557,-13.9629629630,0.0000000000
-120.4045044998,-13.4814814815,0.0000000000
-121.2188806557,-13.2407407407,0.0000000000
-121.2188806557,-13.4814814815,0.0000000000
-120.4045044998,-13.0000000000,0.0000000000
-121.2188806557,-12.7592592593,0.0000000000
-121.2188806557,-13.0000000000,0.0000000000
-120.4045044998,-12.5185185185,0.0000000000
-121.2188806557,-12.2777777778,0.0000000000
-121.2188806557,-12.5185185185,0.0000000000
-120.4045044998,-12.0370370370,0.0000000000
-121.2188806557,-11.7962962963,0.0000000000
-121.2188806557,-12.0370370370,0.0000000000
-120.4045044998,-11.5555555556,0.0000000000
-121.2188806557,-11.3148148148,0.0000000000
-121.2188806557,-11.5555555556,0.0000000000
-120.4045044998,-11.0740740741,0.0000000000
-121.2188806557,-10.8333333333,0.0000000000
-121.2188806557,-11.0740740741,0.0000000000
-120.4045044998,-10.5925925926,0.0000000000
-121.2188806557,-10.3518518519,0.0000000000
-121.2188806557,-10.5925925926,0.0000000000
-120.4045044998,-10.1111111111,0.0000000000
-121.2188806557,-9.8703703704,0.0000000000
-121.2188806557,-10.1111111111,0.0000000000
-120.4045044998,-9.6296296296,0.0000000000
-121.2188806557,-9.3888888889,0.0000000000
-121.2188806557,-9.6296296296,0.0000000000
-120.4045044998,-9.1481481482,0.0000000000
-121.2188806557,-8.9074074074,0.0000000000
-121.2188806557,-9.1481481482,0.0000000000
-120.4045044998,-8.6666666667,0.0000000000
-121.2188806557,-8.4259259259,0.0000000000
-121.2188806557,-8.6666666667,0.0000000000
-120.4045044998,-8.1851851852,0.0000000000
-121.2188806557,-7.9444444444,0.0000000000
-121.2188806557,-8.1851851852,0.0000000000
-120.4045044998,-7.7037037037,0.0000000000
-121.2188806557,-7.4629629630,0.0000000000
-121.2188806557,-7.7037037037,0.0000000000
-120.4045044998,-7.2222222222,0.0000000000
-121.2188806557,-6.9814814815,0.0000000000
-121.2188806557,-7.2222222222,0.0000000000
-120.4045044998,-6.7407407407,0.0000000000
-121.2188806557,-6.5000000000,0.0000000000
-121.2188806557,-6.7407407407,0.0000000000
-120.4045044998,-6.2592592593,0.0000000000
-121.2188806557,-6.0185185185,0.0000000000
-121.2188806557,-6.2592592593,0.0000000000
-120.4045044998,-5.7777777778,0.0000000000
-121.2188806557,-5.5370370370,0.0000000000
-121.2188806557,-5.7777777778,0.0000000000
-120.4045044998,-5.2962962963,0.0000000000
-121.2188806557,-5.0555555556,0.0000000000
-121.2188806557,-5.2962962963,0.0000000000
-120.4045044998,-4.8148148148,0.0000000000
-121.2188806557,-4.5740740741,0.0000000000
-121.2188806557,-4.8148148148,0.0000000000
-120.4045044998,-4.3333333333,0.0000000000
-121.2188806557,-4.0925925926,0.0000000000
-121.2188806557,-4.3333333333,0.0000000000
-120.4045044998,-3.8518518519,0.0000000000
-121.2188806557,-3.6111111111,0.0000000000
-121.2188806557,-3.8518518519,0.0000000000
-120.4045044998,-3.3703703704,0.0000000000
-121.2188806557,-3.1296296296,0.0000000000
-121.2188806557,-3.3703703704,0.0000000000
-120.4045044998,-2.8888888889,0.0000000000
-121.2188806557,-2.6481481482,0.0000000000
-121.2188806557,-2.8888888889,0.0000000000
-120.4045044998,-2.4074074074,0.0000000000
-121.2188806557,-2.1666666667,0.0000000000
-121.2188806557,-2.4074074074,0.0000000000
-120.4045044998,-1.9259259259,0.0000000000
-121.2188806557,-1.6851851852,0.0000000000
-121.2188806557,-1.9259259259,0.0000000000
-120.4045044998,-1.4444444444,0.0000000000
-121.2188806557,-1.2037037037,0.0000000000
-121.2188806557,-1.4444444444,0.0000000000
-120.4045044998,-0.9629629630,0.0000000000
-121.2188806557,-0.7222222222,0.0000000000
-121.2188806557,-0.9629629630,0.0000000000
-120.4045044998,-0.4814814815,0.0000000000
-121.2188806557,-0.2407407407,0.0000000000
-121.2188806557,-0.4814814815,0.0000000000
-120.4045044998,-0.0000000000,0.0000000000
-121.2188806557,0.2407407407,0.0000000000
-121.2188806557,-0.0000000000,0.0000000000
-120.4045044998,0.4814814815,0.0000000000
-121.2188806557,0.7222222222,0.0000000000
-121.2188806557,0.4814814815,0.0000000000
-120.4045044998,0.9629629630,0.0000000000
-121.2188806557,1.2037037037,0.0000000000
-121.2188806557,0.9629629630,0.0000000000
-120.4045044998,1.4444444444,0.0000000000
-121.2188806557,1.6851851852,0.0000000000
-121.2188806557,1.4444444444,0.0000000000
-120.4045044998,1.9259259259,0.0000000000
-121.2188806557,2.1666666667,0.0000000000
-121.2188806557,1.9259259259,0.0000000000
-120.4045044998,2.4074074074,0.0000000000
-121.2188806557,2.6481481481,0.0000000000
-121.2188806557,2.4074074074,0.0000000000
-120.4045044998,2.8888888889,0.0000000000
-121.2188806557,3.1296296296,0.0000000000
-121.2188806557,2.8888888889,0.0000000000
-120.4045044998,3.3703703704,0.0000000000
-121.2188806557,3.6111111111,0.0000000000
-121.2188806557,3.3703703704,0.0000000000
-120.4045044998,3.8518518518,0.0000000000
-121.2188806557,4.0925925926,0.0000000000
-121.2188806557,3.8518518518,0.0000000000
-120.4045044998,4.3333333333,0.0000000000
-121.2188806557,4.5740740741,0.0000000000
-121.2188806557,4.3333333333,0.0000000000
-120.4045044998,4.8148148148,0.0000000000
-121.2188806557,5.0555555556,0.0000000000
-121.2188806557,4.8148148148,0.0000000000
-120.4045044998,5.2962962963,0.0000000000
-121.2188806557,5.5370370370,0.0000000000
-121.2188806557,5.2962962963,0.0000000000
-120.4045044998,5.7777777778,0.0000000000
-121.2188806557,6.0185185185,0.0000000000
-121.2188806557,5.7777777778,0.0000000000
-120.4045044998,6.2592592593,0.0000000000
-121.2188806557,6.5000000000,0.0000000000
-121.2188806557,6.2592592593,0.0000000000
-120.4045044998,6.7407407407,0.0000000000
-121.2188806557,6.9814814815,0.0000000000
-121.2188806557,6.7407407407,0.0000000000
-120.4045044998,7.2222222222,0.0000000000
-121.2188806557,7.4629629630,0.0000000000
-121.2188806557,7.2222222222,0.0000000000
-120.4045044998,7.7037037037,0.0000000000
-121.2188806557,7.9444444444,0.0000000000
-121.2188806557,7.7037037037,0.0000000000
-120.4045044998,8.1851851852,0.0000000000
-121.2188806557,8.4259259259,0.0000000000
-121.2188806557,8.1851851852,0.0000000000
-120.4045044998,8.6666666667,0.0000000000
-121.2188806557,8.9074074074,0.0000000000
-121.2188806557,8.6666666667,0.0000000000
-120.4045044998,9.1481481481,0.0000000000
-121.2188806557,9.3888888889,0.0000000000
-121.2188806557,9.1481481481,0.0000000000
-120.4045044998,9.6296296296,0.0000000000
-121.2188806557,9.8703703704,0.0000000000
-121.2188806557,9.6296296296,0.0000000000
-120.4045044998,10.1111111111,0.0000000000
-121.2188806557,10.3518518518,0.0000000000
-121.2188806557,10.1111111111,0.0000000000
-120.4045044998,10.5925925926,0.0000000000
-121.2188806557,10.8333333333,0.0000000000
-121.2188806557,10.5925925926,0.0000000000
-120.4045044998,11.0740740741,0.0000000000
-121.2188806557,11.3148148148,0.0000000000
-121.2188806557,11.0740740741,0.0000000000
-120.4045044998,11.5555555555,0.0000000000
-121.2188806557,11.7962962963,0.0000000000
-121.2188806557,11.5555555555,0.0000000000
-120.4045044998,12.0370370370,0.0000000000
-121.2188806557,12.2777777778,0.0000000000
-121.2188806557,12.0370370370,0.0000000000
-120.4045044998,12.5185185185,0.0000000000
-121.2188806557,12.7592592593,0.0000000000
-121.2188806557,12.5185185185,0.0000000000
-120.4045044998,13.0000000000,0.0000000000
-121.2188806557,13.2407407407,0.0000000000
-121.2188806557,13.0000000000,0.0000000000
-120.4045044998,13.4814814815,0.0000000000
-121.2188806557,13.7222222222,0.0000000000
-121.2188806557,13.4814814815,0.0000000000
-120.4045044998,13.9629629630,0.0000000000
-121.2188806557,14.2037037037,0.0000000000
-121.2188806557,13.9629629630,0.0000000000
-120.4045044998,14.4444444444,0.0000000000
-121.2188806557,14.6851851852,0.0000000000
-121.2188806557,14.4444444444,0.0000000000
-120.4045044998,14.9259259259,0.0000000000
-121.2188806557,15.1666666667,0.0000000000
-121.2188806557,14.9259259259,0.0000000000
-120.4045044998,15.4074074074,0.0000000000
-121.2188806557,15.6481481481,0.0000000000
-121.2188806557,15.4074074074,0.0000000000
-120.4045044998,15.8888888889,0.0000000000
-121.2188806557,16.1296296296,0.0000000000
-121.2188806557,15.8888888889,0.0000000000
-120.4045044998,16.3703703704,0.0000000000
-121.2188806557,16.6111111111,0.0000000000
-121.2188806557,16.3703703704,0.0000000000
-120.4045044998,16.8518518518,0.0000000000
-121.2188806557,17.0925925926,0.0000000000
-121.2188806557,16.8518518518,0.0000000000
-120.4045044998,17.3333333333,0.0000000000
-121.2188806557,17.5740740741,0.0000000000
-121.2188806557,17.3333333333,0.0000000000
-120.4045044998,17.8148148148,0.0000000000
-121.2188806557,18.0555555555,0.0000000000
-121.2188806557,17.8148148148,0.0000000000
-120.4045044998,18.2962962963,0.0000000000
-121.2188806557,18.5370370370,0.0000000000
-121.2188806557,18.2962962963,0.0000000000
-120.4045044998,18.7777777778,0.0000000000
-121.2188806557,19.0185185185,0.0000000000
-121.2188806557,18.7777777778,0.0000000000
-120.4045044998,19.2592592593,0.0000000000
-121.2188806557,19.5000000000,0.0000000000
-121.2188806557,19.2592592593,0.0000000000
-120.4045044998,19.7407407407,0.0000000000
-121.2188806557,19.9814814815,0.0000000000
-121.2188806557,19.7407407407,0.0000000000
-120.4045044998,20.2222222222,0.0000000000
-121.2188806557,20.4629629630,0.0000000000
-121.2188806557,20.2222222222,0.0000000000
-120.4045044998,20.7037037037,0.0000000000
-121.2188806557,20.9444444444,0.0000000000
-121.2188806557,20.7037037037,0.0000000000
-120.4045044998,21.1851851852,0.0000000000
-121.2188806557,21.4259259259,0.0000000000
-121.2188806557,21.1851851852,0.0000000000
-120.4045044998,21.6666666667,0.0000000000
-121.2188806557,21.9074074074,0.0000000000
-121.2188806557,21.6666666667,0.0000000000
-120.4045044998,22.1481481481,0.0000000000
-121.2188806557,22.3888888889,0.0000000000
-121.2188806557,22.1481481481,0.0000000000
-120.4045044998,22.6296296296,0.0000000000
-121.2188806557,22.8703703704,0.0000000000
-121.2188806557,22.6296296296,0.0000000000
-120.4045044998,23.1111111111,0.0000000000
-121.2188806557,23.3518518518,0.0000000000
-121.2188806557,23.1111111111,0.0000000000
-120.4045044998,23.5925925926,0.0000000000
-121.2188806557,23.8333333333,0.0000000000
-121.2188806557,23.5925925926,0.0000000000
-120.4045044998,24.0740740741,0.0000000000
-121.2188806557,24.3148148148,0.0000000000
-121.2188806557,24.0740740741,0.0000000000
-120.4045044998,24.5555555555,0.0000000000
-121.2188806557,24.7962962963,0.0000000000
-121.2188806557,24.5555555555,0.0000000000
-120.4045044998,25.0370370370,0.0000000000
-121.2188806557,25.2777777778,0.0000000000
-121.2188806557,25.0370370370,0.0000000000
-120.4045044998,25.5185185185,0.0000000000
-121.2188806557,25.7592592593,0.0000000000
-121.2188806557,25.5185185185,0.0000000000
-120.4045044998,26.0000000000,0.0000000000
-121.2188806557,26.2407407407,0.0000000000
-121.2188806557,26.0000000000,0.0000000000
-120.4045044998,26.4814814815,0.0000000000
-121.2188806557,26.7222222222,0.0000000000
-121.2188806557,26.4814814815,0.0000000000
-120.4045044998,26.9629629630,0.0000000000
-121.2188806557,27.2037037037,0.0000000000
-121.2188806557,26.9629629630,0.0000000000
-120.4045044998,27.4444444444,0.0000000000
-121.2188806557,27.6851851852,0.0000000000
-121.2188806557,27.4444444444,0.0000000000
-120.4045044998,27.9259259259,0.0000000000
-121.2188806557,28.1666666667,0.0000000000
-121.2188806557,27.9259259259,0.0000000000
-120.4045044998,28.4074074074,0.0000000000
-121.2188806557,28.6481481481,0.0000000000
-121.2188806557,28.4074074074,0.0000000000
-120.4045044998,28.8888888889,0.0000000000
-121.2188806557,29.1296296296,0.0000000000
-121.2188806557,28.8888888889,0.0000000000
-120.4045044998,29.3703703704,0.0000000000
-121.2188806557,29.6111111111,0.0000000000
-121.2188806557,29.3703703704,0.0000000000
-120.4045044998,29.8518518518,0.0000000000
-121.2188806557,30.0925925926,0.0000000000
-121.2188806557,29.8518518518,0.0000000000
-120.4045044998,30.3333333333,0.0000000000
-121.2188806557,30.5740740741,0.0000000000
-121.2188806557,30.3333333333,0.0000000000
-120.4045044998,30.8148148148,0.0000000000
-121.2188806557,31.0555555555,0.0000000000
-121.2188806557,30.8148148148,0.0000000000
-120.4045044998,31.2962962963,0.0000000000
-121.2188806557,31.5370370370,0.0000000000
-121.2188806557,31.2962962963,0.0000000000
-120.4045044998,31.7777777778,0.0000000000
-121.2188806557,32.0185185185,0.0000000000
-121.2188806557,31.7777777778,0.0000000000
-120.4045044998,32.2592592593,0.0000000000
-121.2188806557,32.2592592593,0.0000000000
-118.4500015872,-32.2592592593,0.0000000000
-119.4272530435,-32.0185185185,0.0000000000
-119.4272530435,-32.2592592593,0.0000000000
-118.4500015872,-31.7777777778,0.0000000000
-119.4272530435,-31.5370370370,0.0000000000
-119.4272530435,-31.7777777778,0.0000000000
-118.4500015872,-31.2962962963,0.0000000000
-119.4272530435,-31.0555555556,0.0000000000
-119.4272530435,-31.2962962963,0.0000000000
-118.4500015872,-30.8148148148,0.0000000000
-119.4272530435,-30.5740740741,0.0000000000
-119.4272530435,-30.8148148148,0.0000000000
-118.4500015872,-30.3333333333,0.0000000000
-119.4272530435,-30.0925925926,0.0000000000
-119.4272530435,-30.3333333333,0.0000000000
-118.4500015872,-29.8518518519,0.0000000000
-119.4272530435,-29.6111111111,0.0000000000
-119.4272530435,-29.8518518519,0.0000000000
-118.4500015872,-29.3703703704,0.0000000000
-119.4272530435,-29.1296296296,0.0000000000
-119.4272530435,-29.3703703704,0.0000000000
-118.4500015872,-28.8888888889,0.0000000000
-119.4272530435,-28.6481481481,0.0000000000
-119.4272530435,-28.8888888889,0.0000000000
-118.4500015872,-28.4074074074,0.0000000000
-119.4272530435,-28.1666666667,0.0000000000
-119.4272530435,-28.4074074074,0.0000000000
-118.4500015872,-27.9259259259,0.0000000000
-119.4272530435,-27.6851851852,0.0000000000
-119.4272530435,-27.9259259259,0.0000000000
-118.4500015872,-27.4444444444,0.0000000000
-119.4272530435,-27.2037037037,0.0000000000
-119.4272530435,-27.4444444444,0.0000000000
-118.4500015872,-26.9629629630,0.0000000000
-119.4272530435,-26.7222222222,0.0000000000
-119.4272530435,-26.9629629630,0.0000000000
-118.4500015872,-26.4814814815,0.0000000000
-119.4272530435,-26.2407407407,0.0000000000
-119.4272530435,-26.4814814815,0.0000000000
-118.4500015872,-26.0000000000,0.0000000000
-119.4272530435,-25.7592592593,0.0000000000
-119.4272530435,-26.0000000000,0.0000000000
-118.4500015872,-25.5185185185,0.0000000000
-119.4272530435,-25.2777777778,0.0000000000
-119.4272530435,-25.5185185185,0.0000000000
-118.4500015872,-25.0370370370,0.0000000000
-119.4272530435,-24.7962962963,0.0000000000
-119.4272530435,-25.0370370370,0.0000000000
-118.4500015872,-24.5555555556,0.0000000000
-119.4272530435,-24.3148148148,0.0000000000
-119.4272530435,-24.5555555556,0.0000000000
-118.4500015872,-24.0740740741,0.0000000000
-119.4272530435,-23.8333333333,0.0000000000
-119.4272530435,-24.0740740741,0.0000000000
-118.4500015872,-23.5925925926,0.0000000000
-119.4272530435,-23.3518518519,0.0000000000
-119.4272530435,-23.5925925926,0.0000000000
-118.4500015872,-23.1111111111,0.0000000000
-119.4272530435,-22.8703703704,0.0000000000
-119.4272530435,-23.1111111111,0.0000000000
-118.4500015872,-22.6296296296,0.0000000000
-119.4272530435,-22.3888888889,0.0000000000
-119.4272530435,-22.6296296296,0.0000000000
-118.4500015872,-22.1481481481,0.0000000000
-119.4272530435,-21.9074074074,0.0000000000
-119.4272530435,-22.1481481481,0.0000000000
-118.4500015872,-21.6666666667,0.0000000000
-119.4272530435,-21.4259259259,0.0000000000
-119.4272530435,-21.6666666667,0.0000000000
-118.4500015872,-21.1851851852,0.0000000000
-119.4272530435,-20.9444444444,0.0000000000
-119.4272530435,-21.1851851852,0.0000000000
-118.4500015872,-20.7037037037,0.0000000000
-119.4272530435,-20.4629629630,0.0000000000
-119.4272530435,-20.7037037037,0.0000000000
-118.4500015872,-20.2222222222,0.0000000000
-119.4272530435,-19.9814814815,0.0000000000
-119.4272530435,-20.2222222222,0.0000000000
-118.4500015872,-19.7407407407,0.0000000000
-119.4272530435,-19.5000000000,0.0000000000
-119.4272530435,-19.7407407407,0.0000000000
-118.4500015872,-19.2592592593,0.0000000000
-119.4272530435,-19.0185185185,0.0000000000
-119.4272530435,-19.2592592593,0.0000000000
-118.4500015872,-18.7777777778,0.0000000000
-119.4272530435,-18.5370370370,0.0000000000
-119.4272530435,-18.7777777778,0.0000000000
-118.4500015872,-18.2962962963,0.0000000000
-119.4272530435,-18.0555555556,0.0000000000
-119.4272530435,-18.2962962963,0.0000000000
-118.4500015872,-17.8148148148,0.0000000000
-119.4272530435,-17.5740740741,0.0000000000
-119.4272530435,-17.8148148148,0.0000000000
-118.4500015872,-17.3333333333,0.0000000000
-119.4272530435,-17.0925925926,0.0000000000
-119.4272530435,-17.3333333333,0.0000000000
-118.4500015872,-16.8518518519,0.0000000000
-119.4272530435,-16.6111111111,0.0000000000
-119.4272530435,-16.8518518519,0.0000000000
-118.4500015872,-16.3703703704,0.0000000000
-119.4272530435,-16.1296296296,0.0000000000
-119.4272530435,-16.3703703704,0.0000000000
-118.4500015872,-15.8888888889,0.0000000000
-119.4272530435,-15.6481481482,0.0000000000
-119.4272530435,-15.8888888889,0.0000000000
-118.4500015872,-15.4074074074,0.0000000000
-119.4272530435,-15.1666666667,0.0000000000
-119.4272530435,-15.4074074074,0.0000000000
-118.4500015872,-14.9259259259,0.0000000000
-119.4272530435,-14.6851851852,0.0000000000
-119.4272530435,-14.9259259259,0.0000000000
-118.4500015872,-14.4444444444,0.0000000000
-119.4272530435,-14.2037037037,0.0000000000
-119.4272530435,-14.4444444444,0.0000000000
-118.4500015872,-13.9629629630,0.0000000000
-119.4272530435,-13.7222222222,0.0000000000
-119.4272530435,-13.9629629630,0.0000000000
-118.4500015872,-13.4814814815,0.0000000000
-119.4272530435,-13.2407407407,0.0000000000
-119.4272530435,-13.4814814815,0.0000000000
-118.4500015872,-13.0000000000,0.0000000000
-119.4272530435,-12.7592592593,0.0000000000
-119.4272530435,-13.0000000000,0.0000000000
-118.4500015872,-12.5185185185,0.0000000000
-119.4272530435,-12.2777777778,0.0000000000
-119.4272530435,-12.5185185185,0.0000000000
-118.4500015872,-12.0370370370,0.0000000000
-119.4272530435,-11.7962962963,0.0000000000
-119.4272530435,-12.0370370370,0.0000000000
-118.4500015872,-11.5555555556,0.0000000000
-119.4272530435,-11.3148148148,0.0000000000
-119.4272530435,-11.5555555556,0.0000000000
-118.4500015872,-11.0740740741,0.0000000000
-119.4272530435,-10.8333333333,0.0000000000
-119.4272530435,-11.0740740741,0.0000000000
-118.4500015872,-10.5925925926,0.0000000000
-119.4272530435,-10.3518518519,0.0000000000
-119.4272530435,-10.5925925926,0.0000000000
-118.4500015872,-10.1111111111,0.0000000000
-119.4272530435,-9.8703703704,0.0000000000
-119.4272530435,-10.1111111111,0.0000000000
-118.4500015872,-9.6296296296,0.0000000000
-119.4272530435,-9.3888888889,0.0000000000
-119.4272530435,-9.6296296296,0.0000000000
-118.4500015872,-9.1481481482,0.0000000000
-119.4272530435,-8.9074074074,0.0000000000
-119.4272530435,-9.1481481482,0.0000000000
-118.4500015872,-8.6666666667,0.0000000000
-119.4272530435,-8.4259259259,0.0000000000
-119.4272530435,-8.6666666667,0.0000000000
-118.4500015872,-8.1851851852,0.0000000000
-119.4272530435,-7.9444444444,0.0000000000
-119.4272530435,-8.1851851852,0.0000000000
-118.4500015872,-7.7037037037,0.0000000000
-119.4272530435,-7.4629629630,0.0000000000
-119.4272530435,-7.7037037037,0.0000000000
-118.4500015872,-7.2222222222,0.0000000000
-119.4272530435,-6.9814814815,0.0000000000
-119.4272530435,-7.2222222222,0.0000000000
-118.4500015872,-6.7407407407,0.0000000000
-119.4272530435,-6.5000000000,0.0000000000
-119.4272530435,-6.7407407407,0.0000000000
-118.4500015872,-6.2592592593,0.0000000000
-119.4272530435,-6.0185185185,0.0000000000
-119.4272530435,-6.2592592593,0.0000000000
-118.4500015872,-5.7777777778,0.0000000000
-119.4272530435,-5.5370370370,0.0000000000
-119.4272530435,-5.7777777778,0.0000000000
-118.4500015872,-5.2962962963,0.0000000000
-119.4272530435,-5.0555555556,0.0000000000
-119.4272530435,-5.2962962963,0.0000000000
-118.4500015872,-4.8148148148,0.0000000000
-119.4272530435,-4.5740740741,0.0000000000
-119.4272530435,-4.8148148148,0.0000000000
-118.4500015872,-4.3333333333,0.0000000000
-119.4272530435,-4.0925925926,0.0000000000
-119.4272530435,-4.3333333333,0.0000000000
-118.4500015872,-3.8518518519,0.0000000000
-119.4272530435,-3.6111111111,0.0000000000
-119.4272530435,-3.8518518519,0.0000000000
-118.4500015872,-3.3703703704,0.0000000000
-119.4272530435,-3.1296296296,0.0000000000
-119.4272530435,-3.3703703704,0.0000000000
-118.4500015872,-2.8888888889,0.0000000000
-119.4272530435,-2.6481481482,0.0000000000
-119.4272530435,-2.8888888889,0.0000000000
-118.4500015872,-2.4074074074,0.0000000000
-119.4272530435,-2.1666666667,0.0000000000
-119.4272530435,-2.4074074074,0.0000000000
-118.4500015872,-1.9259259259,0.0000000000
-119.4272530435,-1.6851851852,0.0000000000
-119.4272530435,-1.9259259259,0.0000000000
-118.4500015872,-1.4444444444,0.0000000000
-119.4272530435,-1.2037037037,0.0000000000
-119.4272530435,-1.4444444444,0.0000000000
-118.4500015872,-0.9629629630,0.0000000000
-119.4272530435,-0.7222222222,0.0000000000
-119.4272530435,-0.9629629630,0.0000000000
-118.4500015872,-0.4814814815,0.0000000000
-119.4272530435,-0.2407407407,0.0000000000
-119.4272530435,-0.4814814815,0.0000000000
-118.4500015872,-0.0000000000,0.0000000000
-119.4272530435,0.2407407407,0.0000000000
-119.4272530435,-0.0000000000,0.0000000000
-118.4500015872,0.4814814815,0.0000000000
-119.4272530435,0.7222222222,0.0000000000
-119.4272530435,0.4814814815,0.0000000000
-118.4500015872,0.9629629630,0.0000000000
-119.4272530435,1.2037037037,0.0000000000
-119.4272530435,0.9629629630,0.0000000000
-118.4500015872,1.4444444444,0.0000000000
-119.4272530435,1.6851851852,0.0000000000
-119.4272530435,1.4444444444,0.0000000000
-118.4500015872,1.9259259259,0.0000000000
-119.4272530435,2.1666666667,0.0000000000
-119.4272530435,1.9259259259,0.0000000000
-118.4500015872,2.4074074074,0.0000000000
-119.4272530435,2.6481481481,0.0000000000
-119.4272530435,2.4074074074,0.0000000000
-118.4500015872,2.8888888889,0.0000000000
-119.4272530435,3.1296296296,0.0000000000
-119.4272530435,2.8888888889,0.0000000000
-118.4500015872,3.3703703704,0.0000000000
-119.4272530435,3.6111111111,0.0000000000
-119.4272530435,3.3703703704,0.0000000000
-118.4500015872,3.8518518518,0.0000000000
-119.4272530435,4.0925925926,0.0000000000
-119.4272530435,3.8518518518,0.0000000000
-118.4500015872,4.3333333333,0.0000000000
-119.4272530435,4.5740740741,0.0000000000
-119.4272530435,4.3333333333,0.0000000000
-118.4500015872,4.8148148148,0.0000000000
-119.4272530435,5.0555555556,0.0000000000
-119.4272530435,4.8148148148,0.0000000000
-118.4500015872,5.2962962963,0.0000000000
-119.4272530435,5.5370370370,0.0000000000
-119.4272530435,5.2962962963,0.0000000000
-118.4500015872,5.7777777778,0.0000000000
-119.4272530435,6.0185185185,0.0000000000
-119.4272530435,5.7777777778,0.0000000000
-118.4500015872,6.2592592593,0.0000000000
-119.4272530435,6.5000000000,0.0000000000
-119.4272530435,6.2592592593,0.0000000000
-118.4500015872,6.7407407407,0.0000000000
-119.4272530435,6.9814814815,0.0000000000
-119.4272530435,6.7407407407,0.0000000000
-118.4500015872,7.2222222222,0.0000000000
-119.4272530435,7.4629629630,0.0000000000
-119.4272530435,7.2222222222,0.0000000000
-118.4500015872,7.7037037037,0.0000000000
-119.4272530435,7.9444444444,0.0000000000
-119.4272530435,7.7037037037,0.0000000000
-118.4500015872,8.1851851852,0.0000000000
-119.4272530435,8.4259259259,0.0000000000
-119.4272530435,8.1851851852,0.0000000000
-118.4500015872,8.6666666667,0.0000000000
-119.4272530435,8.9074074074,0.0000000000
-119.4272530435,8.6666666667,0.0000000000
-118.4500015872,9.1481481481,0.0000000000
-119.4272530435,9.3888888889,0.0000000000
-119.4272530435,9.1481481481,0.0000000000
-118.4500015872,9.6296296296,0.0000000000
-119.4272530435,9.8703703704,0.0000000000
-119.4272530435,9.6296296296,0.0000000000
-118.4500015872,10.1111111111,0.0000000000
-119.4272530435,10.3518518518,0.0000000000
-119.4272530435,10.1111111111,0.0000000000
-118.4500015872,10.5925925926,0.0000000000
-119.4272530435,10.8333333333,0.0000000000
-119.4272530435,10.5925925926,0.0000000000
-118.4500015872,11.0740740741,0.0000000000
-119.4272530435,11.3148148148,0.0000000000
-119.4272530435,11.0740740741,0.0000000000
-118.4500015872,11.5555555555,0.0000000000
-119.4272530435,11.7962962963,0.0000000000
-119.4272530435,11.5555555555,0.0000000000
-118.4500015872,12.0370370370,0.0000000000
-119.4272530435,12.2777777778,0.0000000000
-119.4272530435,12.0370370370,0.0000000000
-118.4500015872,12.5185185185,0.0000000000
-119.4272530435,12.7592592593,0.0000000000
-119.4272530435,12.5185185185,0.0000000000
-118.4500015872,13.0000000000,0.0000000000
-119.4272530435,13.2407407407,0.0000000000
-119.4272530435,13.0000000000,0.0000000000
-118.4500015872,13.4814814815,0.0000000000
-119.4272530435,13.7222222222,0.0000000000
-119.4272530435,13.4814814815,0.0000000000
-118.4500015872,13.9629629630,0.0000000000
-119.4272530435,14.2037037037,0.0000000000
-119.4272530435,13.9629629630,0.0000000000
-118.4500015872,14.4444444444,0.0000000000
-119.4272530435,14.6851851852,0.0000000000
-119.4272530435,14.4444444444,0.0000000000
-118.4500015872,14.9259259259,0.0000000000
-119.4272530435,15.1666666667,0.0000000000
-119.4272530435,14.9259259259,0.0000000000
-118.4500015872,15.4074074074,0.0000000000
-119.4272530435,15.6481481481,0.0000000000
-119.4272530435,15.4074074074,0.0000000000
-118.4500015872,15.8888888889,0.0000000000
-119.4272530435,16.1296296296,0.0000000000
-119.4272530435,15.8888888889,0.0000000000
-118.4500015872,16.3703703704,0.0000000000
-119.4272530435,16.6111111111,0.0000000000
-119.4272530435,16.3703703704,0.0000000000
-118.4500015872,16.8518518518,0.0000000000
-119.4272530435,17.0925925926,0.0000000000
-119.4272530435,16.8518518518,0.0000000000
-118.4500015872,17.3333333333,0.0000000000
-119.4272530435,17.5740740741,0.0000000000
-119.4272530435,17.3333333333,0.0000000000
-118.4500015872,17.8148148148,0.0000000000
-119.4272530435,18.0555555555,0.0000000000
-119.4272530435,17.8148148148,0.0000000000
-118.4500015872,18.2962962963,0.0000000000
-119.4272530435,18.5370370370,0.0000000000
-119.4272530435,18.2962962963,0.0000000000
-118.4500015872,18.7777777778,0.0000000000
-119.4272530435,19.0185185185,0.0000000000
-119.4272530435,18.7777777778,0.0000000000
-118.4500015872,19.2592592593,0.0000000000
-119.4272530435,19.5000000000,0.0000000000
-119.4272530435,19.2592592593,0.0000000000
-118.4500015872,19.7407407407,0.0000000000
-119.4272530435,19.9814814815,0.0000000000
-119.4272530435,19.7407407407,0.0000000000
-118.4500015872,20.2222222222,0.0000000000
-119.4272530435,20.4629629630,0.0000000000
-119.4272530435,20.2222222222,0.0000000000
-118.4500015872,20.7037037037,0.0000000000
-119.4272530435,20.9444444444,0.0000000000
-119.4272530435,20.7037037037,0.0000000000
-118.4500015872,21.1851851852,0.0000000000
-119.4272530435,21.4259259259,0.0000000000
-119.4272530435,21.1851851852,0.0000000000
-118.4500015872,21.6666666667,0.0000000000
-119.4272530435,21.9074074074,0.0000000000
-119.4272530435,21.6666666667,0.0000000000
-118.4500015872,22.1481481481,0.0000000000
-119.4272530435,22.3888888889,0.0000000000
-119.4272530435,22.1481481481,0.0000000000
-118.4500015872,22.6296296296,0.0000000000
-119.4272530435,22.8703703704,0.0000000000
-119.4272530435,22.6296296296,0.0000000000
-118.4500015872,23.1111111111,0.0000000000
-119.4272530435,23.3518518518,0.0000000000
-119.4272530435,23.1111111111,0.0000000000
-118.4500015872,23.5925925926,0.0000000000
-119.4272530435,23.8333333333,0.0000000000
-119.4272530435,23.5925925926,0.0000000000
-118.4500015872,24.0740740741,0.0000000000
-119.4272530435,24.3148148148,0.0000000000
-119.4272530435,24.0740740741,0.0000000000
-118.4500015872,24.5555555555,0.0000000000
-119.4272530435,24.7962962963,0.0000000000
-119.4272530435,24.5555555555,0.0000000000
-118.4500015872,25.0370370370,0.0000000000
-119.4272530435,25.2777777778,0.0000000000
-119.4272530435,25.0370370370,0.0000000000
-118.4500015872,25.5185185185,0.0000000000
-119.4272530435,25.7592592593,0.0000000000
-119.4272530435,25.5185185185,0.0000000000
-118.4500015872,26.0000000000,0.0000000000
-119.4272530435,26.2407407407,0.0000000000
-119.4272530435,26.0000000000,0.0000000000
-118.4500015872,26.4814814815,0.0000000000
-119.4272530435,26.7222222222,0.0000000000
-119.4272530435,26.4814814815,0.0000000000
-118.4500015872,26.9629629630,0.0000000000
-119.4272530435,27.2037037037,0.0000000000
-119.4272530435,26.9629629630,0.0000000000
-118.4500015872,27.4444444444,0.0000000000
-119.4272530435,27.6851851852,0.0000000000
-119.4272530435,27.4444444444,0.0000000000
-118.4500015872,27.9259259259,0.0000000000
-119.4272530435,28.1666666667,0.0000000000
-119.4272530435,27.9259259259,0.0000000000
-118.4500015872,28.4074074074,0.0000000000
-119.4272530435,28.6481481481,0.0000000000
-119.4272530435,28.4074074074,0.0000000000
-118.4500015872,28.8888888889,0.0000000000
-119.4272530435,29.1296296296,0.0000000000
-119.4272530435,28.8888888889,0.0000000000
-118.4500015872,29.3703703704,0.0000000000
-119.4272530435,29.6111111111,0.0000000000
-119.4272530435,29.3703703704,0.0000000000
-118.4500015872,29.8518518518,0.0000000000
-119.4272530435,30.0925925926,0.0000000000
-119.4272530435,29.8518518518,0.0000000000
-118.4500015872,30.3333333333,0.0000000000
-119.4272530435,30.5740740741,0.0000000000
-119.4272530435,30.3333333333,0.0000000000
-118.4500015872,30.8148148148,0.0000000000
-119.4272530435,31.0555555555,0.0000000000
-119.4272530435,30.8148148148,0.0000000000
-118.4500015872,31.2962962963,0.0000000000
-119.4272530435,31.5370370370,0.0000000000
-119.4272530435,31.2962962963,0.0000000000
-118.4500015872,31.7777777778,0.0000000000
-119.4272530435,32.0185185185,0.0000000000
-119.4272530435,31.7777777778,0.0000000000
-118.4500015872,32.2592592593,0.0000000000
-119.4272530435,32.2592592593,0.0000000000
-116.1045980814,-32.2592592593,0.0000000000
-117.2772998343,-32.0185185185,0.0000000000
-117.2772998343,-32.2592592593,0.0000000000
-116.1045980814,-31.7777777778,0.0000000000
-117.2772998343,-31.5370370370,0.0000000000
-117.2772998343,-31.7777777778,0.0000000000
-116.1045980814,-31.2962962963,0.0000000000
-117.2772998343,-31.0555555556,0.0000000000
-117.2772998343,-31.2962962963,0.0000000000
-116.1045980814,-30.8148148148,0.0000000000
-117.2772998343,-30.5740740741,0.0000000000
-117.2772998343,-30.8148148148,0.0000000000
-116.1045980814,-30.3333333333,0.0000000000
-117.2772998343,-30.0925925926,0.0000000000
-117.2772998343,-30.3333333333,0.0000000000
-116.1045980814,-29.8518518519,0.0000000000
-117.2772998343,-29.6111111111,0.0000000000
-117.2772998343,-29.8518518519,0.0000000000
-116.1045980814,-29.3703703704,0.0000000000
-117.2772998343,-29.1296296296,0.0000000000
-117.2772998343,-29.3703703704,0.0000000000
-116.1045980814,-28.8888888889,0.0000000000
-117.2772998343,-28.6481481481,0.0000000000
-117.2772998343,-28.8888888889,0.0000000000
-116.1045980814,-28.4074074074,0.0000000000
-117.2772998343,-28.1666666667,0.0000000000
-117.2772998343,-28.4074074074,0.0000000000
-116.1045980814,-27.9259259259,0.0000000000
-117.2772998343,-27.6851851852,0.0000000000
-117.2772998343,-27.9259259259,0.0000000000
-116.1045980814,-27.4444444444,0.0000000000
-117.2772998343,-27.2037037037,0.0000000000
-117.2772998343,-27.4444444444,0.0000000000
-116.1045980814,-26.9629629630,0.0000000000
-117.2772998343,-26.7222222222,0.0000000000
-117.2772998343,-26.9629629630,0.0000000000
-116.1045980814,-26.4814814815,0.0000000000
-117.2772998343,-26.2407407407,0.0000000000
-117.2772998343,-26.4814814815,0.0000000000
-116.1045980814,-26.0000000000,0.0000000000
-117.2772998343,-25.7592592593,0.0000000000
-117.2772998343,-26.0000000000,0.0000000000
-116.1045980814,-25.5185185185,0.0000000000
-117.2772998343,-25.2777777778,0.0000000000
-117.2772998343,-25.5185185185,0.0000000000
-116.1045980814,-25.0370370370,0.0000000000
-117.2772998343,-24.7962962963,0.0000000000
-117.2772998343,-25.0370370370,0.0000000000
-116.1045980814,-24.5555555556,0.0000000000
-117.2772998343,-24.3148148148,0.0000000000
-117.2772998343,-24.5555555556,0.0000000000
-116.1045980814,-24.0740740741,0.0000000000
-117.2772998343,-23.8333333333,0.0000000000
-117.2772998343,-24.0740740741,0.0000000000
-116.1045980814,-23.5925925926,0.0000000000
-117.2772998343,-23.3518518519,0.0000000000
-117.2772998343,-23.5925925926,0.0000000000
-116.1045980814,-23.1111111111,0.0000000000
-117.2772998343,-22.8703703704,0.0000000000
-117.2772998343,-23.1111111111,0.0000000000
-116.1045980814,-22.6296296296,0.0000000000
-117.2772998343,-22.3888888889,0.0000000000
-117.2772998343,-22.6296296296,0.0000000000
-116.1045980814,-22.1481481481,0.0000000000
-117.2772998343,-21.9074074074,0.0000000000
-117.2772998343,-22.1481481481,0.0000000000
-116.1045980814,-21.6666666667,0.0000000000
-117.2772998343,-21.4259259259,0.0000000000
-117.2772998343,-21.6666666667,0.0000000000
-116.1045980814,-21.1851851852,0.0000000000
-117.2772998343,-20.9444444444,0.0000000000
-117.2772998343,-21.1851851852,0.0000000000
-116.1045980814,-20.7037037037,0.0000000000
-117.2772998343,-20.4629629630,0.0000000000
-117.2772998343,-20.7037037037,0.0000000000
-116.1045980814,-20.2222222222,0.0000000000
-117.2772998343,-19.9814814815,0.0000000000
-117.2772998343,-20.2222222222,0.0000000000
-116.1045980814,-19.7407407407,0.0000000000
-117.2772998343,-19.5000000000,0.0000000000
-117.2772998343,-19.7407407407,0.0000000000
-116.1045980814,-19.2592592593,0.0000000000
-117.2772998343,-19.0185185185,0.0000000000
-117.2772998343,-19.2592592593,0.0000000000
-116.1045980814,-18.7777777778,0.0000000000
-117.2772998343,-18.5370370370,0.0000000000
-117.2772998343,-18.7777777778,0.0000000000
-116.1045980814,-18.2962962963,0.0000000000
-117.2772998343,-18.0555555556,0.0000000000
-117.2772998343,-18.2962962963,0.0000000000
-116.1045980814,-17.8148148148,0.0000000000
-117.2772998343,-17.5740740741,0.0000000000
-117.2772998343,-17.8148148148,0.0000000000
-116.1045980814,-17.3333333333,0.0000000000
-117.2772998343,-17.0925925926,0.0000000000
-117.2772998343,-17.3333333333,0.0000000000
-116.1045980814,-16.8518518519,0.0000000000
-117.2772998343,-16.6111111111,0.0000000000
-117.2772998343,-16.8518518519,0.0000000000
-116.1045980814,-16.3703703704,0.0000000000
-117.2772998343,-16.1296296296,0.0000000000
-117.2772998343,-16.3703703704,0.0000000000
-116.1045980814,-15.8888888889,0.0000000000
-117.2772998343,-15.6481481482,0.0000000000
-117.2772998343,-15.8888888889,0.0000000000
-116.1045980814,-15.4074074074,0.0000000000
-117.2772998343,-15.1666666667,0.0000000000
-117.2772998343,-15.4074074074,0.0000000000
-116.1045980814,-14.9259259259,0.0000000000
-117.2772998343,-14.6851851852,0.0000000000
-117.2772998343,-14.9259259259,0.0000000000
-116.1045980814,-14.4444444444,0.0000000000
-117.2772998343,-14.2037037037,0.0000000000
-117.2772998343,-14.4444444444,0.0000000000
-116.1045980814,-13.9629629630,0.0000000000
-117.2772998343,-13.7222222222,0.0000000000
-117.2772998343,-13.9629629630,0.0000000000
-116.1045980814,-13.4814814815,0.0000000000
-117.2772998343,-13.2407407407,0.0000000000
-117.2772998343,-13.4814814815,0.0000000000
-116.1045980814,-13.0000000000,0.0000000000
-117.2772998343,-12.7592592593,0.0000000000
-117.2772998343,-13.0000000000,0.0000000000
-116.1045980814,-12.5185185185,0.0000000000
-117.2772998343,-12.2777777778,0.0000000000
-117.2772998343,-12.5185185185,0.0000000000
-116.1045980814,-12.0370370370,0.0000000000
-117.2772998343,-11.7962962963,0.0000000000
-117.2772998343,-12.0370370370,0.0000000000
-116.1045980814,-11.5555555556,0.0000000000
-117.2772998343,-11.3148148148,0.0000000000
-117.2772998343,-11.5555555556,0.0000000000
-116.1045980814,-11.0740740741,0.0000000000
-117.2772998343,-10.8333333333,0.0000000000
-117.2772998343,-11.0740740741,0.0000000000
-116.1045980814,-10.5925925926,0.0000000000
-117.2772998343,-10.3518518519,0.0000000000
-117.2772998343,-10.5925925926,0.0000000000
-116.1045980814,-10.1111111111,0.0000000000
-117.2772998343,-9.8703703704,0.0000000000
-117.2772998343,-10.1111111111,0.0000000000
-116.1045980814,-9.6296296296,0.0000000000
-117.2772998343,-9.3888888889,0.0000000000
-117.2772998343,-9.6296296296,0.0000000000
-116.1045980814,-9.1481481482,0.0000000000
-117.2772998343,-8.9074074074,0.0000000000
-117.2772998343,-9.1481481482,0.0000000000
-116.1045980814,-8.6666666667,0.0000000000
-117.2772998343,-8.4259259259,0.0000000000
-117.2772998343,-8.6666666667,0.0000000000
-116.1045980814,-8.1851851852,0.0000000000
-117.2772998343,-7.9444444444,0.0000000000
-117.2772998343,-8.1851851852,0.0000000000
-116.1045980814,-7.7037037037,0.0000000000
-117.2772998343,-7.4629629630,0.0000000000
-117.2772998343,-7.7037037037,0.0000000000
-116.1045980814,-7.2222222222,0.0000000000
-117.2772998343,-6.9814814815,0.0000000000
-117.2772998343,-7.2222222222,0.0000000000
-116.1045980814,-6.7407407407,0.0000000000
-117.2772998343,-6.5000000000,0.0000000000
-117.2772998343,-6.7407407407,0.0000000000
-116.1045980814,-6.2592592593,0.0000000000
-117.2772998343,-6.0185185185,0.0000000000
-117.2772998343,-6.2592592593,0.0000000000
-116.1045980814,-5.7777777778,0.0000000000
-117.2772998343,-5.5370370370,0.0000000000
-117.2772998343,-5.7777777778,0.0000000000
-116.1045980814,-5.2962962963,0.0000000000
-117.2772998343,-5.0555555556,0.0000000000
-117.2772998343,-5.2962962963,0.0000000000
-116.1045980814,-4.8148148148,0.0000000000
-117.2772998343,-4.5740740741,0.0000000000
-117.2772998343,-4.8148148148,0.0000000000
-116.1045980814,-4.3333333333,0.0000000000
-117.2772998343,-4.0925925926,0.0000000000
-117.2772998343,-4.3333333333,0.0000000000
-116.1045980814,-3.8518518519,0.0000000000
-117.2772998343,-3.6111111111,0.0000000000
-117.2772998343,-3.8518518519,0.0000000000
-116.1045980814,-3.3703703704,0.0000000000
-117.2772998343,-3.1296296296,0.0000000000
-117.2772998343,-3.3703703704,0.0000000000
-116.1045980814,-2.8888888889,0.0000000000
-117.2772998343,-2.6481481482,0.0000000000
-117.2772998343,-2.8888888889,0.0000000000
-116.1045980814,-2.4074074074,0.0000000000
-117.2772998343,-2.1666666667,0.0000000000
-117.2772998343,-2.4074074074,0.0000000000
-116.1045980814,-1.9259259259,0.0000000000
-117.2772998343,-1.6851851852,0.0000000000
-117.2772998343,-1.9259259259,0.0000000000
-116.1045980814,-1.4444444444,0.0000000000
-117.2772998343,-1.2037037037,0.0000000000
-117.2772998343,-1.4444444444,0.0000000000
-116.1045980814,-0.9629629630,0.0000000000
-117.2772998343,-0.7222222222,0.0000000000
-117.2772998343,-0.9629629630,0.0000000000
-116.1045980814,-0.4814814815,0.0000000000
-117.2772998343,-0.2407407407,0.0000000000
-117.2772998343,-0.4814814815,0.0000000000
-116.1045980814,-0.0000000000,0.0000000000
-117.2772998343,0.2407407407,0.0000000000
-117.2772998343,-0.0000000000,0.0000000000
-116.1045980814,0.4814814815,0.0000000000
-117.2772998343,0.7222222222,0.0000000000
-117.2772998343,0.4814814815,0.0000000000
-116.1045980814,0.9629629630,0.0000000000
-117.2772998343,1.2037037037,0.0000000000
-117.2772998343,0.9629629630,0.0000000000
-116.1045980814,1.4444444444,0.0000000000
-117.2772998343,1.6851851852,0.0000000000
-117.2772998343,1.4444444444,0.0000000000
-116.1045980814,1.9259259259,0.0000000000
-117.2772998343,2.1666666667,0.0000000000
-117.2772998343,1.9259259259,0.0000000000
-116.1045980814,2.4074074074,0.0000000000
-117.2772998343,2.6481481481,0.0000000000
-117.2772998343,2.4074074074,0.0000000000
-116.1045980814,2.8888888889,0.0000000000
-117.2772998343,3.1296296296,0.0000000000
-117.2772998343,2.8888888889,0.0000000000
-116.1045980814,3.3703703704,0.0000000000
-117.2772998343,3.6111111111,0.0000000000
-117.2772998343,3.3703703704,0.0000000000
-116.1045980814,3.8518518518,0.0000000000
-117.2772998343,4.0925925926,0.0000000000
-117.2772998343,3.8518518518,0.0000000000
-116.1045980814,4.3333333333,0.0000000000
-117.2772998343,4.5740740741,0.0000000000
-117.2772998343,4.3333333333,0.0000000000
-116.1045980814,4.8148148148,0.0000000000
-117.2772998343,5.0555555556,0.0000000000
-117.2772998343,4.8148148148,0.0000000000
-116.1045980814,5.2962962963,0.0000000000
-117.2772998343,5.5370370370,0.0000000000
-117.2772998343,5.2962962963,0.0000000000
-116.1045980814,5.7777777778,0.0000000000
-117.2772998343,6.0185185185,0.0000000000
-117.2772998343,5.7777777778,0.0000000000
-116.1045980814,6.2592592593,0.0000000000
-117.2772998343,6.5000000000,0.0000000000
-117.2772998343,6.2592592593,0.0000000000
-116.1045980814,6.7407407407,0.0000000000
-117.2772998343,6.9814814815,0.0000000000
-117.2772998343,6.7407407407,0.0000000000
-116.1045980814,7.2222222222,0.0000000000
-117.2772998343,7.4629629630,0.0000000000
-117.2772998343,7.2222222222,0.0000000000
-116.1045980814,7.7037037037,0.0000000000
-117.2772998343,7.9444444444,0.0000000000
-117.2772998343,7.7037037037,0.0000000000
-116.1045980814,8.1851851852,0.0000000000
-117.2772998343,8.4259259259,0.0000000000
-117.2772998343,8.1851851852,0.0000000000
-116.1045980814,8.6666666667,0.0000000000
-117.2772998343,8.9074074074,0.0000000000
-117.2772998343,8.6666666667,0.0000000000
-116.1045980814,9.1481481481,0.0000000000
-117.2772998343,9.3888888889,0.0000000000
-117.2772998343,9.1481481481,0.0000000000
-116.1045980814,9.6296296296,0.0000000000
-117.2772998343,9.8703703704,0.0000000000
-117.2772998343,9.6296296296,0.0000000000
-116.1045980814,10.1111111111,0.0000000000
-117.2772998343,10.3518518518,0.0000000000
-117.2772998343,10.1111111111,0.0000000000
-116.1045980814,10.5925925926,0.0000000000
-117.2772998343,10.8333333333,0.0000000000
-117.2772998343,10.5925925926,0.0000000000
-116.1045980814,11.0740740741,0.0000000000
-117.2772998343,11.3148148148,0.0000000000
-117.2772998343,11.0740740741,0.0000000000
-116.1045980814,11.5555555555,0.0000000000
-117.2772998343,11.7962962963,0.0000000000
-117.2772998343,11.5555555555,0.0000000000
-116.1045980814,12.0370370370,0.0000000000
-117.2772998343,12.2777777778,0.0000000000
-117.2772998343,12.0370370370,0.0000000000
-116.1045980814,12.5185185185,0.0000000000
-117.2772998343,12.7592592593,0.0000000000
-117.2772998343,12.5185185185,0.0000000000
-116.1045980814,13.0000000000,0.0000000000
-117.2772998343,13.2407407407,0.0000000000
-117.2772998343,13.0000000000,0.0000000000
-116.1045980814,13.4814814815,0.0000000000
-117.2772998343,13.7222222222,0.0000000000
-117.2772998343,13.4814814815,0.0000000000
-116.1045980814,13.9629629630,0.0000000000
-117.2772998343,14.2037037037,0.0000000000
-117.2772998343,13.9629629630,0.0000000000
-116.1045980814,14.4444444444,0.0000000000
-117.2772998343,14.6851851852,0.0000000000
-117.2772998343,14.4444444444,0.0000000000
-116.1045980814,14.9259259259,0.0000000000
-117.2772998343,15.1666666667,0.0000000000
-117.2772998343,14.9259259259,0.0000000000
-116.1045980814,15.4074074074,0.0000000000
-117.2772998343,15.6481481481,0.0000000000
-117.2772998343,15.4074074074,0.0000000000
-116.1045980814,15.8888888889,0.0000000000
-117.2772998343,16.1296296296,0.0000000000
-117.2772998343,15.8888888889,0.0000000000
-116.1045980814,16.3703703704,0.0000000000
-117.2772998343,16.6111111111,0.0000000000
-117.2772998343,16.3703703704,0.0000000000
-116.1045980814,16.8518518518,0.0000000000
-117.2772998343,17.0925925926,0.0000000000
-117.2772998343,16.8518518518,0.0000000000
-116.1045980814,17.3333333333,0.0000000000
-117.2772998343,17.5740740741,0.0000000000
-117.2772998343,17.3333333333,0.0000000000
-116.1045980814,17.8148148148,0.0000000000
-117.2772998343,18.0555555555,0.0000000000
-117.2772998343,17.8148148148,0.0000000000
-116.1045980814,18.2962962963,0.0000000000
-117.2772998343,18.5370370370,0.0000000000
-117.2772998343,18.2962962963,0.0000000000
-116.1045980814,18.7777777778,0.0000000000
-117.2772998343,19.0185185185,0.0000000000
-117.2772998343,18.7777777778,0.0000000000
-116.1045980814,19.2592592593,0.0000000000
-117.2772998343,19.5000000000,0.0000000000
-117.2772998343,19.2592592593,0.0000000000
-116.1045980814,19.7407407407,0.0000000000
-117.2772998343,19.9814814815,0.0000000000
-117.2772998343,19.7407407407,0.0000000000
-116.1045980814,20.2222222222,0.0000000000
-117.2772998343,20.4629629630,0.0000000000
-117.2772998343,20.2222222222,0.0000000000
-116.1045980814,20.7037037037,0.0000000000
-117.2772998343,20.9444444444,0.0000000000
-117.2772998343,20.7037037037,0.0000000000
-116.1045980814,21.1851851852,0.0000000000
-117.2772998343,21.4259259259,0.0000000000
-117.2772998343,21.1851851852,0.0000000000
-116.1045980814,21.6666666667,0.0000000000
-117.2772998343,21.9074074074,0.0000000000
-117.2772998343,21.6666666667,0.0000000000
-116.1045980814,22.1481481481,0.0000000000
-117.2772998343,22.3888888889,0.0000000000
-117.2772998343,22.1481481481,0.0000000000
-116.1045980814,22.6296296296,0.0000000000
-117.2772998343,22.8703703704,0.0000000000
-117.2772998343,22.6296296296,0.0000000000
-116.1045980814,23.1111111111,0.0000000000
-117.2772998343,23.3518518518,0.0000000000
-117.2772998343,23.1111111111,0.0000000000
-116.1045980814,23.5925925926,0.0000000000
-117.2772998343,23.8333333333,0.0000000000
-117.2772998343,23.5925925926,0.0000000000
-116.1045980814,24.0740740741,0.0000000000
-117.2772998343,24.3148148148,0.0000000000
-117.2772998343,24.0740740741,0.0000000000
-116.1045980814,24.5555555555,0.0000000000
-117.2772998343,24.7962962963,0.0000000000
-117.2772998343,24.5555555555,0.0000000000
-116.1045980814,25.0370370370,0.0000000000
-117.2772998343,25.2777777778,0.0000000000
-117.2772998343,25.0370370370,0.0000000000
-116.1045980814,25.5185185185,0.0000000000
-117.2772998343,25.7592592593,0.0000000000
-117.2772998343,25.5185185185,0.0000000000
-116.1045980814,26.0000000000,0.0000000000
-117.2772998343,26.2407407407,0.0000000000
-117.2772998343,26.0000000000,0.0000000000
-116.1045980814,26.4814814815,0.0000000000
-117.2772998343,26.7222222222,0.0000000000
-117.2772998343,26.4814814815,0.0000000000
-116.1045980814,26.9629629630,0.0000000000
-117.2772998343,27.2037037037,0.0000000000
-117.2772998343,26.9629629630,0.0000000000
-116.1045980814,27.4444444444,0.0000000000
-117.2772998343,27.6851851852,0.0000000000
-117.2772998343,27.4444444444,0.0000000000
-116.1045980814,27.9259259259,0.0000000000
-117.2772998343,28.1666666667,0.0000000000
-117.2772998343,27.9259259259,0.0000000000
-116.1045980814,28.4074074074,0.0000000000
-117.2772998343,28.6481481481,0.0000000000
-117.2772998343,28.4074074074,0.0000000000
-116.1045980814,28.8888888889,0.0000000000
-117.2772998343,29.1296296296,0.0000000000
-117.2772998343,28.8888888889,0.0000000000
-116.1045980814,29.3703703704,0.0000000000
-117.2772998343,29.6111111111,0.0000000000
-117.2772998343,29.3703703704,0.0000000000
-116.1045980814,29.8518518518,0.0000000000
-117.2772998343,30.0925925926,0.0000000000
-117.2772998343,29.8518518518,0.0000000000
-116.1045980814,30.3333333333,0.0000000000
-117.2772998343,30.5740740741,0.0000000000
-117.2772998343,30.3333333333,0.0000000000
-116.1045980814,30.8148148148,0.0000000000
-117.2772998343,31.0555555555,0.0000000000
-117.2772998343,30.8148148148,0.0000000000
-116.1045980814,31.2962962963,0.0000000000
-117.2772998343,31.5370370370,0.0000000000
-117.2772998343,31.2962962963,0.0000000000
-116.1045980814,31.7777777778,0.0000000000
-117.2772998343,32.0185185185,0.0000000000
-117.2772998343,31.7777777778,0.0000000000
-116.1045980814,32.2592592593,0.0000000000
-117.2772998343,32.2592592593,0.0000000000
-113.2901132414,-32.2592592593,0.0000000000
-114.6973556614,-32.0185185185,0.0000000000
-114.6973556614,-32.2592592593,0.0000000000
-113.2901132414,-31.7777777778,0.0000000000
-114.6973556614,-31.5370370370,0.0000000000
-114.6973556614,-31.7777777778,0.0000000000
-113.2901132414,-31.2962962963,0.0000000000
-114.6973556614,-31.0555555556,0.0000000000
-114.6973556614,-31.2962962963,0.0000000000
-113.2901132414,-30.8148148148,0.0000000000
-114.6973556614,-30.5740740741,0.0000000000
-114.6973556614,-30.8148148148,0.0000000000
-113.2901132414,-30.3333333333,0.0000000000
-114.6973556614,-30.0925925926,0.0000000000
-114.6973556614,-30.3333333333,0.0000000000
-113.2901132414,-29.8518518519,0.0000000000
-114.6973556614,-29.6111111111,0.0000000000
-114.6973556614,-29.8518518519,0.0000000000
-113.2901132414,-29.3703703704,0.0000000000
-114.6973556614,-29.1296296296,0.0000000000
-114.6973556614,-29.3703703704,0.0000000000
-113.2901132414,-28.8888888889,0.0000000000
-114.6973556614,-28.6481481481,0.0000000000
-114.6973556614,-28.8888888889,0.0000000000
-113.2901132414,-28.4074074074,0.0000000000
-114.6973556614,-28.1666666667,0.0000000000
-114.6973556614,-28.4074074074,0.0000000000
-113.2901132414,-27.9259259259,0.0000000000
-114.6973556614,-27.6851851852,0.0000000000
-114.6973556614,-27.9259259259,0.0000000000
-113.2901132414,-27.4444444444,0.0000000000
-114.6973556614,-27.2037037037,0.0000000000
-114.6973556614,-27.4444444444,0.0000000000
-113.2901132414,-26.9629629630,0.0000000000
-114.6973556614,-26.7222222222,0.0000000000
-114.6973556614,-26.9629629630,0.0000000000
-113.2901132414,-26.4814814815,0.0000000000
-114.6973556614,-26.2407407407,0.0000000000
-114.6973556614,-26.4814814815,0.0000000000
-113.2901132414,-26.0000000000,0.0000000000
-114.6973556614,-25.7592592593,0.0000000000
-114.6973556614,-26.0000000000,0.0000000000
-113.2901132414,-25.5185185185,0.0000000000
-114.6973556614,-25.2777777778,0.0000000000
-114.6973556614,-25.5185185185,0.0000000000
-113.2901132414,-25.0370370370,0.0000000000
-114.6973556614,-24.7962962963,0.0000000000
-114.6973556614,-25.0370370370,0.0000000000
-113.2901132414,-24.5555555556,0.0000000000
-114.6973556614,-24.3148148148,0.0000000000
-114.6973556614,-24.5555555556,0.0000000000
-113.2901132414,-24.0740740741,0.0000000000
-114.6973556614,-23.8333333333,0.0000000000
-114.6973556614,-24.0740740741,0.0000000000
-113.2901132414,-23.5925925926,0.0000000000
-114.6973556614,-23.3518518519,0.0000000000
-114.6973556614,-23.5925925926,0.0000000000
-113.2901132414,-23.1111111111,0.0000000000
-114.6973556614,-22.8703703704,0.0000000000
-114.6973556614,-23.1111111111,0.0000000000
-113.2901132414,-22.6296296296,0.0000000000
-114.6973556614,-22.3888888889,0.0000000000
-114.6973556614,-22.6296296296,0.0000000000
-113.2901132414,-22.1481481481,0.0000000000
-114.6973556614,-21.9074074074,0.0000000000
-114.6973556614,-22.1481481481,0.0000000000
-113.2901132414,-21.6666666667,0.0000000000
-114.6973556614,-21.4259259259,0.0000000000
-114.6973556614,-21.6666666667,0.0000000000
-113.2901132414,-21.1851851852,0.0000000000
-114.6973556614,-20.9444444444,0.0000000000
-114.6973556614,-21.1851851852,0.0000000000
-113.2901132414,-20.7037037037,0.0000000000
-114.6973556614,-20.4629629630,0.0000000000
-114.6973556614,-20.7037037037,0.0000000000
-113.2901132414,-20.2222222222,0.0000000000
-114.6973556614,-19.9814814815,0.0000000000
-114.6973556614,-20.2222222222,0.0000000000
-113.2901132414,-19.7407407407,0.0000000000
-114.6973556614,-19.5000000000,0.0000000000
-114.6973556614,-19.7407407407,0.0000000000
-113.2901132414,-19.2592592593,0.0000000000
-114.6973556614,-19.0185185185,0.0000000000
-114.6973556614,-19.2592592593,0.0000000000
-113.2901132414,-18.7777777778,0.0000000000
-114.6973556614,-18.5370370370,0.0000000000
-114.6973556614,-18.7777777778,0.0000000000
-113.2901132414,-18.2962962963,0.0000000000
-114.6973556614,-18.0555555556,0.0000000000
-114.6973556614,-18.2962962963,0.0000000000
-113.2901132414,-17.8148148148,0.0000000000
-114.6973556614,-17.5740740741,0.0000000000
-114.6973556614,-17.8148148148,0.0000000000
-113.2901132414,-17.3333333333,0.0000000000
-114.6973556614,-17.0925925926,0.0000000000
-114.6973556614,-17.3333333333,0.0000000000
-113.2901132414,-16.8518518519,0.0000000000
-114.6973556614,-16.6111111111,0.0000000000
-114.6973556614,-16.8518518519,0.0000000000
-113.2901132414,-16.3703703704,0.0000000000
-114.6973556614,-16.1296296296,0.0000000000
-114.6973556614,-16.3703703704,0.0000000000
-113.2901132414,-15.8888888889,0.0000000000
-114.6973556614,-15.6481481482,0.0000000000
-114.6973556614,-15.8888888889,0.0000000000
-113.2901132414,-15.4074074074,0.0000000000
-114.6973556614,-15.1666666667,0.0000000000
-114.6973556614,-15.4074074074,0.0000000000
-113.2901132414,-14.9259259259,0.0000000000
-114.6973556614,-14.6851851852,0.0000000000
-114.6973556614,-14.9259259259,0.0000000000
-113.2901132414,-14.4444444444,0.0000000000
-114.6973556614,-14.2037037037,0.0000000000
-114.6973556614,-14.4444444444,0.0000000000
-113.2901132414,-13.9629629630,0.0000000000
-114.6973556614,-13.7222222222,0.0000000000
-114.6973556614,-13.9629629630,0.0000000000
-113.2901132414,-13.4814814815,0.0000000000
-114.6973556614,-13.2407407407,0.0000000000
-114.6973556614,-13.4814814815,0.0000000000
-113.2901132414,-13.0000000000,0.0000000000
-114.6973556614,-12.7592592593,0.0000000000
-114.6973556614,-13.0000000000,0.0000000000
-113.2901132414,-12.5185185185,0.0000000000
-114.6973556614,-12.2777777778,0.0000000000
-114.6973556614,-12.5185185185,0.0000000000
-113.2901132414,-12.0370370370,0.0000000000
-114.6973556614,-11.7962962963,0.0000000000
-114.6973556614,-12.0370370370,0.0000000000
-113.2901132414,-11.5555555556,0.0000000000
-114.6973556614,-11.3148148148,0.0000000000
-114.6973556614,-11.5555555556,0.0000000000
-113.2901132414,-11.0740740741,0.0000000000
-114.6973556614,-10.8333333333,0.0000000000
-114.6973556614,-11.0740740741,0.0000000000
-113.2901132414,-10.5925925926,0.0000000000
-114.6973556614,-10.3518518519,0.0000000000
-114.6973556614,-10.5925925926,0.0000000000
-113.2901132414,-10.1111111111,0.0000000000
-114.6973556614,-9.8703703704,0.0000000000
-114.6973556614,-10.1111111111,0.0000000000
-113.2901132414,-9.6296296296,0.0000000000
-114.6973556614,-9.3888888889,0.0000000000
-114.6973556614,-9.6296296296,0.0000000000
-113.2901132414,-9.1481481482,0.0000000000
-114.6973556614,-8.9074074074,0.0000000000
-114.6973556614,-9.1481481482,0.0000000000
-113.2901132414,-8.6666666667,0.0000000000
-114.6973556614,-8.4259259259,0.0000000000
-114.6973556614,-8.6666666667,0.0000000000
-113.2901132414,-8.1851851852,0.0000000000
-114.6973556614,-7.9444444444,0.0000000000
-114.6973556614,-8.1851851852,0.0000000000
-113.2901132414,-7.7037037037,0.0000000000
-114.6973556614,-7.4629629630,0.0000000000
-114.6973556614,-7.7037037037,0.0000000000
-113.2901132414,-7.2222222222,0.0000000000
-114.6973556614,-6.9814814815,0.0000000000
-114.6973556614,-7.2222222222,0.0000000000
-113.2901132414,-6.7407407407,0.0000000000
-114.6973556614,-6.5000000000,0.0000000000
-114.6973556614,-6.7407407407,0.0000000000
-113.2901132414,-6.2592592593,0.0000000000
-114.6973556614,-6.0185185185,0.0000000000
-114.6973556614,-6.2592592593,0.0000000000
-113.2901132414,-5.7777777778,0.0000000000
-114.6973556614,-5.5370370370,0.0000000000
-114.6973556614,-5.7777777778,0.0000000000
-113.2901132414,-5.2962962963,0.0000000000
-114.6973556614,-5.0555555556,0.0000000000
-114.6973556614,-5.2962962963,0.0000000000
-113.2901132414,-4.8148148148,0.0000000000
-114.6973556614,-4.5740740741,0.0000000000
-114.6973556614,-4.8148148148,0.0000000000
-113.2901132414,-4.3333333333,0.0000000000
-114.6973556614,-4.0925925926,0.0000000000
-114.6973556614,-4.3333333333,0.0000000000
-113.2901132414,-3.8518518519,0.0000000000
-114.6973556614,-3.6111111111,0.0000000000
-114.6973556614,-3.8518518519,0.0000000000
-113.2901132414,-3.3703703704,0.0000000000
-114.6973556614,-3.1296296296,0.0000000000
-114.6973556614,-3.3703703704,0.0000000000
-113.2901132414,-2.8888888889,0.0000000000
-114.6973556614,-2.6481481482,0.0000000000
-114.6973556614,-2.8888888889,0.0000000000
-113.2901132414,-2.4074074074,0.0000000000
-114.6973556614,-2.1666666667,0.0000000000
-114.6973556614,-2.4074074074,0.0000000000
-113.2901132414,-1.9259259259,0.0000000000
-114.6973556614,-1.6851851852,0.0000000000
-114.6973556614,-1.9259259259,0.0000000000
-113.2901132414,-1.4444444444,0.0000000000
-114.6973556614,-1.2037037037,0.0000000000
-114.6973556614,-1.4444444444,0.0000000000
-113.2901132414,-0.9629629630,0.0000000000
-114.6973556614,-0.7222222222,0.0000000000
-114.6973556614,-0.9629629630,0.0000000000
-113.2901132414,-0.4814814815,0.0000000000
-114.6973556614,-0.2407407407,0.0000000000
-114.6973556614,-0.4814814815,0.0000000000
-113.2901132414,-0.0000000000,0.0000000000
-114.6973556614,0.2407407407,0.0000000000
-114.6973556614,-0.0000000000,0.0000000000
-113.2901132414,0.4814814815,0.0000000000
-114.6973556614,0.7222222222,0.0000000000
-114.6973556614,0.4814814815,0.0000000000
-113.2901132414,0.9629629630,0.0000000000
-114.6973556614,1.2037037037,0.0000000000
-114.6973556614,0.9629629630,0.0000000000
-113.2901132414,1.4444444444,0.0000000000
-114.6973556614,1.6851851852,0.0000000000
-114.6973556614,1.4444444444,0.0000000000
-113.2901132414,1.9259259259,0.0000000000
-114.6973556614,2.1666666667,0.0000000000
-114.6973556614,1.9259259259,0.0000000000
-113.2901132414,2.4074074074,0.0000000000
-114.6973556614,2.6481481481,0.0000000000
-114.6973556614,2.4074074074,0.0000000000
-113.2901132414,2.8888888889,0.0000000000
-114.6973556614,3.1296296296,0.0000000000
-114.6973556614,2.8888888889,0.0000000000
-113.2901132414,3.3703703704,0.0000000000
-114.6973556614,3.6111111111,0.0000000000
-114.6973556614,3.3703703704,0.0000000000
-113.2901132414,3.8518518518,0.0000000000
-114.6973556614,4.0925925926,0.0000000000
-114.6973556614,3.8518518518,0.0000000000
-113.2901132414,4.3333333333,0.0000000000
-114.6973556614,4.5740740741,0.0000000000
-114.6973556614,4.3333333333,0.0000000000
-113.2901132414,4.8148148148,0.0000000000
-114.6973556614,5.0555555556,0.0000000000
-114.6973556614,4.8148148148,0.0000000000
-113.2901132414,5.2962962963,0.0000000000
-114.6973556614,5.5370370370,0.0000000000
-114.6973556614,5.2962962963,0.0000000000
-113.2901132414,5.7777777778,0.0000000000
-114.6973556614,6.0185185185,0.0000000000
-114.6973556614,5.7777777778,0.0000000000
-113.2901132414,6.2592592593,0.0000000000
-114.6973556614,6.5000000000,0.0000000000
-114.6973556614,6.2592592593,0.0000000000
-113.2901132414,6.7407407407,0.0000000000
-114.6973556614,6.9814814815,0.0000000000
-114.6973556614,6.7407407407,0.0000000000
-113.2901132414,7.2222222222,0.0000000000
-114.6973556614,7.4629629630,0.0000000000
-114.6973556614,7.2222222222,0.0000000000
-113.2901132414,7.7037037037,0.0000000000
-114.6973556614,7.9444444444,0.0000000000
-114.6973556614,7.7037037037,0.0000000000
-113.2901132414,8.1851851852,0.0000000000
-114.6973556614,8.4259259259,0.0000000000
-114.6973556614,8.1851851852,0.0000000000
-113.2901132414,8.6666666667,0.0000000000
-114.6973556614,8.9074074074,0.0000000000
-114.6973556614,8.6666666667,0.0000000000
-113.2901132414,9.1481481481,0.0000000000
-114.6973556614,9.3888888889,0.0000000000
-114.6973556614,9.1481481481,0.0000000000
-113.2901132414,9.6296296296,0.0000000000
-114.6973556614,9.8703703704,0.0000000000
-114.6973556614,9.6296296296,0.0000000000
-113.2901132414,10.1111111111,0.0000000000
-114.6973556614,10.3518518518,0.0000000000
-114.6973556614,10.1111111111,0.0000000000
-113.2901132414,10.5925925926,0.0000000000
-114.6973556614,10.8333333333,0.0000000000
-114.6973556614,10.5925925926,0.0000000000
-113.2901132414,11.0740740741,0.0000000000
-114.6973556614,11.3148148148,0.0000000000
-114.6973556614,11.0740740741,0.0000000000
-113.2901132414,11.5555555555,0.0000000000
-114.6973556614,11.7962962963,0.0000000000
-114.6973556614,11.5555555555,0.0000000000
-113.2901132414,12.0370370370,0.0000000000
-114.6973556614,12.2777777778,0.0000000000
-114.6973556614,12.0370370370,0.0000000000
-113.2901132414,12.5185185185,0.0000000000
-114.6973556614,12.7592592593,0.0000000000
-114.6973556614,12.5185185185,0.0000000000
-113.2901132414,13.0000000000,0.0000000000
-114.6973556614,13.2407407407,0.0000000000
-114.6973556614,13.0000000000,0.0000000000
-113.2901132414,13.4814814815,0.0000000000
-114.6973556614,13.7222222222,0.0000000000
-114.6973556614,13.4814814815,0.0000000000
-113.2901132414,13.9629629630,0.0000000000
-114.6973556614,14.2037037037,0.0000000000
-114.6973556614,13.9629629630,0.0000000000
-113.2901132414,14.4444444444,0.0000000000
-114.6973556614,14.6851851852,0.0000000000
-114.6973556614,14.4444444444,0.0000000000
-113.2901132414,14.9259259259,0.0000000000
-114.6973556614,15.1666666667,0.0000000000
-114.6973556614,14.9259259259,0.0000000000
-113.2901132414,15.4074074074,0.0000000000
-114.6973556614,15.6481481481,0.0000000000
-114.6973556614,15.4074074074,0.0000000000
-113.2901132414,15.8888888889,0.0000000000
-114.6973556614,16.1296296296,0.0000000000
-114.6973556614,15.8888888889,0.0000000000
-113.2901132414,16.3703703704,0.0000000000
-114.6973556614,16.6111111111,0.0000000000
-114.6973556614,16.3703703704,0.0000000000
-113.2901132414,16.8518518518,0.0000000000
-114.6973556614,17.0925925926,0.0000000000
-114.6973556614,16.8518518518,0.0000000000
-113.2901132414,17.3333333333,0.0000000000
-114.6973556614,17.5740740741,0.0000000000
-114.6973556614,17.3333333333,0.0000000000
-113.2901132414,17.8148148148,0.0000000000
-114.6973556614,18.0555555555,0.0000000000
-114.6973556614,17.8148148148,0.0000000000
-113.2901132414,18.2962962963,0.0000000000
-114.6973556614,18.5370370370,0.0000000000
-114.6973556614,18.2962962963,0.0000000000
-113.2901132414,18.7777777778,0.0000000000
-114.6973556614,19.0185185185,0.0000000000
-114.6973556614,18.7777777778,0.0000000000
-113.2901132414,19.2592592593,0.0000000000
-114.6973556614,19.5000000000,0.0000000000
-114.6973556614,19.2592592593,0.0000000000
-113.2901132414,19.7407407407,0.0000000000
-114.6973556614,19.9814814815,0.0000000000
-114.6973556614,19.7407407407,0.0000000000
-113.2901132414,20.2222222222,0.0000000000
-114.6973556614,20.4629629630,0.0000000000
-114.6973556614,20.2222222222,0.0000000000
-113.2901132414,20.7037037037,0.0000000000
-114.6973556614,20.9444444444,0.0000000000
-114.6973556614,20.7037037037,0.0000000000
-113.2901132414,21.1851851852,0.0000000000
-114.6973556614,21.4259259259,0.0000000000
-114.6973556614,21.1851851852,0.0000000000
-113.2901132414,21.6666666667,0.0000000000
-114.6973556614,21.9074074074,0.0000000000
-114.6973556614,21.6666666667,0.0000000000
-113.2901132414,22.1481481481,0.0000000000
-114.6973556614,22.3888888889,0.0000000000
-114.6973556614,22.1481481481,0.0000000000
-113.2901132414,22.6296296296,0.0000000000
-114.6973556614,22.8703703704,0.0000000000
-114.6973556614,22.6296296296,0.0000000000
-113.2901132414,23.1111111111,0.0000000000
-114.6973556614,23.3518518518,0.0000000000
-114.6973556614,23.1111111111,0.0000000000
-113.2901132414,23.5925925926,0.0000000000
-114.6973556614,23.8333333333,0.0000000000
-114.6973556614,23.5925925926,0.0000000000
-113.2901132414,24.0740740741,0.0000000000
-114.6973556614,24.3148148148,0.0000000000
-114.6973556614,24.0740740741,0.0000000000
-113.2901132414,24.5555555555,0.0000000000
-114.6973556614,24.7962962963,0.0000000000
-114.6973556614,24.5555555555,0.0000000000
-113.2901132414,25.0370370370,0.0000000000
-114.6973556614,25.2777777778,0.0000000000
-114.6973556614,25.0370370370,0.0000000000
-113.2901132414,25.5185185185,0.0000000000
-114.6973556614,25.7592592593,0.0000000000
-114.6973556614,25.5185185185,0.0000000000
-113.2901132414,26.0000000000,0.0000000000
-114.6973556614,26.2407407407,0.0000000000
-114.6973556614,26.0000000000,0.0000000000
-113.2901132414,26.4814814815,0.0000000000
-114.6973556614,26.7222222222,0.0000000000
-114.6973556614,26.4814814815,0.0000000000
-113.2901132414,26.9629629630,0.0000000000
-114.6973556614,27.2037037037,0.0000000000
-114.6973556614,26.9629629630,0.0000000000
-113.2901132414,27.4444444444,0.0000000000
-114.6973556614,27.6851851852,0.0000000000
-114.6973556614,27.4444444444,0.0000000000
-113.2901132414,27.9259259259,0.0000000000
-114.6973556614,28.1666666667,0.0000000000
-114.6973556614,27.9259259259,0.0000000000
-113.2901132414,28.4074074074,0.0000000000
-114.6973556614,28.6481481481,0.0000000000
-114.6973556614,28.4074074074,0.0000000000
-113.2901132414,28.8888888889,0.0000000000
-114.6973556614,29.1296296296,0.0000000000
-114.6973556614,28.8888888889,0.0000000000
-113.2901132414,29.3703703704,0.0000000000
-114.6973556614,29.6111111111,0.0000000000
-114.6973556614,29.3703703704,0.0000000000
-113.2901132414,29.8518518518,0.0000000000
-114.6973556614,30.0925925926,0.0000000000
-114.6973556614,29.8518518518,0.0000000000
-113.2901132414,30.3333333333,0.0000000000
-114.6973556614,30.5740740741,0.0000000000
-114.6973556614,30.3333333333,0.0000000000
-113.2901132414,30.8148148148,0.0000000000
-114.6973556614,31.0555555555,0.0000000000
-114.6973556614,30.8148148148,0.0000000000
-113.2901132414,31.2962962963,0.0000000000
-114.6973556614,31.5370370370,0.0000000000
-114.6973556614,31.2962962963,0.0000000000
-113.2901132414,31.7777777778,0.0000000000
-114.6973556614,32.0185185185,0.0000000000
-114.6973556614,31.7777777778,0.0000000000
-113.2901132414,32.2592592593,0.0000000000
-114.6973556614,32.2592592593,0.0000000000
-109.9127316039,-32.2592592593,0.0000000000
-111.6014224227,-32.0185185185,0.0000000000
-111.6014224227,-32.2592592593,0.0000000000
-109.9127316039,-31.7777777778,0.0000000000
-111.6014224227,-31.5370370370,0.0000000000
-111.6014224227,-31.7777777778,0.0000000000
-109.9127316039,-31.2962962963,0.0000000000
-111.6014224227,-31.0555555556,0.0000000000
-111.6014224227,-31.2962962963,0.0000000000
-109.9127316039,-30.8148148148,0.0000000000
-111.6014224227,-30.5740740741,0.0000000000
-111.6014224227,-30.8148148148,0.0000000000
-109.9127316039,-30.3333333333,0.0000000000
-111.6014224227,-30.0925925926,0.0000000000
-111.6014224227,-30.3333333333,0.0000000000
-109.9127316039,-29.8518518519,0.0000000000
-111.6014224227,-29.6111111111,0.0000000000
-111.6014224227,-29.8518518519,0.0000000000
-109.9127316039,-29.3703703704,0.0000000000
-111.6014224227,-29.1296296296,0.0000000000
-111.6014224227,-29.3703703704,0.0000000000
-109.9127316039,-28.8888888889,0.0000000000
-111.6014224227,-28.6481481481,0.0000000000
-111.6014224227,-28.8888888889,0.0000000000
-109.9127316039,-28.4074074074,0.0000000000
-111.6014224227,-28.1666666667,0.0000000000
-111.6014224227,-28.4074074074,0.0000000000
-109.9127316039,-27.9259259259,0.0000000000
-111.6014224227,-27.6851851852,0.0000000000
-111.6014224227,-27.9259259259,0.0000000000
-109.9127316039,-27.4444444444,0.0000000000
-111.6014224227,-27.2037037037,0.0000000000
-111.6014224227,-27.4444444444,0.0000000000
-109.9127316039,-26.9629629630,0.0000000000
-111.6014224227,-26.7222222222,0.0000000000
-111.6014224227,-26.9629629630,0.0000000000
-109.9127316039,-26.4814814815,0.0000000000
-111.6014224227,-26.2407407407,0.0000000000
-111.6014224227,-26.4814814815,0.0000000000
-109.9127316039,-26.0000000000,0.0000000000
-111.6014224227,-25.7592592593,0.0000000000
-111.6014224227,-26.0000000000,0.0000000000
-109.9127316039,-25.5185185185,0.0000000000
-111.6014224227,-25.2777777778,0.0000000000
-111.6014224227,-25.5185185185,0.0000000000
-109.9127316039,-25.0370370370,0.0000000000
-111.6014224227,-24.7962962963,0.0000000000
-111.6014224227,-25.0370370370,0.0000000000
-109.9127316039,-24.5555555556,0.0000000000
-111.6014224227,-24.3148148148,0.0000000000
-111.6014224227,-24.5555555556,0.0000000000
-109.9127316039,-24.0740740741,0.0000000000
-111.6014224227,-23.8333333333,0.0000000000
-111.6014224227,-24.0740740741,0.0000000000
-109.9127316039,-23.5925925926,0.0000000000
-111.6014224227,-23.3518518519,0.0000000000
-111.6014224227,-23.5925925926,0.0000000000
-109.9127316039,-23.1111111111,0.0000000000
-111.6014224227,-22.8703703704,0.0000000000
-111.6014224227,-23.1111111111,0.0000000000
-109.9127316039,-22.6296296296,0.0000000000
-111.6014224227,-22.3888888889,0.0000000000
-111.6014224227,-22.6296296296,0.0000000000
-109.9127316039,-22.1481481481,0.0000000000
-111.6014224227,-21.9074074074,0.0000000000
-111.6014224227,-22.1481481481,0.0000000000
-109.9127316039,-21.6666666667,0.0000000000
-111.6014224227,-21.4259259259,0.0000000000
-111.6014224227,-21.6666666667,0.0000000000
-109.9127316039,-21.1851851852,0.0000000000
-111.6014224227,-20.9444444444,0.0000000000
-111.6014224227,-21.1851851852,0.0000000000
-109.9127316039,-20.7037037037,0.0000000000
-111.6014224227,-20.4629629630,0.0000000000
-111.6014224227,-20.7037037037,0.0000000000
-109.9127316039,-20.2222222222,0.0000000000
-111.6014224227,-19.9814814815,0.0000000000
-111.6014224227,-20.2222222222,0.0000000000
-109.9127316039,-19.7407407407,0.0000000000
-111.6014224227,-19.5000000000,0.0000000000
-111.6014224227,-19.7407407407,0.0000000000
-109.9127316039,-19.2592592593,0.0000000000
-111.6014224227,-19.0185185185,0.0000000000
-111.6014224227,-19.2592592593,0.0000000000
-109.9127316039,-18.7777777778,0.0000000000
-111.6014224227,-18.5370370370,0.0000000000
-111.6014224227,-18.7777777778,0.0000000000
-109.9127316039,-18.2962962963,0.0000000000
-111.6014224227,-18.0555555556,0.0000000000
-111.6014224227,-18.2962962963,0.0000000000
-109.9127316039,-17.8148148148,0.0000000000
-111.6014224227,-17.5740740741,0.0000000000
-111.6014224227,-17.8148148148,0.0000000000
-109.9127316039,-17.3333333333,0.0000000000
-111.6014224227,-17.0925925926,0.0000000000
-111.6014224227,-17.3333333333,0.0000000000
-109.9127316039,-16.8518518519,0.0000000000
-111.6014224227,-16.6111111111,0.0000000000
-111.6014224227,-16.8518518519,0.0000000000
-109.9127316039,-16.3703703704,0.0000000000
-111.6014224227,-16.1296296296,0.0000000000
-111.6014224227,-16.3703703704,0.0000000000
-109.9127316039,-15.8888888889,0.0000000000
-111.6014224227,-15.6481481482,0.0000000000
-111.6014224227,-15.8888888889,0.0000000000
-109.9127316039,-15.4074074074,0.0000000000
-111.6014224227,-15.1666666667,0.0000000000
-111.6014224227,-15.4074074074,0.0000000000
-109.9127316039,-14.9259259259,0.0000000000
-111.6014224227,-14.6851851852,0.0000000000
-111.6014224227,-14.9259259259,0.0000000000
-109.9127316039,-14.4444444444,0.0000000000
-111.6014224227,-14.2037037037,0.0000000000
-111.6014224227,-14.4444444444,0.0000000000
-109.9127316039,-13.9629629630,0.0000000000
-111.6014224227,-13.7222222222,0.0000000000
-111.6014224227,-13.9629629630,0.0000000000
-109.9127316039,-13.4814814815,0.0000000000
-111.6014224227,-13.2407407407,0.0000000000
-111.6014224227,-13.4814814815,0.0000000000
-109.9127316039,-13.0000000000,0.0000000000
-111.6014224227,-12.7592592593,0.0000000000
-111.6014224227,-13.0000000000,0.0000000000
-109.9127316039,-12.5185185185,0.0000000000
-111.6014224227,-12.2777777778,0.0000000000
-111.6014224227,-12.5185185185,0.0000000000
-109.9127316039,-12.0370370370,0.0000000000
-111.6014224227,-11.7962962963,0.0000000000
-111.6014224227,-12.0370370370,0.0000000000
-109.9127316039,-11.5555555556,0.0000000000
-111.6014224227,-11.3148148148,0.0000000000
-111.6014224227,-11.5555555556,0.0000000000
-109.9127316039,-11.0740740741,0.0000000000
-111.6014224227,-10.8333333333,0.0000000000
-111.6014224227,-11.0740740741,0.0000000000
-109.9127316039,-10.5925925926,0.0000000000
-111.6014224227,-10.3518518519,0.0000000000
-111.6014224227,-10.5925925926,0.0000000000
-109.9127316039,-10.1111111111,0.0000000000
-111.6014224227,-9.8703703704,0.0000000000
-111.6014224227,-10.1111111111,0.0000000000
-109.9127316039,-9.6296296296,0.0000000000
-111.6014224227,-9.3888888889,0.0000000000
-111.6014224227,-9.6296296296,0.0000000000
-109.9127316039,-9.1481481482,0.0000000000
-111.6014224227,-8.9074074074,0.0000000000
-111.6014224227,-9.1481481482,0.0000000000
-109.9127316039,-8.6666666667,0.0000000000
-111.6014224227,-8.4259259259,0.0000000000
-111.6014224227,-8.6666666667,0.0000000000
-109.9127316039,-8.1851851852,0.0000000000
-111.6014224227,-7.9444444444,0.0000000000
-111.6014224227,-8.1851851852,0.0000000000
-109.9127316039,-7.7037037037,0.0000000000
-111.6014224227,-7.4629629630,0.0000000000
-111.6014224227,-7.7037037037,0.0000000000
-109.9127316039,-7.2222222222,0.0000000000
-111.6014224227,-6.9814814815,0.0000000000
-111.6014224227,-7.2222222222,0.0000000000
-109.9127316039,-6.7407407407,0.0000000000
-111.6014224227,-6.5000000000,0.0000000000
-111.6014224227,-6.7407407407,0.0000000000
-109.9127316039,-6.2592592593,0.0000000000
-111.6014224227,-6.0185185185,0.0000000000
-111.6014224227,-6.2592592593,0.0000000000
-109.9127316039,-5.7777777778,0.0000000000
-111.6014224227,-5.5370370370,0.0000000000
-111.6014224227,-5.7777777778,0.0000000000
-109.9127316039,-5.2962962963,0.0000000000
-111.6014224227,-5.0555555556,0.0000000000
-111.6014224227,-5.2962962963,0.0000000000
-109.9127316039,-4.8148148148,0.0000000000
-111.6014224227,-4.5740740741,0.0000000000
-111.6014224227,-4.8148148148,0.0000000000
-109.9127316039,-4.3333333333,0.0000000000
-111.6014224227,-4.0925925926,0.0000000000
-111.6014224227,-4.3333333333,0.0000000000
-109.9127316039,-3.8518518519,0.0000000000
-111.6014224227,-3.6111111111,0.0000000000
-111.6014224227,-3.8518518519,0.0000000000
-109.9127316039,-3.3703703704,0.0000000000
-111.6014224227,-3.1296296296,0.0000000000
-111.6014224227,-3.3703703704,0.0000000000
-109.9127316039,-2.8888888889,0.0000000000
-111.6014224227,-2.6481481482,0.0000000000
-111.6014224227,-2.8888888889,0.0000000000
-109.9127316039,-2.4074074074,0.0000000000
-111.6014224227,-2.1666666667,0.0000000000
-111.6014224227,-2.4074074074,0.0000000000
-109.9127316039,-1.9259259259,0.0000000000
-111.6014224227,-1.6851851852,0.0000000000
-111.6014224227,-1.9259259259,0.0000000000
-109.9127316039,-1.4444444444,0.0000000000
-111.6014224227,-1.2037037037,0.0000000000
-111.6014224227,-1.4444444444,0.0000000000
-109.9127316039,-0.9629629630,0.0000000000
-111.6014224227,-0.7222222222,0.0000000000
-111.6014224227,-0.9629629630,0.0000000000
-109.9127316039,-0.4814814815,0.0000000000
-111.6014224227,-0.2407407407,0.0000000000
-111.6014224227,-0.4814814815,0.0000000000
-109.9127316039,-0.0000000000,0.0000000000
-111.6014224227,0.2407407407,0.0000000000
-111.6014224227,-0.0000000000,0.0000000000
-109.9127316039,0.4814814815,0.0000000000
-111.6014224227,0.7222222222,0.0000000000
-111.6014224227,0.4814814815,0.0000000000
-109.9127316039,0.9629629630,0.0000000000
-111.6014224227,1.2037037037,0.0000000000
-111.6014224227,0.9629629630,0.0000000000
-109.9127316039,1.4444444444,0.0000000000
-111.6014224227,1.6851851852,0.0000000000
-111.6014224227,1.4444444444,0.0000000000
-109.9127316039,1.9259259259,0.0000000000
-111.6014224227,2.1666666667,0.0000000000
-111.6014224227,1.9259259259,0.0000000000
-109.9127316039,2.4074074074,0.0000000000
-111.6014224227,2.6481481481,0.0000000000
-111.6014224227,2.4074074074,0.0000000000
-109.9127316039,2.8888888889,0.0000000000
-111.6014224227,3.1296296296,0.0000000000
-111.6014224227,2.8888888889,0.0000000000
-109.9127316039,3.3703703704,0.0000000000
-111.6014224227,3.6111111111,0.0000000000
-111.6014224227,3.3703703704,0.0000000000
-109.9127316039,3.8518518518,0.0000000000
-111.6014224227,4.0925925926,0.0000000000
-111.6014224227,3.8518518518,0.0000000000
-109.9127316039,4.3333333333,0.0000000000
-111.6014224227,4.5740740741,0.0000000000
-111.6014224227,4.3333333333,0.0000000000
-109.9127316039,4.8148148148,0.0000000000
-111.6014224227,5.0555555556,0.0000000000
-111.6014224227,4.8148148148,0.0000000000
-109.9127316039,5.2962962963,0.0000000000
-111.6014224227,5.5370370370,0.0000000000
-111.6014224227,5.2962962963,0.0000000000
-109.9127316039,5.7777777778,0.0000000000
-111.6014224227,6.0185185185,0.0000000000
-111.6014224227,5.7777777778,0.0000000000
-109.9127316039,6.2592592593,0.0000000000
-111.6014224227,6.5000000000,0.0000000000
-111.6014224227,6.2592592593,0.0000000000
-109.9127316039,6.7407407407,0.0000000000
-111.6014224227,6.9814814815,0.0000000000
-111.6014224227,6.7407407407,0.0000000000
-109.9127316039,7.2222222222,0.0000000000
-111.6014224227,7.4629629630,0.0000000000
-111.6014224227,7.2222222222,0.0000000000
-109.9127316039,7.7037037037,0.0000000000
-111.6014224227,7.9444444444,0.0000000000
-111.6014224227,7.7037037037,0.0000000000
-109.9127316039,8.1851851852,0.0000000000
-111.6014224227,8.4259259259,0.0000000000
-111.6014224227,8.1851851852,0.0000000000
-109.9127316039,8.6666666667,0.0000000000
-111.6014224227,8.9074074074,0.0000000000
-111.6014224227,8.6666666667,0.0000000000
-109.9127316039,9.1481481481,0.0000000000
-111.6014224227,9.3888888889,0.0000000000
-111.6014224227,9.1481481481,0.0000000000
-109.9127316039,9.6296296296,0.0000000000
-111.6014224227,9.8703703704,0.0000000000
-111.6014224227,9.6296296296,0.0000000000
-109.9127316039,10.1111111111,0.0000000000
-111.6014224227,10.3518518518,0.0000000000
-111.6014224227,10.1111111111,0.0000000000
-109.9127316039,10.5925925926,0.0000000000
-111.6014224227,10.8333333333,0.0000000000
-111.6014224227,10.5925925926,0.0000000000
-109.9127316039,11.0740740741,0.0000000000
-111.6014224227,11.3148148148,0.0000000000
-111.6014224227,11.0740740741,0.0000000000
-109.9127316039,11.5555555555,0.0000000000
-111.6014224227,11.7962962963,0.0000000000
-111.6014224227,11.5555555555,0.0000000000
-109.9127316039,12.0370370370,0.0000000000
-111.6014224227,12.2777777778,0.0000000000
-111.6014224227,12.0370370370,0.0000000000
-109.9127316039,12.5185185185,0.0000000000
-111.6014224227,12.7592592593,0.0000000000
-111.6014224227,12.5185185185,0.0000000000
-109.9127316039,13.0000000000,0.0000000000
-111.6014224227,13.2407407407,0.0000000000
-111.6014224227,13.0000000000,0.0000000000
-109.9127316039,13.4814814815,0.0000000000
-111.6014224227,13.7222222222,0.0000000000
-111.6014224227,13.4814814815,0.0000000000
-109.9127316039,13.9629629630,0.0000000000
-111.6014224227,14.2037037037,0.0000000000
-111.6014224227,13.9629629630,0.0000000000
-109.9127316039,14.4444444444,0.0000000000
-111.6014224227,14.6851851852,0.0000000000
-111.6014224227,14.4444444444,0.0000000000
-109.9127316039,14.9259259259,0.0000000000
-111.6014224227,15.1666666667,0.0000000000
-111.6014224227,14.9259259259,0.0000000000
-109.9127316039,15.4074074074,0.0000000000
-111.6014224227,15.6481481481,0.0000000000
-111.6014224227,15.4074074074,0.0000000000
-109.9127316039,15.8888888889,0.0000000000
-111.6014224227,16.1296296296,0.0000000000
-111.6014224227,15.8888888889,0.0000000000
-109.9127316039,16.3703703704,0.0000000000
-111.6014224227,16.6111111111,0.0000000000
-111.6014224227,16.3703703704,0.0000000000
-109.9127316039,16.8518518518,0.0000000000
-111.6014224227,17.0925925926,0.0000000000
-111.6014224227,16.8518518518,0.0000000000
-109.9127316039,17.3333333333,0.0000000000
-111.6014224227,17.5740740741,0.0000000000
-111.6014224227,17.3333333333,0.0000000000
-109.9127316039,17.8148148148,0.0000000000
-111.6014224227,18.0555555555,0.0000000000
-111.6014224227,17.8148148148,0.0000000000
-109.9127316039,18.2962962963,0.0000000000
-111.6014224227,18.5370370370,0.0000000000
-111.6014224227,18.2962962963,0.0000000000
-109.9127316039,18.7777777778,0.0000000000
-111.6014224227,19.0185185185,0.0000000000
-111.6014224227,18.7777777778,0.0000000000
-109.9127316039,19.2592592593,0.0000000000
-111.6014224227,19.5000000000,0.0000000000
-111.6014224227,19.2592592593,0.0000000000
-109.9127316039,19.7407407407,0.0000000000
-111.6014224227,19.9814814815,0.0000000000
-111.6014224227,19.7407407407,0.0000000000
-109.9127316039,20.2222222222,0.0000000000
-111.6014224227,20.4629629630,0.0000000000
-111.6014224227,20.2222222222,0.0000000000
-109.9127316039,20.7037037037,0.0000000000
-111.6014224227,20.9444444444,0.0000000000
-111.6014224227,20.7037037037,0.0000000000
-109.9127316039,21.1851851852,0.0000000000
-111.6014224227,21.4259259259,0.0000000000
-111.6014224227,21.1851851852,0.0000000000
-109.9127316039,21.6666666667,0.0000000000
-111.6014224227,21.9074074074,0.0000000000
-111.6014224227,21.6666666667,0.0000000000
-109.9127316039,22.1481481481,0.0000000000
-111.6014224227,22.3888888889,0.0000000000
-111.6014224227,22.1481481481,0.0000000000
-109.9127316039,22.6296296296,0.0000000000
-111.6014224227,22.8703703704,0.0000000000
-111.6014224227,22.6296296296,0.0000000000
-109.9127316039,23.1111111111,0.0000000000
-111.6014224227,23.3518518518,0.0000000000
-111.6014224227,23.1111111111,0.0000000000
-109.9127316039,23.5925925926,0.0000000000
-111.6014224227,23.8333333333,0.0000000000
-111.6014224227,23.5925925926,0.0000000000
-109.9127316039,24.0740740741,0.0000000000
-111.6014224227,24.3148148148,0.0000000000
-111.6014224227,24.0740740741,0.0000000000
-109.9127316039,24.5555555555,0.0000000000
-111.6014224227,24.7962962963,0.0000000000
-111.6014224227,24.5555555555,0.0000000000
-109.9127316039,25.0370370370,0.0000000000
-111.6014224227,25.2777777778,0.0000000000
-111.6014224227,25.0370370370,0.0000000000
-109.9127316039,25.5185185185,0.0000000000
-111.6014224227,25.7592592593,0.0000000000
-111.6014224227,25.5185185185,0.0000000000
-109.9127316039,26.0000000000,0.0000000000
-111.6014224227,26.2407407407,0.0000000000
-111.6014224227,26.0000000000,0.0000000000
-109.9127316039,26.4814814815,0.0000000000
-111.6014224227,26.7222222222,0.0000000000
-111.6014224227,26.4814814815,0.0000000000
-109.9127316039,26.9629629630,0.0000000000
-111.6014224227,27.2037037037,0.0000000000
-111.6014224227,26.9629629630,0.0000000000
-109.9127316039,27.4444444444,0.0000000000
-111.6014224227,27.6851851852,0.0000000000
-111.6014224227,27.4444444444,0.0000000000
-109.9127316039,27.9259259259,0.0000000000
-111.6014224227,28.1666666667,0.0000000000
-111.6014224227,27.9259259259,0.0000000000
-109.9127316039,28.4074074074,0.0000000000
-111.6014224227,28.6481481481,0.0000000000
-111.6014224227,28.4074074074,0.0000000000
-109.9127316039,28.8888888889,0.0000000000
-111.6014224227,29.1296296296,0.0000000000
-111.6014224227,28.8888888889,0.0000000000
-109.9127316039,29.3703703704,0.0000000000
-111.6014224227,29.6111111111,0.0000000000
-111.6014224227,29.3703703704,0.0000000000
-109.9127316039,29.8518518518,0.0000000000
-111.6014224227,30.0925925926,0.0000000000
-111.6014224227,29.8518518518,0.0000000000
-109.9127316039,30.3333333333,0.0000000000
-111.6014224227,30.5740740741,0.0000000000
-111.6014224227,30.3333333333,0.0000000000
-109.9127316039,30.8148148148,0.0000000000
-111.6014224227,31.0555555555,0.0000000000
-111.6014224227,30.8148148148,0.0000000000
-109.9127316039,31.2962962963,0.0000000000
-111.6014224227,31.5370370370,0.0000000000
-111.6014224227,31.2962962963,0.0000000000
-109.9127316039,31.7777777778,0.0000000000
-111.6014224227,32.0185185185,0.0000000000
-111.6014224227,31.7777777778,0.0000000000
-109.9127316039,32.2592592593,0.0000000000
-111.6014224227,32.2592592593,0.0000000000
-105.8598738432,-32.2592592593,0.0000000000
-107.8863027236,-32.0185185185,0.0000000000
-107.8863027236,-32.2592592593,0.0000000000
-105.8598738432,-31.7777777778,0.0000000000
-107.8863027236,-31.5370370370,0.0000000000
-107.8863027236,-31.7777777778,0.0000000000
-105.8598738432,-31.2962962963,0.0000000000
-107.8863027236,-31.0555555556,0.0000000000
-107.8863027236,-31.2962962963,0.0000000000
-105.8598738432,-30.8148148148,0.0000000000
-107.8863027236,-30.5740740741,0.0000000000
-107.8863027236,-30.8148148148,0.0000000000
-105.8598738432,-30.3333333333,0.0000000000
-107.8863027236,-30.0925925926,0.0000000000
-107.8863027236,-30.3333333333,0.0000000000
-105.8598738432,-29.8518518519,0.0000000000
-107.8863027236,-29.6111111111,0.0000000000
-107.8863027236,-29.8518518519,0.0000000000
-105.8598738432,-29.3703703704,0.0000000000
-107.8863027236,-29.1296296296,0.0000000000
-107.8863027236,-29.3703703704,0.0000000000
-105.8598738432,-28.8888888889,0.0000000000
-107.8863027236,-28.6481481481,0.0000000000
-107.8863027236,-28.8888888889,0.0000000000
-105.8598738432,-28.4074074074,0.0000000000
-107.8863027236,-28.1666666667,0.0000000000
-107.8863027236,-28.4074074074,0.0000000000
-105.8598738432,-27.9259259259,0.0000000000
-107.8863027236,-27.6851851852,0.0000000000
-107.8863027236,-27.9259259259,0.0000000000
-105.8598738432,-27.4444444444,0.0000000000
-107.8863027236,-27.2037037037,0.0000000000
-107.8863027236,-27.4444444444,0.0000000000
-105.8598738432,-26.9629629630,0.0000000000
-107.8863027236,-26.7222222222,0.0000000000
-107.8863027236,-26.9629629630,0.0000000000
-105.8598738432,-26.4814814815,0.0000000000
-107.8863027236,-26.2407407407,0.0000000000
-107.8863027236,-26.4814814815,0.0000000000
-105.8598738432,-26.0000000000,0.0000000000
-107.8863027236,-25.7592592593,0.0000000000
-107.8863027236,-26.0000000000,0.0000000000
-105.8598738432,-25.5185185185,0.0000000000
-107.8863027236,-25.2777777778,0.0000000000
-107.8863027236,-25.5185185185,0.0000000000
-105.8598738432,-25.0370370370,0.0000000000
-107.8863027236,-24.7962962963,0.0000000000
-107.8863027236,-25.0370370370,0.0000000000
-105.8598738432,-24.5555555556,0.0000000000
-107.8863027236,-24.3148148148,0.0000000000
-107.8863027236,-24.5555555556,0.0000000000
-105.8598738432,-24.0740740741,0.0000000000
-107.8863027236,-23.8333333333,0.0000000000
-107.8863027236,-24.0740740741,0.0000000000
-105.8598738432,-23.5925925926,0.0000000000
-107.8863027236,-23.3518518519,0.0000000000
-107.8863027236,-23.5925925926,0.0000000000
-105.8598738432,-23.1111111111,0.0000000000
-107.8863027236,-22.8703703704,0.0000000000
-107.8863027236,-23.1111111111,0.0000000000
-105.8598738432,-22.6296296296,0.0000000000
-107.8863027236,-22.3888888889,0.0000000000
-107.8863027236,-22.6296296296,0.0000000000
-105.8598738432,-22.1481481481,0.0000000000
-107.8863027236,-21.9074074074,0.0000000000
-107.8863027236,-22.1481481481,0.0000000000
-105.8598738432,-21.6666666667,0.0000000000
-107.8863027236,-21.4259259259,0.0000000000
-107.8863027236,-21.6666666667,0.0000000000
-105.8598738432,-21.1851851852,0.0000000000
-107.8863027236,-20.9444444444,0.0000000000
-107.8863027236,-21.1851851852,0.0000000000
-105.8598738432,-20.7037037037,0.0000000000
-107.8863027236,-20.4629629630,0.0000000000
-107.8863027236,-20.7037037037,0.0000000000
-105.8598738432,-20.2222222222,0.0000000000
-107.8863027236,-19.9814814815,0.0000000000
-107.8863027236,-20.2222222222,0.0000000000
-105.8598738432,-19.7407407407,0.0000000000
-107.8863027236,-19.5000000000,0.0000000000
-107.8863027236,-19.7407407407,0.0000000000
-105.8598738432,-19.2592592593,0.0000000000
-107.8863027236,-19.0185185185,0.0000000000
-107.8863027236,-19.2592592593,0.0000000000
-105.8598738432,-18.7777777778,0.0000000000
-107.8863027236,-18.5370370370,0.0000000000
-107.8863027236,-18.7777777778,0.0000000000
-105.8598738432,-18.2962962963,0.0000000000
-107.8863027236,-18.0555555556,0.0000000000
-107.8863027236,-18.2962962963,0.0000000000
-105.8598738432,-17.8148148148,0.0000000000
-107.8863027236,-17.5740740741,0.0000000000
-107.8863027236,-17.8148148148,0.0000000000
-105.8598738432,-17.3333333333,0.0000000000
-107.8863027236,-17.0925925926,0.0000000000
-107.8863027236,-17.3333333333,0.0000000000
-105.8598738432,-16.8518518519,0.0000000000
-107.8863027236,-16.6111111111,0.0000000000
-107.8863027236,-16.8518518519,0.0000000000
-105.8598738432,-16.3703703704,0.0000000000
-107.8863027236,-16.1296296296,0.0000000000
-107.8863027236,-16.3703703704,0.0000000000
-105.8598738432,-15.8888888889,0.0000000000
-107.8863027236,-15.6481481482,0.0000000000
-107.8863027236,-15.8888888889,0.0000000000
-105.8598738432,-15.4074074074,0.0000000000
-107.8863027236,-15.1666666667,0.0000000000
-107.8863027236,-15.4074074074,0.0000000000
-105.8598738432,-14.9259259259,0.0000000000
-107.8863027236,-14.6851851852,0.0000000000
-107.8863027236,-14.9259259259,0.0000000000
-105.8598738432,-14.4444444444,0.0000000000
-107.8863027236,-14.2037037037,0.0000000000
-107.8863027236,-14.4444444444,0.0000000000
-105.8598738432,-13.9629629630,0.0000000000
-107.8863027236,-13.7222222222,0.0000000000
-107.8863027236,-13.9629629630,0.0000000000
-105.8598738432,-13.4814814815,0.0000000000
-107.8863027236,-13.2407407407,0.0000000000
-107.8863027236,-13.4814814815,0.0000000000
-105.8598738432,-13.0000000000,0.0000000000
-107.8863027236,-12.7592592593,0.0000000000
-107.8863027236,-13.0000000000,0.0000000000
-105.8598738432,-12.5185185185,0.0000000000
-107.8863027236,-12.2777777778,0.0000000000
-107.8863027236,-12.5185185185,0.0000000000
-105.8598738432,-12.0370370370,0.0000000000
-107.8863027236,-11.7962962963,0.0000000000
-107.8863027236,-12.0370370370,0.0000000000
-105.8598738432,-11.5555555556,0.0000000000
-107.8863027236,-11.3148148148,0.0000000000
-107.8863027236,-11.5555555556,0.0000000000
-105.8598738432,-11.0740740741,0.0000000000
-107.8863027236,-10.8333333333,0.0000000000
-107.8863027236,-11.0740740741,0.0000000000
-105.8598738432,-10.5925925926,0.0000000000
-107.8863027236,-10.3518518519,0.0000000000
-107.8863027236,-10.5925925926,0.0000000000
-105.8598738432,-10.1111111111,0.0000000000
-107.8863027236,-9.8703703704,0.0000000000
-107.8863027236,-10.1111111111,0.0000000000
-105.8598738432,-9.6296296296,0.0000000000
-107.8863027236,-9.3888888889,0.0000000000
-107.8863027236,-9.6296296296,0.0000000000
-105.8598738432,-9.1481481482,0.0000000000
-107.8863027236,-8.9074074074,0.0000000000
-107.8863027236,-9.1481481482,0.0000000000
-105.8598738432,-8.6666666667,0.0000000000
-107.8863027236,-8.4259259259,0.0000000000
-107.8863027236,-8.6666666667,0.0000000000
-105.8598738432,-8.1851851852,0.0000000000
-107.8863027236,-7.9444444444,0.0000000000
-107.8863027236,-8.1851851852,0.0000000000
-105.8598738432,-7.7037037037,0.0000000000
-107.8863027236,-7.4629629630,0.0000000000
-107.8863027236,-7.7037037037,0.0000000000
-105.8598738432,-7.2222222222,0.0000000000
-107.8863027236,-6.9814814815,0.0000000000
-107.8863027236,-7.2222222222,0.0000000000
-105.8598738432,-6.7407407407,0.0000000000
-107.8863027236,-6.5000000000,0.0000000000
-107.8863027236,-6.7407407407,0.0000000000
-105.8598738432,-6.2592592593,0.0000000000
-107.8863027236,-6.0185185185,0.0000000000
-107.8863027236,-6.2592592593,0.0000000000
-105.8598738432,-5.7777777778,0.0000000000
-107.8863027236,-5.5370370370,0.0000000000
-107.8863027236,-5.7777777778,0.0000000000
-105.8598738432,-5.2962962963,0.0000000000
-107.8863027236,-5.0555555556,0.0000000000
-107.8863027236,-5.2962962963,0.0000000000
-105.8598738432,-4.8148148148,0.0000000000
-107.8863027236,-4.5740740741,0.0000000000
-107.8863027236,-4.8148148148,0.0000000000
-105.8598738432,-4.3333333333,0.0000000000
-107.8863027236,-4.0925925926,0.0000000000
-107.8863027236,-4.3333333333,0.0000000000
-105.8598738432,-3.8518518519,0.0000000000
-107.8863027236,-3.6111111111,0.0000000000
-107.8863027236,-3.8518518519,0.0000000000
-105.8598738432,-3.3703703704,0.0000000000
-107.8863027236,-3.1296296296,0.0000000000
-107.8863027236,-3.3703703704,0.0000000000
-105.8598738432,-2.8888888889,0.0000000000
-107.8863027236,-2.6481481482,0.0000000000
-107.8863027236,-2.8888888889,0.0000000000
-105.8598738432,-2.4074074074,0.0000000000
-107.8863027236,-2.1666666667,0.0000000000
-107.8863027236,-2.4074074074,0.0000000000
-105.8598738432,-1.9259259259,0.0000000000
-107.8863027236,-1.6851851852,0.0000000000
-107.8863027236,-1.9259259259,0.0000000000
-105.8598738432,-1.4444444444,0.0000000000
-107.8863027236,-1.2037037037,0.0000000000
-107.8863027236,-1.4444444444,0.0000000000
-105.8598738432,-0.9629629630,0.0000000000
-107.8863027236,-0.7222222222,0.0000000000
-107.8863027236,-0.9629629630,0.0000000000
-105.8598738432,-0.4814814815,0.0000000000
-107.8863027236,-0.2407407407,0.0000000000
-107.8863027236,-0.4814814815,0.0000000000
-105.8598738432,-0.0000000000,0.0000000000
-107.8863027236,0.2407407407,0.0000000000
-107.8863027236,-0.0000000000,0.0000000000
-105.8598738432,0.4814814815,0.0000000000
-107.8863027236,0.7222222222,0.0000000000
-107.8863027236,0.4814814815,0.0000000000
-105.8598738432,0.9629629630,0.0000000000
-107.8863027236,1.2037037037,0.0000000000
-107.8863027236,0.9629629630,0.0000000000
-105.8598738432,1.4444444444,0.0000000000
-107.8863027236,1.6851851852,0.0000000000
-107.8863027236,1.4444444444,0.0000000000
-105.8598738432,1.9259259259,0.0000000000
-107.8863027236,2.1666666667,0.0000000000
-107.8863027236,1.9259259259,0.0000000000
-105.8598738432,2.4074074074,0.0000000000
-107.8863027236,2.6481481481,0.0000000000
-107.8863027236,2.4074074074,0.0000000000
-105.8598738432,2.8888888889,0.0000000000
-107.8863027236,3.1296296296,0.0000000000
-107.8863027236,2.8888888889,0.0000000000
-105.8598738432,3.3703703704,0.0000000000
-107.8863027236,3.6111111111,0.0000000000
-107.8863027236,3.3703703704,0.0000000000
-105.8598738432,3.8518518518,0.0000000000
-107.8863027236,4.0925925926,0.0000000000
-107.8863027236,3.8518518518,0.0000000000
-105.8598738432,4.3333333333,0.0000000000
-107.8863027236,4.5740740741,0.0000000000
-107.8863027236,4.3333333333,0.0000000000
-105.8598738432,4.8148148148,0.0000000000
-107.8863027236,5.0555555556,0.0000000000
-107.8863027236,4.8148148148,0.0000000000
-105.8598738432,5.2962962963,0.0000000000
-107.8863027236,5.5370370370,0.0000000000
-107.8863027236,5.2962962963,0.0000000000
-105.8598738432,5.7777777778,0.0000000000
-107.8863027236,6.0185185185,0.0000000000
-107.8863027236,5.7777777778,0.0000000000
-105.8598738432,6.2592592593,0.0000000000
-107.8863027236,6.5000000000,0.0000000000
-107.8863027236,6.2592592593,0.0000000000
-105.8598738432,6.7407407407,0.0000000000
-107.8863027236,6.9814814815,0.0000000000
-107.8863027236,6.7407407407,0.0000000000
-105.8598738432,7.2222222222,0.0000000000
-107.8863027236,7.4629629630,0.0000000000
-107.8863027236,7.2222222222,0.0000000000
-105.8598738432,7.7037037037,0.0000000000
-107.8863027236,7.9444444444,0.0000000000
-107.8863027236,7.7037037037,0.0000000000
-105.8598738432,8.1851851852,0.0000000000
-107.8863027236,8.4259259259,0.0000000000
-107.8863027236,8.1851851852,0.0000000000
-105.8598738432,8.6666666667,0.0000000000
-107.8863027236,8.9074074074,0.0000000000
-107.8863027236,8.6666666667,0.0000000000
-105.8598738432,9.1481481481,0.0000000000
-107.8863027236,9.3888888889,0.0000000000
-107.8863027236,9.1481481481,0.0000000000
-105.8598738432,9.6296296296,0.0000000000
-107.8863027236,9.8703703704,0.0000000000
-107.8863027236,9.6296296296,0.0000000000
-105.8598738432,10.1111111111,0.0000000000
-107.8863027236,10.3518518518,0.0000000000
-107.8863027236,10.1111111111,0.0000000000
-105.8598738432,10.5925925926,0.0000000000
-107.8863027236,10.8333333333,0.0000000000
-107.8863027236,10.5925925926,0.0000000000
-105.8598738432,11.0740740741,0.0000000000
-107.8863027236,11.3148148148,0.0000000000
-107.8863027236,11.0740740741,0.0000000000
-105.8598738432,11.5555555555,0.0000000000
-107.8863027236,11.7962962963,0.0000000000
-107.8863027236,11.5555555555,0.0000000000
-105.8598738432,12.0370370370,0.0000000000
-107.8863027236,12.2777777778,0.0000000000
-107.8863027236,12.0370370370,0.0000000000
-105.8598738432,12.5185185185,0.0000000000
-107.8863027236,12.7592592593,0.0000000000
-107.8863027236,12.5185185185,0.0000000000
-105.8598738432,13.0000000000,0.0000000000
-107.8863027236,13.2407407407,0.0000000000
-107.8863027236,13.0000000000,0.0000000000
-105.8598738432,13.4814814815,0.0000000000
-107.8863027236,13.7222222222,0.0000000000
-107.8863027236,13.4814814815,0.0000000000
-105.8598738432,13.9629629630,0.0000000000
-107.8863027236,14.2037037037,0.0000000000
-107.8863027236,13.9629629630,0.0000000000
-105.8598738432,14.4444444444,0.0000000000
-107.8863027236,14.6851851852,0.0000000000
-107.8863027236,14.4444444444,0.0000000000
-105.8598738432,14.9259259259,0.0000000000
-107.8863027236,15.1666666667,0.0000000000
-107.8863027236,14.9259259259,0.0000000000
-105.8598738432,15.4074074074,0.0000000000
-107.8863027236,15.6481481481,0.0000000000
-107.8863027236,15.4074074074,0.0000000000
-105.8598738432,15.8888888889,0.0000000000
-107.8863027236,16.1296296296,0.0000000000
-107.8863027236,15.8888888889,0.0000000000
-105.8598738432,16.3703703704,0.0000000000
-107.8863027236,16.6111111111,0.0000000000
-107.8863027236,16.3703703704,0.0000000000
-105.8598738432,16.8518518518,0.0000000000
-107.8863027236,17.0925925926,0.0000000000
-107.8863027236,16.8518518518,0.0000000000
-105.8598738432,17.3333333333,0.0000000000
-107.8863027236,17.5740740741,0.0000000000
-107.8863027236,17.3333333333,0.0000000000
-105.8598738432,17.8148148148,0.0000000000
-107.8863027236,18.0555555555,0.0000000000
-107.8863027236,17.8148148148,0.0000000000
-105.8598738432,18.2962962963,0.0000000000
-107.8863027236,18.5370370370,0.0000000000
-107.8863027236,18.2962962963,0.0000000000
-105.8598738432,18.7777777778,0.0000000000
-107.8863027236,19.0185185185,0.0000000000
-107.8863027236,18.7777777778,0.0000000000
-105.8598738432,19.2592592593,0.0000000000
-107.8863027236,19.5000000000,0.0000000000
-107.8863027236,19.2592592593,0.0000000000
-105.8598738432,19.7407407407,0.0000000000
-107.8863027236,19.9814814815,0.0000000000
-107.8863027236,19.7407407407,0.0000000000
-105.8598738432,20.2222222222,0.0000000000
-107.8863027236,20.4629629630,0.0000000000
-107.8863027236,20.2222222222,0.0000000000
-105.8598738432,20.7037037037,0.0000000000
-107.8863027236,20.9444444444,0.0000000000
-107.8863027236,20.7037037037,0.0000000000
-105.8598738432,21.1851851852,0.0000000000
-107.8863027236,21.4259259259,0.0000000000
-107.8863027236,21.1851851852,0.0000000000
-105.8598738432,21.6666666667,0.0000000000
-107.8863027236,21.9074074074,0.0000000000
-107.8863027236,21.6666666667,0.0000000000
-105.8598738432,22.1481481481,0.0000000000
-107.8863027236,22.3888888889,0.0000000000
-107.8863027236,22.1481481481,0.0000000000
-105.8598738432,22.6296296296,0.0000000000
-107.8863027236,22.8703703704,0.0000000000
-107.8863027236,22.6296296296,0.0000000000
-105.8598738432,23.1111111111,0.0000000000
-107.8863027236,23.3518518518,0.0000000000
-107.8863027236,23.1111111111,0.0000000000
-105.8598738432,23.5925925926,0.0000000000
-107.8863027236,23.8333333333,0.0000000000
-107.8863027236,23.5925925926,0.0000000000
-105.8598738432,24.0740740741,0.0000000000
-107.8863027236,24.3148148148,0.0000000000
-107.8863027236,24.0740740741,0.0000000000
-105.8598738432,24.5555555555,0.0000000000
-107.8863027236,24.7962962963,0.0000000000
-107.8863027236,24.5555555555,0.0000000000
-105.8598738432,25.0370370370,0.0000000000
-107.8863027236,25.2777777778,0.0000000000
-107.8863027236,25.0370370370,0.0000000000
-105.8598738432,25.5185185185,0.0000000000
-107.8863027236,25.7592592593,0.0000000000
-107.8863027236,25.5185185185,0.0000000000
-105.8598738432,26.0000000000,0.0000000000
-107.8863027236,26.2407407407,0.0000000000
-107.8863027236,26.0000000000,0.0000000000
-105.8598738432,26.4814814815,0.0000000000
-107.8863027236,26.7222222222,0.0000000000
-107.8863027236,26.4814814815,0.0000000000
-105.8598738432,26.9629629630,0.0000000000
-107.8863027236,27.2037037037,0.0000000000
-107.8863027236,26.9629629630,0.0000000000
-105.8598738432,27.4444444444,0.0000000000
-107.8863027236,27.6851851852,0.0000000000
-107.8863027236,27.4444444444,0.0000000000
-105.8598738432,27.9259259259,0.0000000000
-107.8863027236,28.1666666667,0.0000000000
-107.8863027236,27.9259259259,0.0000000000
-105.8598738432,28.4074074074,0.0000000000
-107.8863027236,28.6481481481,0.0000000000
-107.8863027236,28.4074074074,0.0000000000
-105.8598738432,28.8888888889,0.0000000000
-107.8863027236,29.1296296296,0.0000000000
-107.8863027236,28.8888888889,0.0000000000
-105.8598738432,29.3703703704,0.0000000000
-107.8863027236,29.6111111111,0.0000000000
-107.8863027236,29.3703703704,0.0000000000
-105.8598738432,29.8518518518,0.0000000000
-107.8863027236,30.0925925926,0.0000000000
-107.8863027236,29.8518518518,0.0000000000
-105.8598738432,30.3333333333,0.0000000000
-107.8863027236,30.5740740741,0.0000000000
-107.8863027236,30.3333333333,0.0000000000
-105.8598738432,30.8148148148,0.0000000000
-107.8863027236,31.0555555555,0.0000000000
-107.8863027236,30.8148148148,0.0000000000
-105.8598738432,31.2962962963,0.0000000000
-107.8863027236,31.5370370370,0.0000000000
-107.8863027236,31.2962962963,0.0000000000
-105.8598738432,31.7777777778,0.0000000000
-107.8863027236,32.0185185185,0.0000000000
-107.8863027236,31.7777777778,0.0000000000
-105.8598738432,32.2592592593,0.0000000000
-107.8863027236,32.2592592593,0.0000000000
-100.9964440009,-32.2592592593,0.0000000000
-103.4281589221,-32.0185185185,0.0000000000
-103.4281589221,-32.2592592593,0.0000000000
-100.9964440009,-31.7777777778,0.0000000000
-103.4281589221,-31.5370370370,0.0000000000
-103.4281589221,-31.7777777778,0.0000000000
-100.9964440009,-31.2962962963,0.0000000000
-103.4281589221,-31.0555555556,0.0000000000
-103.4281589221,-31.2962962963,0.0000000000
-100.9964440009,-30.8148148148,0.0000000000
-103.4281589221,-30.5740740741,0.0000000000
-103.4281589221,-30.8148148148,0.0000000000
-100.9964440009,-30.3333333333,0.0000000000
-103.4281589221,-30.0925925926,0.0000000000
-103.4281589221,-30.3333333333,0.0000000000
-100.9964440009,-29.8518518519,0.0000000000
-103.4281589221,-29.6111111111,0.0000000000
-103.4281589221,-29.8518518519,0.0000000000
-100.9964440009,-29.3703703704,0.0000000000
-103.4281589221,-29.1296296296,0.0000000000
-103.4281589221,-29.3703703704,0.0000000000
-100.9964440009,-28.8888888889,0.0000000000
-103.4281589221,-28.6481481481,0.0000000000
-103.4281589221,-28.8888888889,0.0000000000
-100.9964440009,-28.4074074074,0.0000000000
-103.4281589221,-28.1666666667,0.0000000000
-103.4281589221,-28.4074074074,0.0000000000
-100.9964440009,-27.9259259259,0.0000000000
-103.4281589221,-27.6851851852,0.0000000000
-103.4281589221,-27.9259259259,0.0000000000
-100.9964440009,-27.4444444444,0.0000000000
-103.4281589221,-27.2037037037,0.0000000000
-103.4281589221,-27.4444444444,0.0000000000
-100.9964440009,-26.9629629630,0.0000000000
-103.4281589221,-26.7222222222,0.0000000000
-103.4281589221,-26.9629629630,0.0000000000
-100.9964440009,-26.4814814815,0.0000000000
-103.4281589221,-26.2407407407,0.0000000000
-103.4281589221,-26.4814814815,0.0000000000
-100.9964440009,-26.0000000000,0.0000000000
-103.4281589221,-25.7592592593,0.0000000000
-103.4281589221,-26.0000000000,0.0000000000
-100.9964440009,-25.5185185185,0.0000000000
-103.4281589221,-25.2777777778,0.0000000000
-103.4281589221,-25.5185185185,0.0000000000
-100.9964440009,-25.0370370370,0.0000000000
-103.4281589221,-24.7962962963,0.0000000000
-103.4281589221,-25.0370370370,0.0000000000
-100.9964440009,-24.5555555556,0.0000000000
-103.4281589221,-24.3148148148,0.0000000000
-103.4281589221,-24.5555555556,0.0000000000
-100.9964440009,-24.0740740741,0.0000000000
-103.4281589221,-23.8333333333,0.0000000000
-103.4281589221,-24.0740740741,0.0000000000
-100.9964440009,-23.5925925926,0.0000000000
-103.4281589221,-23.3518518519,0.0000000000
-103.4281589221,-23.5925925926,0.0000000000
-100.9964440009,-23.1111111111,0.0000000000
-103.4281589221,-22.8703703704,0.0000000000
-103.4281589221,-23.1111111111,0.0000000000
-100.9964440009,-22.6296296296,0.0000000000
-103.4281589221,-22.3888888889,0.0000000000
-103.4281589221,-22.6296296296,0.0000000000
-100.9964440009,-22.1481481481,0.0000000000
-103.4281589221,-21.9074074074,0.0000000000
-103.4281589221,-22.1481481481,0.0000000000
-100.9964440009,-21.6666666667,0.0000000000
-103.4281589221,-21.4259259259,0.0000000000
-103.4281589221,-21.6666666667,0.0000000000
-100.9964440009,-21.1851851852,0.0000000000
-103.4281589221,-20.9444444444,0.0000000000
-103.4281589221,-21.1851851852,0.0000000000
-100.9964440009,-20.7037037037,0.0000000000
-103.4281589221,-20.4629629630,0.0000000000
-103.4281589221,-20.7037037037,0.0000000000
-100.9964440009,-20.2222222222,0.0000000000
-103.4281589221,-19.9814814815,0.0000000000
-103.4281589221,-20.2222222222,0.0000000000
-100.9964440009,-19.7407407407,0.0000000000
-103.4281589221,-19.5000000000,0.0000000000
-103.4281589221,-19.7407407407,0.0000000000
-100.9964440009,-19.2592592593,0.0000000000
-103.4281589221,-19.0185185185,0.0000000000
-103.4281589221,-19.2592592593,0.0000000000
-100.9964440009,-18.7777777778,0.0000000000
-103.4281589221,-18.5370370370,0.0000000000
-103.4281589221,-18.7777777778,0.0000000000
-100.9964440009,-18.2962962963,0.0000000000
-103.4281589221,-18.0555555556,0.0000000000
-103.4281589221,-18.2962962963,0.0000000000
-100.9964440009,-17.8148148148,0.0000000000
-103.4281589221,-17.5740740741,0.0000000000
-103.4281589221,-17.8148148148,0.0000000000
-100.9964440009,-17.3333333333,0.0000000000
-103.4281589221,-17.0925925926,0.0000000000
-103.4281589221,-17.3333333333,0.0000000000
-100.9964440009,-16.8518518519,0.0000000000
-103.4281589221,-16.6111111111,0.0000000000
-103.4281589221,-16.8518518519,0.0000000000
-100.9964440009,-16.3703703704,0.0000000000
-103.4281589221,-16.1296296296,0.0000000000
-103.4281589221,-16.3703703704,0.0000000000
-100.9964440009,-15.8888888889,0.0000000000
-103.4281589221,-15.6481481482,0.0000000000
-103.4281589221,-15.8888888889,0.0000000000
-100.9964440009,-15.4074074074,0.0000000000
-103.4281589221,-15.1666666667,0.0000000000
-103.4281589221,-15.4074074074,0.0000000000
-100.9964440009,-14.9259259259,0.0000000000
-103.4281589221,-14.6851851852,0.0000000000
-103.4281589221,-14.9259259259,0.0000000000
-100.9964440009,-14.4444444444,0.0000000000
-103.4281589221,-14.2037037037,0.0000000000
-103.4281589221,-14.4444444444,0.0000000000
-100.9964440009,-13.9629629630,0.0000000000
-103.4281589221,-13.7222222222,0.0000000000
-103.4281589221,-13.9629629630,0.0000000000
-100.9964440009,-13.4814814815,0.0000000000
-103.4281589221,-13.2407407407,0.0000000000
-103.4281589221,-13.4814814815,0.0000000000
-100.9964440009,-13.0000000000,0.0000000000
-103.4281589221,-12.7592592593,0.0000000000
-103.4281589221,-13.0000000000,0.0000000000
-100.9964440009,-12.5185185185,0.0000000000
-103.4281589221,-12.2777777778,0.0000000000
-103.4281589221,-12.5185185185,0.0000000000
-100.9964440009,-12.0370370370,0.0000000000
-103.4281589221,-11.7962962963,0.0000000000
-103.4281589221,-12.0370370370,0.0000000000
-100.9964440009,-11.5555555556,0.0000000000
-103.4281589221,-11.3148148148,0.0000000000
-103.4281589221,-11.5555555556,0.0000000000
-100.9964440009,-11.0740740741,0.0000000000
-103.4281589221,-10.8333333333,0.0000000000
-103.4281589221,-11.0740740741,0.0000000000
-100.9964440009,-10.5925925926,0.0000000000
-103.4281589221,-10.3518518519,0.0000000000
-103.4281589221,-10.5925925926,0.0000000000
-100.9964440009,-10.1111111111,0.0000000000
-103.4281589221,-9.8703703704,0.0000000000
-103.4281589221,-10.1111111111,0.0000000000
-100.9964440009,-9.6296296296,0.0000000000
-103.4281589221,-9.3888888889,0.0000000000
-103.4281589221,-9.6296296296,0.0000000000
-100.9964440009,-9.1481481482,0.0000000000
-103.4281589221,-8.9074074074,0.0000000000
-103.4281589221,-9.1481481482,0.0000000000
-100.9964440009,-8.6666666667,0.0000000000
-103.4281589221,-8.4259259259,0.0000000000
-103.4281589221,-8.6666666667,0.0000000000
-100.9964440009,-8.1851851852,0.0000000000
-103.4281589221,-7.9444444444,0.0000000000
-103.4281589221,-8.1851851852,0.0000000000
-100.9964440009,-7.7037037037,0.0000000000
-103.4281589221,-7.4629629630,0.0000000000
-103.4281589221,-7.7037037037,0.0000000000
-100.9964440009,-7.2222222222,0.0000000000
-103.4281589221,-6.9814814815,0.0000000000
-103.4281589221,-7.2222222222,0.0000000000
-100.9964440009,-6.7407407407,0.0000000000
-103.4281589221,-6.5000000000,0.0000000000
-103.4281589221,-6.7407407407,0.0000000000
-100.9964440009,-6.2592592593,0.0000000000
-103.4281589221,-6.0185185185,0.0000000000
-103.4281589221,-6.2592592593,0.0000000000
-100.9964440009,-5.7777777778,0.0000000000
-103.4281589221,-5.5370370370,0.0000000000
-103.4281589221,-5.7777777778,0.0000000000
-100.9964440009,-5.2962962963,0.0000000000
-103.4281589221,-5.0555555556,0.0000000000
-103.4281589221,-5.2962962963,0.0000000000
-100.9964440009,-4.8148148148,0.0000000000
-103.4281589221,-4.5740740741,0.0000000000
-103.4281589221,-4.8148148148,0.0000000000
-100.9964440009,-4.3333333333,0.0000000000
-103.4281589221,-4.0925925926,0.0000000000
-103.4281589221,-4.3333333333,0.0000000000
-100.9964440009,-3.8518518519,0.0000000000
-103.4281589221,-3.6111111111,0.0000000000
-103.4281589221,-3.8518518519,0.0000000000
-100.9964440009,-3.3703703704,0.0000000000
-103.4281589221,-3.1296296296,0.0000000000
-103.4281589221,-3.3703703704,0.0000000000
-100.9964440009,-2.8888888889,0.0000000000
-103.4281589221,-2.6481481482,0.0000000000
-103.4281589221,-2.8888888889,0.0000000000
-100.9964440009,-2.4074074074,0.0000000000
-103.4281589221,-2.1666666667,0.0000000000
-103.4281589221,-2.4074074074,0.0000000000
-100.9964440009,-1.9259259259,0.0000000000
-103.4281589221,-1.6851851852,0.0000000000
-103.4281589221,-1.9259259259,0.0000000000
-100.9964440009,-1.4444444444,0.0000000000
-103.4281589221,-1.2037037037,0.0000000000
-103.4281589221,-1.4444444444,0.0000000000
-100.9964440009,-0.9629629630,0.0000000000
-103.4281589221,-0.7222222222,0.0000000000
-103.4281589221,-0.9629629630,0.0000000000
-100.9964440009,-0.4814814815,0.0000000000
-103.4281589221,-0.2407407407,0.0000000000
-103.4281589221,-0.4814814815,0.0000000000
-100.9964440009,-0.0000000000,0.0000000000
-103.4281589221,0.2407407407,0.0000000000
-103.4281589221,-0.0000000000,0.0000000000
-100.9964440009,0.4814814815,0.0000000000
-103.4281589221,0.7222222222,0.0000000000
-103.4281589221,0.4814814815,0.0000000000
-100.9964440009,0.9629629630,0.0000000000
-103.4281589221,1.2037037037,0.0000000000
-103.4281589221,0.9629629630,0.0000000000
-100.9964440009,1.4444444444,0.0000000000
-103.4281589221,1.6851851852,0.0000000000
-103.4281589221,1.4444444444,0.0000000000
-100.9964440009,1.9259259259,0.0000000000
-103.4281589221,2.1666666667,0.0000000000
-103.4281589221,1.9259259259,0.0000000000
-100.9964440009,2.4074074074,0.0000000000
-103.4281589221,2.6481481481,0.0000000000
-103.4281589221,2.4074074074,0.0000000000
-100.9964440009,2.8888888889,0.0000000000
-103.4281589221,3.1296296296,0.0000000000
-103.4281589221,2.8888888889,0.0000000000
-100.9964440009,3.3703703704,0.0000000000
-103.4281589221,3.6111111111,0.0000000000
-103.4281589221,3.3703703704,0.0000000000
-100.9964440009,3.8518518518,0.0000000000
-103.4281589221,4.0925925926,0.0000000000
-103.4281589221,3.8518518518,0.0000000000
-100.9964440009,4.3333333333,0.0000000000
-103.4281589221,4.5740740741,0.0000000000
-103.4281589221,4.3333333333,0.0000000000
-100.9964440009,4.8148148148,0.0000000000
-103.4281589221,5.0555555556,0.0000000000
-103.4281589221,4.8148148148,0.0000000000
-100.9964440009,5.2962962963,0.0000000000
-103.4281589221,5.5370370370,0.0000000000
-103.4281589221,5.2962962963,0.0000000000
-100.9964440009,5.7777777778,0.0000000000
-103.4281589221,6.0185185185,0.0000000000
-103.4281589221,5.7777777778,0.0000000000
-100.9964440009,6.2592592593,0.0000000000
-103.4281589221,6.5000000000,0.0000000000
-103.4281589221,6.2592592593,0.0000000000
-100.9964440009,6.7407407407,0.0000000000
-103.4281589221,6.9814814815,0.0000000000
-103.4281589221,6.7407407407,0.0000000000
-100.9964440009,7.2222222222,0.0000000000
-103.4281589221,7.4629629630,0.0000000000
-103.4281589221,7.2222222222,0.0000000000
-100.9964440009,7.7037037037,0.0000000000
-103.4281589221,7.9444444444,0.0000000000
-103.4281589221,7.7037037037,0.0000000000
-100.9964440009,8.1851851852,0.0000000000
-103.4281589221,8.4259259259,0.0000000000
-103.4281589221,8.1851851852,0.0000000000
-100.9964440009,8.6666666667,0.0000000000
-103.4281589221,8.9074074074,0.0000000000
-103.4281589221,8.6666666667,0.0000000000
-100.9964440009,9.1481481481,0.0000000000
-103.4281589221,9.3888888889,0.0000000000
-103.4281589221,9.1481481481,0.0000000000
-100.9964440009,9.6296296296,0.0000000000
-103.4281589221,9.8703703704,0.0000000000
-103.4281589221,9.6296296296,0.0000000000
-100.9964440009,10.1111111111,0.0000000000
-103.4281589221,10.3518518518,0.0000000000
-103.4281589221,10.1111111111,0.0000000000
-100.9964440009,10.5925925926,0.0000000000
-103.4281589221,10.8333333333,0.0000000000
-103.4281589221,10.5925925926,0.0000000000
-100.9964440009,11.0740740741,0.0000000000
-103.4281589221,11.3148148148,0.0000000000
-103.4281589221,11.0740740741,0.0000000000
-100.9964440009,11.5555555555,0.0000000000
-103.4281589221,11.7962962963,0.0000000000
-103.4281589221,11.5555555555,0.0000000000
-100.9964440009,12.0370370370,0.0000000000
-103.4281589221,12.2777777778,0.0000000000
-103.4281589221,12.0370370370,0.0000000000
-100.9964440009,12.5185185185,0.0000000000
-103.4281589221,12.7592592593,0.0000000000
-103.4281589221,12.5185185185,0.0000000000
-100.9964440009,13.0000000000,0.0000000000
-103.4281589221,13.2407407407,0.0000000000
-103.4281589221,13.0000000000,0.0000000000
-100.9964440009,13.4814814815,0.0000000000
-103.4281589221,13.7222222222,0.0000000000
-103.4281589221,13.4814814815,0.0000000000
-100.9964440009,13.9629629630,0.0000000000
-103.4281589221,14.2037037037,0.0000000000
-103.4281589221,13.9629629630,0.0000000000
-100.9964440009,14.4444444444,0.0000000000
-103.4281589221,14.6851851852,0.0000000000
-103.4281589221,14.4444444444,0.0000000000
-100.9964440009,14.9259259259,0.0000000000
-103.4281589221,15.1666666667,0.0000000000
-103.4281589221,14.9259259259,0.0000000000
-100.9964440009,15.4074074074,0.0000000000
-103.4281589221,15.6481481481,0.0000000000
-103.4281589221,15.4074074074,0.0000000000
-100.9964440009,15.8888888889,0.0000000000
-103.4281589221,16.1296296296,0.0000000000
-103.4281589221,15.8888888889,0.0000000000
-100.9964440009,16.3703703704,0.0000000000
-103.4281589221,16.6111111111,0.0000000000
-103.4281589221,16.3703703704,0.0000000000
-100.9964440009,16.8518518518,0.0000000000
-103.4281589221,17.0925925926,0.0000000000
-103.4281589221,16.8518518518,0.0000000000
-100.9964440009,17.3333333333,0.0000000000
-103.4281589221,17.5740740741,0.0000000000
-103.4281589221,17.3333333333,0.0000000000
-100.9964440009,17.8148148148,0.0000000000
-103.4281589221,18.0555555555,0.0000000000
-103.4281589221,17.8148148148,0.0000000000
-100.9964440009,18.2962962963,0.0000000000
-103.4281589221,18.5370370370,0.0000000000
-103.4281589221,18.2962962963,0.0000000000
-100.9964440009,18.7777777778,0.0000000000
-103.4281589221,19.0185185185,0.0000000000
-103.4281589221,18.7777777778,0.0000000000
-100.9964440009,19.2592592593,0.0000000000
-103.4281589221,19.5000000000,0.0000000000
-103.4281589221,19.2592592593,0.0000000000
-100.9964440009,19.7407407407,0.0000000000
-103.4281589221,19.9814814815,0.0000000000
-103.4281589221,19.7407407407,0.0000000000
-100.9964440009,20.2222222222,0.0000000000
-103.4281589221,20.4629629630,0.0000000000
-103.4281589221,20.2222222222,0.0000000000
-100.9964440009,20.7037037037,0.0000000000
-103.4281589221,20.9444444444,0.0000000000
-103.4281589221,20.7037037037,0.0000000000
-100.9964440009,21.1851851852,0.0000000000
-103.4281589221,21.4259259259,0.0000000000
-103.4281589221,21.1851851852,0.0000000000
-100.9964440009,21.6666666667,0.0000000000
-103.4281589221,21.9074074074,0.0000000000
-103.4281589221,21.6666666667,0.0000000000
-100.9964440009,22.1481481481,0.0000000000
-103.4281589221,22.3888888889,0.0000000000
-103.4281589221,22.1481481481,0.0000000000
-100.9964440009,22.6296296296,0.0000000000
-103.4281589221,22.8703703704,0.0000000000
-103.4281589221,22.6296296296,0.0000000000
-100.9964440009,23.1111111111,0.0000000000
-103.4281589221,23.3518518518,0.0000000000
-103.4281589221,23.1111111111,0.0000000000
-100.9964440009,23.5925925926,0.0000000000
-103.4281589221,23.8333333333,0.0000000000
-103.4281589221,23.5925925926,0.0000000000
-100.9964440009,24.0740740741,0.0000000000
-103.4281589221,24.3148148148,0.0000000000
-103.4281589221,24.0740740741,0.0000000000
-100.9964440009,24.5555555555,0.0000000000
-103.4281589221,24.7962962963,0.0000000000
-103.4281589221,24.5555555555,0.0000000000
-100.9964440009,25.0370370370,0.0000000000
-103.4281589221,25.2777777778,0.0000000000
-103.4281589221,25.0370370370,0.0000000000
-100.9964440009,25.5185185185,0.0000000000
-103.4281589221,25.7592592593,0.0000000000
-103.4281589221,25.5185185185,0.0000000000
-100.9964440009,26.0000000000,0.0000000000
-103.4281589221,26.2407407407,0.0000000000
-103.4281589221,26.0000000000,0.0000000000
-100.9964440009,26.4814814815,0.0000000000
-103.4281589221,26.7222222222,0.0000000000
-103.4281589221,26.4814814815,0.0000000000
-100.9964440009,26.9629629630,0.0000000000
-103.4281589221,27.2037037037,0.0000000000
-103.4281589221,26.9629629630,0.0000000000
-100.9964440009,27.4444444444,0.0000000000
-103.4281589221,27.6851851852,0.0000000000
-103.4281589221,27.4444444444,0.0000000000
-100.9964440009,27.9259259259,0.0000000000
-103.4281589221,28.1666666667,0.0000000000
-103.4281589221,27.9259259259,0.0000000000
-100.9964440009,28.4074074074,0.0000000000
-103.4281589221,28.6481481481,0.0000000000
-103.4281589221,28.4074074074,0.0000000000
-100.9964440009,28.8888888889,0.0000000000
-103.4281589221,29.1296296296,0.0000000000
-103.4281589221,28.8888888889,0.0000000000
-100.9964440009,29.3703703704,0.0000000000
-103.4281589221,29.6111111111,0.0000000000
-103.4281589221,29.3703703704,0.0000000000
-100.9964440009,29.8518518518,0.0000000000
-103.4281589221,30.0925925926,0.0000000000
-103.4281589221,29.8518518518,0.0000000000
-100.9964440009,30.3333333333,0.0000000000
-103.4281589221,30.5740740741,0.0000000000
-103.4281589221,30.3333333333,0.0000000000
-100.9964440009,30.8148148148,0.0000000000
-103.4281589221,31.0555555555,0.0000000000
-103.4281589221,30.8148148148,0.0000000000
-100.9964440009,31.2962962963,0.0000000000
-103.4281589221,31.5370370370,0.0000000000
-103.4281589221,31.2962962963,0.0000000000
-100.9964440009,31.7777777778,0.0000000000
-103.4281589221,32.0185185185,0.0000000000
-103.4281589221,31.7777777778,0.0000000000
-100.9964440009,32.2592592593,0.0000000000
-103.4281589221,32.2592592593,0.0000000000
-95.1603280196,-32.2592592593,0.0000000000
-98.0783860103,-32.0185185185,0.0000000000
-98.0783860103,-32.2592592593,0.0000000000
-95.1603280196,-31.7777777778,0.0000000000
-98.0783860103,-31.5370370370,0.0000000000
-98.0783860103,-31.7777777778,0.0000000000
-95.1603280196,-31.2962962963,0.0000000000
-98.0783860103,-31.0555555556,0.0000000000
-98.0783860103,-31.2962962963,0.0000000000
-95.1603280196,-30.8148148148,0.0000000000
-98.0783860103,-30.5740740741,0.0000000000
-98.0783860103,-30.8148148148,0.0000000000
-95.1603280196,-30.3333333333,0.0000000000
-98.0783860103,-30.0925925926,0.0000000000
-98.0783860103,-30.3333333333,0.0000000000
-95.1603280196,-29.8518518519,0.0000000000
-98.0783860103,-29.6111111111,0.0000000000
-98.0783860103,-29.8518518519,0.0000000000
-95.1603280196,-29.3703703704,0.0000000000
-98.0783860103,-29.1296296296,0.0000000000
-98.0783860103,-29.3703703704,0.0000000000
-95.1603280196,-28.8888888889,0.0000000000
-98.0783860103,-28.6481481481,0.0000000000
-98.0783860103,-28.8888888889,0.0000000000
-95.1603280196,-28.4074074074,0.0000000000
-98.0783860103,-28.1666666667,0.0000000000
-98.0783860103,-28.4074074074,0.0000000000
-95.1603280196,-27.9259259259,0.0000000000
-98.0783860103,-27.6851851852,0.0000000000
-98.0783860103,-27.9259259259,0.0000000000
-95.1603280196,-27.4444444444,0.0000000000
-98.0783860103,-27.2037037037,0.0000000000
-98.0783860103,-27.4444444444,0.0000000000
-95.1603280196,-26.9629629630,0.0000000000
-98.0783860103,-26.7222222222,0.0000000000
-98.0783860103,-26.9629629630,0.0000000000
-95.1603280196,-26.4814814815,0.0000000000
-98.0783860103,-26.2407407407,0.0000000000
-98.0783860103,-26.4814814815,0.0000000000
-95.1603280196,-26.0000000000,0.0000000000
-98.0783860103,-25.7592592593,0.0000000000
-98.0783860103,-26.0000000000,0.0000000000
-95.1603280196,-25.5185185185,0.0000000000
-98.0783860103,-25.2777777778,0.0000000000
-98.0783860103,-25.5185185185,0.0000000000
-95.1603280196,-25.0370370370,0.0000000000
-98.0783860103,-24.7962962963,0.0000000000
-98.0783860103,-25.0370370370,0.0000000000
-95.1603280196,-24.5555555556,0.0000000000
-98.0783860103,-24.3148148148,0.0000000000
-98.0783860103,-24.5555555556,0.0000000000
-95.1603280196,-24.0740740741,0.0000000000
-98.0783860103,-23.8333333333,0.0000000000
-98.0783860103,-24.0740740741,0.0000000000
-95.1603280196,-23.5925925926,0.0000000000
-98.0783860103,-23.3518518519,0.0000000000
-98.0783860103,-23.5925925926,0.0000000000
-95.1603280196,-23.1111111111,0.0000000000
-98.0783860103,-22.8703703704,0.0000000000
-98.0783860103,-23.1111111111,0.0000000000
-95.1603280196,-22.6296296296,0.0000000000
-98.0783860103,-22.3888888889,0.0000000000
-98.0783860103,-22.6296296296,0.0000000000
-95.1603280196,-22.1481481481,0.0000000000
-98.0783860103,-21.9074074074,0.0000000000
-98.0783860103,-22.1481481481,0.0000000000
-95.1603280196,-21.6666666667,0.0000000000
-98.0783860103,-21.4259259259,0.0000000000
-98.0783860103,-21.6666666667,0.0000000000
-95.1603280196,-21.1851851852,0.0000000000
-98.0783860103,-20.9444444444,0.0000000000
-98.0783860103,-21.1851851852,0.0000000000
-95.1603280196,-20.7037037037,0.0000000000
-98.0783860103,-20.4629629630,0.0000000000
-98.0783860103,-20.7037037037,0.0000000000
-95.1603280196,-20.2222222222,0.0000000000
-98.0783860103,-19.9814814815,0.0000000000
-98.0783860103,-20.2222222222,0.0000000000
-95.1603280196,-19.7407407407,0.0000000000
-98.0783860103,-19.5000000000,0.0000000000
-98.0783860103,-19.7407407407,0.0000000000
-95.1603280196,-19.2592592593,0.0000000000
-98.0783860103,-19.0185185185,0.0000000000
-98.0783860103,-19.2592592593,0.0000000000
-95.1603280196,-18.7777777778,0.0000000000
-98.0783860103,-18.5370370370,0.0000000000
-98.0783860103,-18.7777777778,0.0000000000
-95.1603280196,-18.2962962963,0.0000000000
-98.0783860103,-18.0555555556,0.0000000000
-98.0783860103,-18.2962962963,0.0000000000
-95.1603280196,-17.8148148148,0.0000000000
-98.0783860103,-17.5740740741,0.0000000000
-98.0783860103,-17.8148148148,0.0000000000
-95.1603280196,-17.3333333333,0.0000000000
-98.0783860103,-17.0925925926,0.0000000000
-98.0783860103,-17.3333333333,0.0000000000
-95.1603280196,-16.8518518519,0.0000000000
-98.0783860103,-16.6111111111,0.0000000000
-98.0783860103,-16.8518518519,0.0000000000
-95.1603280196,-16.3703703704,0.0000000000
-98.0783860103,-16.1296296296,0.0000000000
-98.0783860103,-16.3703703704,0.0000000000
-95.1603280196,-15.8888888889,0.0000000000
-98.0783860103,-15.6481481482,0.0000000000
-98.0783860103,-15.8888888889,0.0000000000
-95.1603280196,-15.4074074074,0.0000000000
-98.0783860103,-15.1666666667,0.0000000000
-98.0783860103,-15.4074074074,0.0000000000
-95.1603280196,-14.9259259259,0.0000000000
-98.0783860103,-14.6851851852,0.0000000000
-98.0783860103,-14.9259259259,0.0000000000
-95.1603280196,-14.4444444444,0.0000000000
-98.0783860103,-14.2037037037,0.0000000000
-98.0783860103,-14.4444444444,0.0000000000
-95.1603280196,-13.9629629630,0.0000000000
-98.0783860103,-13.7222222222,0.0000000000
-98.0783860103,-13.9629629630,0.0000000000
-95.1603280196,-13.4814814815,0.0000000000
-98.0783860103,-13.2407407407,0.0000000000
-98.0783860103,-13.4814814815,0.0000000000
-95.1603280196,-13.0000000000,0.0000000000
-98.0783860103,-12.7592592593,0.0000000000
-98.0783860103,-13.0000000000,0.0000000000
-95.1603280196,-12.5185185185,0.0000000000
-98.0783860103,-12.2777777778,0.0000000000
-98.0783860103,-12.5185185185,0.0000000000
-95.1603280196,-12.0370370370,0.0000000000
-98.0783860103,-11.7962962963,0.0000000000
-98.0783860103,-12.0370370370,0.0000000000
-95.1603280196,-11.5555555556,0.0000000000
-98.0783860103,-11.3148148148,0.0000000000
-98.0783860103,-11.5555555556,0.0000000000
-95.1603280196,-11.0740740741,0.0000000000
-98.0783860103,-10.8333333333,0.0000000000
-98.0783860103,-11.0740740741,0.0000000000
-95.1603280196,-10.5925925926,0.0000000000
-98.0783860103,-10.3518518519,0.0000000000
-98.0783860103,-10.5925925926,0.0000000000
-95.1603280196,-10.1111111111,0.0000000000
-98.0783860103,-9.8703703704,0.0000000000
-98.0783860103,-10.1111111111,0.0000000000
-95.1603280196,-9.6296296296,0.0000000000
-98.0783860103,-9.3888888889,0.0000000000
-98.0783860103,-9.6296296296,0.0000000000
-95.1603280196,-9.1481481482,0.0000000000
-98.0783860103,-8.9074074074,0.0000000000
-98.0783860103,-9.1481481482,0.0000000000
-95.1603280196,-8.6666666667,0.0000000000
-98.0783860103,-8.4259259259,0.0000000000
-98.0783860103,-8.6666666667,0.0000000000
-95.1603280196,-8.1851851852,0.0000000000
-98.0783860103,-7.9444444444,0.0000000000
-98.0783860103,-8.1851851852,0.0000000000
-95.1603280196,-7.7037037037,0.0000000000
-98.0783860103,-7.4629629630,0.0000000000
-98.0783860103,-7.7037037037,0.0000000000
-95.1603280196,-7.2222222222,0.0000000000
-98.0783860103,-6.9814814815,0.0000000000
-98.0783860103,-7.2222222222,0.0000000000
-95.1603280196,-6.7407407407,0.0000000000
-98.0783860103,-6.5000000000,0.0000000000
-98.0783860103,-6.7407407407,0.0000000000
-95.1603280196,-6.2592592593,0.0000000000
-98.0783860103,-6.0185185185,0.0000000000
-98.0783860103,-6.2592592593,0.0000000000
-95.1603280196,-5.7777777778,0.0000000000
-98.0783860103,-5.5370370370,0.0000000000
-98.0783860103,-5.7777777778,0.0000000000
-95.1603280196,-5.2962962963,0.0000000000
-98.0783860103,-5.0555555556,0.0000000000
-98.0783860103,-5.2962962963,0.0000000000
-95.1603280196,-4.8148148148,0.0000000000
-98.0783860103,-4.5740740741,0.0000000000
-98.0783860103,-4.8148148148,0.0000000000
-95.1603280196,-4.3333333333,0.0000000000
-98.0783860103,-4.0925925926,0.0000000000
-98.0783860103,-4.3333333333,0.0000000000
-95.1603280196,-3.8518518519,0.0000000000
-98.0783860103,-3.6111111111,0.0000000000
-98.0783860103,-3.8518518519,0.0000000000
-95.1603280196,-3.3703703704,0.0000000000
-98.0783860103,-3.1296296296,0.0000000000
-98.0783860103,-3.3703703704,0.0000000000
-95.1603280196,-2.8888888889,0.0000000000
-98.0783860103,-2.6481481482,0.0000000000
-98.0783860103,-2.8888888889,0.0000000000
-95.1603280196,-2.4074074074,0.0000000000
-98.0783860103,-2.1666666667,0.0000000000
-98.0783860103,-2.4074074074,0.0000000000
-95.1603280196,-1.9259259259,0.0000000000
-98.0783860103,-1.6851851852,0.0000000000
-98.0783860103,-1.9259259259,0.0000000000
-95.1603280196,-1.4444444444,0.0000000000
-98.0783860103,-1.2037037037,0.0000000000
-98.0783860103,-1.4444444444,0.0000000000
-95.1603280196,-0.9629629630,0.0000000000
-98.0783860103,-0.7222222222,0.0000000000
-98.0783860103,-0.9629629630,0.0000000000
-95.1603280196,-0.4814814815,0.0000000000
-98.0783860103,-0.2407407407,0.0000000000
-98.0783860103,-0.4814814815,0.0000000000
-95.1603280196,-0.0000000000,0.0000000000
-98.0783860103,0.2407407407,0.0000000000
-98.0783860103,-0.0000000000,0.0000000000
-95.1603280196,0.4814814815,0.0000000000
-98.0783860103,0.7222222222,0.0000000000
-98.0783860103,0.4814814815,0.0000000000
-95.1603280196,0.9629629630,0.0000000000
-98.0783860103,1.2037037037,0.0000000000
-98.0783860103,0.9629629630,0.0000000000
-95.1603280196,1.4444444444,0.0000000000
-98.0783860103,1.6851851852,0.0000000000
-98.0783860103,1.4444444444,0.0000000000
-95.1603280196,1.9259259259,0.0000000000
-98.0783860103,2.1666666667,0.0000000000
-98.0783860103,1.9259259259,0.0000000000
-95.1603280196,2.4074074074,0.0000000000
-98.0783860103,2.6481481481,0.0000000000
-98.0783860103,2.4074074074,0.0000000000
-95.1603280196,2.8888888889,0.0000000000
-98.0783860103,3.1296296296,0.0000000000
-98.0783860103,2.8888888889,0.0000000000
-95.1603280196,3.3703703704,0.0000000000
-98.0783860103,3.6111111111,0.0000000000
-98.0783860103,3.3703703704,0.0000000000
-95.1603280196,3.8518518518,0.0000000000
-98.0783860103,4.0925925926,0.0000000000
-98.0783860103,3.8518518518,0.0000000000
-95.1603280196,4.3333333333,0.0000000000
-98.0783860103,4.5740740741,0.0000000000
-98.0783860103,4.3333333333,0.0000000000
-95.1603280196,4.8148148148,0.0000000000
-98.0783860103,5.0555555556,0.0000000000
-98.0783860103,4.8148148148,0.0000000000
-95.1603280196,5.2962962963,0.0000000000
-98.0783860103,5.5370370370,0.0000000000
-98.0783860103,5.2962962963,0.0000000000
-95.1603280196,5.7777777778,0.0000000000
-98.0783860103,6.0185185185,0.0000000000
-98.0783860103,5.7777777778,0.0000000000
-95.1603280196,6.2592592593,0.0000000000
-98.0783860103,6.5000000000,0.0000000000
-98.0783860103,6.2592592593,0.0000000000
-95.1603280196,6.7407407407,0.0000000000
-98.0783860103,6.9814814815,0.0000000000
-98.0783860103,6.7407407407,0.0000000000
-95.1603280196,7.2222222222,0.0000000000
-98.0783860103,7.4629629630,0.0000000000
-98.0783860103,7.2222222222,0.0000000000
-95.1603280196,7.7037037037,0.0000000000
-98.0783860103,7.9444444444,0.0000000000
-98.0783860103,7.7037037037,0.0000000000
-95.1603280196,8.1851851852,0.0000000000
-98.0783860103,8.4259259259,0.0000000000
-98.0783860103,8.1851851852,0.0000000000
-95.1603280196,8.6666666667,0.0000000000
-98.0783860103,8.9074074074,0.0000000000
-98.0783860103,8.6666666667,0.0000000000
-95.1603280196,9.1481481481,0.0000000000
-98.0783860103,9.3888888889,0.0000000000
-98.0783860103,9.1481481481,0.0000000000
-95.1603280196,9.6296296296,0.0000000000
-98.0783860103,9.8703703704,0.0000000000
-98.0783860103,9.6296296296,0.0000000000
-95.1603280196,10.1111111111,0.0000000000
-98.0783860103,10.3518518518,0.0000000000
-98.0783860103,10.1111111111,0.0000000000
-95.1603280196,10.5925925926,0.0000000000
-98.0783860103,10.8333333333,0.0000000000
-98.0783860103,10.5925925926,0.0000000000
-95.1603280196,11.0740740741,0.0000000000
-98.0783860103,11.3148148148,0.0000000000
-98.0783860103,11.0740740741,0.0000000000
-95.1603280196,11.5555555555,0.0000000000
-98.0783860103,11.7962962963,0.0000000000
-98.0783860103,11.5555555555,0.0000000000
-95.1603280196,12.0370370370,0.0000000000
-98.0783860103,12.2777777778,0.0000000000
-98.0783860103,12.0370370370,0.0000000000
-95.1603280196,12.5185185185,0.0000000000
-98.0783860103,12.7592592593,0.0000000000
-98.0783860103,12.5185185185,0.0000000000
-95.1603280196,13.0000000000,0.0000000000
-98.0783860103,13.2407407407,0.0000000000
-98.0783860103,13.0000000000,0.0000000000
-95.1603280196,13.4814814815,0.0000000000
-98.0783860103,13.7222222222,0.0000000000
-98.0783860103,13.4814814815,0.0000000000
-95.1603280196,13.9629629630,0.0000000000
-98.0783860103,14.2037037037,0.0000000000
-98.0783860103,13.9629629630,0.0000000000
-95.1603280196,14.4444444444,0.0000000000
-98.0783860103,14.6851851852,0.0000000000
-98.0783860103,14.4444444444,0.0000000000
-95.1603280196,14.9259259259,0.0000000000
-98.0783860103,15.1666666667,0.0000000000
-98.0783860103,14.9259259259,0.0000000000
-95.1603280196,15.4074074074,0.0000000000
-98.0783860103,15.6481481481,0.0000000000
-98.0783860103,15.4074074074,0.0000000000
-95.1603280196,15.8888888889,0.0000000000
-98.0783860103,16.1296296296,0.0000000000
-98.0783860103,15.8888888889,0.0000000000
-95.1603280196,16.3703703704,0.0000000000
-98.0783860103,16.6111111111,0.0000000000
-98.0783860103,16.3703703704,0.0000000000
-95.1603280196,16.8518518518,0.0000000000
-98.0783860103,17.0925925926,0.0000000000
-98.0783860103,16.8518518518,0.0000000000
-95.1603280196,17.3333333333,0.0000000000
-98.0783860103,17.5740740741,0.0000000000
-98.0783860103,17.3333333333,0.0000000000
-95.1603280196,17.8148148148,0.0000000000
-98.0783860103,18.0555555555,0.0000000000
-98.0783860103,17.8148148148,0.0000000000
-95.1603280196,18.2962962963,0.0000000000
-98.0783860103,18.5370370370,0.0000000000
-98.0783860103,18.2962962963,0.0000000000
-95.1603280196,18.7777777778,0.0000000000
-98.0783860103,19.0185185185,0.0000000000
-98.0783860103,18.7777777778,0.0000000000
-95.1603280196,19.2592592593,0.0000000000
-98.0783860103,19.5000000000,0.0000000000
-98.0783860103,19.2592592593,0.0000000000
-95.1603280196,19.7407407407,0.0000000000
-98.0783860103,19.9814814815,0.0000000000
-98.0783860103,19.7407407407,0.0000000000
-95.1603280196,20.2222222222,0.0000000000
-98.0783860103,20.4629629630,0.0000000000
-98.0783860103,20.2222222222,0.0000000000
-95.1603280196,20.7037037037,0.0000000000
-98.0783860103,20.9444444444,0.0000000000
-98.0783860103,20.7037037037,0.0000000000
-95.1603280196,21.1851851852,0.0000000000
-98.0783860103,21.4259259259,0.0000000000
-98.0783860103,21.1851851852,0.0000000000
-95.1603280196,21.6666666667,0.0000000000
-98.0783860103,21.9074074074,0.0000000000
-98.0783860103,21.6666666667,0.0000000000
-95.1603280196,22.1481481481,0.0000000000
-98.0783860103,22.3888888889,0.0000000000
-98.0783860103,22.1481481481,0.0000000000
-95.1603280196,22.6296296296,0.0000000000
-98.0783860103,22.8703703704,0.0000000000
-98.0783860103,22.6296296296,0.0000000000
-95.1603280196,23.1111111111,0.0000000000
-98.0783860103,23.3518518518,0.0000000000
-98.0783860103,23.1111111111,0.0000000000
-95.1603280196,23.5925925926,0.0000000000
-98.0783860103,23.8333333333,0.0000000000
-98.0783860103,23.5925925926,0.0000000000
-95.1603280196,24.0740740741,0.0000000000
-98.0783860103,24.3148148148,0.0000000000
-98.0783860103,24.0740740741,0.0000000000
-95.1603280196,24.5555555555,0.0000000000
-98.0783860103,24.7962962963,0.0000000000
-98.0783860103,24.5555555555,0.0000000000
-95.1603280196,25.0370370370,0.0000000000
-98.0783860103,25.2777777778,0.0000000000
-98.0783860103,25.0370370370,0.0000000000
-95.1603280196,25.5185185185,0.0000000000
-98.0783860103,25.7592592593,0.0000000000
-98.0783860103,25.5185185185,0.0000000000
-95.1603280196,26.0000000000,0.0000000000
-98.0783860103,26.2407407407,0.0000000000
-98.0783860103,26.0000000000,0.0000000000
-95.1603280196,26.4814814815,0.0000000000
-98.0783860103,26.7222222222,0.0000000000
-98.0783860103,26.4814814815,0.0000000000
-95.1603280196,26.9629629630,0.0000000000
-98.0783860103,27.2037037037,0.0000000000
-98.0783860103,26.9629629630,0.0000000000
-95.1603280196,27.4444444444,0.0000000000
-98.0783860103,27.6851851852,0.0000000000
-98.0783860103,27.4444444444,0.0000000000
-95.1603280196,27.9259259259,0.0000000000
-98.0783860103,28.1666666667,0.0000000000
-98.0783860103,27.9259259259,0.0000000000
-95.1603280196,28.4074074074,0.0000000000
-98.0783860103,28.6481481481,0.0000000000
-98.0783860103,28.4074074074,0.0000000000
-95.1603280196,28.8888888889,0.0000000000
-98.0783860103,29.1296296296,0.0000000000
-98.0783860103,28.8888888889,0.0000000000
-95.1603280196,29.3703703704,0.0000000000
-98.0783860103,29.6111111111,0.0000000000
-98.0783860103,29.3703703704,0.0000000000
-95.1603280196,29.8518518518,0.0000000000
-98.0783860103,30.0925925926,0.0000000000
-98.0783860103,29.8518518518,0.0000000000
-95.1603280196,30.3333333333,0.0000000000
-98.0783860103,30.5740740741,0.0000000000
-98.0783860103,30.3333333333,0.0000000000
-95.1603280196,30.8148148148,0.0000000000
-98.0783860103,31.0555555555,0.0000000000
-98.0783860103,30.8148148148,0.0000000000
-95.1603280196,31.2962962963,0.0000000000
-98.0783860103,31.5370370370,0.0000000000
-98.0783860103,31.2962962963,0.0000000000
-95.1603280196,31.7777777778,0.0000000000
-98.0783860103,32.0185185185,0.0000000000
-98.0783860103,31.7777777778,0.0000000000
-95.1603280196,32.2592592593,0.0000000000
-98.0783860103,32.2592592593,0.0000000000
-88.1569886374,-32.2592592593,0.0000000000
-91.6586583285,-32.0185185185,0.0000000000
-91.6586583285,-32.2592592593,0.0000000000
-88.1569886374,-31.7777777778,0.0000000000
-91.6586583285,-31.5370370370,0.0000000000
-91.6586583285,-31.7777777778,0.0000000000
-88.1569886374,-31.2962962963,0.0000000000
-91.6586583285,-31.0555555556,0.0000000000
-91.6586583285,-31.2962962963,0.0000000000
-88.1569886374,-30.8148148148,0.0000000000
-91.6586583285,-30.5740740741,0.0000000000
-91.6586583285,-30.8148148148,0.0000000000
-88.1569886374,-30.3333333333,0.0000000000
-91.6586583285,-30.0925925926,0.0000000000
-91.6586583285,-30.3333333333,0.0000000000
-88.1569886374,-29.8518518519,0.0000000000
-91.6586583285,-29.6111111111,0.0000000000
-91.6586583285,-29.8518518519,0.0000000000
-88.1569886374,-29.3703703704,0.0000000000
-91.6586583285,-29.1296296296,0.0000000000
-91.6586583285,-29.3703703704,0.0000000000
-88.1569886374,-28.8888888889,0.0000000000
-91.6586583285,-28.6481481481,0.0000000000
-91.6586583285,-28.8888888889,0.0000000000
-88.1569886374,-28.4074074074,0.0000000000
-91.6586583285,-28.1666666667,0.0000000000
-91.6586583285,-28.4074074074,0.0000000000
-88.1569886374,-27.9259259259,0.0000000000
-91.6586583285,-27.6851851852,0.0000000000
-91.6586583285,-27.9259259259,0.0000000000
-88.1569886374,-27.4444444444,0.0000000000
-91.6586583285,-27.2037037037,0.0000000000
-91.6586583285,-27.4444444444,0.0000000000
-88.1569886374,-26.9629629630,0.0000000000
-91.6586583285,-26.7222222222,0.0000000000
-91.6586583285,-26.9629629630,0.0000000000
-88.1569886374,-26.4814814815,0.0000000000
-91.6586583285,-26.2407407407,0.0000000000
-91.6586583285,-26.4814814815,0.0000000000
-88.1569886374,-26.0000000000,0.0000000000
-91.6586583285,-25.7592592593,0.0000000000
-91.6586583285,-26.0000000000,0.0000000000
-88.1569886374,-25.5185185185,0.0000000000
-91.6586583285,-25.2777777778,0.0000000000
-91.6586583285,-25.5185185185,0.0000000000
-88.1569886374,-25.0370370370,0.0000000000
-91.6586583285,-24.7962962963,0.0000000000
-91.6586583285,-25.0370370370,0.0000000000
-88.1569886374,-24.5555555556,0.0000000000
-91.6586583285,-24.3148148148,0.0000000000
-91.6586583285,-24.5555555556,0.0000000000
-88.1569886374,-24.0740740741,0.0000000000
-91.6586583285,-23.8333333333,0.0000000000
-91.6586583285,-24.0740740741,0.0000000000
-88.1569886374,-23.5925925926,0.0000000000
-91.6586583285,-23.3518518519,0.0000000000
-91.6586583285,-23.5925925926,0.0000000000
-88.1569886374,-23.1111111111,0.0000000000
-91.6586583285,-22.8703703704,0.0000000000
-91.6586583285,-23.1111111111,0.0000000000
-88.1569886374,-22.6296296296,0.0000000000
-91.6586583285,-22.3888888889,0.0000000000
-91.6586583285,-22.6296296296,0.0000000000
-88.1569886374,-22.1481481481,0.0000000000
-91.6586583285,-21.9074074074,0.0000000000
-91.6586583285,-22.1481481481,0.0000000000
-88.1569886374,-21.6666666667,0.0000000000
-91.6586583285,-21.4259259259,0.0000000000
-91.6586583285,-21.6666666667,0.0000000000
-88.1569886374,-21.1851851852,0.0000000000
-91.6586583285,-20.9444444444,0.0000000000
-91.6586583285,-21.1851851852,0.0000000000
-88.1569886374,-20.7037037037,0.0000000000
-91.6586583285,-20.4629629630,0.0000000000
-91.6586583285,-20.7037037037,0.0000000000
-88.1569886374,-20.2222222222,0.0000000000
-91.6586583285,-19.9814814815,0.0000000000
-91.6586583285,-20.2222222222,0.0000000000
-88.1569886374,-19.7407407407,0.0000000000
-91.6586583285,-19.5000000000,0.0000000000
-91.6586583285,-19.7407407407,0.0000000000
-88.1569886374,-19.2592592593,0.0000000000
-91.6586583285,-19.0185185185,0.0000000000
-91.6586583285,-19.2592592593,0.0000000000
-88.1569886374,-18.7777777778,0.0000000000
-91.6586583285,-18.5370370370,0.0000000000
-91.6586583285,-18.7777777778,0.0000000000
-88.1569886374,-18.2962962963,0.0000000000
-91.6586583285,-18.0555555556,0.0000000000
-91.6586583285,-18.2962962963,0.0000000000
-88.1569886374,-17.8148148148,0.0000000000
-91.6586583285,-17.5740740741,0.0000000000
-91.6586583285,-17.8148148148,0.0000000000
-88.1569886374,-17.3333333333,0.0000000000
-91.6586583285,-17.0925925926,0.0000000000
-91.6586583285,-17.3333333333,0.0000000000
-88.1569886374,-16.8518518519,0.0000000000
-91.6586583285,-16.6111111111,0.0000000000
-91.6586583285,-16.8518518519,0.0000000000
-88.1569886374,-16.3703703704,0.0000000000
-91.6586583285,-16.1296296296,0.0000000000
-91.6586583285,-16.3703703704,0.0000000000
-88.1569886374,-15.8888888889,0.0000000000
-91.6586583285,-15.6481481482,0.0000000000
-91.6586583285,-15.8888888889,0.0000000000
-88.1569886374,-15.4074074074,0.0000000000
-91.6586583285,-15.1666666667,0.0000000000
-91.6586583285,-15.4074074074,0.0000000000
-88.1569886374,-14.9259259259,0.0000000000
-91.6586583285,-14.6851851852,0.0000000000
-91.6586583285,-14.9259259259,0.0000000000
-88.1569886374,-14.4444444444,0.0000000000
-91.6586583285,-14.2037037037,0.0000000000
-91.6586583285,-14.4444444444,0.0000000000
-88.1569886374,-13.9629629630,0.0000000000
-91.6586583285,-13.7222222222,0.0000000000
-91.6586583285,-13.9629629630,0.0000000000
-88.1569886374,-13.4814814815,0.0000000000
-91.6586583285,-13.2407407407,0.0000000000
-91.6586583285,-13.4814814815,0.0000000000
-88.1569886374,-13.0000000000,0.0000000000
-91.6586583285,-12.7592592593,0.0000000000
-91.6586583285,-13.0000000000,0.0000000000
-88.1569886374,-12.5185185185,0.0000000000
-91.6586583285,-12.2777777778,0.0000000000
-91.6586583285,-12.5185185185,0.0000000000
-88.1569886374,-12.0370370370,0.0000000000
-91.6586583285,-11.7962962963,0.0000000000
-91.6586583285,-12.0370370370,0.0000000000
-88.1569886374,-11.5555555556,0.0000000000
-91.6586583285,-11.3148148148,0.0000000000
-91.6586583285,-11.5555555556,0.0000000000
-88.1569886374,-11.0740740741,0.0000000000
-91.6586583285,-10.8333333333,0.0000000000
-91.6586583285,-11.0740740741,0.0000000000
-88.1569886374,-10.5925925926,0.0000000000
-91.6586583285,-10.3518518519,0.0000000000
-91.6586583285,-10.5925925926,0.0000000000
-88.1569886374,-10.1111111111,0.0000000000
-91.6586583285,-9.8703703704,0.0000000000
-91.6586583285,-10.1111111111,0.0000000000
-88.1569886374,-9.6296296296,0.0000000000
-91.6586583285,-9.3888888889,0.0000000000
-91.6586583285,-9.6296296296,0.0000000000
-88.1569886374,-9.1481481482,0.0000000000
-91.6586583285,-8.9074074074,0.0000000000
-91.6586583285,-9.1481481482,0.0000000000
-88.1569886374,-8.6666666667,0.0000000000
-91.6586583285,-8.4259259259,0.0000000000
-91.6586583285,-8.6666666667,0.0000000000
-88.1569886374,-8.1851851852,0.0000000000
-91.6586583285,-7.9444444444,0.0000000000
-91.6586583285,-8.1851851852,0.0000000000
-88.1569886374,-7.7037037037,0.0000000000
-91.6586583285,-7.4629629630,0.0000000000
-91.6586583285,-7.7037037037,0.0000000000
-88.1569886374,-7.2222222222,0.0000000000
-91.6586583285,-6.9814814815,0.0000000000
-91.6586583285,-7.2222222222,0.0000000000
-88.1569886374,-6.7407407407,0.0000000000
-91.6586583285,-6.5000000000,0.0000000000
-91.6586583285,-6.7407407407,0.0000000000
-88.1569886374,-6.2592592593,0.0000000000
-91.6586583285,-6.0185185185,0.0000000000
-91.6586583285,-6.2592592593,0.0000000000
-88.1569886374,-5.7777777778,0.0000000000
-91.6586583285,-5.5370370370,0.0000000000
-91.6586583285,-5.7777777778,0.0000000000
-88.1569886374,-5.2962962963,0.0000000000
-91.6586583285,-5.0555555556,0.0000000000
-91.6586583285,-5.2962962963,0.0000000000
-88.1569886374,-4.8148148148,0.0000000000
-91.6586583285,-4.5740740741,0.0000000000
-91.6586583285,-4.8148148148,0.0000000000
-88.1569886374,-4.3333333333,0.0000000000
-91.6586583285,-4.0925925926,0.0000000000
-91.6586583285,-4.3333333333,0.0000000000
-88.1569886374,-3.8518518519,0.0000000000
-91.6586583285,-3.6111111111,0.0000000000
-91.6586583285,-3.8518518519,0.0000000000
-88.1569886374,-3.3703703704,0.0000000000
-91.6586583285,-3.1296296296,0.0000000000
-91.6586583285,-3.3703703704,0.0000000000
-88.1569886374,-2.8888888889,0.0000000000
-91.6586583285,-2.6481481482,0.0000000000
-91.6586583285,-2.8888888889,0.0000000000
-88.1569886374,-2.4074074074,0.0000000000
-91.6586583285,-2.1666666667,0.0000000000
-91.6586583285,-2.4074074074,0.0000000000
-88.1569886374,-1.9259259259,0.0000000000
-91.6586583285,-1.6851851852,0.0000000000
-91.6586583285,-1.9259259259,0.0000000000
-88.1569886374,-1.4444444444,0.0000000000
-91.6586583285,-1.2037037037,0.0000000000
-91.6586583285,-1.4444444444,0.0000000000
-88.1569886374,-0.9629629630,0.0000000000
-91.6586583285,-0.7222222222,0.0000000000
-91.6586583285,-0.9629629630,0.0000000000
-88.1569886374,-0.4814814815,0.0000000000
-91.6586583285,-0.2407407407,0.0000000000
-91.6586583285,-0.4814814815,0.0000000000
-88.1569886374,-0.0000000000,0.0000000000
-91.6586583285,0.2407407407,0.0000000000
-91.6586583285,-0.0000000000,0.0000000000
-88.1569886374,0.4814814815,0.0000000000
-91.6586583285,0.7222222222,0.0000000000
-91.6586583285,0.4814814815,0.0000000000
-88.1569886374,0.9629629630,0.0000000000
-91.6586583285,1.2037037037,0.0000000000
-91.6586583285,0.9629629630,0.0000000000
-88.1569886374,1.4444444444,0.0000000000
-91.6586583285,1.6851851852,0.0000000000
-91.6586583285,1.4444444444,0.0000000000
-88.1569886374,1.9259259259,0.0000000000
-91.6586583285,2.1666666667,0.0000000000
-91.6586583285,1.9259259259,0.0000000000
-88.1569886374,2.4074074074,0.0000000000
-91.6586583285,2.6481481481,0.0000000000
-91.6586583285,2.4074074074,0.0000000000
-88.1569886374,2.8888888889,0.0000000000
-91.6586583285,3.1296296296,0.0000000000
-91.6586583285,2.8888888889,0.0000000000
-88.1569886374,3.3703703704,0.0000000000
-91.6586583285,3.6111111111,0.0000000000
-91.6586583285,3.3703703704,0.0000000000
-88.1569886374,3.8518518518,0.0000000000
-91.6586583285,4.0925925926,0.0000000000
-91.6586583285,3.8518518518,0.0000000000
-88.1569886374,4.3333333333,0.0000000000
-91.6586583285,4.5740740741,0.0000000000
-91.6586583285,4.3333333333,0.0000000000
-88.1569886374,4.8148148148,0.0000000000
-91.6586583285,5.0555555556,0.0000000000
-91.6586583285,4.8148148148,0.0000000000
-88.1569886374,5.2962962963,0.0000000000
-91.6586583285,5.5370370370,0.0000000000
-91.6586583285,5.2962962963,0.0000000000
-88.1569886374,5.7777777778,0.0000000000
-91.6586583285,6.0185185185,0.0000000000
-91.6586583285,5.7777777778,0.0000000000
-88.1569886374,6.2592592593,0.0000000000
-91.6586583285,6.5000000000,0.0000000000
-91.6586583285,6.2592592593,0.0000000000
-88.1569886374,6.7407407407,0.0000000000
-91.6586583285,6.9814814815,0.0000000000
-91.6586583285,6.7407407407,0.0000000000
-88.1569886374,7.2222222222,0.0000000000
-91.6586583285,7.4629629630,0.0000000000
-91.6586583285,7.2222222222,0.0000000000
-88.1569886374,7.7037037037,0.0000000000
-91.6586583285,7.9444444444,0.0000000000
-91.6586583285,7.7037037037,0.0000000000
-88.1569886374,8.1851851852,0.0000000000
-91.6586583285,8.4259259259,0.0000000000
-91.6586583285,8.1851851852,0.0000000000
-88.1569886374,8.6666666667,0.0000000000
-91.6586583285,8.9074074074,0.0000000000
-91.6586583285,8.6666666667,0.0000000000
-88.1569886374,9.1481481481,0.0000000000
-91.6586583285,9.3888888889,0.0000000000
-91.6586583285,9.1481481481,0.0000000000
-88.1569886374,9.6296296296,0.0000000000
-91.6586583285,9.8703703704,0.0000000000
-91.6586583285,9.6296296296,0.0000000000
-88.1569886374,10.1111111111,0.0000000000
-91.6586583285,10.3518518518,0.0000000000
-91.6586583285,10.1111111111,0.0000000000
-88.1569886374,10.5925925926,0.0000000000
-91.6586583285,10.8333333333,0.0000000000
-91.6586583285,10.5925925926,0.0000000000
-88.1569886374,11.0740740741,0.0000000000
-91.6586583285,11.3148148148,0.0000000000
-91.6586583285,11.0740740741,0.0000000000
-88.1569886374,11.5555555555,0.0000000000
-91.6586583285,11.7962962963,0.0000000000
-91.6586583285,11.5555555555,0.0000000000
-88.1569886374,12.0370370370,0.0000000000
-91.6586583285,12.2777777778,0.0000000000
-91.6586583285,12.0370370370,0.0000000000
-88.1569886374,12.5185185185,0.0000000000
-91.6586583285,12.7592592593,0.0000000000
-91.6586583285,12.5185185185,0.0000000000
-88.1569886374,13.0000000000,0.0000000000
-91.6586583285,13.2407407407,0.0000000000
-91.6586583285,13.0000000000,0.0000000000
-88.1569886374,13.4814814815,0.0000000000
-91.6586583285,13.7222222222,0.0000000000
-91.6586583285,13.4814814815,0.0000000000
-88.1569886374,13.9629629630,0.0000000000
-91.6586583285,14.2037037037,0.0000000000
-91.6586583285,13.9629629630,0.0000000000
-88.1569886374,14.4444444444,0.0000000000
-91.6586583285,14.6851851852,0.0000000000
-91.6586583285,14.4444444444,0.0000000000
-88.1569886374,14.9259259259,0.0000000000
-91.6586583285,15.1666666667,0.0000000000
-91.6586583285,14.9259259259,0.0000000000
-88.1569886374,15.4074074074,0.0000000000
-91.6586583285,15.6481481481,0.0000000000
-91.6586583285,15.4074074074,0.0000000000
-88.1569886374,15.8888888889,0.0000000000
-91.6586583285,16.1296296296,0.0000000000
-91.6586583285,15.8888888889,0.0000000000
-88.1569886374,16.3703703704,0.0000000000
-91.6586583285,16.6111111111,0.0000000000
-91.6586583285,16.3703703704,0.0000000000
-88.1569886374,16.8518518518,0.0000000000
-91.6586583285,17.0925925926,0.0000000000
-91.6586583285,16.8518518518,0.0000000000
-88.1569886374,17.3333333333,0.0000000000
-91.6586583285,17.5740740741,0.0000000000
-91.6586583285,17.3333333333,0.0000000000
-88.1569886374,17.8148148148,0.0000000000
-91.6586583285,18.0555555555,0.0000000000
-91.6586583285,17.8148148148,0.0000000000
-88.1569886374,18.2962962963,0.0000000000
-91.6586583285,18.5370370370,0.0000000000
-91.6586583285,18.2962962963,0.0000000000
-88.1569886374,18.7777777778,0.0000000000
-91.6586583285,19.0185185185,0.0000000000
-91.6586583285,18.7777777778,0.0000000000
-88.1569886374,19.2592592593,0.0000000000
-91.6586583285,19.5000000000,0.0000000000
-91.6586583285,19.2592592593,0.0000000000
-88.1569886374,19.7407407407,0.0000000000
-91.6586583285,19.9814814815,0.0000000000
-91.6586583285,19.7407407407,0.0000000000
-88.1569886374,20.2222222222,0.0000000000
-91.6586583285,20.4629629630,0.0000000000
-91.6586583285,20.2222222222,0.0000000000
-88.1569886374,20.7037037037,0.0000000000
-91.6586583285,20.9444444444,0.0000000000
-91.6586583285,20.7037037037,0.0000000000
-88.1569886374,21.1851851852,0.0000000000
-91.6586583285,21.4259259259,0.0000000000
-91.6586583285,21.1851851852,0.0000000000
-88.1569886374,21.6666666667,0.0000000000
-91.6586583285,21.9074074074,0.0000000000
-91.6586583285,21.6666666667,0.0000000000
-88.1569886374,22.1481481481,0.0000000000
-91.6586583285,22.3888888889,0.0000000000
-91.6586583285,22.1481481481,0.0000000000
-88.1569886374,22.6296296296,0.0000000000
-91.6586583285,22.8703703704,0.0000000000
-91.6586583285,22.6296296296,0.0000000000
-88.1569886374,23.1111111111,0.0000000000
-91.6586583285,23.3518518518,0.0000000000
-91.6586583285,23.1111111111,0.0000000000
-88.1569886374,23.5925925926,0.0000000000
-91.6586583285,23.8333333333,0.0000000000
-91.6586583285,23.5925925926,0.0000000000
-88.1569886374,24.0740740741,0.0000000000
-91.6586583285,24.3148148148,0.0000000000
-91.6586583285,24.0740740741,0.0000000000
-88.1569886374,24.5555555555,0.0000000000
-91.6586583285,24.7962962963,0.0000000000
-91.6586583285,24.5555555555,0.0000000000
-88.1569886374,25.0370370370,0.0000000000
-91.6586583285,25.2777777778,0.0000000000
-91.6586583285,25.0370370370,0.0000000000
-88.1569886374,25.5185185185,0.0000000000
-91.6586583285,25.7592592593,0.0000000000
-91.6586583285,25.5185185185,0.0000000000
-88.1569886374,26.0000000000,0.0000000000
-91.6586583285,26.2407407407,0.0000000000
-91.6586583285,26.0000000000,0.0000000000
-88.1569886374,26.4814814815,0.0000000000
-91.6586583285,26.7222222222,0.0000000000
-91.6586583285,26.4814814815,0.0000000000
-88.1569886374,26.9629629630,0.0000000000
-91.6586583285,27.2037037037,0.0000000000
-91.6586583285,26.9629629630,0.0000000000
-88.1569886374,27.4444444444,0.0000000000
-91.6586583285,27.6851851852,0.0000000000
-91.6586583285,27.4444444444,0.0000000000
-88.1569886374,27.9259259259,0.0000000000
-91.6586583285,28.1666666667,0.0000000000
-91.6586583285,27.9259259259,0.0000000000
-88.1569886374,28.4074074074,0.0000000000
-91.6586583285,28.6481481481,0.0000000000
-91.6586583285,28.4074074074,0.0000000000
-88.1569886374,28.8888888889,0.0000000000
-91.6586583285,29.1296296296,0.0000000000
-91.6586583285,28.8888888889,0.0000000000
-88.1569886374,29.3703703704,0.0000000000
-91.6586583285,29.6111111111,0.0000000000
-91.6586583285,29.3703703704,0.0000000000
-88.1569886374,29.8518518518,0.0000000000
-91.6586583285,30.0925925926,0.0000000000
-91.6586583285,29.8518518518,0.0000000000
-88.1569886374,30.3333333333,0.0000000000
-91.6586583285,30.5740740741,0.0000000000
-91.6586583285,30.3333333333,0.0000000000
-88.1569886374,30.8148148148,0.0000000000
-91.6586583285,31.0555555555,0.0000000000
-91.6586583285,30.8148148148,0.0000000000
-88.1569886374,31.2962962963,0.0000000000
-91.6586583285,31.5370370370,0.0000000000
-91.6586583285,31.2962962963,0.0000000000
-88.1569886374,31.7777777778,0.0000000000
-91.6586583285,32.0185185185,0.0000000000
-91.6586583285,31.7777777778,0.0000000000
-88.1569886374,32.2592592593,0.0000000000
-91.6586583285,32.2592592593,0.0000000000
-79.7529809782,-32.2592592593,0.0000000000
-83.9549848078,-32.0185185185,0.0000000000
-83.9549848078,-32.2592592593,0.0000000000
-79.7529809782,-31.7777777778,0.0000000000
-83.9549848078,-31.5370370370,0.0000000000
-83.9549848078,-31.7777777778,0.0000000000
-79.7529809782,-31.2962962963,0.0000000000
-83.9549848078,-31.0555555556,0.0000000000
-83.9549848078,-31.2962962963,0.0000000000
-79.7529809782,-30.8148148148,0.0000000000
-83.9549848078,-30.5740740741,0.0000000000
-83.9549848078,-30.8148148148,0.0000000000
-79.7529809782,-30.3333333333,0.0000000000
-83.9549848078,-30.0925925926,0.0000000000
-83.9549848078,-30.3333333333,0.0000000000
-79.7529809782,-29.8518518519,0.0000000000
-83.9549848078,-29.6111111111,0.0000000000
-83.9549848078,-29.8518518519,0.0000000000
-79.7529809782,-29.3703703704,0.0000000000
-83.9549848078,-29.1296296296,0.0000000000
-83.9549848078,-29.3703703704,0.0000000000
-79.7529809782,-28.8888888889,0.0000000000
-83.9549848078,-28.6481481481,0.0000000000
-83.9549848078,-28.8888888889,0.0000000000
-79.7529809782,-28.4074074074,0.0000000000
-83.9549848078,-28.1666666667,0.0000000000
-83.9549848078,-28.4074074074,0.0000000000
-79.7529809782,-27.9259259259,0.0000000000
-83.9549848078,-27.6851851852,0.0000000000
-83.9549848078,-27.9259259259,0.0000000000
-79.7529809782,-27.4444444444,0.0000000000
-83.9549848078,-27.2037037037,0.0000000000
-83.9549848078,-27.4444444444,0.0000000000
-79.7529809782,-26.9629629630,0.0000000000
-83.9549848078,-26.7222222222,0.0000000000
-83.9549848078,-26.9629629630,0.0000000000
-79.7529809782,-26.4814814815,0.0000000000
-83.9549848078,-26.2407407407,0.0000000000
-83.9549848078,-26.4814814815,0.0000000000
-79.7529809782,-26.0000000000,0.0000000000
-83.9549848078,-25.7592592593,0.0000000000
-83.9549848078,-26.0000000000,0.0000000000
-79.7529809782,-25.5185185185,0.0000000000
-83.9549848078,-25.2777777778,0.0000000000
-83.9549848078,-25.5185185185,0.0000000000
-79.7529809782,-25.0370370370,0.0000000000
-83.9549848078,-24.7962962963,0.0000000000
-83.9549848078,-25.0370370370,0.0000000000
-79.7529809782,-24.5555555556,0.0000000000
-83.9549848078,-24.3148148148,0.0000000000
-83.9549848078,-24.5555555556,0.0000000000
-79.7529809782,-24.0740740741,0.0000000000
-83.9549848078,-23.8333333333,0.0000000000
-83.9549848078,-24.0740740741,0.0000000000
-79.7529809782,-23.5925925926,0.0000000000
-83.9549848078,-23.3518518519,0.0000000000
-83.9549848078,-23.5925925926,0.0000000000
-79.7529809782,-23.1111111111,0.0000000000
-83.9549848078,-22.8703703704,0.0000000000
-83.9549848078,-23.1111111111,0.0000000000
-79.7529809782,-22.6296296296,0.0000000000
-83.9549848078,-22.3888888889,0.0000000000
-83.9549848078,-22.6296296296,0.0000000000
-79.7529809782,-22.1481481481,0.0000000000
-83.9549848078,-21.9074074074,0.0000000000
-83.9549848078,-22.1481481481,0.0000000000
-79.7529809782,-21.6666666667,0.0000000000
-83.9549848078,-21.4259259259,0.0000000000
-83.9549848078,-21.6666666667,0.0000000000
-79.7529809782,-21.1851851852,0.0000000000
-83.9549848078,-20.9444444444,0.0000000000
-83.9549848078,-21.1851851852,0.0000000000
-79.7529809782,-20.7037037037,0.0000000000
-83.9549848078,-20.4629629630,0.0000000000
-83.9549848078,-20.7037037037,0.0000000000
-79.7529809782,-20.2222222222,0.0000000000
-83.9549848078,-19.9814814815,0.0000000000
-83.9549848078,-20.2222222222,0.0000000000
-79.7529809782,-19.7407407407,0.0000000000
-83.9549848078,-19.5000000000,0.0000000000
-83.9549848078,-19.7407407407,0.0000000000
-79.7529809782,-19.2592592593,0.0000000000
-83.9549848078,-19.0185185185,0.0000000000
-83.9549848078,-19.2592592593,0.0000000000
-79.7529809782,-18.7777777778,0.0000000000
-83.9549848078,-18.5370370370,0.0000000000
-83.9549848078,-18.7777777778,0.0000000000
-79.7529809782,-18.2962962963,0.0000000000
-83.9549848078,-18.0555555556,0.0000000000
-83.9549848078,-18.2962962963,0.0000000000
-79.7529809782,-17.8148148148,0.0000000000
-83.9549848078,-17.5740740741,0.0000000000
-83.9549848078,-17.8148148148,0.0000000000
-79.7529809782,-17.3333333333,0.0000000000
-83.9549848078,-17.0925925926,0.0000000000
-83.9549848078,-17.3333333333,0.0000000000
-79.7529809782,-16.8518518519,0.0000000000
-83.9549848078,-16.6111111111,0.0000000000
-83.9549848078,-16.8518518519,0.0000000000
-79.7529809782,-16.3703703704,0.0000000000
-83.9549848078,-16.1296296296,0.0000000000
-83.9549848078,-16.3703703704,0.0000000000
-79.7529809782,-15.8888888889,0.0000000000
-83.9549848078,-15.6481481482,0.0000000000
-83.9549848078,-15.8888888889,0.0000000000
-79.7529809782,-15.4074074074,0.0000000000
-83.9549848078,-15.1666666667,0.0000000000
-83.9549848078,-15.4074074074,0.0000000000
-79.7529809782,-14.9259259259,0.0000000000
-83.9549848078,-14.6851851852,0.0000000000
-83.9549848078,-14.9259259259,0.0000000000
-79.7529809782,-14.4444444444,0.0000000000
-83.9549848078,-14.2037037037,0.0000000000
-83.9549848078,-14.4444444444,0.0000000000
-79.7529809782,-13.9629629630,0.0000000000
-83.9549848078,-13.7222222222,0.0000000000
-83.9549848078,-13.9629629630,0.0000000000
-79.7529809782,-13.4814814815,0.0000000000
-83.9549848078,-13.2407407407,0.0000000000
-83.9549848078,-13.4814814815,0.0000000000
-79.7529809782,-13.0000000000,0.0000000000
-83.9549848078,-12.7592592593,0.0000000000
-83.9549848078,-13.0000000000,0.0000000000
-79.7529809782,-12.5185185185,0.0000000000
-83.9549848078,-12.2777777778,0.0000000000
-83.9549848078,-12.5185185185,0.0000000000
-79.7529809782,-12.0370370370,0.0000000000
-83.9549848078,-11.7962962963,0.0000000000
-83.9549848078,-12.0370370370,0.0000000000
-79.7529809782,-11.5555555556,0.0000000000
-83.9549848078,-11.3148148148,0.0000000000
-83.9549848078,-11.5555555556,0.0000000000
-79.7529809782,-11.0740740741,0.0000000000
-83.9549848078,-10.8333333333,0.0000000000
-83.9549848078,-11.0740740741,0.0000000000
-79.7529809782,-10.5925925926,0.0000000000
-83.9549848078,-10.3518518519,0.0000000000
-83.9549848078,-10.5925925926,0.0000000000
-79.7529809782,-10.1111111111,0.0000000000
-83.9549848078,-9.8703703704,0.0000000000
-83.9549848078,-10.1111111111,0.0000000000
-79.7529809782,-9.6296296296,0.0000000000
-83.9549848078,-9.3888888889,0.0000000000
-83.9549848078,-9.6296296296,0.0000000000
-79.7529809782,-9.1481481482,0.0000000000
-83.9549848078,-8.9074074074,0.0000000000
-83.9549848078,-9.1481481482,0.0000000000
-79.7529809782,-8.6666666667,0.0000000000
-83.9549848078,-8.4259259259,0.0000000000
-83.9549848078,-8.6666666667,0.0000000000
-79.7529809782,-8.1851851852,0.0000000000
-83.9549848078,-7.9444444444,0.0000000000
-83.9549848078,-8.1851851852,0.0000000000
-79.7529809782,-7.7037037037,0.0000000000
-83.9549848078,-7.4629629630,0.0000000000
-83.9549848078,-7.7037037037,0.0000000000
-79.7529809782,-7.2222222222,0.0000000000
-83.9549848078,-6.9814814815,0.0000000000
-83.9549848078,-7.2222222222,0.0000000000
-79.7529809782,-6.7407407407,0.0000000000
-83.9549848078,-6.5000000000,0.0000000000
-83.9549848078,-6.7407407407,0.0000000000
-79.7529809782,-6.2592592593,0.0000000000
-83.9549848078,-6.0185185185,0.0000000000
-83.9549848078,-6.2592592593,0.0000000000
-79.7529809782,-5.7777777778,0.0000000000
-83.9549848078,-5.5370370370,0.0000000000
-83.9549848078,-5.7777777778,0.0000000000
-79.7529809782,-5.2962962963,0.0000000000
-83.9549848078,-5.0555555556,0.0000000000
-83.9549848078,-5.2962962963,0.0000000000
-79.7529809782,-4.8148148148,0.0000000000
-83.9549848078,-4.5740740741,0.0000000000
-83.9549848078,-4.8148148148,0.0000000000
-79.7529809782,-4.3333333333,0.0000000000
-83.9549848078,-4.0925925926,0.0000000000
-83.9549848078,-4.3333333333,0.0000000000
-79.7529809782,-3.8518518519,0.0000000000
-83.9549848078,-3.6111111111,0.0000000000
-83.9549848078,-3.8518518519,0.0000000000
-79.7529809782,-3.3703703704,0.0000000000
-83.9549848078,-3.1296296296,0.0000000000
-83.9549848078,-3.3703703704,0.0000000000
-79.7529809782,-2.8888888889,0.0000000000
-83.9549848078,-2.6481481482,0.0000000000
-83.9549848078,-2.8888888889,0.0000000000
-79.7529809782,-2.4074074074,0.0000000000
-83.9549848078,-2.1666666667,0.0000000000
-83.9549848078,-2.4074074074,0.0000000000
-79.7529809782,-1.9259259259,0.0000000000
-83.9549848078,-1.6851851852,0.0000000000
-83.9549848078,-1.9259259259,0.0000000000
-79.7529809782,-1.4444444444,0.0000000000
-83.9549848078,-1.2037037037,0.0000000000
-83.9549848078,-1.4444444444,0.0000000000
-79.7529809782,-0.9629629630,0.0000000000
-83.9549848078,-0.7222222222,0.0000000000
-83.9549848078,-0.9629629630,0.0000000000
-79.7529809782,-0.4814814815,0.0000000000
-83.9549848078,-0.2407407407,0.0000000000
-83.9549848078,-0.4814814815,0.0000000000
-79.7529809782,-0.0000000000,0.0000000000
-83.9549848078,0.2407407407,0.0000000000
-83.9549848078,-0.0000000000,0.0000000000
-79.7529809782,0.4814814815,0.0000000000
-83.9549848078,0.7222222222,0.0000000000
-83.9549848078,0.4814814815,0.0000000000
-79.7529809782,0.9629629630,0.0000000000
-83.9549848078,1.2037037037,0.0000000000
-83.9549848078,0.9629629630,0.0000000000
-79.7529809782,1.4444444444,0.0000000000
-83.9549848078,1.6851851852,0.0000000000
-83.9549848078,1.4444444444,0.0000000000
-79.7529809782,1.9259259259,0.0000000000
-83.9549848078,2.1666666667,0.0000000000
-83.9549848078,1.9259259259,0.0000000000
-79.7529809782,2.4074074074,0.0000000000
-83.9549848078,2.6481481481,0.0000000000
-83.9549848078,2.4074074074,0.0000000000
-79.7529809782,2.8888888889,0.0000000000
-83.9549848078,3.1296296296,0.0000000000
-83.9549848078,2.8888888889,0.0000000000
-79.7529809782,3.3703703704,0.0000000000
-83.9549848078,3.6111111111,0.0000000000
-83.9549848078,3.3703703704,0.0000000000
-79.7529809782,3.8518518518,0.0000000000
-83.9549848078,4.0925925926,0.0000000000
-83.9549848078,3.8518518518,0.0000000000
-79.7529809782,4.3333333333,0.0000000000
-83.9549848078,4.5740740741,0.0000000000
-83.9549848078,4.3333333333,0.0000000000
-79.7529809782,4.8148148148,0.0000000000
-83.9549848078,5.0555555556,0.0000000000
-83.9549848078,4.8148148148,0.0000000000
-79.7529809782,5.2962962963,0.0000000000
-83.9549848078,5.5370370370,0.0000000000
-83.9549848078,5.2962962963,0.0000000000
-79.7529809782,5.7777777778,0.0000000000
-83.9549848078,6.0185185185,0.0000000000
-83.9549848078,5.7777777778,0.0000000000
-79.7529809782,6.2592592593,0.0000000000
-83.9549848078,6.5000000000,0.0000000000
-83.9549848078,6.2592592593,0.0000000000
-79.7529809782,6.7407407407,0.0000000000
-83.9549848078,6.9814814815,0.0000000000
-83.9549848078,6.7407407407,0.0000000000
-79.7529809782,7.2222222222,0.0000000000
-83.9549848078,7.4629629630,0.0000000000
-83.9549848078,7.2222222222,0.0000000000
-79.7529809782,7.7037037037,0.0000000000
-83.9549848078,7.9444444444,0.0000000000
-83.9549848078,7.7037037037,0.0000000000
-79.7529809782,8.1851851852,0.0000000000
-83.9549848078,8.4259259259,0.0000000000
-83.9549848078,8.1851851852,0.0000000000
-79.7529809782,8.6666666667,0.0000000000
-83.9549848078,8.9074074074,0.0000000000
-83.9549848078,8.6666666667,0.0000000000
-79.7529809782,9.1481481481,0.0000000000
-83.9549848078,9.3888888889,0.0000000000
-83.9549848078,9.1481481481,0.0000000000
-79.7529809782,9.6296296296,0.0000000000
-83.9549848078,9.8703703704,0.0000000000
-83.9549848078,9.6296296296,0.0000000000
-79.7529809782,10.1111111111,0.0000000000
-83.9549848078,10.3518518518,0.0000000000
-83.9549848078,10.1111111111,0.0000000000
-79.7529809782,10.5925925926,0.0000000000
-83.9549848078,10.8333333333,0.0000000000
-83.9549848078,10.5925925926,0.0000000000
-79.7529809782,11.0740740741,0.0000000000
-83.9549848078,11.3148148148,0.0000000000
-83.9549848078,11.0740740741,0.0000000000
-79.7529809782,11.5555555555,0.0000000000
-83.9549848078,11.7962962963,0.0000000000
-83.9549848078,11.5555555555,0.0000000000
-79.7529809782,12.0370370370,0.0000000000
-83.9549848078,12.2777777778,0.0000000000
-83.9549848078,12.0370370370,0.0000000000
-79.7529809782,12.5185185185,0.0000000000
-83.9549848078,12.7592592593,0.0000000000
-83.9549848078,12.5185185185,0.0000000000
-79.7529809782,13.0000000000,0.0000000000
-83.9549848078,13.2407407407,0.0000000000
-83.9549848078,13.0000000000,0.0000000000
-79.7529809782,13.4814814815,0.0000000000
-83.9549848078,13.7222222222,0.0000000000
-83.9549848078,13.4814814815,0.0000000000
-79.7529809782,13.9629629630,0.0000000000
-83.9549848078,14.2037037037,0.0000000000
-83.9549848078,13.9629629630,0.0000000000
-79.7529809782,14.4444444444,0.0000000000
-83.9549848078,14.6851851852,0.0000000000
-83.9549848078,14.4444444444,0.0000000000
-79.7529809782,14.9259259259,0.0000000000
-83.9549848078,15.1666666667,0.0000000000
-83.9549848078,14.9259259259,0.0000000000
-79.7529809782,15.4074074074,0.0000000000
-83.9549848078,15.6481481481,0.0000000000
-83.9549848078,15.4074074074,0.0000000000
-79.7529809782,15.8888888889,0.0000000000
-83.9549848078,16.1296296296,0.0000000000
-83.9549848078,15.8888888889,0.0000000000
-79.7529809782,16.3703703704,0.0000000000
-83.9549848078,16.6111111111,0.0000000000
-83.9549848078,16.3703703704,0.0000000000
-79.7529809782,16.8518518518,0.0000000000
-83.9549848078,17.0925925926,0.0000000000
-83.9549848078,16.8518518518,0.0000000000
-79.7529809782,17.3333333333,0.0000000000
-83.9549848078,17.5740740741,0.0000000000
-83.9549848078,17.3333333333,0.0000000000
-79.7529809782,17.8148148148,0.0000000000
-83.9549848078,18.0555555555,0.0000000000
-83.9549848078,17.8148148148,0.0000000000
-79.7529809782,18.2962962963,0.0000000000
-83.9549848078,18.5370370370,0.0000000000
-83.9549848078,18.2962962963,0.0000000000
-79.7529809782,18.7777777778,0.0000000000
-83.9549848078,19.0185185185,0.0000000000
-83.9549848078,18.7777777778,0.0000000000
-79.7529809782,19.2592592593,0.0000000000
-83.9549848078,19.5000000000,0.0000000000
-83.9549848078,19.2592592593,0.0000000000
-79.7529809782,19.7407407407,0.0000000000
-83.9549848078,19.9814814815,0.0000000000
-83.9549848078,19.7407407407,0.0000000000
-79.7529809782,20.2222222222,0.0000000000
-83.9549848078,20.4629629630,0.0000000000
-83.9549848078,20.2222222222,0.0000000000
-79.7529809782,20.7037037037,0.0000000000
-83.9549848078,20.9444444444,0.0000000000
-83.9549848078,20.7037037037,0.0000000000
-79.7529809782,21.1851851852,0.0000000000
-83.9549848078,21.4259259259,0.0000000000
-83.9549848078,21.1851851852,0.0000000000
-79.7529809782,21.6666666667,0.0000000000
-83.9549848078,21.9074074074,0.0000000000
-83.9549848078,21.6666666667,0.0000000000
-79.7529809782,22.1481481481,0.0000000000
-83.9549848078,22.3888888889,0.0000000000
-83.9549848078,22.1481481481,0.0000000000
-79.7529809782,22.6296296296,0.0000000000
-83.9549848078,22.8703703704,0.0000000000
-83.9549848078,22.6296296296,0.0000000000
-79.7529809782,23.1111111111,0.0000000000
-83.9549848078,23.3518518518,0.0000000000
-83.9549848078,23.1111111111,0.0000000000
-79.7529809782,23.5925925926,0.0000000000
-83.9549848078,23.8333333333,0.0000000000
-83.9549848078,23.5925925926,0.0000000000
-79.7529809782,24.0740740741,0.0000000000
-83.9549848078,24.3148148148,0.0000000000
-83.9549848078,24.0740740741,0.0000000000
-79.7529809782,24.5555555555,0.0000000000
-83.9549848078,24.7962962963,0.0000000000
-83.9549848078,24.5555555555,0.0000000000
-79.7529809782,25.0370370370,0.0000000000
-83.9549848078,25.2777777778,0.0000000000
-83.9549848078,25.0370370370,0.0000000000
-79.7529809782,25.5185185185,0.0000000000
-83.9549848078,25.7592592593,0.0000000000
-83.9549848078,25.5185185185,0.0000000000
-79.7529809782,26.0000000000,0.0000000000
-83.9549848078,26.2407407407,0.0000000000
-83.9549848078,26.0000000000,0.0000000000
-79.7529809782,26.4814814815,0.0000000000
-83.9549848078,26.7222222222,0.0000000000
-83.9549848078,26.4814814815,0.0000000000
-79.7529809782,26.9629629630,0.0000000000
-83.9549848078,27.2037037037,0.0000000000
-83.9549848078,26.9629629630,0.0000000000
-79.7529809782,27.4444444444,0.0000000000
-83.9549848078,27.6851851852,0.0000000000
-83.9549848078,27.4444444444,0.0000000000
-79.7529809782,27.9259259259,0.0000000000
-83.9549848078,28.1666666667,0.0000000000
-83.9549848078,27.9259259259,0.0000000000
-79.7529809782,28.4074074074,0.0000000000
-83.9549848078,28.6481481481,0.0000000000
-83.9549848078,28.4074074074,0.0000000000
-79.7529809782,28.8888888889,0.0000000000
-83.9549848078,29.1296296296,0.0000000000
-83.9549848078,28.8888888889,0.0000000000
-79.7529809782,29.3703703704,0.0000000000
-83.9549848078,29.6111111111,0.0000000000
-83.9549848078,29.3703703704,0.0000000000
-79.7529809782,29.8518518518,0.0000000000
-83.9549848078,30.0925925926,0.0000000000
-83.9549848078,29.8518518518,0.0000000000
-79.7529809782,30.3333333333,0.0000000000
-83.9549848078,30.5740740741,0.0000000000
-83.9549848078,30.3333333333,0.0000000000
-79.7529809782,30.8148148148,0.0000000000
-83.9549848078,31.0555555555,0.0000000000
-83.9549848078,30.8148148148,0.0000000000
-79.7529809782,31.2962962963,0.0000000000
-83.9549848078,31.5370370370,0.0000000000
-83.9549848078,31.2962962963,0.0000000000
-79.7529809782,31.7777777778,0.0000000000
-83.9549848078,32.0185185185,0.0000000000
-83.9549848078,31.7777777778,0.0000000000
-79.7529809782,32.2592592593,0.0000000000
-83.9549848078,32.2592592593,0.0000000000
-69.6681722364,-32.2592592593,0.0000000000
-74.7105766073,-32.0185185185,0.0000000000
-74.7105766073,-32.2592592593,0.0000000000
-69.6681722364,-31.7777777778,0.0000000000
-74.7105766073,-31.5370370370,0.0000000000
-74.7105766073,-31.7777777778,0.0000000000
-69.6681722364,-31.2962962963,0.0000000000
-74.7105766073,-31.0555555556,0.0000000000
-74.7105766073,-31.2962962963,0.0000000000
-69.6681722364,-30.8148148148,0.0000000000
-74.7105766073,-30.5740740741,0.0000000000
-74.7105766073,-30.8148148148,0.0000000000
-69.6681722364,-30.3333333333,0.0000000000
-74.7105766073,-30.0925925926,0.0000000000
-74.7105766073,-30.3333333333,0.0000000000
-69.6681722364,-29.8518518519,0.0000000000
-74.7105766073,-29.6111111111,0.0000000000
-74.7105766073,-29.8518518519,0.0000000000
-69.6681722364,-29.3703703704,0.0000000000
-74.7105766073,-29.1296296296,0.0000000000
-74.7105766073,-29.3703703704,0.0000000000
-69.6681722364,-28.8888888889,0.0000000000
-74.7105766073,-28.6481481481,0.0000000000
-74.7105766073,-28.8888888889,0.0000000000
-69.6681722364,-28.4074074074,0.0000000000
-74.7105766073,-28.1666666667,0.0000000000
-74.7105766073,-28.4074074074,0.0000000000
-69.6681722364,-27.9259259259,0.0000000000
-74.7105766073,-27.6851851852,0.0000000000
-74.7105766073,-27.9259259259,0.0000000000
-69.6681722364,-27.4444444444,0.0000000000
-74.7105766073,-27.2037037037,0.0000000000
-74.7105766073,-27.4444444444,0.0000000000
-69.6681722364,-26.9629629630,0.0000000000
-74.7105766073,-26.7222222222,0.0000000000
-74.7105766073,-26.9629629630,0.0000000000
-69.6681722364,-26.4814814815,0.0000000000
-74.7105766073,-26.2407407407,0.0000000000
-74.7105766073,-26.4814814815,0.0000000000
-69.6681722364,-26.0000000000,0.0000000000
-74.7105766073,-25.7592592593,0.0000000000
-74.7105766073,-26.0000000000,0.0000000000
-69.6681722364,-25.5185185185,0.0000000000
-74.7105766073,-25.2777777778,0.0000000000
-74.7105766073,-25.5185185185,0.0000000000
-69.6681722364,-25.0370370370,0.0000000000
-74.7105766073,-24.7962962963,0.0000000000
-74.7105766073,-25.0370370370,0.0000000000
-69.6681722364,-24.5555555556,0.0000000000
-74.7105766073,-24.3148148148,0.0000000000
-74.7105766073,-24.5555555556,0.0000000000
-69.6681722364,-24.0740740741,0.0000000000
-74.7105766073,-23.8333333333,0.0000000000
-74.7105766073,-24.0740740741,0.0000000000
-69.6681722364,-23.5925925926,0.0000000000
-74.7105766073,-23.3518518519,0.0000000000
-74.7105766073,-23.5925925926,0.0000000000
-69.6681722364,-23.1111111111,0.0000000000
-74.7105766073,-22.8703703704,0.0000000000
-74.7105766073,-23.1111111111,0.0000000000
-69.6681722364,-22.6296296296,0.0000000000
-74.7105766073,-22.3888888889,0.0000000000
-74.7105766073,-22.6296296296,0.0000000000
-69.6681722364,-22.1481481481,0.0000000000
-74.7105766073,-21.9074074074,0.0000000000
-74.7105766073,-22.1481481481,0.0000000000
-69.6681722364,-21.6666666667,0.0000000000
-74.7105766073,-21.4259259259,0.0000000000
-74.7105766073,-21.6666666667,0.0000000000
-69.6681722364,-21.1851851852,0.0000000000
-74.7105766073,-20.9444444444,0.0000000000
-74.7105766073,-21.1851851852,0.0000000000
-69.6681722364,-20.7037037037,0.0000000000
-74.7105766073,-20.4629629630,0.0000000000
-74.7105766073,-20.7037037037,0.0000000000
-69.6681722364,-20.2222222222,0.0000000000
-74.7105766073,-19.9814814815,0.0000000000
-74.7105766073,-20.2222222222,0.0000000000
-69.6681722364,-19.7407407407,0.0000000000
-74.7105766073,-19.5000000000,0.0000000000
-74.7105766073,-19.7407407407,0.0000000000
-69.6681722364,-19.2592592593,0.0000000000
-74.7105766073,-19.0185185185,0.0000000000
-74.7105766073,-19.2592592593,0.0000000000
-69.6681722364,-18.7777777778,0.0000000000
-74.7105766073,-18.5370370370,0.0000000000
-74.7105766073,-18.7777777778,0.0000000000
-69.6681722364,-18.2962962963,0.0000000000
-74.7105766073,-18.0555555556,0.0000000000
-74.7105766073,-18.2962962963,0.0000000000
-69.6681722364,-17.8148148148,0.0000000000
-74.7105766073,-17.5740740741,0.0000000000
-74.7105766073,-17.8148148148,0.0000000000
-69.6681722364,-17.3333333333,0.0000000000
-74.7105766073,-17.0925925926,0.0000000000
-74.7105766073,-17.3333333333,0.0000000000
-69.6681722364,-16.8518518519,0.0000000000
-74.7105766073,-16.6111111111,0.0000000000
-74.7105766073,-16.8518518519,0.0000000000
-69.6681722364,-16.3703703704,0.0000000000
-74.7105766073,-16.1296296296,0.0000000000
-74.7105766073,-16.3703703704,0.0000000000
-69.6681722364,-15.8888888889,0.0000000000
-74.7105766073,-15.6481481482,0.0000000000
-74.7105766073,-15.8888888889,0.0000000000
-69.6681722364,-15.4074074074,0.0000000000
-74.7105766073,-15.1666666667,0.0000000000
-74.7105766073,-15.4074074074,0.0000000000
-69.6681722364,-14.9259259259,0.0000000000
-74.7105766073,-14.6851851852,0.0000000000
-74.7105766073,-14.9259259259,0.0000000000
-69.6681722364,-14.4444444444,0.0000000000
-74.7105766073,-14.2037037037,0.0000000000
-74.7105766073,-14.4444444444,0.0000000000
-69.6681722364,-13.9629629630,0.0000000000
-74.7105766073,-13.7222222222,0.0000000000
-74.7105766073,-13.9629629630,0.0000000000
-69.6681722364,-13.4814814815,0.0000000000
-74.7105766073,-13.2407407407,0.0000000000
-74.7105766073,-13.4814814815,0.0000000000
-69.6681722364,-13.0000000000,0.0000000000
-74.7105766073,-12.7592592593,0.0000000000
-74.7105766073,-13.0000000000,0.0000000000
-69.6681722364,-12.5185185185,0.0000000000
-74.7105766073,-12.2777777778,0.0000000000
-74.7105766073,-12.5185185185,0.0000000000
-69.6681722364,-12.0370370370,0.0000000000
-74.7105766073,-11.7962962963,0.0000000000
-74.7105766073,-12.0370370370,0.0000000000
-69.6681722364,-11.5555555556,0.0000000000
-74.7105766073,-11.3148148148,0.0000000000
-74.7105766073,-11.5555555556,0.0000000000
-69.6681722364,-11.0740740741,0.0000000000
-74.7105766073,-10.8333333333,0.0000000000
-74.7105766073,-11.0740740741,0.0000000000
-69.6681722364,-10.5925925926,0.0000000000
-74.7105766073,-10.3518518519,0.0000000000
-74.7105766073,-10.5925925926,0.0000000000
-69.6681722364,-10.1111111111,0.0000000000
-74.7105766073,-9.8703703704,0.0000000000
-74.7105766073,-10.1111111111,0.0000000000
-69.6681722364,-9.6296296296,0.0000000000
-74.7105766073,-9.3888888889,0.0000000000
-74.7105766073,-9.6296296296,0.0000000000
-69.6681722364,-9.1481481482,0.0000000000
-74.7105766073,-8.9074074074,0.0000000000
-74.7105766073,-9.1481481482,0.0000000000
-69.6681722364,-8.6666666667,0.0000000000
-74.7105766073,-8.4259259259,0.0000000000
-74.7105766073,-8.6666666667,0.0000000000
-69.6681722364,-8.1851851852,0.0000000000
-74.7105766073,-7.9444444444,0.0000000000
-74.7105766073,-8.1851851852,0.0000000000
-69.6681722364,-7.7037037037,0.0000000000
-74.7105766073,-7.4629629630,0.0000000000
-74.7105766073,-7.7037037037,0.0000000000
-69.6681722364,-7.2222222222,0.0000000000
-74.7105766073,-6.9814814815,0.0000000000
-74.7105766073,-7.2222222222,0.0000000000
-69.6681722364,-6.7407407407,0.0000000000
-74.7105766073,-6.5000000000,0.0000000000
-74.7105766073,-6.7407407407,0.0000000000
-69.6681722364,-6.2592592593,0.0000000000
-74.7105766073,-6.0185185185,0.0000000000
-74.7105766073,-6.2592592593,0.0000000000
-69.6681722364,-5.7777777778,0.0000000000
-74.7105766073,-5.5370370370,0.0000000000
-74.7105766073,-5.7777777778,0.0000000000
-69.6681722364,-5.2962962963,0.0000000000
-74.7105766073,-5.0555555556,0.0000000000
-74.7105766073,-5.2962962963,0.0000000000
-69.6681722364,-4.8148148148,0.0000000000
-74.7105766073,-4.5740740741,0.0000000000
-74.7105766073,-4.8148148148,0.0000000000
-69.6681722364,-4.3333333333,0.0000000000
-74.7105766073,-4.0925925926,0.0000000000
-74.7105766073,-4.3333333333,0.0000000000
-69.6681722364,-3.8518518519,0.0000000000
-74.7105766073,-3.6111111111,0.0000000000
-74.7105766073,-3.8518518519,0.0000000000
-69.6681722364,-3.3703703704,0.0000000000
-74.7105766073,-3.1296296296,0.0000000000
-74.7105766073,-3.3703703704,0.0000000000
-69.6681722364,-2.8888888889,0.0000000000
-74.7105766073,-2.6481481482,0.0000000000
-74.7105766073,-2.8888888889,0.0000000000
-69.6681722364,-2.4074074074,0.0000000000
-74.7105766073,-2.1666666667,0.0000000000
-74.7105766073,-2.4074074074,0.0000000000
-69.6681722364,-1.9259259259,0.0000000000
-74.7105766073,-1.6851851852,0.0000000000
-74.7105766073,-1.9259259259,0.0000000000
-69.6681722364,-1.4444444444,0.0000000000
-74.7105766073,-1.2037037037,0.0000000000
-74.7105766073,-1.4444444444,0.0000000000
-69.6681722364,-0.9629629630,0.0000000000
-74.7105766073,-0.7222222222,0.0000000000
-74.7105766073,-0.9629629630,0.0000000000
-69.6681722364,-0.4814814815,0.0000000000
-74.7105766073,-0.2407407407,0.0000000000
-74.7105766073,-0.4814814815,0.0000000000
-69.6681722364,-0.0000000000,0.0000000000
-74.7105766073,0.2407407407,0.0000000000
-74.7105766073,-0.0000000000,0.0000000000
-69.6681722364,0.4814814815,0.0000000000
-74.7105766073,0.7222222222,0.0000000000
-74.7105766073,0.4814814815,0.0000000000
-69.6681722364,0.9629629630,0.0000000000
-74.7105766073,1.2037037037,0.0000000000
-74.7105766073,0.9629629630,0.0000000000
-69.6681722364,1.4444444444,0.0000000000
-74.7105766073,1.6851851852,0.0000000000
-74.7105766073,1.4444444444,0.0000000000
-69.6681722364,1.9259259259,0.0000000000
-74.7105766073,2.1666666667,0.0000000000
-74.7105766073,1.9259259259,0.0000000000
-69.6681722364,2.4074074074,0.0000000000
-74.7105766073,2.6481481481,0.0000000000
-74.7105766073,2.4074074074,0.0000000000
-69.6681722364,2.8888888889,0.0000000000
-74.7105766073,3.1296296296,0.0000000000
-74.7105766073,2.8888888889,0.0000000000
-69.6681722364,3.3703703704,0.0000000000
-74.7105766073,3.6111111111,0.0000000000
-74.7105766073,3.3703703704,0.0000000000
-69.6681722364,3.8518518518,0.0000000000
-74.7105766073,4.0925925926,0.0000000000
-74.7105766073,3.8518518518,0.0000000000
-69.6681722364,4.3333333333,0.0000000000
-74.7105766073,4.5740740741,0.0000000000
-74.7105766073,4.3333333333,0.0000000000
-69.6681722364,4.8148148148,0.0000000000
-74.7105766073,5.0555555556,0.0000000000
-74.7105766073,4.8148148148,0.0000000000
-69.6681722364,5.2962962963,0.0000000000
-74.7105766073,5.5370370370,0.0000000000
-74.7105766073,5.2962962963,0.0000000000
-69.6681722364,5.7777777778,0.0000000000
-74.7105766073,6.0185185185,0.0000000000
-74.7105766073,5.7777777778,0.0000000000
-69.6681722364,6.2592592593,0.0000000000
-74.7105766073,6.5000000000,0.0000000000
-74.7105766073,6.2592592593,0.0000000000
-69.6681722364,6.7407407407,0.0000000000
-74.7105766073,6.9814814815,0.0000000000
-74.7105766073,6.7407407407,0.0000000000
-69.6681722364,7.2222222222,0.0000000000
-74.7105766073,7.4629629630,0.0000000000
-74.7105766073,7.2222222222,0.0000000000
-69.6681722364,7.7037037037,0.0000000000
-74.7105766073,7.9444444444,0.0000000000
-74.7105766073,7.7037037037,0.0000000000
-69.6681722364,8.1851851852,0.0000000000
-74.7105766073,8.4259259259,0.0000000000
-74.7105766073,8.1851851852,0.0000000000
-69.6681722364,8.6666666667,0.0000000000
-74.7105766073,8.9074074074,0.0000000000
-74.7105766073,8.6666666667,0.0000000000
-69.6681722364,9.1481481481,0.0000000000
-74.7105766073,9.3888888889,0.0000000000
-74.7105766073,9.1481481481,0.0000000000
-69.6681722364,9.6296296296,0.0000000000
-74.7105766073,9.8703703704,0.0000000000
-74.7105766073,9.6296296296,0.0000000000
-69.6681722364,10.1111111111,0.0000000000
-74.7105766073,10.3518518518,0.0000000000
-74.7105766073,10.1111111111,0.0000000000
-69.6681722364,10.5925925926,0.0000000000
-74.7105766073,10.8333333333,0.0000000000
-74.7105766073,10.5925925926,0.0000000000
-69.6681722364,11.0740740741,0.0000000000
-74.7105766073,11.3148148148,0.0000000000
-74.7105766073,11.0740740741,0.0000000000
-69.6681722364,11.5555555555,0.0000000000
-74.7105766073,11.7962962963,0.0000000000
-74.7105766073,11.5555555555,0.0000000000
-69.6681722364,12.0370370370,0.0000000000
-74.7105766073,12.2777777778,0.0000000000
-74.7105766073,12.0370370370,0.0000000000
-69.6681722364,12.5185185185,0.0000000000
-74.7105766073,12.7592592593,0.0000000000
-74.7105766073,12.5185185185,0.0000000000
-69.6681722364,13.0000000000,0.0000000000
-74.7105766073,13.2407407407,0.0000000000
-74.7105766073,13.0000000000,0.0000000000
-69.6681722364,13.4814814815,0.0000000000
-74.7105766073,13.7222222222,0.0000000000
-74.7105766073,13.4814814815,0.0000000000
-69.6681722364,13.9629629630,0.0000000000
-74.7105766073,14.2037037037,0.0000000000
-74.7105766073,13.9629629630,0.0000000000
-69.6681722364,14.4444444444,0.0000000000
-74.7105766073,14.6851851852,0.0000000000
-74.7105766073,14.4444444444,0.0000000000
-69.6681722364,14.9259259259,0.0000000000
-74.7105766073,15.1666666667,0.0000000000
-74.7105766073,14.9259259259,0.0000000000
-69.6681722364,15.4074074074,0.0000000000
-74.7105766073,15.6481481481,0.0000000000
-74.7105766073,15.4074074074,0.0000000000
-69.6681722364,15.8888888889,0.0000000000
-74.7105766073,16.1296296296,0.0000000000
-74.7105766073,15.8888888889,0.0000000000
-69.6681722364,16.3703703704,0.0000000000
-74.7105766073,16.6111111111,0.0000000000
-74.7105766073,16.3703703704,0.0000000000
-69.6681722364,16.8518518518,0.0000000000
-74.7105766073,17.0925925926,0.0000000000
-74.7105766073,16.8518518518,0.0000000000
-69.6681722364,17.3333333333,0.0000000000
-74.7105766073,17.5740740741,0.0000000000
-74.7105766073,17.3333333333,0.0000000000
-69.6681722364,17.8148148148,0.0000000000
-74.7105766073,18.0555555555,0.0000000000
-74.7105766073,17.8148148148,0.0000000000
-69.6681722364,18.2962962963,0.0000000000
-74.7105766073,18.5370370370,0.0000000000
-74.7105766073,18.2962962963,0.0000000000
-69.6681722364,18.7777777778,0.0000000000
-74.7105766073,19.0185185185,0.0000000000
-74.7105766073,18.7777777778,0.0000000000
-69.6681722364,19.2592592593,0.0000000000
-74.7105766073,19.5000000000,0.0000000000
-74.7105766073,19.2592592593,0.0000000000
-69.6681722364,19.7407407407,0.0000000000
-74.7105766073,19.9814814815,0.0000000000
-74.7105766073,19.7407407407,0.0000000000
-69.6681722364,20.2222222222,0.0000000000
-74.7105766073,20.4629629630,0.0000000000
-74.7105766073,20.2222222222,0.0000000000
-69.6681722364,20.7037037037,0.0000000000
-74.7105766073,20.9444444444,0.0000000000
-74.7105766073,20.7037037037,0.0000000000
-69.6681722364,21.1851851852,0.0000000000
-74.7105766073,21.4259259259,0.0000000000
-74.7105766073,21.1851851852,0.0000000000
-69.6681722364,21.6666666667,0.0000000000
-74.7105766073,21.9074074074,0.0000000000
-74.7105766073,21.6666666667,0.0000000000
-69.6681722364,22.1481481481,0.0000000000
-74.7105766073,22.3888888889,0.0000000000
-74.7105766073,22.1481481481,0.0000000000
-69.6681722364,22.6296296296,0.0000000000
-74.7105766073,22.8703703704,0.0000000000
-74.7105766073,22.6296296296,0.0000000000
-69.6681722364,23.1111111111,0.0000000000
-74.7105766073,23.3518518518,0.0000000000
-74.7105766073,23.1111111111,0.0000000000
-69.6681722364,23.5925925926,0.0000000000
-74.7105766073,23.8333333333,0.0000000000
-74.7105766073,23.5925925926,0.0000000000
-69.6681722364,24.0740740741,0.0000000000
-74.7105766073,24.3148148148,0.0000000000
-74.7105766073,24.0740740741,0.0000000000
-69.6681722364,24.5555555555,0.0000000000
-74.7105766073,24.7962962963,0.0000000000
-74.7105766073,24.5555555555,0.0000000000
-69.6681722364,25.0370370370,0.0000000000
-74.7105766073,25.2777777778,0.0000000000
-74.7105766073,25.0370370370,0.0000000000
-69.6681722364,25.5185185185,0.0000000000
-74.7105766073,25.7592592593,0.0000000000
-74.7105766073,25.5185185185,0.0000000000
-69.6681722364,26.0000000000,0.0000000000
-74.7105766073,26.2407407407,0.0000000000
-74.7105766073,26.0000000000,0.0000000000
-69.6681722364,26.4814814815,0.0000000000
-74.7105766073,26.7222222222,0.0000000000
-74.7105766073,26.4814814815,0.0000000000
-69.6681722364,26.9629629630,0.0000000000
-74.7105766073,27.2037037037,0.0000000000
-74.7105766073,26.9629629630,0.0000000000
-69.6681722364,27.4444444444,0.0000000000
-74.7105766073,27.6851851852,0.0000000000
-74.7105766073,27.4444444444,0.0000000000
-69.6681722364,27.9259259259,0.0000000000
-74.7105766073,28.1666666667,0.0000000000
-74.7105766073,27.9259259259,0.0000000000
-69.6681722364,28.4074074074,0.0000000000
-74.7105766073,28.6481481481,0.0000000000
-74.7105766073,28.4074074074,0.0000000000
-69.6681722364,28.8888888889,0.0000000000
-74.7105766073,29.1296296296,0.0000000000
-74.7105766073,28.8888888889,0.0000000000
-69.6681722364,29.3703703704,0.0000000000
-74.7105766073,29.6111111111,0.0000000000
-74.7105766073,29.3703703704,0.0000000000
-69.6681722364,29.8518518518,0.0000000000
-74.7105766073,30.0925925926,0.0000000000
-74.7105766073,29.8518518518,0.0000000000
-69.6681722364,30.3333333333,0.0000000000
-74.7105766073,30.5740740741,0.0000000000
-74.7105766073,30.3333333333,0.0000000000
-69.6681722364,30.8148148148,0.0000000000
-74.7105766073,31.0555555555,0.0000000000
-74.7105766073,30.8148148148,0.0000000000
-69.6681722364,31.2962962963,0.0000000000
-74.7105766073,31.5370370370,0.0000000000
-74.7105766073,31.2962962963,0.0000000000
-69.6681722364,31.7777777778,0.0000000000
-74.7105766073,32.0185185185,0.0000000000
-74.7105766073,31.7777777778,0.0000000000
-69.6681722364,32.2592592593,0.0000000000
-74.7105766073,32.2592592593,0.0000000000
-57.5664010454,-32.2592592593,0.0000000000
-63.6172866409,-32.0185185185,0.0000000000
-63.6172866409,-32.2592592593,0.0000000000
-57.5664010454,-31.7777777778,0.0000000000
-63.6172866409,-31.5370370370,0.0000000000
-63.6172866409,-31.7777777778,0.0000000000
-57.5664010454,-31.2962962963,0.0000000000
-63.6172866409,-31.0555555556,0.0000000000
-63.6172866409,-31.2962962963,0.0000000000
-57.5664010454,-30.8148148148,0.0000000000
-63.6172866409,-30.5740740741,0.0000000000
-63.6172866409,-30.8148148148,0.0000000000
-57.5664010454,-30.3333333333,0.0000000000
-63.6172866409,-30.0925925926,0.0000000000
-63.6172866409,-30.3333333333,0.0000000000
-57.5664010454,-29.8518518519,0.0000000000
-63.6172866409,-29.6111111111,0.0000000000
-63.6172866409,-29.8518518519,0.0000000000
-57.5664010454,-29.3703703704,0.0000000000
-63.6172866409,-29.1296296296,0.0000000000
-63.6172866409,-29.3703703704,0.0000000000
-57.5664010454,-28.8888888889,0.0000000000
-63.6172866409,-28.6481481481,0.0000000000
-63.6172866409,-28.8888888889,0.0000000000
-57.5664010454,-28.4074074074,0.0000000000
-63.6172866409,-28.1666666667,0.0000000000
-63.6172866409,-28.4074074074,0.0000000000
-57.5664010454,-27.9259259259,0.0000000000
-63.6172866409,-27.6851851852,0.0000000000
-63.6172866409,-27.9259259259,0.0000000000
-57.5664010454,-27.4444444444,0.0000000000
-63.6172866409,-27.2037037037,0.0000000000
-63.6172866409,-27.4444444444,0.0000000000
-57.5664010454,-26.9629629630,0.0000000000
-63.6172866409,-26.7222222222,0.0000000000
-63.6172866409,-26.9629629630,0.0000000000
-57.5664010454,-26.4814814815,0.0000000000
-63.6172866409,-26.2407407407,0.0000000000
-63.6172866409,-26.4814814815,0.0000000000
-57.5664010454,-26.0000000000,0.0000000000
-63.6172866409,-25.7592592593,0.0000000000
-63.6172866409,-26.0000000000,0.0000000000
-57.5664010454,-25.5185185185,0.0000000000
-63.6172866409,-25.2777777778,0.0000000000
-63.6172866409,-25.5185185185,0.0000000000
-57.5664010454,-25.0370370370,0.0000000000
-63.6172866409,-24.7962962963,0.0000000000
-63.6172866409,-25.0370370370,0.0000000000
-57.5664010454,-24.5555555556,0.0000000000
-63.6172866409,-24.3148148148,0.0000000000
-63.6172866409,-24.5555555556,0.0000000000
-57.5664010454,-24.0740740741,0.0000000000
-63.6172866409,-23.8333333333,0.0000000000
-63.6172866409,-24.0740740741,0.0000000000
-57.5664010454,-23.5925925926,0.0000000000
-63.6172866409,-23.3518518519,0.0000000000
-63.6172866409,-23.5925925926,0.0000000000
-57.5664010454,-23.1111111111,0.0000000000
-63.6172866409,-22.8703703704,0.0000000000
-63.6172866409,-23.1111111111,0.0000000000
-57.5664010454,-22.6296296296,0.0000000000
-63.6172866409,-22.3888888889,0.0000000000
-63.6172866409,-22.6296296296,0.0000000000
-57.5664010454,-22.1481481481,0.0000000000
-63.6172866409,-21.9074074074,0.0000000000
-63.6172866409,-22.1481481481,0.0000000000
-57.5664010454,-21.6666666667,0.0000000000
-63.6172866409,-21.4259259259,0.0000000000
-63.6172866409,-21.6666666667,0.0000000000
-57.5664010454,-21.1851851852,0.0000000000
-63.6172866409,-20.9444444444,0.0000000000
-63.6172866409,-21.1851851852,0.0000000000
-57.5664010454,-20.7037037037,0.0000000000
-63.6172866409,-20.4629629630,0.0000000000
-63.6172866409,-20.7037037037,0.0000000000
-57.5664010454,-20.2222222222,0.0000000000
-63.6172866409,-19.9814814815,0.0000000000
-63.6172866409,-20.2222222222,0.0000000000
-57.5664010454,-19.7407407407,0.0000000000
-63.6172866409,-19.5000000000,0.0000000000
-63.6172866409,-19.7407407407,0.0000000000
-57.5664010454,-19.2592592593,0.0000000000
-63.6172866409,-19.0185185185,0.0000000000
-63.6172866409,-19.2592592593,0.0000000000
-57.5664010454,-18.7777777778,0.0000000000
-63.6172866409,-18.5370370370,0.0000000000
-63.6172866409,-18.7777777778,0.0000000000
-57.5664010454,-18.2962962963,0.0000000000
-63.6172866409,-18.0555555556,0.0000000000
-63.6172866409,-18.2962962963,0.0000000000
-57.5664010454,-17.8148148148,0.0000000000
-63.6172866409,-17.5740740741,0.0000000000
-63.6172866409,-17.8148148148,0.0000000000
-57.5664010454,-17.3333333333,0.0000000000
-63.6172866409,-17.0925925926,0.0000000000
-63.6172866409,-17.3333333333,0.0000000000
-57.5664010454,-16.8518518519,0.0000000000
-63.6172866409,-16.6111111111,0.0000000000
-63.6172866409,-16.8518518519,0.0000000000
-57.5664010454,-16.3703703704,0.0000000000
-63.6172866409,-16.1296296296,0.0000000000
-63.6172866409,-16.3703703704,0.0000000000
-57.5664010454,-15.8888888889,0.0000000000
-63.6172866409,-15.6481481482,0.0000000000
-63.6172866409,-15.8888888889,0.0000000000
-57.5664010454,-15.4074074074,0.0000000000
-63.6172866409,-15.1666666667,0.0000000000
-63.6172866409,-15.4074074074,0.0000000000
-57.5664010454,-14.9259259259,0.0000000000
-63.6172866409,-14.6851851852,0.0000000000
-63.6172866409,-14.9259259259,0.0000000000
-57.5664010454,-14.4444444444,0.0000000000
-63.6172866409,-14.2037037037,0.0000000000
-63.6172866409,-14.4444444444,0.0000000000
-57.5664010454,-13.9629629630,0.0000000000
-63.6172866409,-13.7222222222,0.0000000000
-63.6172866409,-13.9629629630,0.0000000000
-57.5664010454,-13.4814814815,0.0000000000
-63.6172866409,-13.2407407407,0.0000000000
-63.6172866409,-13.4814814815,0.0000000000
-57.5664010454,-13.0000000000,0.0000000000
-63.6172866409,-12.7592592593,0.0000000000
-63.6172866409,-13.0000000000,0.0000000000
-57.5664010454,-12.5185185185,0.0000000000
-63.6172866409,-12.2777777778,0.0000000000
-63.6172866409,-12.5185185185,0.0000000000
-57.5664010454,-12.0370370370,0.0000000000
-63.6172866409,-11.7962962963,0.0000000000
-63.6172866409,-12.0370370370,0.0000000000
-57.5664010454,-11.5555555556,0.0000000000
-63.6172866409,-11.3148148148,0.0000000000
-63.6172866409,-11.5555555556,0.0000000000
-57.5664010454,-11.0740740741,0.0000000000
-63.6172866409,-10.8333333333,0.0000000000
-63.6172866409,-11.0740740741,0.0000000000
-57.5664010454,-10.5925925926,0.0000000000
-63.6172866409,-10.3518518519,0.0000000000
-63.6172866409,-10.5925925926,0.0000000000
-57.5664010454,-10.1111111111,0.0000000000
-63.6172866409,-9.8703703704,0.0000000000
-63.6172866409,-10.1111111111,0.0000000000
-57.5664010454,-9.6296296296,0.0000000000
-63.6172866409,-9.3888888889,0.0000000000
-63.6172866409,-9.6296296296,0.0000000000
-57.5664010454,-9.1481481482,0.0000000000
-63.6172866409,-8.9074074074,0.0000000000
-63.6172866409,-9.1481481482,0.0000000000
-57.5664010454,-8.6666666667,0.0000000000
-63.6172866409,-8.4259259259,0.0000000000
-63.6172866409,-8.6666666667,0.0000000000
-57.5664010454,-8.1851851852,0.0000000000
-63.6172866409,-7.9444444444,0.0000000000
-63.6172866409,-8.1851851852,0.0000000000
-57.5664010454,-7.7037037037,0.0000000000
-63.6172866409,-7.4629629630,0.0000000000
-63.6172866409,-7.7037037037,0.0000000000
-57.5664010454,-7.2222222222,0.0000000000
-63.6172866409,-6.9814814815,0.0000000000
-63.6172866409,-7.2222222222,0.0000000000
-57.5664010454,-6.7407407407,0.0000000000
-63.6172866409,-6.5000000000,0.0000000000
-63.6172866409,-6.7407407407,0.0000000000
-57.5664010454,-6.2592592593,0.0000000000
-63.6172866409,-6.0185185185,0.0000000000
-63.6172866409,-6.2592592593,0.0000000000
-57.5664010454,-5.7777777778,0.0000000000
-63.6172866409,-5.5370370370,0.0000000000
-63.6172866409,-5.7777777778,0.0000000000
-57.5664010454,-5.2962962963,0.0000000000
-63.6172866409,-5.0555555556,0.0000000000
-63.6172866409,-5.2962962963,0.0000000000
-57.5664010454,-4.8148148148,0.0000000000
-63.6172866409,-4.5740740741,0.0000000000
-63.6172866409,-4.8148148148,0.0000000000
-57.5664010454,-4.3333333333,0.0000000000
-63.6172866409,-4.0925925926,0.0000000000
-63.6172866409,-4.3333333333,0.0000000000
-57.5664010454,-3.8518518519,0.0000000000
-63.6172866409,-3.6111111111,0.0000000000
-63.6172866409,-3.8518518519,0.0000000000
-57.5664010454,-3.3703703704,0.0000000000
-63.6172866409,-3.1296296296,0.0000000000
-63.6172866409,-3.3703703704,0.0000000000
-57.5664010454,-2.8888888889,0.0000000000
-63.6172866409,-2.6481481482,0.0000000000
-63.6172866409,-2.8888888889,0.0000000000
-57.5664010454,-2.4074074074,0.0000000000
-63.6172866409,-2.1666666667,0.0000000000
-63.6172866409,-2.4074074074,0.0000000000
-57.5664010454,-1.9259259259,0.0000000000
-63.6172866409,-1.6851851852,0.0000000000
-63.6172866409,-1.9259259259,0.0000000000
-57.5664010454,-1.4444444444,0.0000000000
-63.6172866409,-1.2037037037,0.0000000000
-63.6172866409,-1.4444444444,0.0000000000
-57.5664010454,-0.9629629630,0.0000000000
-63.6172866409,-0.7222222222,0.0000000000
-63.6172866409,-0.9629629630,0.0000000000
-57.5664010454,-0.4814814815,0.0000000000
-63.6172866409,-0.2407407407,0.0000000000
-63.6172866409,-0.4814814815,0.0000000000
-57.5664010454,-0.0000000000,0.0000000000
-63.6172866409,0.2407407407,0.0000000000
-63.6172866409,-0.0000000000,0.0000000000
-57.5664010454,0.4814814815,0.0000000000
-63.6172866409,0.7222222222,0.0000000000
-63.6172866409,0.4814814815,0.0000000000
-57.5664010454,0.9629629630,0.0000000000
-63.6172866409,1.2037037037,0.0000000000
-63.6172866409,0.9629629630,0.0000000000
-57.5664010454,1.4444444444,0.0000000000
-63.6172866409,1.6851851852,0.0000000000
-63.6172866409,1.4444444444,0.0000000000
-57.5664010454,1.9259259259,0.0000000000
-63.6172866409,2.1666666667,0.0000000000
-63.6172866409,1.9259259259,0.0000000000
-57.5664010454,2.4074074074,0.0000000000
-63.6172866409,2.6481481481,0.0000000000
-63.6172866409,2.4074074074,0.0000000000
-57.5664010454,2.8888888889,0.0000000000
-63.6172866409,3.1296296296,0.0000000000
-63.6172866409,2.8888888889,0.0000000000
-57.5664010454,3.3703703704,0.0000000000
-63.6172866409,3.6111111111,0.0000000000
-63.6172866409,3.3703703704,0.0000000000
-57.5664010454,3.8518518518,0.0000000000
-63.6172866409,4.0925925926,0.0000000000
-63.6172866409,3.8518518518,0.0000000000
-57.5664010454,4.3333333333,0.0000000000
-63.6172866409,4.5740740741,0.0000000000
-63.6172866409,4.3333333333,0.0000000000
-57.5664010454,4.8148148148,0.0000000000
-63.6172866409,5.0555555556,0.0000000000
-63.6172866409,4.8148148148,0.0000000000
-57.5664010454,5.2962962963,0.0000000000
-63.6172866409,5.5370370370,0.0000000000
-63.6172866409,5.2962962963,0.0000000000
-57.5664010454,5.7777777778,0.0000000000
-63.6172866409,6.0185185185,0.0000000000
-63.6172866409,5.7777777778,0.0000000000
-57.5664010454,6.2592592593,0.0000000000
-63.6172866409,6.5000000000,0.0000000000
-63.6172866409,6.2592592593,0.0000000000
-57.5664010454,6.7407407407,0.0000000000
-63.6172866409,6.9814814815,0.0000000000
-63.6172866409,6.7407407407,0.0000000000
-57.5664010454,7.2222222222,0.0000000000
-63.6172866409,7.4629629630,0.0000000000
-63.6172866409,7.2222222222,0.0000000000
-57.5664010454,7.7037037037,0.0000000000
-63.6172866409,7.9444444444,0.0000000000
-63.6172866409,7.7037037037,0.0000000000
-57.5664010454,8.1851851852,0.0000000000
-63.6172866409,8.4259259259,0.0000000000
-63.6172866409,8.1851851852,0.0000000000
-57.5664010454,8.6666666667,0.0000000000
-63.6172866409,8.9074074074,0.0000000000
-63.6172866409,8.6666666667,0.0000000000
-57.5664010454,9.1481481481,0.0000000000
-63.6172866409,9.3888888889,0.0000000000
-63.6172866409,9.1481481481,0.0000000000
-57.5664010454,9.6296296296,0.0000000000
-63.6172866409,9.8703703704,0.0000000000
-63.6172866409,9.6296296296,0.0000000000
-57.5664010454,10.1111111111,0.0000000000
-63.6172866409,10.3518518518,0.0000000000
-63.6172866409,10.1111111111,0.0000000000
-57.5664010454,10.5925925926,0.0000000000
-63.6172866409,10.8333333333,0.0000000000
-63.6172866409,10.5925925926,0.0000000000
-57.5664010454,11.0740740741,0.0000000000
-63.6172866409,11.3148148148,0.0000000000
-63.6172866409,11.0740740741,0.0000000000
-57.5664010454,11.5555555555,0.0000000000
-63.6172866409,11.7962962963,0.0000000000
-63.6172866409,11.5555555555,0.0000000000
-57.5664010454,12.0370370370,0.0000000000
-63.6172866409,12.2777777778,0.0000000000
-63.6172866409,12.0370370370,0.0000000000
-57.5664010454,12.5185185185,0.0000000000
-63.6172866409,12.7592592593,0.0000000000
-63.6172866409,12.5185185185,0.0000000000
-57.5664010454,13.0000000000,0.0000000000
-63.6172866409,13.2407407407,0.0000000000
-63.6172866409,13.0000000000,0.0000000000
-57.5664010454,13.4814814815,0.0000000000
-63.6172866409,13.7222222222,0.0000000000
-63.6172866409,13.4814814815,0.0000000000
-57.5664010454,13.9629629630,0.0000000000
-63.6172866409,14.2037037037,0.0000000000
-63.6172866409,13.9629629630,0.0000000000
-57.5664010454,14.4444444444,0.0000000000
-63.6172866409,14.6851851852,0.0000000000
-63.6172866409,14.4444444444,0.0000000000
-57.5664010454,14.9259259259,0.0000000000
-63.6172866409,15.1666666667,0.0000000000
-63.6172866409,14.9259259259,0.0000000000
-57.5664010454,15.4074074074,0.0000000000
-63.6172866409,15.6481481481,0.0000000000
-63.6172866409,15.4074074074,0.0000000000
-57.5664010454,15.8888888889,0.0000000000
-63.6172866409,16.1296296296,0.0000000000
-63.6172866409,15.8888888889,0.0000000000
-57.5664010454,16.3703703704,0.0000000000
-63.6172866409,16.6111111111,0.0000000000
-63.6172866409,16.3703703704,0.0000000000
-57.5664010454,16.8518518518,0.0000000000
-63.6172866409,17.0925925926,0.0000000000
-63.6172866409,16.8518518518,0.0000000000
-57.5664010454,17.3333333333,0.0000000000
-63.6172866409,17.5740740741,0.0000000000
-63.6172866409,17.3333333333,0.0000000000
-57.5664010454,17.8148148148,0.0000000000
-63.6172866409,18.0555555555,0.0000000000
-63.6172866409,17.8148148148,0.0000000000
-57.5664010454,18.2962962963,0.0000000000
-63.6172866409,18.5370370370,0.0000000000
-63.6172866409,18.2962962963,0.0000000000
-57.5664010454,18.7777777778,0.0000000000
-63.6172866409,19.0185185185,0.0000000000
-63.6172866409,18.7777777778,0.0000000000
-57.5664010454,19.2592592593,0.0000000000
-63.6172866409,19.5000000000,0.0000000000
-63.6172866409,19.2592592593,0.0000000000
-57.5664010454,19.7407407407,0.0000000000
-63.6172866409,19.9814814815,0.0000000000
-63.6172866409,19.7407407407,0.0000000000
-57.5664010454,20.2222222222,0.0000000000
-63.6172866409,20.4629629630,0.0000000000
-63.6172866409,20.2222222222,0.0000000000
-57.5664010454,20.7037037037,0.0000000000
-63.6172866409,20.9444444444,0.0000000000
-63.6172866409,20.7037037037,0.0000000000
-57.5664010454,21.1851851852,0.0000000000
-63.6172866409,21.4259259259,0.0000000000
-63.6172866409,21.1851851852,0.0000000000
-57.5664010454,21.6666666667,0.0000000000
-63.6172866409,21.9074074074,0.0000000000
-63.6172866409,21.6666666667,0.0000000000
-57.5664010454,22.1481481481,0.0000000000
-63.6172866409,22.3888888889,0.0000000000
-63.6172866409,22.1481481481,0.0000000000
-57.5664010454,22.6296296296,0.0000000000
-63.6172866409,22.8703703704,0.0000000000
-63.6172866409,22.6296296296,0.0000000000
-57.5664010454,23.1111111111,0.0000000000
-63.6172866409,23.3518518518,0.0000000000
-63.6172866409,23.1111111111,0.0000000000
-57.5664010454,23.5925925926,0.0000000000
-63.6172866409,23.8333333333,0.0000000000
-63.6172866409,23.5925925926,0.0000000000
-57.5664010454,24.0740740741,0.0000000000
-63.6172866409,24.3148148148,0.0000000000
-63.6172866409,24.0740740741,0.0000000000
-57.5664010454,24.5555555555,0.0000000000
-63.6172866409,24.7962962963,0.0000000000
-63.6172866409,24.5555555555,0.0000000000
-57.5664010454,25.0370370370,0.0000000000
-63.6172866409,25.2777777778,0.0000000000
-63.6172866409,25.0370370370,0.0000000000
-57.5664010454,25.5185185185,0.0000000000
-63.6172866409,25.7592592593,0.0000000000
-63.6172866409,25.5185185185,0.0000000000
-57.5664010454,26.0000000000,0.0000000000
-63.6172866409,26.2407407407,0.0000000000
-63.6172866409,26.0000000000,0.0000000000
-57.5664010454,26.4814814815,0.0000000000
-63.6172866409,26.7222222222,0.0000000000
-63.6172866409,26.4814814815,0.0000000000
-57.5664010454,26.9629629630,0.0000000000
-63.6172866409,27.2037037037,0.0000000000
-63.6172866409,26.9629629630,0.0000000000
-57.5664010454,27.4444444444,0.0000000000
-63.6172866409,27.6851851852,0.0000000000
-63.6172866409,27.4444444444,0.0000000000
-57.5664010454,27.9259259259,0.0000000000
-63.6172866409,28.1666666667,0.0000000000
-63.6172866409,27.9259259259,0.0000000000
-57.5664010454,28.4074074074,0.0000000000
-63.6172866409,28.6481481481,0.0000000000
-63.6172866409,28.4074074074,0.0000000000
-57.5664010454,28.8888888889,0.0000000000
-63.6172866409,29.1296296296,0.0000000000
-63.6172866409,28.8888888889,0.0000000000
-57.5664010454,29.3703703704,0.0000000000
-63.6172866409,29.6111111111,0.0000000000
-63.6172866409,29.3703703704,0.0000000000
-57.5664010454,29.8518518518,0.0000000000
-63.6172866409,30.0925925926,0.0000000000
-63.6172866409,29.8518518518,0.0000000000
-57.5664010454,30.3333333333,0.0000000000
-63.6172866409,30.5740740741,0.0000000000
-63.6172866409,30.3333333333,0.0000000000
-57.5664010454,30.8148148148,0.0000000000
-63.6172866409,31.0555555555,0.0000000000
-63.6172866409,30.8148148148,0.0000000000
-57.5664010454,31.2962962963,0.0000000000
-63.6172866409,31.5370370370,0.0000000000
-63.6172866409,31.2962962963,0.0000000000
-57.5664010454,31.7777777778,0.0000000000
-63.6172866409,32.0185185185,0.0000000000
-63.6172866409,31.7777777778,0.0000000000
-57.5664010454,32.2592592593,0.0000000000
-63.6172866409,32.2592592593,0.0000000000
-43.0442755502,-32.2592592593,0.0000000000
-50.3053382978,-32.0185185185,0.0000000000
-50.3053382978,-32.2592592593,0.0000000000
-43.0442755502,-31.7777777778,0.0000000000
-50.3053382978,-31.5370370370,0.0000000000
-50.3053382978,-31.7777777778,0.0000000000
-43.0442755502,-31.2962962963,0.0000000000
-50.3053382978,-31.0555555556,0.0000000000
-50.3053382978,-31.2962962963,0.0000000000
-43.0442755502,-30.8148148148,0.0000000000
-50.3053382978,-30.5740740741,0.0000000000
-50.3053382978,-30.8148148148,0.0000000000
-43.0442755502,-30.3333333333,0.0000000000
-50.3053382978,-30.0925925926,0.0000000000
-50.3053382978,-30.3333333333,0.0000000000
-43.0442755502,-29.8518518519,0.0000000000
-50.3053382978,-29.6111111111,0.0000000000
-50.3053382978,-29.8518518519,0.0000000000
-43.0442755502,-29.3703703704,0.0000000000
-50.3053382978,-29.1296296296,0.0000000000
-50.3053382978,-29.3703703704,0.0000000000
-43.0442755502,-28.8888888889,0.0000000000
-50.3053382978,-28.6481481481,0.0000000000
-50.3053382978,-28.8888888889,0.0000000000
-43.0442755502,-28.4074074074,0.0000000000
-50.3053382978,-28.1666666667,0.0000000000
-50.3053382978,-28.4074074074,0.0000000000
-43.0442755502,-27.9259259259,0.0000000000
-50.3053382978,-27.6851851852,0.0000000000
-50.3053382978,-27.9259259259,0.0000000000
-43.0442755502,-27.4444444444,0.0000000000
-50.3053382978,-27.2037037037,0.0000000000
-50.3053382978,-27.4444444444,0.0000000000
-43.0442755502,-26.9629629630,0.0000000000
-50.3053382978,-26.7222222222,0.0000000000
-50.3053382978,-26.9629629630,0.0000000000
-43.0442755502,-26.4814814815,0.0000000000
-50.3053382978,-26.2407407407,0.0000000000
-50.3053382978,-26.4814814815,0.0000000000
-43.0442755502,-26.0000000000,0.0000000000
-50.3053382978,-25.7592592593,0.0000000000
-50.3053382978,-26.0000000000,0.0000000000
-43.0442755502,-25.5185185185,0.0000000000
-50.3053382978,-25.2777777778,0.0000000000
-50.3053382978,-25.5185185185,0.0000000000
-43.0442755502,-25.0370370370,0.0000000000
-50.3053382978,-24.7962962963,0.0000000000
-50.3053382978,-25.0370370370,0.0000000000
-43.0442755502,-24.5555555556,0.0000000000
-50.3053382978,-24.3148148148,0.0000000000
-50.3053382978,-24.5555555556,0.0000000000
-43.0442755502,-24.0740740741,0.0000000000
-50.3053382978,-23.8333333333,0.0000000000
-50.3053382978,-24.0740740741,0.0000000000
-43.0442755502,-23.5925925926,0.0000000000
-50.3053382978,-23.3518518519,0.0000000000
-50.3053382978,-23.5925925926,0.0000000000
-43.0442755502,-23.1111111111,0.0000000000
-50.3053382978,-22.8703703704,0.0000000000
-50.3053382978,-23.1111111111,0.0000000000
-43.0442755502,-22.6296296296,0.0000000000
-50.3053382978,-22.3888888889,0.0000000000
-50.3053382978,-22.6296296296,0.0000000000
-43.0442755502,-22.1481481481,0.0000000000
-50.3053382978,-21.9074074074,0.0000000000
-50.3053382978,-22.1481481481,0.0000000000
-43.0442755502,-21.6666666667,0.0000000000
-50.3053382978,-21.4259259259,0.0000000000
-50.3053382978,-21.6666666667,0.0000000000
-43.0442755502,-21.1851851852,0.0000000000
-50.3053382978,-20.9444444444,0.0000000000
-50.3053382978,-21.1851851852,0.0000000000
-43.0442755502,-20.7037037037,0.0000000000
-50.3053382978,-20.4629629630,0.0000000000
-50.3053382978,-20.7037037037,0.0000000000
-43.0442755502,-20.2222222222,0.0000000000
-50.3053382978,-19.9814814815,0.0000000000
-50.3053382978,-20.2222222222,0.0000000000
-43.0442755502,-19.7407407407,0.0000000000
-50.3053382978,-19.5000000000,0.0000000000
-50.3053382978,-19.7407407407,0.0000000000
-43.0442755502,-19.2592592593,0.0000000000
-50.3053382978,-19.0185185185,0.0000000000
-50.3053382978,-19.2592592593,0.0000000000
-43.0442755502,-18.7777777778,0.0000000000
-50.3053382978,-18.5370370370,0.0000000000
-50.3053382978,-18.7777777778,0.0000000000
-43.0442755502,-18.2962962963,0.0000000000
-50.3053382978,-18.0555555556,0.0000000000
-50.3053382978,-18.2962962963,0.0000000000
-43.0442755502,-17.8148148148,0.0000000000
-50.3053382978,-17.5740740741,0.0000000000
-50.3053382978,-17.8148148148,0.0000000000
-43.0442755502,-17.3333333333,0.0000000000
-50.3053382978,-17.0925925926,0.0000000000
-50.3053382978,-17.3333333333,0.0000000000
-43.0442755502,-16.8518518519,0.0000000000
-50.3053382978,-16.6111111111,0.0000000000
-50.3053382978,-16.8518518519,0.0000000000
-43.0442755502,-16.3703703704,0.0000000000
-50.3053382978,-16.1296296296,0.0000000000
-50.3053382978,-16.3703703704,0.0000000000
-43.0442755502,-15.8888888889,0.0000000000
-50.3053382978,-15.6481481482,0.0000000000
-50.3053382978,-15.8888888889,0.0000000000
-43.0442755502,-15.4074074074,0.0000000000
-50.3053382978,-15.1666666667,0.0000000000
-50.3053382978,-15.4074074074,0.0000000000
-43.0442755502,-14.9259259259,0.0000000000
-50.3053382978,-14.6851851852,0.0000000000
-50.3053382978,-14.9259259259,0.0000000000
-43.0442755502,-14.4444444444,0.0000000000
-50.3053382978,-14.2037037037,0.0000000000
-50.3053382978,-14.4444444444,0.0000000000
-43.0442755502,-13.9629629630,0.0000000000
-50.3053382978,-13.7222222222,0.0000000000
-50.3053382978,-13.9629629630,0.0000000000
-43.0442755502,-13.4814814815,0.0000000000
-50.3053382978,-13.2407407407,0.0000000000
-50.3053382978,-13.4814814815,0.0000000000
-43.0442755502,-13.0000000000,0.0000000000
-50.3053382978,-12.7592592593,0.0000000000
-50.3053382978,-13.0000000000,0.0000000000
-43.0442755502,-12.5185185185,0.0000000000
-50.3053382978,-12.2777777778,0.0000000000
-50.3053382978,-12.5185185185,0.0000000000
-43.0442755502,-12.0370370370,0.0000000000
-50.3053382978,-11.7962962963,0.0000000000
-50.3053382978,-12.0370370370,0.0000000000
-43.0442755502,-11.5555555556,0.0000000000
-50.3053382978,-11.3148148148,0.0000000000
-50.3053382978,-11.5555555556,0.0000000000
-43.0442755502,-11.0740740741,0.0000000000
-50.3053382978,-10.8333333333,0.0000000000
-50.3053382978,-11.0740740741,0.0000000000
-43.0442755502,-10.5925925926,0.0000000000
-50.3053382978,-10.3518518519,0.0000000000
-50.3053382978,-10.5925925926,0.0000000000
-43.0442755502,-10.1111111111,0.0000000000
-50.3053382978,-9.8703703704,0.0000000000
-50.3053382978,-10.1111111111,0.0000000000
-43.0442755502,-9.6296296296,0.0000000000
-50.3053382978,-9.3888888889,0.0000000000
-50.3053382978,-9.6296296296,0.0000000000
-43.0442755502,-9.1481481482,0.0000000000
-50.3053382978,-8.9074074074,0.0000000000
-50.3053382978,-9.1481481482,0.0000000000
-43.0442755502,-8.6666666667,0.0000000000
-50.3053382978,-8.4259259259,0.0000000000
-50.3053382978,-8.6666666667,0.0000000000
-43.0442755502,-8.1851851852,0.0000000000
-50.3053382978,-7.9444444444,0.0000000000
-50.3053382978,-8.1851851852,0.0000000000
-43.0442755502,-7.7037037037,0.0000000000
-50.3053382978,-7.4629629630,0.0000000000
-50.3053382978,-7.7037037037,0.0000000000
-43.0442755502,-7.2222222222,0.0000000000
-50.3053382978,-6.9814814815,0.0000000000
-50.3053382978,-7.2222222222,0.0000000000
-43.0442755502,-6.7407407407,0.0000000000
-50.3053382978,-6.5000000000,0.0000000000
-50.3053382978,-6.7407407407,0.0000000000
-43.0442755502,-6.2592592593,0.0000000000
-50.3053382978,-6.0185185185,0.0000000000
-50.3053382978,-6.2592592593,0.0000000000
-43.0442755502,-5.7777777778,0.0000000000
-50.3053382978,-5.5370370370,0.0000000000
-50.3053382978,-5.7777777778,0.0000000000
-43.0442755502,-5.2962962963,0.0000000000
-50.3053382978,-5.0555555556,0.0000000000
-50.3053382978,-5.2962962963,0.0000000000
-43.0442755502,-4.8148148148,0.0000000000
-50.3053382978,-4.5740740741,0.0000000000
-50.3053382978,-4.8148148148,0.0000000000
-43.0442755502,-4.3333333333,0.0000000000
-50.3053382978,-4.0925925926,0.0000000000
-50.3053382978,-4.3333333333,0.0000000000
-43.0442755502,-3.8518518519,0.0000000000
-50.3053382978,-3.6111111111,0.0000000000
-50.3053382978,-3.8518518519,0.0000000000
-43.0442755502,-3.3703703704,0.0000000000
-50.3053382978,-3.1296296296,0.0000000000
-50.3053382978,-3.3703703704,0.0000000000
-43.0442755502,-2.8888888889,0.0000000000
-50.3053382978,-2.6481481482,0.0000000000
-50.3053382978,-2.8888888889,0.0000000000
-43.0442755502,-2.4074074074,0.0000000000
-50.3053382978,-2.1666666667,0.0000000000
-50.3053382978,-2.4074074074,0.0000000000
-43.0442755502,-1.9259259259,0.0000000000
-50.3053382978,-1.6851851852,0.0000000000
-50.3053382978,-1.9259259259,0.0000000000
-43.0442755502,-1.4444444444,0.0000000000
-50.3053382978,-1.2037037037,0.0000000000
-50.3053382978,-1.4444444444,0.0000000000
-43.0442755502,-0.9629629630,0.0000000000
-50.3053382978,-0.7222222222,0.0000000000
-50.3053382978,-0.9629629630,0.0000000000
-43.0442755502,-0.4814814815,0.0000000000
-50.3053382978,-0.2407407407,0.0000000000
-50.3053382978,-0.4814814815,0.0000000000
-43.0442755502,-0.0000000000,0.0000000000
-50.3053382978,0.2407407407,0.0000000000
-50.3053382978,-0.0000000000,0.0000000000
-43.0442755502,0.4814814815,0.0000000000
-50.3053382978,0.7222222222,0.0000000000
-50.3053382978,0.4814814815,0.0000000000
-43.0442755502,0.9629629630,0.0000000000
-50.3053382978,1.2037037037,0.0000000000
-50.3053382978,0.9629629630,0.0000000000
-43.0442755502,1.4444444444,0.0000000000
-50.3053382978,1.6851851852,0.0000000000
-50.3053382978,1.4444444444,0.0000000000
-43.0442755502,1.9259259259,0.0000000000
-50.3053382978,2.1666666667,0.0000000000
-50.3053382978,1.9259259259,0.0000000000
-43.0442755502,2.4074074074,0.0000000000
-50.3053382978,2.6481481481,0.0000000000
-50.3053382978,2.4074074074,0.0000000000
-43.0442755502,2.8888888889,0.0000000000
-50.3053382978,3.1296296296,0.0000000000
-50.3053382978,2.8888888889,0.0000000000
-43.0442755502,3.3703703704,0.0000000000
-50.3053382978,3.6111111111,0.0000000000
-50.3053382978,3.3703703704,0.0000000000
-43.0442755502,3.8518518518,0.0000000000
-50.3053382978,4.0925925926,0.0000000000
-50.3053382978,3.8518518518,0.0000000000
-43.0442755502,4.3333333333,0.0000000000
-50.3053382978,4.5740740741,0.0000000000
-50.3053382978,4.3333333333,0.0000000000
-43.0442755502,4.8148148148,0.0000000000
-50.3053382978,5.0555555556,0.0000000000
-50.3053382978,4.8148148148,0.0000000000
-43.0442755502,5.2962962963,0.0000000000
-50.3053382978,5.5370370370,0.0000000000
-50.3053382978,5.2962962963,0.0000000000
-43.0442755502,5.7777777778,0.0000000000
-50.3053382978,6.0185185185,0.0000000000
-50.3053382978,5.7777777778,0.0000000000
-43.0442755502,6.2592592593,0.0000000000
-50.3053382978,6.5000000000,0.0000000000
-50.3053382978,6.2592592593,0.0000000000
-43.0442755502,6.7407407407,0.0000000000
-50.3053382978,6.9814814815,0.0000000000
-50.3053382978,6.7407407407,0.0000000000
-43.0442755502,7.2222222222,0.0000000000
-50.3053382978,7.4629629630,0.0000000000
-50.3053382978,7.2222222222,0.0000000000
-43.0442755502,7.7037037037,0.0000000000
-50.3053382978,7.9444444444,0.0000000000
-50.3053382978,7.7037037037,0.0000000000
-43.0442755502,8.1851851852,0.0000000000
-50.3053382978,8.4259259259,0.0000000000
-50.3053382978,8.1851851852,0.0000000000
-43.0442755502,8.6666666667,0.0000000000
-50.3053382978,8.9074074074,0.0000000000
-50.3053382978,8.6666666667,0.0000000000
-43.0442755502,9.1481481481,0.0000000000
-50.3053382978,9.3888888889,0.0000000000
-50.3053382978,9.1481481481,0.0000000000
-43.0442755502,9.6296296296,0.0000000000
-50.3053382978,9.8703703704,0.0000000000
-50.3053382978,9.6296296296,0.0000000000
-43.0442755502,10.1111111111,0.0000000000
-50.3053382978,10.3518518518,0.0000000000
-50.3053382978,10.1111111111,0.0000000000
-43.0442755502,10.5925925926,0.0000000000
-50.3053382978,10.8333333333,0.0000000000
-50.3053382978,10.5925925926,0.0000000000
-43.0442755502,11.0740740741,0.0000000000
-50.3053382978,11.3148148148,0.0000000000
-50.3053382978,11.0740740741,0.0000000000
-43.0442755502,11.5555555555,0.0000000000
-50.3053382978,11.7962962963,0.0000000000
-50.3053382978,11.5555555555,0.0000000000
-43.0442755502,12.0370370370,0.0000000000
-50.3053382978,12.2777777778,0.0000000000
-50.3053382978,12.0370370370,0.0000000000
-43.0442755502,12.5185185185,0.0000000000
-50.3053382978,12.7592592593,0.0000000000
-50.3053382978,12.5185185185,0.0000000000
-43.0442755502,13.0000000000,0.0000000000
-50.3053382978,13.2407407407,0.0000000000
-50.3053382978,13.0000000000,0.0000000000
-43.0442755502,13.4814814815,0.0000000000
-50.3053382978,13.7222222222,0.0000000000
-50.3053382978,13.4814814815,0.0000000000
-43.0442755502,13.9629629630,0.0000000000
-50.3053382978,14.2037037037,0.0000000000
-50.3053382978,13.9629629630,0.0000000000
-43.0442755502,14.4444444444,0.0000000000
-50.3053382978,14.6851851852,0.0000000000
-50.3053382978,14.4444444444,0.0000000000
-43.0442755502,14.9259259259,0.0000000000
-50.3053382978,15.1666666667,0.0000000000
-50.3053382978,14.9259259259,0.0000000000
-43.0442755502,15.4074074074,0.0000000000
-50.3053382978,15.6481481481,0.0000000000
-50.3053382978,15.4074074074,0.0000000000
-43.0442755502,15.8888888889,0.0000000000
-50.3053382978,16.1296296296,0.0000000000
-50.3053382978,15.8888888889,0.0000000000
-43.0442755502,16.3703703704,0.0000000000
-50.3053382978,16.6111111111,0.0000000000
-50.3053382978,16.3703703704,0.0000000000
-43.0442755502,16.8518518518,0.0000000000
-50.3053382978,17.0925925926,0.0000000000
-50.3053382978,16.8518518518,0.0000000000
-43.0442755502,17.3333333333,0.0000000000
-50.3053382978,17.5740740741,0.0000000000
-50.3053382978,17.3333333333,0.0000000000
-43.0442755502,17.8148148148,0.0000000000
-50.3053382978,18.0555555555,0.0000000000
-50.3053382978,17.8148148148,0.0000000000
-43.0442755502,18.2962962963,0.0000000000
-50.3053382978,18.5370370370,0.0000000000
-50.3053382978,18.2962962963,0.0000000000
-43.0442755502,18.7777777778,0.0000000000
-50.3053382978,19.0185185185,0.0000000000
-50.3053382978,18.7777777778,0.0000000000
-43.0442755502,19.2592592593,0.0000000000
-50.3053382978,19.5000000000,0.0000000000
-50.3053382978,19.2592592593,0.0000000000
-43.0442755502,19.7407407407,0.0000000000
-50.3053382978,19.9814814815,0.0000000000
-50.3053382978,19.7407407407,0.0000000000
-43.0442755502,20.2222222222,0.0000000000
-50.3053382978,20.4629629630,0.0000000000
-50.3053382978,20.2222222222,0.0000000000
-43.0442755502,20.7037037037,0.0000000000
-50.3053382978,20.9444444444,0.0000000000
-50.3053382978,20.7037037037,0.0000000000
-43.0442755502,21.1851851852,0.0000000000
-50.3053382978,21.4259259259,0.0000000000
-50.3053382978,21.1851851852,0.0000000000
-43.0442755502,21.6666666667,0.0000000000
-50.3053382978,21.9074074074,0.0000000000
-50.3053382978,21.6666666667,0.0000000000
-43.0442755502,22.1481481481,0.0000000000
-50.3053382978,22.3888888889,0.0000000000
-50.3053382978,22.1481481481,0.0000000000
-43.0442755502,22.6296296296,0.0000000000
-50.3053382978,22.8703703704,0.0000000000
-50.3053382978,22.6296296296,0.0000000000
-43.0442755502,23.1111111111,0.0000000000
-50.3053382978,23.3518518518,0.0000000000
-50.3053382978,23.1111111111,0.0000000000
-43.0442755502,23.5925925926,0.0000000000
-50.3053382978,23.8333333333,0.0000000000
-50.3053382978,23.5925925926,0.0000000000
-43.0442755502,24.0740740741,0.0000000000
-50.3053382978,24.3148148148,0.0000000000
-50.3053382978,24.0740740741,0.0000000000
-43.0442755502,24.5555555555,0.0000000000
-50.3053382978,24.7962962963,0.0000000000
-50.3053382978,24.5555555555,0.0000000000
-43.0442755502,25.0370370370,0.0000000000
-50.3053382978,25.2777777778,0.0000000000
-50.3053382978,25.0370370370,0.0000000000
-43.0442755502,25.5185185185,0.0000000000
-50.3053382978,25.7592592593,0.0000000000
-50.3053382978,25.5185185185,0.0000000000
-43.0442755502,26.0000000000,0.0000000000
-50.3053382978,26.2407407407,0.0000000000
-50.3053382978,26.0000000000,0.0000000000
-43.0442755502,26.4814814815,0.0000000000
-50.3053382978,26.7222222222,0.0000000000
-50.3053382978,26.4814814815,0.0000000000
-43.0442755502,26.9629629630,0.0000000000
-50.3053382978,27.2037037037,0.0000000000
-50.3053382978,26.9629629630,0.0000000000
-43.0442755502,27.4444444444,0.0000000000
-50.3053382978,27.6851851852,0.0000000000
-50.3053382978,27.4444444444,0.0000000000
-43.0442755502,27.9259259259,0.0000000000
-50.3053382978,28.1666666667,0.0000000000
-50.3053382978,27.9259259259,0.0000000000
-43.0442755502,28.4074074074,0.0000000000
-50.3053382978,28.6481481481,0.0000000000
-50.3053382978,28.4074074074,0.0000000000
-43.0442755502,28.8888888889,0.0000000000
-50.3053382978,29.1296296296,0.0000000000
-50.3053382978,28.8888888889,0.0000000000
-43.0442755502,29.3703703704,0.0000000000
-50.3053382978,29.6111111111,0.0000000000
-50.3053382978,29.3703703704,0.0000000000
-43.0442755502,29.8518518518,0.0000000000
-50.3053382978,30.0925925926,0.0000000000
-50.3053382978,29.8518518518,0.0000000000
-43.0442755502,30.3333333333,0.0000000000
-50.3053382978,30.5740740741,0.0000000000
-50.3053382978,30.3333333333,0.0000000000
-43.0442755502,30.8148148148,0.0000000000
-50.3053382978,31.0555555555,0.0000000000
-50.3053382978,30.8148148148,0.0000000000
-43.0442755502,31.2962962963,0.0000000000
-50.3053382978,31.5370370370,0.0000000000
-50.3053382978,31.2962962963,0.0000000000
-43.0442755502,31.7777777778,0.0000000000
-50.3053382978,32.0185185185,0.0000000000
-50.3053382978,31.7777777778,0.0000000000
-43.0442755502,32.2592592593,0.0000000000
-50.3053382978,32.2592592593,0.0000000000
-25.6177239468,-32.2592592593,0.0000000000
-34.3309997485,-32.0185185185,0.0000000000
-34.3309997485,-32.2592592593,0.0000000000
-25.6177239468,-31.7777777778,0.0000000000
-34.3309997485,-31.5370370370,0.0000000000
-34.3309997485,-31.7777777778,0.0000000000
-25.6177239468,-31.2962962963,0.0000000000
-34.3309997485,-31.0555555556,0.0000000000
-34.3309997485,-31.2962962963,0.0000000000
-25.6177239468,-30.8148148148,0.0000000000
-34.3309997485,-30.5740740741,0.0000000000
-34.3309997485,-30.8148148148,0.0000000000
-25.6177239468,-30.3333333333,0.0000000000
-34.3309997485,-30.0925925926,0.0000000000
-34.3309997485,-30.3333333333,0.0000000000
-25.6177239468,-29.8518518519,0.0000000000
-34.3309997485,-29.6111111111,0.0000000000
-34.3309997485,-29.8518518519,0.0000000000
-25.6177239468,-29.3703703704,0.0000000000
-34.3309997485,-29.1296296296,0.0000000000
-34.3309997485,-29.3703703704,0.0000000000
-25.6177239468,-28.8888888889,0.0000000000
-34.3309997485,-28.6481481481,0.0000000000
-34.3309997485,-28.8888888889,0.0000000000
-25.6177239468,-28.4074074074,0.0000000000
-34.3309997485,-28.1666666667,0.0000000000
-34.3309997485,-28.4074074074,0.0000000000
-25.6177239468,-27.9259259259,0.0000000000
-34.3309997485,-27.6851851852,0.0000000000
-34.3309997485,-27.9259259259,0.0000000000
-25.6177239468,-27.4444444444,0.0000000000
-34.3309997485,-27.2037037037,0.0000000000
-34.3309997485,-27.4444444444,0.0000000000
-25.6177239468,-26.9629629630,0.0000000000
-34.3309997485,-26.7222222222,0.0000000000
-34.3309997485,-26.9629629630,0.0000000000
-25.6177239468,-26.4814814815,0.0000000000
-34.3309997485,-26.2407407407,0.0000000000
-34.3309997485,-26.4814814815,0.0000000000
-25.6177239468,-26.0000000000,0.0000000000
-34.3309997485,-25.7592592593,0.0000000000
-34.3309997485,-26.0000000000,0.0000000000
-25.6177239468,-25.5185185185,0.0000000000
-34.3309997485,-25.2777777778,0.0000000000
-34.3309997485,-25.5185185185,0.0000000000
-25.6177239468,-25.0370370370,0.0000000000
-34.3309997485,-24.7962962963,0.0000000000
-34.3309997485,-25.0370370370,0.0000000000
-25.6177239468,-24.5555555556,0.0000000000
-34.3309997485,-24.3148148148,0.0000000000
-34.3309997485,-24.5555555556,0.0000000000
-25.6177239468,-24.0740740741,0.0000000000
-34.3309997485,-23.8333333333,0.0000000000
-34.3309997485,-24.0740740741,0.0000000000
-25.6177239468,-23.5925925926,0.0000000000
-34.3309997485,-23.3518518519,0.0000000000
-34.3309997485,-23.5925925926,0.0000000000
-25.6177239468,-23.1111111111,0.0000000000
-34.3309997485,-22.8703703704,0.0000000000
-34.3309997485,-23.1111111111,0.0000000000
-25.6177239468,-22.6296296296,0.0000000000
-34.3309997485,-22.3888888889,0.0000000000
-34.3309997485,-22.6296296296,0.0000000000
-25.6177239468,-22.1481481481,0.0000000000
-34.3309997485,-21.9074074074,0.0000000000
-34.3309997485,-22.1481481481,0.0000000000
-25.6177239468,-21.6666666667,0.0000000000
-34.3309997485,-21.4259259259,0.0000000000
-34.3309997485,-21.6666666667,0.0000000000
-25.6177239468,-21.1851851852,0.0000000000
-34.3309997485,-20.9444444444,0.0000000000
-34.3309997485,-21.1851851852,0.0000000000
-25.6177239468,-20.7037037037,0.0000000000
-34.3309997485,-20.4629629630,0.0000000000
-34.3309997485,-20.7037037037,0.0000000000
-25.6177239468,-20.2222222222,0.0000000000
-34.3309997485,-19.9814814815,0.0000000000
-34.3309997485,-20.2222222222,0.0000000000
-25.6177239468,-19.7407407407,0.0000000000
-34.3309997485,-19.5000000000,0.0000000000
-34.3309997485,-19.7407407407,0.0000000000
-25.6177239468,-19.2592592593,0.0000000000
-34.3309997485,-19.0185185185,0.0000000000
-34.3309997485,-19.2592592593,0.0000000000
-25.6177239468,-18.7777777778,0.0000000000
-34.3309997485,-18.5370370370,0.0000000000
-34.3309997485,-18.7777777778,0.0000000000
-25.6177239468,-18.2962962963,0.0000000000
-34.3309997485,-18.0555555556,0.0000000000
-34.3309997485,-18.2962962963,0.0000000000
-25.6177239468,-17.8148148148,0.0000000000
-34.3309997485,-17.5740740741,0.0000000000
-34.3309997485,-17.8148148148,0.0000000000
-25.6177239468,-17.3333333333,0.0000000000
-34.3309997485,-17.0925925926,0.0000000000
-34.3309997485,-17.3333333333,0.0000000000
-25.6177239468,-16.8518518519,0.0000000000
-34.3309997485,-16.6111111111,0.0000000000
-34.3309997485,-16.8518518519,0.0000000000
-25.6177239468,-16.3703703704,0.0000000000
-34.3309997485,-16.1296296296,0.0000000000
-34.3309997485,-16.3703703704,0.0000000000
-25.6177239468,-15.8888888889,0.0000000000
-34.3309997485,-15.6481481482,0.0000000000
-34.3309997485,-15.8888888889,0.0000000000
-25.6177239468,-15.4074074074,0.0000000000
-34.3309997485,-15.1666666667,0.0000000000
-34.3309997485,-15.4074074074,0.0000000000
-25.6177239468,-14.9259259259,0.0000000000
-34.3309997485,-14.6851851852,0.0000000000
-34.3309997485,-14.9259259259,0.0000000000
-25.6177239468,-14.4444444444,0.0000000000
-34.3309997485,-14.2037037037,0.0000000000
-34.3309997485,-14.4444444444,0.0000000000
-25.6177239468,-13.9629629630,0.0000000000
-34.3309997485,-13.7222222222,0.0000000000
-34.3309997485,-13.9629629630,0.0000000000
-25.6177239468,-13.4814814815,0.0000000000
-34.3309997485,-13.2407407407,0.0000000000
-34.3309997485,-13.4814814815,0.0000000000
-25.6177239468,-13.0000000000,0.0000000000
-34.3309997485,-12.7592592593,0.0000000000
-34.3309997485,-13.0000000000,0.0000000000
-25.6177239468,-12.5185185185,0.0000000000
-34.3309997485,-12.2777777778,0.0000000000
-34.3309997485,-12.5185185185,0.0000000000
-25.6177239468,-12.0370370370,0.0000000000
-34.3309997485,-11.7962962963,0.0000000000
-34.3309997485,-12.0370370370,0.0000000000
-25.6177239468,-11.5555555556,0.0000000000
-34.3309997485,-11.3148148148,0.0000000000
-34.3309997485,-11.5555555556,0.0000000000
-25.6177239468,-11.0740740741,0.0000000000
-34.3309997485,-10.8333333333,0.0000000000
-34.3309997485,-11.0740740741,0.0000000000
-25.6177239468,-10.5925925926,0.0000000000
-34.3309997485,-10.3518518519,0.0000000000
-34.3309997485,-10.5925925926,0.0000000000
-25.6177239468,-10.1111111111,0.0000000000
-34.3309997485,-9.8703703704,0.0000000000
-34.3309997485,-10.1111111111,0.0000000000
-25.6177239468,-9.6296296296,0.0000000000
-34.3309997485,-9.3888888889,0.0000000000
-34.3309997485,-9.6296296296,0.0000000000
-25.6177239468,-9.1481481482,0.0000000000
-34.3309997485,-8.9074074074,0.0000000000
-34.3309997485,-9.1481481482,0.0000000000
-25.6177239468,-8.6666666667,0.0000000000
-34.3309997485,-8.4259259259,0.0000000000
-34.3309997485,-8.6666666667,0.0000000000
-25.6177239468,-8.1851851852,0.0000000000
-34.3309997485,-7.9444444444,0.0000000000
-34.3309997485,-8.1851851852,0.0000000000
-25.6177239468,-7.7037037037,0.0000000000
-34.3309997485,-7.4629629630,0.0000000000
-34.3309997485,-7.7037037037,0.0000000000
-25.6177239468,-7.2222222222,0.0000000000
-34.3309997485,-6.9814814815,0.0000000000
-34.3309997485,-7.2222222222,0.0000000000
-25.6177239468,-6.7407407407,0.0000000000
-34.3309997485,-6.5000000000,0.0000000000
-34.3309997485,-6.7407407407,0.0000000000
-25.6177239468,-6.2592592593,0.0000000000
-34.3309997485,-6.0185185185,0.0000000000
-34.3309997485,-6.2592592593,0.0000000000
-25.6177239468,-5.7777777778,0.0000000000
-34.3309997485,-5.5370370370,0.0000000000
-34.3309997485,-5.7777777778,0.0000000000
-25.6177239468,-5.2962962963,0.0000000000
-34.3309997485,-5.0555555556,0.0000000000
-34.3309997485,-5.2962962963,0.0000000000
-25.6177239468,-4.8148148148,0.0000000000
-34.3309997485,-4.5740740741,0.0000000000
-34.3309997485,-4.8148148148,0.0000000000
-25.6177239468,-4.3333333333,0.0000000000
-34.3309997485,-4.0925925926,0.0000000000
-34.3309997485,-4.3333333333,0.0000000000
-25.6177239468,-3.8518518519,0.0000000000
-34.3309997485,-3.6111111111,0.0000000000
-34.3309997485,-3.8518518519,0.0000000000
-25.6177239468,-3.3703703704,0.0000000000
-34.3309997485,-3.1296296296,0.0000000000
-34.3309997485,-3.3703703704,0.0000000000
-25.6177239468,-2.8888888889,0.0000000000
-34.3309997485,-2.6481481482,0.0000000000
-34.3309997485,-2.8888888889,0.0000000000
-25.6177239468,-2.4074074074,0.0000000000
-34.3309997485,-2.1666666667,0.0000000000
-34.3309997485,-2.4074074074,0.0000000000
-25.6177239468,-1.9259259259,0.0000000000
-34.3309997485,-1.6851851852,0.0000000000
-34.3309997485,-1.9259259259,0.0000000000
-25.6177239468,-1.4444444444,0.0000000000
-34.3309997485,-1.2037037037,0.0000000000
-34.3309997485,-1.4444444444,0.0000000000
-25.6177239468,-0.9629629630,0.0000000000
-34.3309997485,-0.7222222222,0.0000000000
-34.3309997485,-0.9629629630,0.0000000000
-25.6177239468,-0.4814814815,0.0000000000
-34.3309997485,-0.2407407407,0.0000000000
-34.3309997485,-0.4814814815,0.0000000000
-25.6177239468,-0.0000000000,0.0000000000
-34.3309997485,0.2407407407,0.0000000000
-34.3309997485,-0.0000000000,0.0000000000
-25.6177239468,0.4814814815,0.0000000000
-34.3309997485,0.7222222222,0.0000000000
-34.3309997485,0.4814814815,0.0000000000
-25.6177239468,0.9629629630,0.0000000000
-34.3309997485,1.2037037037,0.0000000000
-34.3309997485,0.9629629630,0.0000000000
-25.6177239468,1.4444444444,0.0000000000
-34.3309997485,1.6851851852,0.0000000000
-34.3309997485,1.4444444444,0.0000000000
-25.6177239468,1.9259259259,0.0000000000
-34.3309997485,2.1666666667,0.0000000000
-34.3309997485,1.9259259259,0.0000000000
-25.6177239468,2.4074074074,0.0000000000
-34.3309997485,2.6481481481,0.0000000000
-34.3309997485,2.4074074074,0.0000000000
-25.6177239468,2.8888888889,0.0000000000
-34.3309997485,3.1296296296,0.0000000000
-34.3309997485,2.8888888889,0.0000000000
-25.6177239468,3.3703703704,0.0000000000
-34.3309997485,3.6111111111,0.0000000000
-34.3309997485,3.3703703704,0.0000000000
-25.6177239468,3.8518518518,0.0000000000
-34.3309997485,4.0925925926,0.0000000000
-34.3309997485,3.8518518518,0.0000000000
-25.6177239468,4.3333333333,0.0000000000
-34.3309997485,4.5740740741,0.0000000000
-34.3309997485,4.3333333333,0.0000000000
-25.6177239468,4.8148148148,0.0000000000
-34.3309997485,5.0555555556,0.0000000000
-34.3309997485,4.8148148148,0.0000000000
-25.6177239468,5.2962962963,0.0000000000
-34.3309997485,5.5370370370,0.0000000000
-34.3309997485,5.2962962963,0.0000000000
-25.6177239468,5.7777777778,0.0000000000
-34.3309997485,6.0185185185,0.0000000000
-34.3309997485,5.7777777778,0.0000000000
-25.6177239468,6.2592592593,0.0000000000
-34.3309997485,6.5000000000,0.0000000000
-34.3309997485,6.2592592593,0.0000000000
-25.6177239468,6.7407407407,0.0000000000
-34.3309997485,6.9814814815,0.0000000000
-34.3309997485,6.7407407407,0.0000000000
-25.6177239468,7.2222222222,0.0000000000
-34.3309997485,7.4629629630,0.0000000000
-34.3309997485,7.2222222222,0.0000000000
-25.6177239468,7.7037037037,0.0000000000
-34.3309997485,7.9444444444,0.0000000000
-34.3309997485,7.7037037037,0.0000000000
-25.6177239468,8.1851851852,0.0000000000
-34.3309997485,8.4259259259,0.0000000000
-34.3309997485,8.1851851852,0.0000000000
-25.6177239468,8.6666666667,0.0000000000
-34.3309997485,8.9074074074,0.0000000000
-34.3309997485,8.6666666667,0.0000000000
-25.6177239468,9.1481481481,0.0000000000
-34.3309997485,9.3888888889,0.0000000000
-34.3309997485,9.1481481481,0.0000000000
-25.6177239468,9.6296296296,0.0000000000
-34.3309997485,9.8703703704,0.0000000000
-34.3309997485,9.6296296296,0.0000000000
-25.6177239468,10.1111111111,0.0000000000
-34.3309997485,10.3518518518,0.0000000000
-34.3309997485,10.1111111111,0.0000000000
-25.6177239468,10.5925925926,0.0000000000
-34.3309997485,10.8333333333,0.0000000000
-34.3309997485,10.5925925926,0.0000000000
-25.6177239468,11.0740740741,0.0000000000
-34.3309997485,11.3148148148,0.0000000000
-34.3309997485,11.0740740741,0.0000000000
-25.6177239468,11.5555555555,0.0000000000
-34.3309997485,11.7962962963,0.0000000000
-34.3309997485,11.5555555555,0.0000000000
-25.6177239468,12.0370370370,0.0000000000
-34.3309997485,12.2777777778,0.0000000000
-34.3309997485,12.0370370370,0.0000000000
-25.6177239468,12.5185185185,0.0000000000
-34.3309997485,12.7592592593,0.0000000000
-34.3309997485,12.5185185185,0.0000000000
-25.6177239468,13.0000000000,0.0000000000
-34.3309997485,13.2407407407,0.0000000000
-34.3309997485,13.0000000000,0.0000000000
-25.6177239468,13.4814814815,0.0000000000
-34.3309997485,13.7222222222,0.0000000000
-34.3309997485,13.4814814815,0.0000000000
-25.6177239468,13.9629629630,0.0000000000
-34.3309997485,14.2037037037,0.0000000000
-34.3309997485,13.9629629630,0.0000000000
-25.6177239468,14.4444444444,0.0000000000
-34.3309997485,14.6851851852,0.0000000000
-34.3309997485,14.4444444444,0.0000000000
-25.6177239468,14.9259259259,0.0000000000
-34.3309997485,15.1666666667,0.0000000000
-34.3309997485,14.9259259259,0.0000000000
-25.6177239468,15.4074074074,0.0000000000
-34.3309997485,15.6481481481,0.0000000000
-34.3309997485,15.4074074074,0.0000000000
-25.6177239468,15.8888888889,0.0000000000
-34.3309997485,16.1296296296,0.0000000000
-34.3309997485,15.8888888889,0.0000000000
-25.6177239468,16.3703703704,0.0000000000
-34.3309997485,16.6111111111,0.0000000000
-34.3309997485,16.3703703704,0.0000000000
-25.6177239468,16.8518518518,0.0000000000
-34.3309997485,17.0925925926,0.0000000000
-34.3309997485,16.8518518518,0.0000000000
-25.6177239468,17.3333333333,0.0000000000
-34.3309997485,17.5740740741,0.0000000000
-34.3309997485,17.3333333333,0.0000000000
-25.6177239468,17.8148148148,0.0000000000
-34.3309997485,18.0555555555,0.0000000000
-34.3309997485,17.8148148148,0.0000000000
-25.6177239468,18.2962962963,0.0000000000
-34.3309997485,18.5370370370,0.0000000000
-34.3309997485,18.2962962963,0.0000000000
-25.6177239468,18.7777777778,0.0000000000
-34.3309997485,19.0185185185,0.0000000000
-34.3309997485,18.7777777778,0.0000000000
-25.6177239468,19.2592592593,0.0000000000
-34.3309997485,19.5000000000,0.0000000000
-34.3309997485,19.2592592593,0.0000000000
-25.6177239468,19.7407407407,0.0000000000
-34.3309997485,19.9814814815,0.0000000000
-34.3309997485,19.7407407407,0.0000000000
-25.6177239468,20.2222222222,0.0000000000
-34.3309997485,20.4629629630,0.0000000000
-34.3309997485,20.2222222222,0.0000000000
-25.6177239468,20.7037037037,0.0000000000
-34.3309997485,20.9444444444,0.0000000000
-34.3309997485,20.7037037037,0.0000000000
-25.6177239468,21.1851851852,0.0000000000
-34.3309997485,21.4259259259,0.0000000000
-34.3309997485,21.1851851852,0.0000000000
-25.6177239468,21.6666666667,0.0000000000
-34.3309997485,21.9074074074,0.0000000000
-34.3309997485,21.6666666667,0.0000000000
-25.6177239468,22.1481481481,0.0000000000
-34.3309997485,22.3888888889,0.0000000000
-34.3309997485,22.1481481481,0.0000000000
-25.6177239468,22.6296296296,0.0000000000
-34.3309997485,22.8703703704,0.0000000000
-34.3309997485,22.6296296296,0.0000000000
-25.6177239468,23.1111111111,0.0000000000
-34.3309997485,23.3518518518,0.0000000000
-34.3309997485,23.1111111111,0.0000000000
-25.6177239468,23.5925925926,0.0000000000
-34.3309997485,23.8333333333,0.0000000000
-34.3309997485,23.5925925926,0.0000000000
-25.6177239468,24.0740740741,0.0000000000
-34.3309997485,24.3148148148,0.0000000000
-34.3309997485,24.0740740741,0.0000000000
-25.6177239468,24.5555555555,0.0000000000
-34.3309997485,24.7962962963,0.0000000000
-34.3309997485,24.5555555555,0.0000000000
-25.6177239468,25.0370370370,0.0000000000
-34.3309997485,25.2777777778,0.0000000000
-34.3309997485,25.0370370370,0.0000000000
-25.6177239468,25.5185185185,0.0000000000
-34.3309997485,25.7592592593,0.0000000000
-34.3309997485,25.5185185185,0.0000000000
-25.6177239468,26.0000000000,0.0000000000
-34.3309997485,26.2407407407,0.0000000000
-34.3309997485,26.0000000000,0.0000000000
-25.6177239468,26.4814814815,0.0000000000
-34.3309997485,26.7222222222,0.0000000000
-34.3309997485,26.4814814815,0.0000000000
-25.6177239468,26.9629629630,0.0000000000
-34.3309997485,27.2037037037,0.0000000000
-34.3309997485,26.9629629630,0.0000000000
-25.6177239468,27.4444444444,0.0000000000
-34.3309997485,27.6851851852,0.0000000000
-34.3309997485,27.4444444444,0.0000000000
-25.6177239468,27.9259259259,0.0000000000
-34.3309997485,28.1666666667,0.0000000000
-34.3309997485,27.9259259259,0.0000000000
-25.6177239468,28.4074074074,0.0000000000
-34.3309997485,28.6481481481,0.0000000000
-34.3309997485,28.4074074074,0.0000000000
-25.6177239468,28.8888888889,0.0000000000
-34.3309997485,29.1296296296,0.0000000000
-34.3309997485,28.8888888889,0.0000000000
-25.6177239468,29.3703703704,0.0000000000
-34.3309997485,29.6111111111,0.0000000000
-34.3309997485,29.3703703704,0.0000000000
-25.6177239468,29.8518518518,0.0000000000
-34.3309997485,30.0925925926,0.0000000000
-34.3309997485,29.8518518518,0.0000000000
-25.6177239468,30.3333333333,0.0000000000
-34.3309997485,30.5740740741,0.0000000000
-34.3309997485,30.3333333333,0.0000000000
-25.6177239468,30.8148148148,0.0000000000
-34.3309997485,31.0555555555,0.0000000000
-34.3309997485,30.8148148148,0.0000000000
-25.6177239468,31.2962962963,0.0000000000
-34.3309997485,31.5370370370,0.0000000000
-34.3309997485,31.2962962963,0.0000000000
-25.6177239468,31.7777777778,0.0000000000
-34.3309997485,32.0185185185,0.0000000000
-34.3309997485,31.7777777778,0.0000000000
-25.6177239468,32.2592592593,0.0000000000
-34.3309997485,32.2592592593,0.0000000000
-4.7058615868,-32.2592592593,0.0000000000
-15.1617927668,-32.0185185185,0.0000000000
-15.1617927668,-32.2592592593,0.0000000000
-4.7058615868,-31.7777777778,0.0000000000
-15.1617927668,-31.5370370370,0.0000000000
-15.1617927668,-31.7777777778,0.0000000000
-4.7058615868,-31.2962962963,0.0000000000
-15.1617927668,-31.0555555556,0.0000000000
-15.1617927668,-31.2962962963,0.0000000000
-4.7058615868,-30.8148148148,0.0000000000
-15.1617927668,-30.5740740741,0.0000000000
-15.1617927668,-30.8148148148,0.0000000000
-4.7058615868,-30.3333333333,0.0000000000
-15.1617927668,-30.0925925926,0.0000000000
-15.1617927668,-30.3333333333,0.0000000000
-4.7058615868,-29.8518518519,0.0000000000
-15.1617927668,-29.6111111111,0.0000000000
-15.1617927668,-29.8518518519,0.0000000000
-4.7058615868,-29.3703703704,0.0000000000
-15.1617927668,-29.1296296296,0.0000000000
-15.1617927668,-29.3703703704,0.0000000000
-4.7058615868,-28.8888888889,0.0000000000
-15.1617927668,-28.6481481481,0.0000000000
-15.1617927668,-28.8888888889,0.0000000000
-4.7058615868,-28.4074074074,0.0000000000
-15.1617927668,-28.1666666667,0.0000000000
-15.1617927668,-28.4074074074,0.0000000000
-4.7058615868,-27.9259259259,0.0000000000
-15.1617927668,-27.6851851852,0.0000000000
-15.1617927668,-27.9259259259,0.0000000000
-4.7058615868,-27.4444444444,0.0000000000
-15.1617927668,-27.2037037037,0.0000000000
-15.1617927668,-27.4444444444,0.0000000000
-4.7058615868,-26.9629629630,0.0000000000
-15.1617927668,-26.7222222222,0.0000000000
-15.1617927668,-26.9629629630,0.0000000000
-4.7058615868,-26.4814814815,0.0000000000
-15.1617927668,-26.2407407407,0.0000000000
-15.1617927668,-26.4814814815,0.0000000000
-4.7058615868,-26.0000000000,0.0000000000
-15.1617927668,-25.7592592593,0.0000000000
-15.1617927668,-26.0000000000,0.0000000000
-4.7058615868,-25.5185185185,0.0000000000
-15.1617927668,-25.2777777778,0.0000000000
-15.1617927668,-25.5185185185,0.0000000000
-4.7058615868,-25.0370370370,0.0000000000
-15.1617927668,-24.7962962963,0.0000000000
-15.1617927668,-25.0370370370,0.0000000000
-4.7058615868,-24.5555555556,0.0000000000
-15.1617927668,-24.3148148148,0.0000000000
-15.1617927668,-24.5555555556,0.0000000000
-4.7058615868,-24.0740740741,0.0000000000
-15.1617927668,-23.8333333333,0.0000000000
-15.1617927668,-24.0740740741,0.0000000000
-4.7058615868,-23.5925925926,0.0000000000
-15.1617927668,-23.3518518519,0.0000000000
-15.1617927668,-23.5925925926,0.0000000000
-4.7058615868,-23.1111111111,0.0000000000
-15.1617927668,-22.8703703704,0.0000000000
-15.1617927668,-23.1111111111,0.0000000000
-4.7058615868,-22.6296296296,0.0000000000
-15.1617927668,-22.3888888889,0.0000000000
-15.1617927668,-22.6296296296,0.0000000000
-4.7058615868,-22.1481481481,0.0000000000
-15.1617927668,-21.9074074074,0.0000000000
-15.1617927668,-22.1481481481,0.0000000000
-4.7058615868,-21.6666666667,0.0000000000
-15.1617927668,-21.4259259259,0.0000000000
-15.1617927668,-21.6666666667,0.0000000000
-4.7058615868,-21.1851851852,0.0000000000
-15.1617927668,-20.9444444444,0.0000000000
-15.1617927668,-21.1851851852,0.0000000000
-4.7058615868,-20.7037037037,0.0000000000
-15.1617927668,-20.4629629630,0.0000000000
-15.1617927668,-20.7037037037,0.0000000000
-4.7058615868,-20.2222222222,0.0000000000
-15.1617927668,-19.9814814815,0.0000000000
-15.1617927668,-20.2222222222,0.0000000000
-4.7058615868,-19.7407407407,0.0000000000
-15.1617927668,-19.5000000000,0.0000000000
-15.1617927668,-19.7407407407,0.0000000000
-4.7058615868,-19.2592592593,0.0000000000
-15.1617927668,-19.0185185185,0.0000000000
-15.1617927668,-19.2592592593,0.0000000000
-4.7058615868,-18.7777777778,0.0000000000
-15.1617927668,-18.5370370370,0.0000000000
-15.1617927668,-18.7777777778,0.0000000000
-4.7058615868,-18.2962962963,0.0000000000
-15.1617927668,-18.0555555556,0.0000000000
-15.1617927668,-18.2962962963,0.0000000000
-4.7058615868,-17.8148148148,0.0000000000
-15.1617927668,-17.5740740741,0.0000000000
-15.1617927668,-17.8148148148,0.0000000000
-4.7058615868,-17.3333333333,0.0000000000
-15.1617927668,-17.0925925926,0.0000000000
-15.1617927668,-17.3333333333,0.0000000000
-4.7058615868,-16.8518518519,0.0000000000
-15.1617927668,-16.6111111111,0.0000000000
-15.1617927668,-16.8518518519,0.0000000000
-4.7058615868,-16.3703703704,0.0000000000
-15.1617927668,-16.1296296296,0.0000000000
-15.1617927668,-16.3703703704,0.0000000000
-4.7058615868,-15.8888888889,0.0000000000
-15.1617927668,-15.6481481482,0.0000000000
-15.1617927668,-15.8888888889,0.0000000000
-4.7058615868,-15.4074074074,0.0000000000
-15.1617927668,-15.1666666667,0.0000000000
-15.1617927668,-15.4074074074,0.0000000000
-4.7058615868,-14.9259259259,0.0000000000
-15.1617927668,-14.6851851852,0.0000000000
-15.1617927668,-14.9259259259,0.0000000000
-4.7058615868,-14.4444444444,0.0000000000
-15.1617927668,-14.2037037037,0.0000000000
-15.1617927668,-14.4444444444,0.0000000000
-4.7058615868,-13.9629629630,0.0000000000
-15.1617927668,-13.7222222222,0.0000000000
-15.1617927668,-13.9629629630,0.0000000000
-4.7058615868,-13.4814814815,0.0000000000
-15.1617927668,-13.2407407407,0.0000000000
-15.1617927668,-13.4814814815,0.0000000000
-4.7058615868,-13.0000000000,0.0000000000
-15.1617927668,-12.7592592593,0.0000000000
-15.1617927668,-13.0000000000,0.0000000000
-4.7058615868,-12.5185185185,0.0000000000
-15.1617927668,-12.2777777778,0.0000000000
-15.1617927668,-12.5185185185,0.0000000000
-4.7058615868,-12.0370370370,0.0000000000
-15.1617927668,-11.7962962963,0.0000000000
-15.1617927668,-12.0370370370,0.0000000000
-4.7058615868,-11.5555555556,0.0000000000
-15.1617927668,-11.3148148148,0.0000000000
-15.1617927668,-11.5555555556,0.0000000000
-4.7058615868,-11.0740740741,0.0000000000
-15.1617927668,-10.8333333333,0.0000000000
-15.1617927668,-11.0740740741,0.0000000000
-4.7058615868,-10.5925925926,0.0000000000
-15.1617927668,-10.3518518519,0.0000000000
-15.1617927668,-10.5925925926,0.0000000000
-4.7058615868,-10.1111111111,0.0000000000
-15.1617927668,-9.8703703704,0.0000000000
-15.1617927668,-10.1111111111,0.0000000000
-4.7058615868,-9.6296296296,0.0000000000
-15.1617927668,-9.3888888889,0.0000000000
-15.1617927668,-9.6296296296,0.0000000000
-4.7058615868,-9.1481481482,0.0000000000
-15.1617927668,-8.9074074074,0.0000000000
-15.1617927668,-9.1481481482,0.0000000000
-4.7058615868,-8.6666666667,0.0000000000
-15.1617927668,-8.4259259259,0.0000000000
-15.1617927668,-8.6666666667,0.0000000000
-4.7058615868,-8.1851851852,0.0000000000
-15.1617927668,-7.9444444444,0.0000000000
-15.1617927668,-8.1851851852,0.0000000000
-4.7058615868,-7.7037037037,0.0000000000
-15.1617927668,-7.4629629630,0.0000000000
-15.1617927668,-7.7037037037,0.0000000000
-4.7058615868,-7.2222222222,0.0000000000
-15.1617927668,-6.9814814815,0.0000000000
-15.1617927668,-7.2222222222,0.0000000000
-4.7058615868,-6.7407407407,0.0000000000
-15.1617927668,-6.5000000000,0.0000000000
-15.1617927668,-6.7407407407,0.0000000000
-4.7058615868,-6.2592592593,0.0000000000
-15.1617927668,-6.0185185185,0.0000000000
-15.1617927668,-6.2592592593,0.0000000000
-4.7058615868,-5.7777777778,0.0000000000
-15.1617927668,-5.5370370370,0.0000000000
-15.1617927668,-5.7777777778,0.0000000000
-4.7058615868,-5.2962962963,0.0000000000
-15.1617927668,-5.0555555556,0.0000000000
-15.1617927668,-5.2962962963,0.0000000000
-4.7058615868,-4.8148148148,0.0000000000
-15.1617927668,-4.5740740741,0.0000000000
-15.1617927668,-4.8148148148,0.0000000000
-4.7058615868,-4.3333333333,0.0000000000
-15.1617927668,-4.0925925926,0.0000000000
-15.1617927668,-4.3333333333,0.0000000000
-4.7058615868,-3.8518518519,0.0000000000
-15.1617927668,-3.6111111111,0.0000000000
-15.1617927668,-3.8518518519,0.0000000000
-4.7058615868,-3.3703703704,0.0000000000
-15.1617927668,-3.1296296296,0.0000000000
-15.1617927668,-3.3703703704,0.0000000000
-4.7058615868,-2.8888888889,0.0000000000
-15.1617927668,-2.6481481482,0.0000000000
-15.1617927668,-2.8888888889,0.0000000000
-4.7058615868,-2.4074074074,0.0000000000
-15.1617927668,-2.1666666667,0.0000000000
-15.1617927668,-2.4074074074,0.0000000000
-4.7058615868,-1.9259259259,0.0000000000
-15.1617927668,-1.6851851852,0.0000000000
-15.1617927668,-1.9259259259,0.0000000000
-4.7058615868,-1.4444444444,0.0000000000
-15.1617927668,-1.2037037037,0.0000000000
-15.1617927668,-1.4444444444,0.0000000000
-4.7058615868,-0.9629629630,0.0000000000
-15.1617927668,-0.7222222222,0.0000000000
-15.1617927668,-0.9629629630,0.0000000000
-4.7058615868,-0.4814814815,0.0000000000
-15.1617927668,-0.2407407407,0.0000000000
-15.1617927668,-0.4814814815,0.0000000000
-4.7058615868,-0.0000000000,0.0000000000
-15.1617927668,0.2407407407,0.0000000000
-15.1617927668,-0.0000000000,0.0000000000
-4.7058615868,0.4814814815,0.0000000000
-15.1617927668,0.7222222222,0.0000000000
-15.1617927668,0.4814814815,0.0000000000
-4.7058615868,0.9629629630,0.0000000000
-15.1617927668,1.2037037037,0.0000000000
-15.1617927668,0.9629629630,0.0000000000
-4.7058615868,1.4444444444,0.0000000000
-15.1617927668,1.6851851852,0.0000000000
-15.1617927668,1.4444444444,0.0000000000
-4.7058615868,1.9259259259,0.0000000000
-15.1617927668,2.1666666667,0.0000000000
-15.1617927668,1.9259259259,0.0000000000
-4.7058615868,2.4074074074,0.0000000000
-15.1617927668,2.6481481481,0.0000000000
-15.1617927668,2.4074074074,0.0000000000
-4.7058615868,2.8888888889,0.0000000000
-15.1617927668,3.1296296296,0.0000000000
-15.1617927668,2.8888888889,0.0000000000
-4.7058615868,3.3703703704,0.0000000000
-15.1617927668,3.6111111111,0.0000000000
-15.1617927668,3.3703703704,0.0000000000
-4.7058615868,3.8518518518,0.0000000000
-15.1617927668,4.0925925926,0.0000000000
-15.1617927668,3.8518518518,0.0000000000
-4.7058615868,4.3333333333,0.0000000000
-15.1617927668,4.5740740741,0.0000000000
-15.1617927668,4.3333333333,0.0000000000
-4.7058615868,4.8148148148,0.0000000000
-15.1617927668,5.0555555556,0.0000000000
-15.1617927668,4.8148148148,0.0000000000
-4.7058615868,5.2962962963,0.0000000000
-15.1617927668,5.5370370370,0.0000000000
-15.1617927668,5.2962962963,0.0000000000
-4.7058615868,5.7777777778,0.0000000000
-15.1617927668,6.0185185185,0.0000000000
-15.1617927668,5.7777777778,0.0000000000
-4.7058615868,6.2592592593,0.0000000000
-15.1617927668,6.5000000000,0.0000000000
-15.1617927668,6.2592592593,0.0000000000
-4.7058615868,6.7407407407,0.0000000000
-15.1617927668,6.9814814815,0.0000000000
-15.1617927668,6.7407407407,0.0000000000
-4.7058615868,7.2222222222,0.0000000000
-15.1617927668,7.4629629630,0.0000000000
-15.1617927668,7.2222222222,0.0000000000
-4.7058615868,7.7037037037,0.0000000000
-15.1617927668,7.9444444444,0.0000000000
-15.1617927668,7.7037037037,0.0000000000
-4.7058615868,8.1851851852,0.0000000000
-15.1617927668,8.4259259259,0.0000000000
-15.1617927668,8.1851851852,0.0000000000
-4.7058615868,8.6666666667,0.0000000000
-15.1617927668,8.9074074074,0.0000000000
-15.1617927668,8.6666666667,0.0000000000
-4.7058615868,9.1481481481,0.0000000000
-15.1617927668,9.3888888889,0.0000000000
-15.1617927668,9.1481481481,0.0000000000
-4.7058615868,9.6296296296,0.0000000000
-15.1617927668,9.8703703704,0.0000000000
-15.1617927668,9.6296296296,0.0000000000
-4.7058615868,10.1111111111,0.0000000000
-15.1617927668,10.3518518518,0.0000000000
-15.1617927668,10.1111111111,0.0000000000
-4.7058615868,10.5925925926,0.0000000000
-15.1617927668,10.8333333333,0.0000000000
-15.1617927668,10.5925925926,0.0000000000
-4.7058615868,11.0740740741,0.0000000000
-15.1617927668,11.3148148148,0.0000000000
-15.1617927668,11.0740740741,0.0000000000
-4.7058615868,11.5555555555,0.0000000000
-15.1617927668,11.7962962963,0.0000000000
-15.1617927668,11.5555555555,0.0000000000
-4.7058615868,12.0370370370,0.0000000000
-15.1617927668,12.2777777778,0.0000000000
-15.1617927668,12.0370370370,0.0000000000
-4.7058615868,12.5185185185,0.0000000000
-15.1617927668,12.7592592593,0.0000000000
-15.1617927668,12.5185185185,0.0000000000
-4.7058615868,13.0000000000,0.0000000000
-15.1617927668,13.2407407407,0.0000000000
-15.1617927668,13.0000000000,0.0000000000
-4.7058615868,13.4814814815,0.0000000000
-15.1617927668,13.7222222222,0.0000000000
-15.1617927668,13.4814814815,0.0000000000
-4.7058615868,13.9629629630,0.0000000000
-15.1617927668,14.2037037037,0.0000000000
-15.1617927668,13.9629629630,0.0000000000
-4.7058615868,14.4444444444,0.0000000000
-15.1617927668,14.6851851852,0.0000000000
-15.1617927668,14.4444444444,0.0000000000
-4.7058615868,14.9259259259,0.0000000000
-15.1617927668,15.1666666667,0.0000000000
-15.1617927668,14.9259259259,0.0000000000
-4.7058615868,15.4074074074,0.0000000000
-15.1617927668,15.6481481481,0.0000000000
-15.1617927668,15.4074074074,0.0000000000
-4.7058615868,15.8888888889,0.0000000000
-15.1617927668,16.1296296296,0.0000000000
-15.1617927668,15.8888888889,0.0000000000
-4.7058615868,16.3703703704,0.0000000000
-15.1617927668,16.6111111111,0.0000000000
-15.1617927668,16.3703703704,0.0000000000
-4.7058615868,16.8518518518,0.0000000000
-15.1617927668,17.0925925926,0.0000000000
-15.1617927668,16.8518518518,0.0000000000
-4.7058615868,17.3333333333,0.0000000000
-15.1617927668,17.5740740741,0.0000000000
-15.1617927668,17.3333333333,0.0000000000
-4.7058615868,17.8148148148,0.0000000000
-15.1617927668,18.0555555555,0.0000000000
-15.1617927668,17.8148148148,0.0000000000
-4.7058615868,18.2962962963,0.0000000000
-15.1617927668,18.5370370370,0.0000000000
-15.1617927668,18.2962962963,0.0000000000
-4.7058615868,18.7777777778,0.0000000000
-15.1617927668,19.0185185185,0.0000000000
-15.1617927668,18.7777777778,0.0000000000
-4.7058615868,19.2592592593,0.0000000000
-15.1617927668,19.5000000000,0.0000000000
-15.1617927668,19.2592592593,0.0000000000
-4.7058615868,19.7407407407,0.0000000000
-15.1617927668,19.9814814815,0.0000000000
-15.1617927668,19.7407407407,0.0000000000
-4.7058615868,20.2222222222,0.0000000000
-15.1617927668,20.4629629630,0.0000000000
-15.1617927668,20.2222222222,0.0000000000
-4.7058615868,20.7037037037,0.0000000000
-15.1617927668,20.9444444444,0.0000000000
-15.1617927668,20.7037037037,0.0000000000
-4.7058615868,21.1851851852,0.0000000000
-15.1617927668,21.4259259259,0.0000000000
-15.1617927668,21.1851851852,0.0000000000
-4.7058615868,21.6666666667,0.0000000000
-15.1617927668,21.9074074074,0.0000000000
-15.1617927668,21.6666666667,0.0000000000
-4.7058615868,22.1481481481,0.0000000000
-15.1617927668,22.3888888889,0.0000000000
-15.1617927668,22.1481481481,0.0000000000
-4.7058615868,22.6296296296,0.0000000000
-15.1617927668,22.8703703704,0.0000000000
-15.1617927668,22.6296296296,0.0000000000
-4.7058615868,23.1111111111,0.0000000000
-15.1617927668,23.3518518518,0.0000000000
-15.1617927668,23.1111111111,0.0000000000
-4.7058615868,23.5925925926,0.0000000000
-15.1617927668,23.8333333333,0.0000000000
-15.1617927668,23.5925925926,0.0000000000
-4.7058615868,24.0740740741,0.0000000000
-15.1617927668,24.3148148148,0.0000000000
-15.1617927668,24.0740740741,0.0000000000
-4.7058615868,24.5555555555,0.0000000000
-15.1617927668,24.7962962963,0.0000000000
-15.1617927668,24.5555555555,0.0000000000
-4.7058615868,25.0370370370,0.0000000000
-15.1617927668,25.2777777778,0.0000000000
-15.1617927668,25.0370370370,0.0000000000
-4.7058615868,25.5185185185,0.0000000000
-15.1617927668,25.7592592593,0.0000000000
-15.1617927668,25.5185185185,0.0000000000
-4.7058615868,26.0000000000,0.0000000000
-15.1617927668,26.2407407407,0.0000000000
-15.1617927668,26.0000000000,0.0000000000
-4.7058615868,26.4814814815,0.0000000000
-15.1617927668,26.7222222222,0.0000000000
-15.1617927668,26.4814814815,0.0000000000
-4.7058615868,26.9629629630,0.0000000000
-15.1617927668,27.2037037037,0.0000000000
-15.1617927668,26.9629629630,0.0000000000
-4.7058615868,27.4444444444,0.0000000000
-15.1617927668,27.6851851852,0.0000000000
-15.1617927668,27.4444444444,0.0000000000
-4.7058615868,27.9259259259,0.0000000000
-15.1617927668,28.1666666667,0.0000000000
-15.1617927668,27.9259259259,0.0000000000
-4.7058615868,28.4074074074,0.0000000000
-15.1617927668,28.6481481481,0.0000000000
-15.1617927668,28.4074074074,0.0000000000
-4.7058615868,28.8888888889,0.0000000000
-15.1617927668,29.1296296296,0.0000000000
-15.1617927668,28.8888888889,0.0000000000
-4.7058615868,29.3703703704,0.0000000000
-15.1617927668,29.6111111111,0.0000000000
-15.1617927668,29.3703703704,0.0000000000
-4.7058615868,29.8518518518,0.0000000000
-15.1617927668,30.0925925926,0.0000000000
-15.1617927668,29.8518518518,0.0000000000
-4.7058615868,30.3333333333,0.0000000000
-15.1617927668,30.5740740741,0.0000000000
-15.1617927668,30.3333333333,0.0000000000
-4.7058615868,30.8148148148,0.0000000000
-15.1617927668,31.0555555555,0.0000000000
-15.1617927668,30.8148148148,0.0000000000
-4.7058615868,31.2962962963,0.0000000000
-15.1617927668,31.5370370370,0.0000000000
-15.1617927668,31.2962962963,0.0000000000
-4.7058615868,31.7777777778,0.0000000000
-15.1617927668,32.0185185185,0.0000000000
-15.1617927668,31.7777777778,0.0000000000
-4.7058615868,32.2592592593,0.0000000000
-15.1617927668,32.2592592593,0.0000000000
20.3883737686,-32.2592592593,0.0000000000
7.8412560909,-32.0185185185,0.0000000000
7.8412560909,-32.2592592593,0.0000000000
20.3883737686,-31.7777777778,0.0000000000
7.8412560909,-31.5370370370,0.0000000000
7.8412560909,-31.7777777778,0.0000000000
20.3883737686,-31.2962962963,0.0000000000
7.8412560909,-31.0555555556,0.0000000000
7.8412560909,-31.2962962963,0.0000000000
20.3883737686,-30.8148148148,0.0000000000
7.8412560909,-30.5740740741,0.0000000000
7.8412560909,-30.8148148148,0.0000000000
20.3883737686,-30.3333333333,0.0000000000
7.8412560909,-30.0925925926,0.0000000000
7.8412560909,-30.3333333333,0.0000000000
20.3883737686,-29.8518518519,0.0000000000
7.8412560909,-29.6111111111,0.0000000000
7.8412560909,-29.8518518519,0.0000000000
20.3883737686,-29.3703703704,0.0000000000
7.8412560909,-29.1296296296,0.0000000000
7.8412560909,-29.3703703704,0.0000000000
20.3883737686,-28.8888888889,0.0000000000
7.8412560909,-28.6481481481,0.0000000000
7.8412560909,-28.8888888889,0.0000000000
20.3883737686,-28.4074074074,0.0000000000
7.8412560909,-28.1666666667,0.0000000000
7.8412560909,-28.4074074074,0.0000000000
20.3883737686,-27.9259259259,0.0000000000
7.8412560909,-27.6851851852,0.0000000000
7.8412560909,-27.9259259259,0.0000000000
20.3883737686,-27.4444444444,0.0000000000
7.8412560909,-27.2037037037,0.0000000000
7.8412560909,-27.4444444444,0.0000000000
20.3883737686,-26.9629629630,0.0000000000
7.8412560909,-26.7222222222,0.0000000000
7.8412560909,-26.9629629630,0.0000000000
20.3883737686,-26.4814814815,0.0000000000
7.8412560909,-26.2407407407,0.0000000000
7.8412560909,-26.4814814815,0.0000000000
20.3883737686,-26.0000000000,0.0000000000
7.8412560909,-25.7592592593,0.0000000000
7.8412560909,-26.0000000000,0.0000000000
20.3883737686,-25.5185185185,0.0000000000
7.8412560909,-25.2777777778,0.0000000000
7.8412560909,-25.5185185185,0.0000000000
20.3883737686,-25.0370370370,0.0000000000
7.8412560909,-24.7962962963,0.0000000000
7.8412560909,-25.0370370370,0.0000000000
20.3883737686,-24.5555555556,0.0000000000
7.8412560909,-24.3148148148,0.0000000000
7.8412560909,-24.5555555556,0.0000000000
20.3883737686,-24.0740740741,0.0000000000
7.8412560909,-23.8333333333,0.0000000000
7.8412560909,-24.0740740741,0.0000000000
20.3883737686,-23.5925925926,0.0000000000
7.8412560909,-23.3518518519,0.0000000000
7.8412560909,-23.5925925926,0.0000000000
20.3883737686,-23.1111111111,0.0000000000
7.8412560909,-22.8703703704,0.0000000000
7.8412560909,-23.1111111111,0.0000000000
20.3883737686,-22.6296296296,0.0000000000
7.8412560909,-22.3888888889,0.0000000000
7.8412560909,-22.6296296296,0.0000000000
20.3883737686,-22.1481481481,0.0000000000
7.8412560909,-21.9074074074,0.0000000000
7.8412560909,-22.1481481481,0.0000000000
20.3883737686,-21.6666666667,0.0000000000
7.8412560909,-21.4259259259,0.0000000000
7.8412560909,-21.6666666667,0.0000000000
20.3883737686,-21.1851851852,0.0000000000
7.8412560909,-20.9444444444,0.0000000000
7.8412560909,-21.1851851852,0.0000000000
20.3883737686,-20.7037037037,0.0000000000
7.8412560909,-20.4629629630,0.0000000000
7.8412560909,-20.7037037037,0.0000000000
20.3883737686,-20.2222222222,0.0000000000
7.8412560909,-19.9814814815,0.0000000000
7.8412560909,-20.2222222222,0.0000000000
20.3883737686,-19.7407407407,0.0000000000
7.8412560909,-19.5000000000,0.0000000000
7.8412560909,-19.7407407407,0.0000000000
20.3883737686,-19.2592592593,0.0000000000
7.8412560909,-19.0185185185,0.0000000000
7.8412560909,-19.2592592593,0.0000000000
20.3883737686,-18.7777777778,0.0000000000
7.8412560909,-18.5370370370,0.0000000000
7.8412560909,-18.7777777778,0.0000000000
20.3883737686,-18.2962962963,0.0000000000
7.8412560909,-18.0555555556,0.0000000000
7.8412560909,-18.2962962963,0.0000000000
20.3883737686,-17.8148148148,0.0000000000
7.8412560909,-17.5740740741,0.0000000000
7.8412560909,-17.8148148148,0.0000000000
20.3883737686,-17.3333333333,0.0000000000
7.8412560909,-17.0925925926,0.0000000000
7.8412560909,-17.3333333333,0.0000000000
20.3883737686,-16.8518518519,0.0000000000
7.8412560909,-16.6111111111,0.0000000000
7.8412560909,-16.8518518519,0.0000000000
20.3883737686,-16.3703703704,0.0000000000
7.8412560909,-16.1296296296,0.0000000000
7.8412560909,-16.3703703704,0.0000000000
20.3883737686,-15.8888888889,0.0000000000
7.8412560909,-15.6481481482,0.0000000000
7.8412560909,-15.8888888889,0.0000000000
20.3883737686,-15.4074074074,0.0000000000
7.8412560909,-15.1666666667,0.0000000000
7.8412560909,-15.4074074074,0.0000000000
20.3883737686,-14.9259259259,0.0000000000
7.8412560909,-14.6851851852,0.0000000000
7.8412560909,-14.9259259259,0.0000000000
20.3883737686,-14.4444444444,0.0000000000
7.8412560909,-14.2037037037,0.0000000000
7.8412560909,-14.4444444444,0.0000000000
20.3883737686,-13.9629629630,0.0000000000
7.8412560909,-13.7222222222,0.0000000000
7.8412560909,-13.9629629630,0.0000000000
20.3883737686,-13.4814814815,0.0000000000
7.8412560909,-13.2407407407,0.0000000000
7.8412560909,-13.4814814815,0.0000000000
20.3883737686,-13.0000000000,0.0000000000
7.8412560909,-12.7592592593,0.0000000000
7.8412560909,-13.0000000000,0.0000000000
20.3883737686,-12.5185185185,0.0000000000
7.8412560909,-12.2777777778,0.0000000000
7.8412560909,-12.5185185185,0.0000000000
20.3883737686,-12.0370370370,0.0000000000
7.8412560909,-11.7962962963,0.0000000000
7.8412560909,-12.0370370370,0.0000000000
20.3883737686,-11.5555555556,0.0000000000
7.8412560909,-11.3148148148,0.0000000000
7.8412560909,-11.5555555556,0.0000000000
20.3883737686,-11.0740740741,0.0000000000
7.8412560909,-10.8333333333,0.0000000000
7.8412560909,-11.0740740741,0.0000000000
20.3883737686,-10.5925925926,0.0000000000
7.8412560909,-10.3518518519,0.0000000000
7.8412560909,-10.5925925926,0.0000000000
20.3883737686,-10.1111111111,0.0000000000
7.8412560909,-9.8703703704,0.0000000000
7.8412560909,-10.1111111111,0.0000000000
20.3883737686,-9.6296296296,0.0000000000
7.8412560909,-9.3888888889,0.0000000000
7.8412560909,-9.6296296296,0.0000000000
20.3883737686,-9.1481481482,0.0000000000
7.8412560909,-8.9074074074,0.0000000000
7.8412560909,-9.1481481482,0.0000000000
20.3883737686,-8.6666666667,0.0000000000
7.8412560909,-8.4259259259,0.0000000000
7.8412560909,-8.6666666667,0.0000000000
20.3883737686,-8.1851851852,0.0000000000
7.8412560909,-7.9444444444,0.0000000000
7.8412560909,-8.1851851852,0.0000000000
20.3883737686,-7.7037037037,0.0000000000
7.8412560909,-7.4629629630,0.0000000000
7.8412560909,-7.7037037037,0.0000000000
20.3883737686,-7.2222222222,0.0000000000
7.8412560909,-6.9814814815,0.0000000000
7.8412560909,-7.2222222222,0.0000000000
20.3883737686,-6.7407407407,0.0000000000
7.8412560909,-6.5000000000,0.0000000000
7.8412560909,-6.7407407407,0.0000000000
20.3883737686,-6.2592592593,0.0000000000
7.8412560909,-6.0185185185,0.0000000000
7.8412560909,-6.2592592593,0.0000000000
20.3883737686,-5.7777777778,0.0000000000
7.8412560909,-5.5370370370,0.0000000000
7.8412560909,-5.7777777778,0.0000000000
20.3883737686,-5.2962962963,0.0000000000
7.8412560909,-5.0555555556,0.0000000000
7.8412560909,-5.2962962963,0.0000000000
20.3883737686,-4.8148148148,0.0000000000
7.8412560909,-4.5740740741,0.0000000000
7.8412560909,-4.8148148148,0.0000000000
20.3883737686,-4.3333333333,0.0000000000
7.8412560909,-4.0925925926,0.0000000000
7.8412560909,-4.3333333333,0.0000000000
20.3883737686,-3.8518518519,0.0000000000
7.8412560909,-3.6111111111,0.0000000000
7.8412560909,-3.8518518519,0.0000000000
20.3883737686,-3.3703703704,0.0000000000
7.8412560909,-3.1296296296,0.0000000000
7.8412560909,-3.3703703704,0.0000000000
20.3883737686,-2.8888888889,0.0000000000
7.8412560909,-2.6481481482,0.0000000000
7.8412560909,-2.8888888889,0.0000000000
20.3883737686,-2.4074074074,0.0000000000
7.8412560909,-2.1666666667,0.0000000000
7.8412560909,-2.4074074074,0.0000000000
20.3883737686,-1.9259259259,0.0000000000
7.8412560909,-1.6851851852,0.0000000000
7.8412560909,-1.9259259259,0.0000000000
20.3883737686,-1.4444444444,0.0000000000
7.8412560909,-1.2037037037,0.0000000000
7.8412560909,-1.4444444444,0.0000000000
20.3883737686,-0.9629629630,0.0000000000
7.8412560909,-0.7222222222,0.0000000000
7.8412560909,-0.9629629630,0.0000000000
20.3883737686,-0.4814814815,0.0000000000
7.8412560909,-0.2407407407,0.0000000000
7.8412560909,-0.4814814815,0.0000000000
20.3883737686,-0.0000000000,0.0000000000
7.8412560909,0.2407407407,0.0000000000
7.8412560909,-0.0000000000,0.0000000000
20.3883737686,0.4814814815,0.0000000000
7.8412560909,0.7222222222,0.0000000000
7.8412560909,0.4814814815,0.0000000000
20.3883737686,0.9629629630,0.0000000000
7.8412560909,1.2037037037,0.0000000000
7.8412560909,0.9629629630,0.0000000000
20.3883737686,1.4444444444,0.0000000000
7.8412560909,1.6851851852,0.0000000000
7.8412560909,1.4444444444,0.0000000000
20.3883737686,1.9259259259,0.0000000000
7.8412560909,2.1666666667,0.0000000000
7.8412560909,1.9259259259,0.0000000000
20.3883737686,2.4074074074,0.0000000000
7.8412560909,2.6481481481,0.0000000000
7.8412560909,2.4074074074,0.0000000000
20.3883737686,2.8888888889,0.0000000000
7.8412560909,3.1296296296,0.0000000000
7.8412560909,2.8888888889,0.0000000000
20.3883737686,3.3703703704,0.0000000000
7.8412560909,3.6111111111,0.0000000000
7.8412560909,3.3703703704,0.0000000000
20.3883737686,3.8518518518,0.0000000000
7.8412560909,4.0925925926,0.0000000000
7.8412560909,3.8518518518,0.0000000000
20.3883737686,4.3333333333,0.0000000000
7.8412560909,4.5740740741,0.0000000000
7.8412560909,4.3333333333,0.0000000000
20.3883737686,4.8148148148,0.0000000000
7.8412560909,5.0555555556,0.0000000000
7.8412560909,4.8148148148,0.0000000000
20.3883737686,5.2962962963,0.0000000000
7.8412560909,5.5370370370,0.0000000000
7.8412560909,5.2962962963,0.0000000000
20.3883737686,5.7777777778,0.0000000000
7.8412560909,6.0185185185,0.0000000000
7.8412560909,5.7777777778,0.0000000000
20.3883737686,6.2592592593,0.0000000000
7.8412560909,6.5000000000,0.0000000000
7.8412560909,6.2592592593,0.0000000000
20.3883737686,6.7407407407,0.0000000000
7.8412560909,6.9814814815,0.0000000000
7.8412560909,6.7407407407,0.0000000000
20.3883737686,7.2222222222,0.0000000000
7.8412560909,7.4629629630,0.0000000000
7.8412560909,7.2222222222,0.0000000000
20.3883737686,7.7037037037,0.0000000000
7.8412560909,7.9444444444,0.0000000000
7.8412560909,7.7037037037,0.0000000000
20.3883737686,8.1851851852,0.0000000000
7.8412560909,8.4259259259,0.0000000000
7.8412560909,8.1851851852,0.0000000000
20.3883737686,8.6666666667,0.0000000000
7.8412560909,8.9074074074,0.0000000000
7.8412560909,8.6666666667,0.0000000000
20.3883737686,9.1481481481,0.0000000000
7.8412560909,9.3888888889,0.0000000000
7.8412560909,9.1481481481,0.0000000000
20.3883737686,9.6296296296,0.0000000000
7.8412560909,9.8703703704,0.0000000000
7.8412560909,9.6296296296,0.0000000000
20.3883737686,10.1111111111,0.0000000000
7.8412560909,10.3518518518,0.0000000000
7.8412560909,10.1111111111,0.0000000000
20.3883737686,10.5925925926,0.0000000000
7.8412560909,10.8333333333,0.0000000000
7.8412560909,10.5925925926,0.0000000000
20.3883737686,11.0740740741,0.0000000000
7.8412560909,11.3148148148,0.0000000000
7.8412560909,11.0740740741,0.0000000000
20.3883737686,11.5555555555,0.0000000000
7.8412560909,11.7962962963,0.0000000000
7.8412560909,11.5555555555,0.0000000000
20.3883737686,12.0370370370,0.0000000000
7.8412560909,12.2777777778,0.0000000000
7.8412560909,12.0370370370,0.0000000000
20.3883737686,12.5185185185,0.0000000000
7.8412560909,12.7592592593,0.0000000000
7.8412560909,12.5185185185,0.0000000000
20.3883737686,13.0000000000,0.0000000000
7.8412560909,13.2407407407,0.0000000000
7.8412560909,13.0000000000,0.0000000000
20.3883737686,13.4814814815,0.0000000000
7.8412560909,13.7222222222,0.0000000000
7.8412560909,13.4814814815,0.0000000000
20.3883737686,13.9629629630,0.0000000000
7.8412560909,14.2037037037,0.0000000000
7.8412560909,13.9629629630,0.0000000000
20.3883737686,14.4444444444,0.0000000000
7.8412560909,14.6851851852,0.0000000000
7.8412560909,14.4444444444,0.0000000000
20.3883737686,14.9259259259,0.0000000000
7.8412560909,15.1666666667,0.0000000000
7.8412560909,14.9259259259,0.0000000000
20.3883737686,15.4074074074,0.0000000000
7.8412560909,15.6481481481,0.0000000000
7.8412560909,15.4074074074,0.0000000000
20.3883737686,15.8888888889,0.0000000000
7.8412560909,16.1296296296,0.0000000000
7.8412560909,15.8888888889,0.0000000000
20.3883737686,16.3703703704,0.0000000000
7.8412560909,16.6111111111,0.0000000000
7.8412560909,16.3703703704,0.0000000000
20.3883737686,16.8518518518,0.0000000000
7.8412560909,17.0925925926,0.0000000000
7.8412560909,16.8518518518,0.0000000000
20.3883737686,17.3333333333,0.0000000000
7.8412560909,17.5740740741,0.0000000000
7.8412560909,17.3333333333,0.0000000000
20.3883737686,17.8148148148,0.0000000000
7.8412560909,18.0555555555,0.0000000000
7.8412560909,17.8148148148,0.0000000000
20.3883737686,18.2962962963,0.0000000000
7.8412560909,18.5370370370,0.0000000000
7.8412560909,18.2962962963,0.0000000000
20.3883737686,18.7777777778,0.0000000000
7.8412560909,19.0185185185,0.0000000000
7.8412560909,18.7777777778,0.0000000000
20.3883737686,19.2592592593,0.0000000000
7.8412560909,19.5000000000,0.0000000000
7.8412560909,19.2592592593,0.0000000000
20.3883737686,19.7407407407,0.0000000000
7.8412560909,19.9814814815,0.0000000000
7.8412560909,19.7407407407,0.0000000000
20.3883737686,20.2222222222,0.0000000000
7.8412560909,20.4629629630,0.0000000000
7.8412560909,20.2222222222,0.0000000000
20.3883737686,20.7037037037,0.0000000000
7.8412560909,20.9444444444,0.0000000000
7.8412560909,20.7037037037,0.0000000000
20.3883737686,21.1851851852,0.0000000000
7.8412560909,21.4259259259,0.0000000000
7.8412560909,21.1851851852,0.0000000000
20.3883737686,21.6666666667,0.0000000000
7.8412560909,21.9074074074,0.0000000000
7.8412560909,21.6666666667,0.0000000000
20.3883737686,22.1481481481,0.0000000000
7.8412560909,22.3888888889,0.0000000000
7.8412560909,22.1481481481,0.0000000000
20.3883737686,22.6296296296,0.0000000000
7.8412560909,22.8703703704,0.0000000000
7.8412560909,22.6296296296,0.0000000000
20.3883737686,23.1111111111,0.0000000000
7.8412560909,23.3518518518,0.0000000000
7.8412560909,23.1111111111,0.0000000000
20.3883737686,23.5925925926,0.0000000000
7.8412560909,23.8333333333,0.0000000000
7.8412560909,23.5925925926,0.0000000000
20.3883737686,24.0740740741,0.0000000000
7.8412560909,24.3148148148,0.0000000000
7.8412560909,24.0740740741,0.0000000000
20.3883737686,24.5555555555,0.0000000000
7.8412560909,24.7962962963,0.0000000000
7.8412560909,24.5555555555,0.0000000000
20.3883737686,25.0370370370,0.0000000000
7.8412560909,25.2777777778,0.0000000000
7.8412560909,25.0370370370,0.0000000000
20.3883737686,25.5185185185,0.0000000000
7.8412560909,25.7592592593,0.0000000000
7.8412560909,25.5185185185,0.0000000000
20.3883737686,26.0000000000,0.0000000000
7.8412560909,26.2407407407,0.0000000000
7.8412560909,26.0000000000,0.0000000000
20.3883737686,26.4814814815,0.0000000000
7.8412560909,26.7222222222,0.0000000000
7.8412560909,26.4814814815,0.0000000000
20.3883737686,26.9629629630,0.0000000000
7.8412560909,27.2037037037,0.0000000000
7.8412560909,26.9629629630,0.0000000000
20.3883737686,27.4444444444,0.0000000000
7.8412560909,27.6851851852,0.0000000000
7.8412560909,27.4444444444,0.0000000000
20.3883737686,27.9259259259,0.0000000000
7.8412560909,28.1666666667,0.0000000000
7.8412560909,27.9259259259,0.0000000000
20.3883737686,28.4074074074,0.0000000000
7.8412560909,28.6481481481,0.0000000000
7.8412560909,28.4074074074,0.0000000000
20.3883737686,28.8888888889,0.0000000000
7.8412560909,29.1296296296,0.0000000000
7.8412560909,28.8888888889,0.0000000000
20.3883737686,29.3703703704,0.0000000000
7.8412560909,29.6111111111,0.0000000000
7.8412560909,29.3703703704,0.0000000000
20.3883737686,29.8518518518,0.0000000000
7.8412560909,30.0925925926,0.0000000000
7.8412560909,29.8518518518,0.0000000000
20.3883737686,30.3333333333,0.0000000000
7.8412560909,30.5740740741,0.0000000000
7.8412560909,30.3333333333,0.0000000000
20.3883737686,30.8148148148,0.0000000000
7.8412560909,31.0555555555,0.0000000000
7.8412560909,30.8148148148,0.0000000000
20.3883737686,31.2962962963,0.0000000000
7.8412560909,31.5370370370,0.0000000000
7.8412560909,31.2962962963,0.0000000000
20.3883737686,31.7777777778,0.0000000000
7.8412560909,32.0185185185,0.0000000000
7.8412560909,31.7777777778,0.0000000000
20.3883737686,32.2592592593,0.0000000000
7.8412560909,32.2592592593,0.0000000000
50.5014571328,-32.2592592593,0.0000000000
35.4449154507,-32.0185185185,0.0000000000
35.4449154507,-32.2592592593,0.0000000000
50.5014571328,-31.7777777778,0.0000000000
35.4449154507,-31.5370370370,0.0000000000
35.4449154507,-31.7777777778,0.0000000000
50.5014571328,-31.2962962963,0.0000000000
35.4449154507,-31.0555555556,0.0000000000
35.4449154507,-31.2962962963,0.0000000000
50.5014571328,-30.8148148148,0.0000000000
35.4449154507,-30.5740740741,0.0000000000
35.4449154507,-30.8148148148,0.0000000000
50.5014571328,-30.3333333333,0.0000000000
35.4449154507,-30.0925925926,0.0000000000
35.4449154507,-30.3333333333,0.0000000000
50.5014571328,-29.8518518519,0.0000000000
35.4449154507,-29.6111111111,0.0000000000
35.4449154507,-29.8518518519,0.0000000000
50.5014571328,-29.3703703704,0.0000000000
35.4449154507,-29.1296296296,0.0000000000
35.4449154507,-29.3703703704,0.0000000000
50.5014571328,-28.8888888889,0.0000000000
35.4449154507,-28.6481481481,0.0000000000
35.4449154507,-28.8888888889,0.0000000000
50.5014571328,-28.4074074074,0.0000000000
35.4449154507,-28.1666666667,0.0000000000
35.4449154507,-28.4074074074,0.0000000000
50.5014571328,-27.9259259259,0.0000000000
35.4449154507,-27.6851851852,0.0000000000
35.4449154507,-27.9259259259,0.0000000000
50.5014571328,-27.4444444444,0.0000000000
35.4449154507,-27.2037037037,0.0000000000
35.4449154507,-27.4444444444,0.0000000000
50.5014571328,-26.9629629630,0.0000000000
35.4449154507,-26.7222222222,0.0000000000
35.4449154507,-26.9629629630,0.0000000000
50.5014571328,-26.4814814815,0.0000000000
35.4449154507,-26.2407407407,0.0000000000
35.4449154507,-26.4814814815,0.0000000000
50.5014571328,-26.0000000000,0.0000000000
35.4449154507,-25.7592592593,0.0000000000
35.4449154507,-26.0000000000,0.0000000000
50.5014571328,-25.5185185185,0.0000000000
35.4449154507,-25.2777777778,0.0000000000
35.4449154507,-25.5185185185,0.0000000000
50.5014571328,-25.0370370370,0.0000000000
35.4449154507,-24.7962962963,0.0000000000
35.4449154507,-25.0370370370,0.0000000000
50.5014571328,-24.5555555556,0.0000000000
35.4449154507,-24.3148148148,0.0000000000
35.4449154507,-24.5555555556,0.0000000000
50.5014571328,-24.0740740741,0.0000000000
35.4449154507,-23.8333333333,0.0000000000
35.4449154507,-24.0740740741,0.0000000000
50.5014571328,-23.5925925926,0.0000000000
35.4449154507,-23.3518518519,0.0000000000
35.4449154507,-23.5925925926,0.0000000000
50.5014571328,-23.1111111111,0.0000000000
35.4449154507,-22.8703703704,0.0000000000
35.4449154507,-23.1111111111,0.0000000000
50.5014571328,-22.6296296296,0.0000000000
35.4449154507,-22.3888888889,0.0000000000
35.4449154507,-22.6296296296,0.0000000000
50.5014571328,-22.1481481481,0.0000000000
35.4449154507,-21.9074074074,0.0000000000
35.4449154507,-22.1481481481,0.0000000000
50.5014571328,-21.6666666667,0.0000000000
35.4449154507,-21.4259259259,0.0000000000
35.4449154507,-21.6666666667,0.0000000000
50.5014571328,-21.1851851852,0.0000000000
35.4449154507,-20.9444444444,0.0000000000
35.4449154507,-21.1851851852,0.0000000000
50.5014571328,-20.7037037037,0.0000000000
35.4449154507,-20.4629629630,0.0000000000
35.4449154507,-20.7037037037,0.0000000000
50.5014571328,-20.2222222222,0.0000000000
35.4449154507,-19.9814814815,0.0000000000
35.4449154507,-20.2222222222,0.0000000000
50.5014571328,-19.7407407407,0.0000000000
35.4449154507,-19.5000000000,0.0000000000
35.4449154507,-19.7407407407,0.0000000000
50.5014571328,-19.2592592593,0.0000000000
35.4449154507,-19.0185185185,0.0000000000
35.4449154507,-19.2592592593,0.0000000000
50.5014571328,-18.7777777778,0.0000000000
35.4449154507,-18.5370370370,0.0000000000
35.4449154507,-18.7777777778,0.0000000000
50.5014571328,-18.2962962963,0.0000000000
35.4449154507,-18.0555555556,0.0000000000
35.4449154507,-18.2962962963,0.0000000000
50.5014571328,-17.8148148148,0.0000000000
35.4449154507,-17.5740740741,0.0000000000
35.4449154507,-17.8148148148,0.0000000000
50.5014571328,-17.3333333333,0.0000000000
35.4449154507,-17.0925925926,0.0000000000
35.4449154507,-17.3333333333,0.0000000000
50.5014571328,-16.8518518519,0.0000000000
35.4449154507,-16.6111111111,0.0000000000
35.4449154507,-16.8518518519,0.0000000000
50.5014571328,-16.3703703704,0.0000000000
35.4449154507,-16.1296296296,0.0000000000
35.4449154507,-16.3703703704,0.0000000000
50.5014571328,-15.8888888889,0.0000000000
35.4449154507,-15.6481481482,0.0000000000
35.4449154507,-15.8888888889,0.0000000000
50.5014571328,-15.4074074074,0.0000000000
35.4449154507,-15.1666666667,0.0000000000
35.4449154507,-15.4074074074,0.0000000000
50.5014571328,-14.9259259259,0.0000000000
35.4449154507,-14.6851851852,0.0000000000
35.4449154507,-14.9259259259,0.0000000000
50.5014571328,-14.4444444444,0.0000000000
35.4449154507,-14.2037037037,0.0000000000
35.4449154507,-14.4444444444,0.0000000000
50.5014571328,-13.9629629630,0.0000000000
35.4449154507,-13.7222222222,0.0000000000
35.4449154507,-13.9629629630,0.0000000000
50.5014571328,-13.4814814815,0.0000000000
35.4449154507,-13.2407407407,0.0000000000
35.4449154507,-13.4814814815,0.0000000000
50.5014571328,-13.0000000000,0.0000000000
35.4449154507,-12.7592592593,0.0000000000
35.4449154507,-13.0000000000,0.0000000000
50.5014571328,-12.5185185185,0.0000000000
35.4449154507,-12.2777777778,0.0000000000
35.4449154507,-12.5185185185,0.0000000000
50.5014571328,-12.0370370370,0.0000000000
35.4449154507,-11.7962962963,0.0000000000
35.4449154507,-12.0370370370,0.0000000000
50.5014571328,-11.5555555556,0.0000000000
35.4449154507,-11.3148148148,0.0000000000
35.4449154507,-11.5555555556,0.0000000000
50.5014571328,-11.0740740741,0.0000000000
35.4449154507,-10.8333333333,0.0000000000
35.4449154507,-11.0740740741,0.0000000000
50.5014571328,-10.5925925926,0.0000000000
35.4449154507,-10.3518518519,0.0000000000
35.4449154507,-10.5925925926,0.0000000000
50.5014571328,-10.1111111111,0.0000000000
35.4449154507,-9.8703703704,0.0000000000
35.4449154507,-10.1111111111,0.0000000000
50.5014571328,-9.6296296296,0.0000000000
35.4449154507,-9.3888888889,0.0000000000
35.4449154507,-9.6296296296,0.0000000000
50.5014571328,-9.1481481482,0.0000000000
35.4449154507,-8.9074074074,0.0000000000
35.4449154507,-9.1481481482,0.0000000000
50.5014571328,-8.6666666667,0.0000000000
35.4449154507,-8.4259259259,0.0000000000
35.4449154507,-8.6666666667,0.0000000000
50.5014571328,-8.1851851852,0.0000000000
35.4449154507,-7.9444444444,0.0000000000
35.4449154507,-8.1851851852,0.0000000000
50.5014571328,-7.7037037037,0.0000000000
35.4449154507,-7.4629629630,0.0000000000
35.4449154507,-7.7037037037,0.0000000000
50.5014571328,-7.2222222222,0.0000000000
35.4449154507,-6.9814814815,0.0000000000
35.4449154507,-7.2222222222,0.0000000000
50.5014571328,-6.7407407407,0.0000000000
35.4449154507,-6.5000000000,0.0000000000
35.4449154507,-6.7407407407,0.0000000000
50.5014571328,-6.2592592593,0.0000000000
35.4449154507,-6.0185185185,0.0000000000
35.4449154507,-6.2592592593,0.0000000000
50.5014571328,-5.7777777778,0.0000000000
35.4449154507,-5.5370370370,0.0000000000
35.4449154507,-5.7777777778,0.0000000000
50.5014571328,-5.2962962963,0.0000000000
35.4449154507,-5.0555555556,0.0000000000
35.4449154507,-5.2962962963,0.0000000000
50.5014571328,-4.8148148148,0.0000000000
35.4449154507,-4.5740740741,0.0000000000
35.4449154507,-4.8148148148,0.0000000000
50.5014571328,-4.3333333333,0.0000000000
35.4449154507,-4.0925925926,0.0000000000
35.4449154507,-4.3333333333,0.0000000000
50.5014571328,-3.8518518519,0.0000000000
35.4449154507,-3.6111111111,0.0000000000
35.4449154507,-3.8518518519,0.0000000000
50.5014571328,-3.3703703704,0.0000000000
35.4449154507,-3.1296296296,0.0000000000
35.4449154507,-3.3703703704,0.0000000000
50.5014571328,-2.8888888889,0.0000000000
35.4449154507,-2.6481481482,0.0000000000
35.4449154507,-2.8888888889,0.0000000000
50.5014571328,-2.4074074074,0.0000000000
35.4449154507,-2.1666666667,0.0000000000
35.4449154507,-2.4074074074,0.0000000000
50.5014571328,-1.9259259259,0.0000000000
35.4449154507,-1.6851851852,0.0000000000
35.4449154507,-1.9259259259,0.0000000000
50.5014571328,-1.4444444444,0.0000000000
35.4449154507,-1.2037037037,0.0000000000
35.4449154507,-1.4444444444,0.0000000000
50.5014571328,-0.9629629630,0.0000000000
35.4449154507,-0.7222222222,0.0000000000
35.4449154507,-0.9629629630,0.0000000000
50.5014571328,-0.4814814815,0.0000000000
35.4449154507,-0.2407407407,0.0000000000
35.4449154507,-0.4814814815,0.0000000000
50.5014571328,-0.0000000000,0.0000000000
35.4449154507,0.2407407407,0.0000000000
35.4449154507,-0.0000000000,0.0000000000
50.5014571328,0.4814814815,0.0000000000
35.4449154507,0.7222222222,0.0000000000
35.4449154507,0.4814814815,0.0000000000
50.5014571328,0.9629629630,0.0000000000
35.4449154507,1.2037037037,0.0000000000
35.4449154507,0.9629629630,0.0000000000
50.5014571328,1.4444444444,0.0000000000
35.4449154507,1.6851851852,0.0000000000
35.4449154507,1.4444444444,0.0000000000
50.5014571328,1.9259259259,0.0000000000
35.4449154507,2.1666666667,0.0000000000
35.4449154507,1.9259259259,0.0000000000
50.5014571328,2.4074074074,0.0000000000
35.4449154507,2.6481481481,0.0000000000
35.4449154507,2.4074074074,0.0000000000
50.5014571328,2.8888888889,0.0000000000
35.4449154507,3.1296296296,0.0000000000
35.4449154507,2.8888888889,0.0000000000
50.5014571328,3.3703703704,0.0000000000
35.4449154507,3.6111111111,0.0000000000
35.4449154507,3.3703703704,0.0000000000
50.5014571328,3.8518518518,0.0000000000
35.4449154507,4.0925925926,0.0000000000
35.4449154507,3.8518518518,0.0000000000
50.5014571328,4.3333333333,0.0000000000
35.4449154507,4.5740740741,0.0000000000
35.4449154507,4.3333333333,0.0000000000
50.5014571328,4.8148148148,0.0000000000
35.4449154507,5.0555555556,0.0000000000
35.4449154507,4.8148148148,0.0000000000
50.5014571328,5.2962962963,0.0000000000
35.4449154507,5.5370370370,0.0000000000
35.4449154507,5.2962962963,0.0000000000
50.5014571328,5.7777777778,0.0000000000
35.4449154507,6.0185185185,0.0000000000
35.4449154507,5.7777777778,0.0000000000
50.5014571328,6.2592592593,0.0000000000
35.4449154507,6.5000000000,0.0000000000
35.4449154507,6.2592592593,0.0000000000
50.5014571328,6.7407407407,0.0000000000
35.4449154507,6.9814814815,0.0000000000
35.4449154507,6.7407407407,0.0000000000
50.5014571328,7.2222222222,0.0000000000
35.4449154507,7.4629629630,0.0000000000
35.4449154507,7.2222222222,0.0000000000
50.5014571328,7.7037037037,0.0000000000
35.4449154507,7.9444444444,0.0000000000
35.4449154507,7.7037037037,0.0000000000
50.5014571328,8.1851851852,0.0000000000
35.4449154507,8.4259259259,0.0000000000
35.4449154507,8.1851851852,0.0000000000
50.5014571328,8.6666666667,0.0000000000
35.4449154507,8.9074074074,0.0000000000
35.4449154507,8.6666666667,0.0000000000
50.5014571328,9.1481481481,0.0000000000
35.4449154507,9.3888888889,0.0000000000
35.4449154507,9.1481481481,0.0000000000
50.5014571328,9.6296296296,0.0000000000
35.4449154507,9.8703703704,0.0000000000
35.4449154507,9.6296296296,0.0000000000
50.5014571328,10.1111111111,0.0000000000
35.4449154507,10.3518518518,0.0000000000
35.4449154507,10.1111111111,0.0000000000
50.5014571328,10.5925925926,0.0000000000
35.4449154507,10.8333333333,0.0000000000
35.4449154507,10.5925925926,0.0000000000
50.5014571328,11.0740740741,0.0000000000
35.4449154507,11.3148148148,0.0000000000
35.4449154507,11.0740740741,0.0000000000
50.5014571328,11.5555555555,0.0000000000
35.4449154507,11.7962962963,0.0000000000
35.4449154507,11.5555555555,0.0000000000
50.5014571328,12.0370370370,0.0000000000
35.4449154507,12.2777777778,0.0000000000
35.4449154507,12.0370370370,0.0000000000
50.5014571328,12.5185185185,0.0000000000
35.4449154507,12.7592592593,0.0000000000
35.4449154507,12.5185185185,0.0000000000
50.5014571328,13.0000000000,0.0000000000
35.4449154507,13.2407407407,0.0000000000
35.4449154507,13.0000000000,0.0000000000
50.5014571328,13.4814814815,0.0000000000
35.4449154507,13.7222222222,0.0000000000
35.4449154507,13.4814814815,0.0000000000
50.5014571328,13.9629629630,0.0000000000
35.4449154507,14.2037037037,0.0000000000
35.4449154507,13.9629629630,0.0000000000
50.5014571328,14.4444444444,0.0000000000
35.4449154507,14.6851851852,0.0000000000
35.4449154507,14.4444444444,0.0000000000
50.5014571328,14.9259259259,0.0000000000
35.4449154507,15.1666666667,0.0000000000
35.4449154507,14.9259259259,0.0000000000
50.5014571328,15.4074074074,0.0000000000
35.4449154507,15.6481481481,0.0000000000
35.4449154507,15.4074074074,0.0000000000
50.5014571328,15.8888888889,0.0000000000
35.4449154507,16.1296296296,0.0000000000
35.4449154507,15.8888888889,0.0000000000
50.5014571328,16.3703703704,0.0000000000
35.4449154507,16.6111111111,0.0000000000
35.4449154507,16.3703703704,0.0000000000
50.5014571328,16.8518518518,0.0000000000
35.4449154507,17.0925925926,0.0000000000
35.4449154507,16.8518518518,0.0000000000
50.5014571328,17.3333333333,0.0000000000
35.4449154507,17.5740740741,0.0000000000
35.4449154507,17.3333333333,0.0000000000
50.5014571328,17.8148148148,0.0000000000
35.4449154507,18.0555555555,0.0000000000
35.4449154507,17.8148148148,0.0000000000
50.5014571328,18.2962962963,0.0000000000
35.4449154507,18.5370370370,0.0000000000
35.4449154507,18.2962962963,0.0000000000
50.5014571328,18.7777777778,0.0000000000
35.4449154507,19.0185185185,0.0000000000
35.4449154507,18.7777777778,0.0000000000
50.5014571328,19.2592592593,0.0000000000
35.4449154507,19.5000000000,0.0000000000
35.4449154507,19.2592592593,0.0000000000
50.5014571328,19.7407407407,0.0000000000
35.4449154507,19.9814814815,0.0000000000
35.4449154507,19.7407407407,0.0000000000
50.5014571328,20.2222222222,0.0000000000
35.4449154507,20.4629629630,0.0000000000
35.4449154507,20.2222222222,0.0000000000
50.5014571328,20.7037037037,0.0000000000
35.4449154507,20.9444444444,0.0000000000
35.4449154507,20.7037037037,0.0000000000
50.5014571328,21.1851851852,0.0000000000
35.4449154507,21.4259259259,0.0000000000
35.4449154507,21.1851851852,0.0000000000
50.5014571328,21.6666666667,0.0000000000
35.4449154507,21.9074074074,0.0000000000
35.4449154507,21.6666666667,0.0000000000
50.5014571328,22.1481481481,0.0000000000
35.4449154507,22.3888888889,0.0000000000
35.4449154507,22.1481481481,0.0000000000
50.5014571328,22.6296296296,0.0000000000
35.4449154507,22.8703703704,0.0000000000
35.4449154507,22.6296296296,0.0000000000
50.5014571328,23.1111111111,0.0000000000
35.4449154507,23.3518518518,0.0000000000
35.4449154507,23.1111111111,0.0000000000
50.5014571328,23.5925925926,0.0000000000
35.4449154507,23.8333333333,0.0000000000
35.4449154507,23.5925925926,0.0000000000
50.5014571328,24.0740740741,0.0000000000
35.4449154507,24.3148148148,0.0000000000
35.4449154507,24.0740740741,0.0000000000
50.5014571328,24.5555555555,0.0000000000
35.4449154507,24.7962962963,0.0000000000
35.4449154507,24.5555555555,0.0000000000
50.5014571328,25.0370370370,0.0000000000
35.4449154507,25.2777777778,0.0000000000
35.4449154507,25.0370370370,0.0000000000
50.5014571328,25.5185185185,0.0000000000
35.4449154507,25.7592592593,0.0000000000
35.4449154507,25.5185185185,0.0000000000
50.5014571328,26.0000000000,0.0000000000
35.4449154507,26.2407407407,0.0000000000
35.4449154507,26.0000000000,0.0000000000
50.5014571328,26.4814814815,0.0000000000
35.4449154507,26.7222222222,0.0000000000
35.4449154507,26.4814814815,0.0000000000
50.5014571328,26.9629629630,0.0000000000
35.4449154507,27.2037037037,0.0000000000
35.4449154507,26.9629629630,0.0000000000
50.5014571328,27.4444444444,0.0000000000
35.4449154507,27.6851851852,0.0000000000
35.4449154507,27.4444444444,0.0000000000
50.5014571328,27.9259259259,0.0000000000
35.4449154507,28.1666666667,0.0000000000
35.4449154507,27.9259259259,0.0000000000
50.5014571328,28.4074074074,0.0000000000
35.4449154507,28.6481481481,0.0000000000
35.4449154507,28.4074074074,0.0000000000
50.5014571328,28.8888888889,0.0000000000
35.4449154507,29.1296296296,0.0000000000
35.4449154507,28.8888888889,0.0000000000
50.5014571328,29.3703703704,0.0000000000
35.4449154507,29.6111111111,0.0000000000
35.4449154507,29.3703703704,0.0000000000
50.5014571328,29.8518518518,0.0000000000
35.4449154507,30.0925925926,0.0000000000
35.4449154507,29.8518518518,0.0000000000
50.5014571328,30.3333333333,0.0000000000
35.4449154507,30.5740740741,0.0000000000
35.4449154507,30.3333333333,0.0000000000
50.5014571328,30.8148148148,0.0000000000
35.4449154507,31.0555555555,0.0000000000
35.4449154507,30.8148148148,0.0000000000
50.5014571328,31.2962962963,0.0000000000
35.4449154507,31.5370370370,0.0000000000
35.4449154507,31.2962962963,0.0000000000
50.5014571328,31.7777777778,0.0000000000
35.4449154507,32.0185185185,0.0000000000
35.4449154507,31.7777777778,0.0000000000
50.5014571328,32.2592592593,0.0000000000
35.4449154507,32.2592592593,0.0000000000
86.6371579854,-32.2592592593,0.0000000000
68.5693075591,-32.0185185185,0.0000000000
68.5693075591,-32.2592592593,0.0000000000
86.6371579854,-31.7777777778,0.0000000000
68.5693075591,-31.5370370370,0.0000000000
68.5693075591,-31.7777777778,0.0000000000
86.6371579854,-31.2962962963,0.0000000000
68.5693075591,-31.0555555556,0.0000000000
68.5693075591,-31.2962962963,0.0000000000
86.6371579854,-30.8148148148,0.0000000000
68.5693075591,-30.5740740741,0.0000000000
68.5693075591,-30.8148148148,0.0000000000
86.6371579854,-30.3333333333,0.0000000000
68.5693075591,-30.0925925926,0.0000000000
68.5693075591,-30.3333333333,0.0000000000
86.6371579854,-29.8518518519,0.0000000000
68.5693075591,-29.6111111111,0.0000000000
68.5693075591,-29.8518518519,0.0000000000
86.6371579854,-29.3703703704,0.0000000000
68.5693075591,-29.1296296296,0.0000000000
68.5693075591,-29.3703703704,0.0000000000
86.6371579854,-28.8888888889,0.0000000000
68.5693075591,-28.6481481481,0.0000000000
68.5693075591,-28.8888888889,0.0000000000
86.6371579854,-28.4074074074,0.0000000000
68.5693075591,-28.1666666667,0.0000000000
68.5693075591,-28.4074074074,0.0000000000
86.6371579854,-27.9259259259,0.0000000000
68.5693075591,-27.6851851852,0.0000000000
68.5693075591,-27.9259259259,0.0000000000
86.6371579854,-27.4444444444,0.0000000000
68.5693075591,-27.2037037037,0.0000000000
68.5693075591,-27.4444444444,0.0000000000
86.6371579854,-26.9629629630,0.0000000000
68.5693075591,-26.7222222222,0.0000000000
68.5693075591,-26.9629629630,0.0000000000
86.6371579854,-26.4814814815,0.0000000000
68.5693075591,-26.2407407407,0.0000000000
68.5693075591,-26.4814814815,0.0000000000
86.6371579854,-26.0000000000,0.0000000000
68.5693075591,-25.7592592593,0.0000000000
68.5693075591,-26.0000000000,0.0000000000
86.6371579854,-25.5185185185,0.0000000000
68.5693075591,-25.2777777778,0.0000000000
68.5693075591,-25.5185185185,0.0000000000
86.6371579854,-25.0370370370,0.0000000000
68.5693075591,-24.7962962963,0.0000000000
68.5693075591,-25.0370370370,0.0000000000
86.6371579854,-24.5555555556,0.0000000000
68.5693075591,-24.3148148148,0.0000000000
68.5693075591,-24.5555555556,0.0000000000
86.6371579854,-24.0740740741,0.0000000000
68.5693075591,-23.8333333333,0.0000000000
68.5693075591,-24.0740740741,0.0000000000
86.6371579854,-23.5925925926,0.0000000000
68.5693075591,-23.3518518519,0.0000000000
68.5693075591,-23.5925925926,0.0000000000
86.6371579854,-23.1111111111,0.0000000000
68.5693075591,-22.8703703704,0.0000000000
68.5693075591,-23.1111111111,0.0000000000
86.6371579854,-22.6296296296,0.0000000000
68.5693075591,-22.3888888889,0.0000000000
68.5693075591,-22.6296296296,0.0000000000
86.6371579854,-22.1481481481,0.0000000000
68.5693075591,-21.9074074074,0.0000000000
68.5693075591,-22.1481481481,0.0000000000
86.6371579854,-21.6666666667,0.0000000000
68.5693075591,-21.4259259259,0.0000000000
68.5693075591,-21.6666666667,0.0000000000
86.6371579854,-21.1851851852,0.0000000000
68.5693075591,-20.9444444444,0.0000000000
68.5693075591,-21.1851851852,0.0000000000
86.6371579854,-20.7037037037,0.0000000000
68.5693075591,-20.4629629630,0.0000000000
68.5693075591,-20.7037037037,0.0000000000
86.6371579854,-20.2222222222,0.0000000000
68.5693075591,-19.9814814815,0.0000000000
68.5693075591,-20.2222222222,0.0000000000
86.6371579854,-19.7407407407,0.0000000000
68.5693075591,-19.5000000000,0.0000000000
68.5693075591,-19.7407407407,0.0000000000
86.6371579854,-19.2592592593,0.0000000000
68.5693075591,-19.0185185185,0.0000000000
68.5693075591,-19.2592592593,0.0000000000
86.6371579854,-18.7777777778,0.0000000000
68.5693075591,-18.5370370370,0.0000000000
68.5693075591,-18.7777777778,0.0000000000
86.6371579854,-18.2962962963,0.0000000000
68.5693075591,-18.0555555556,0.0000000000
68.5693075591,-18.2962962963,0.0000000000
86.6371579854,-17.8148148148,0.0000000000
68.5693075591,-17.5740740741,0.0000000000
68.5693075591,-17.8148148148,0.0000000000
86.6371579854,-17.3333333333,0.0000000000
68.5693075591,-17.0925925926,0.0000000000
68.5693075591,-17.3333333333,0.0000000000
86.6371579854,-16.8518518519,0.0000000000
68.5693075591,-16.6111111111,0.0000000000
68.5693075591,-16.8518518519,0.0000000000
86.6371579854,-16.3703703704,0.0000000000
68.5693075591,-16.1296296296,0.0000000000
68.5693075591,-16.3703703704,0.0000000000
86.6371579854,-15.8888888889,0.0000000000
68.5693075591,-15.6481481482,0.0000000000
68.5693075591,-15.8888888889,0.0000000000
86.6371579854,-15.4074074074,0.0000000000
68.5693075591,-15.1666666667,0.0000000000
68.5693075591,-15.4074074074,0.0000000000
86.6371579854,-14.9259259259,0.0000000000
68.5693075591,-14.6851851852,0.0000000000
68.5693075591,-14.9259259259,0.0000000000
86.6371579854,-14.4444444444,0.0000000000
68.5693075591,-14.2037037037,0.0000000000
68.5693075591,-14.4444444444,0.0000000000
86.6371579854,-13.9629629630,0.0000000000
68.5693075591,-13.7222222222,0.0000000000
68.5693075591,-13.9629629630,0.0000000000
86.6371579854,-13.4814814815,0.0000000000
68.5693075591,-13.2407407407,0.0000000000
68.5693075591,-13.4814814815,0.0000000000
86.6371579854,-13.0000000000,0.0000000000
68.5693075591,-12.7592592593,0.0000000000
68.5693075591,-13.0000000000,0.0000000000
86.6371579854,-12.5185185185,0.0000000000
68.5693075591,-12.2777777778,0.0000000000
68.5693075591,-12.5185185185,0.0000000000
86.6371579854,-12.0370370370,0.0000000000
68.5693075591,-11.7962962963,0.0000000000
68.5693075591,-12.0370370370,0.0000000000
86.6371579854,-11.5555555556,0.0000000000
68.5693075591,-11.3148148148,0.0000000000
68.5693075591,-11.5555555556,0.0000000000
86.6371579854,-11.0740740741,0.0000000000
68.5693075591,-10.8333333333,0.0000000000
68.5693075591,-11.0740740741,0.0000000000
86.6371579854,-10.5925925926,0.0000000000
68.5693075591,-10.3518518519,0.0000000000
68.5693075591,-10.5925925926,0.0000000000
86.6371579854,-10.1111111111,0.0000000000
68.5693075591,-9.8703703704,0.0000000000
68.5693075591,-10.1111111111,0.0000000000
86.6371579854,-9.6296296296,0.0000000000
68.5693075591,-9.3888888889,0.0000000000
68.5693075591,-9.6296296296,0.0000000000
86.6371579854,-9.1481481482,0.0000000000
68.5693075591,-8.9074074074,0.0000000000
68.5693075591,-9.1481481482,0.0000000000
86.6371579854,-8.6666666667,0.0000000000
68.5693075591,-8.4259259259,0.0000000000
68.5693075591,-8.6666666667,0.0000000000
86.6371579854,-8.1851851852,0.0000000000
68.5693075591,-7.9444444444,0.0000000000
68.5693075591,-8.1851851852,0.0000000000
86.6371579854,-7.7037037037,0.0000000000
68.5693075591,-7.4629629630,0.0000000000
68.5693075591,-7.7037037037,0.0000000000
86.6371579854,-7.2222222222,0.0000000000
68.5693075591,-6.9814814815,0.0000000000
68.5693075591,-7.2222222222,0.0000000000
86.6371579854,-6.7407407407,0.0000000000
68.5693075591,-6.5000000000,0.0000000000
68.5693075591,-6.7407407407,0.0000000000
86.6371579854,-6.2592592593,0.0000000000
68.5693075591,-6.0185185185,0.0000000000
68.5693075591,-6.2592592593,0.0000000000
86.6371579854,-5.7777777778,0.0000000000
68.5693075591,-5.5370370370,0.0000000000
68.5693075591,-5.7777777778,0.0000000000
86.6371579854,-5.2962962963,0.0000000000
68.5693075591,-5.0555555556,0.0000000000
68.5693075591,-5.2962962963,0.0000000000
86.6371579854,-4.8148148148,0.0000000000
68.5693075591,-4.5740740741,0.0000000000
68.5693075591,-4.8148148148,0.0000000000
86.6371579854,-4.3333333333,0.0000000000
68.5693075591,-4.0925925926,0.0000000000
68.5693075591,-4.3333333333,0.0000000000
86.6371579854,-3.8518518519,0.0000000000
68.5693075591,-3.6111111111,0.0000000000
68.5693075591,-3.8518518519,0.0000000000
86.6371579854,-3.3703703704,0.0000000000
68.5693075591,-3.1296296296,0.0000000000
68.5693075591,-3.3703703704,0.0000000000
86.6371579854,-2.8888888889,0.0000000000
68.5693075591,-2.6481481482,0.0000000000
68.5693075591,-2.8888888889,0.0000000000
86.6371579854,-2.4074074074,0.0000000000
68.5693075591,-2.1666666667,0.0000000000
68.5693075591,-2.4074074074,0.0000000000
86.6371579854,-1.9259259259,0.0000000000
68.5693075591,-1.6851851852,0.0000000000
68.5693075591,-1.9259259259,0.0000000000
86.6371579854,-1.4444444444,0.0000000000
68.5693075591,-1.2037037037,0.0000000000
68.5693075591,-1.4444444444,0.0000000000
86.6371579854,-0.9629629630,0.0000000000
68.5693075591,-0.7222222222,0.0000000000
68.5693075591,-0.9629629630,0.0000000000
86.6371579854,-0.4814814815,0.0000000000
68.5693075591,-0.2407407407,0.0000000000
68.5693075591,-0.4814814815,0.0000000000
86.6371579854,-0.0000000000,0.0000000000
68.5693075591,0.2407407407,0.0000000000
68.5693075591,-0.0000000000,0.0000000000
86.6371579854,0.4814814815,0.0000000000
68.5693075591,0.7222222222,0.0000000000
68.5693075591,0.4814814815,0.0000000000
86.6371579854,0.9629629630,0.0000000000
68.5693075591,1.2037037037,0.0000000000
68.5693075591,0.9629629630,0.0000000000
86.6371579854,1.4444444444,0.0000000000
68.5693075591,1.6851851852,0.0000000000
68.5693075591,1.4444444444,0.0000000000
86.6371579854,1.9259259259,0.0000000000
68.5693075591,2.1666666667,0.0000000000
68.5693075591,1.9259259259,0.0000000000
86.6371579854,2.4074074074,0.0000000000
68.5693075591,2.6481481481,0.0000000000
68.5693075591,2.4074074074,0.0000000000
86.6371579854,2.8888888889,0.0000000000
68.5693075591,3.1296296296,0.0000000000
68.5693075591,2.8888888889,0.0000000000
86.6371579854,3.3703703704,0.0000000000
68.5693075591,3.6111111111,0.0000000000
68.5693075591,3.3703703704,0.0000000000
86.6371579854,3.8518518518,0.0000000000
68.5693075591,4.0925925926,0.0000000000
68.5693075591,3.8518518518,0.0000000000
86.6371579854,4.3333333333,0.0000000000
68.5693075591,4.5740740741,0.0000000000
68.5693075591,4.3333333333,0.0000000000
86.6371579854,4.8148148148,0.0000000000
68.5693075591,5.0555555556,0.0000000000
68.5693075591,4.8148148148,0.0000000000
86.6371579854,5.2962962963,0.0000000000
68.5693075591,5.5370370370,0.0000000000
68.5693075591,5.2962962963,0.0000000000
86.6371579854,5.7777777778,0.0000000000
68.5693075591,6.0185185185,0.0000000000
68.5693075591,5.7777777778,0.0000000000
86.6371579854,6.2592592593,0.0000000000
68.5693075591,6.5000000000,0.0000000000
68.5693075591,6.2592592593,0.0000000000
86.6371579854,6.7407407407,0.0000000000
68.5693075591,6.9814814815,0.0000000000
68.5693075591,6.7407407407,0.0000000000
86.6371579854,7.2222222222,0.0000000000
68.5693075591,7.4629629630,0.0000000000
68.5693075591,7.2222222222,0.0000000000
86.6371579854,7.7037037037,0.0000000000
68.5693075591,7.9444444444,0.0000000000
68.5693075591,7.7037037037,0.0000000000
86.6371579854,8.1851851852,0.0000000000
68.5693075591,8.4259259259,0.0000000000
68.5693075591,8.1851851852,0.0000000000
86.6371579854,8.6666666667,0.0000000000
68.5693075591,8.9074074074,0.0000000000
68.5693075591,8.6666666667,0.0000000000
86.6371579854,9.1481481481,0.0000000000
68.5693075591,9.3888888889,0.0000000000
68.5693075591,9.1481481481,0.0000000000
86.6371579854,9.6296296296,0.0000000000
68.5693075591,9.8703703704,0.0000000000
68.5693075591,9.6296296296,0.0000000000
86.6371579854,10.1111111111,0.0000000000
68.5693075591,10.3518518518,0.0000000000
68.5693075591,10.1111111111,0.0000000000
86.6371579854,10.5925925926,0.0000000000
68.5693075591,10.8333333333,0.0000000000
68.5693075591,10.5925925926,0.0000000000
86.6371579854,11.0740740741,0.0000000000
68.5693075591,11.3148148148,0.0000000000
68.5693075591,11.0740740741,0.0000000000
86.6371579854,11.5555555555,0.0000000000
68.5693075591,11.7962962963,0.0000000000
68.5693075591,11.5555555555,0.0000000000
86.6371579854,12.0370370370,0.0000000000
68.5693075591,12.2777777778,0.0000000000
68.5693075591,12.0370370370,0.0000000000
86.6371579854,12.5185185185,0.0000000000
68.5693075591,12.7592592593,0.0000000000
68.5693075591,12.5185185185,0.0000000000
86.6371579854,13.0000000000,0.0000000000
68.5693075591,13.2407407407,0.0000000000
68.5693075591,13.0000000000,0.0000000000
86.6371579854,13.4814814815,0.0000000000
68.5693075591,13.7222222222,0.0000000000
68.5693075591,13.4814814815,0.0000000000
86.6371579854,13.9629629630,0.0000000000
68.5693075591,14.2037037037,0.0000000000
68.5693075591,13.9629629630,0.0000000000
86.6371579854,14.4444444444,0.0000000000
68.5693075591,14.6851851852,0.0000000000
68.5693075591,14.4444444444,0.0000000000
86.6371579854,14.9259259259,0.0000000000
68.5693075591,15.1666666667,0.0000000000
68.5693075591,14.9259259259,0.0000000000
86.6371579854,15.4074074074,0.0000000000
68.5693075591,15.6481481481,0.0000000000
68.5693075591,15.4074074074,0.0000000000
86.6371579854,15.8888888889,0.0000000000
68.5693075591,16.1296296296,0.0000000000
68.5693075591,15.8888888889,0.0000000000
86.6371579854,16.3703703704,0.0000000000
68.5693075591,16.6111111111,0.0000000000
68.5693075591,16.3703703704,0.0000000000
86.6371579854,16.8518518518,0.0000000000
68.5693075591,17.0925925926,0.0000000000
68.5693075591,16.8518518518,0.0000000000
86.6371579854,17.3333333333,0.0000000000
68.5693075591,17.5740740741,0.0000000000
68.5693075591,17.3333333333,0.0000000000
86.6371579854,17.8148148148,0.0000000000
68.5693075591,18.0555555555,0.0000000000
68.5693075591,17.8148148148,0.0000000000
86.6371579854,18.2962962963,0.0000000000
68.5693075591,18.5370370370,0.0000000000
68.5693075591,18.2962962963,0.0000000000
86.6371579854,18.7777777778,0.0000000000
68.5693075591,19.0185185185,0.0000000000
68.5693075591,18.7777777778,0.0000000000
86.6371579854,19.2592592593,0.0000000000
68.5693075591,19.5000000000,0.0000000000
68.5693075591,19.2592592593,0.0000000000
86.6371579854,19.7407407407,0.0000000000
68.5693075591,19.9814814815,0.0000000000
68.5693075591,19.7407407407,0.0000000000
86.6371579854,20.2222222222,0.0000000000
68.5693075591,20.4629629630,0.0000000000
68.5693075591,20.2222222222,0.0000000000
86.6371579854,20.7037037037,0.0000000000
68.5693075591,20.9444444444,0.0000000000
68.5693075591,20.7037037037,0.0000000000
86.6371579854,21.1851851852,0.0000000000
68.5693075591,21.4259259259,0.0000000000
68.5693075591,21.1851851852,0.0000000000
86.6371579854,21.6666666667,0.0000000000
68.5693075591,21.9074074074,0.0000000000
68.5693075591,21.6666666667,0.0000000000
86.6371579854,22.1481481481,0.0000000000
68.5693075591,22.3888888889,0.0000000000
68.5693075591,22.1481481481,0.0000000000
86.6371579854,22.6296296296,0.0000000000
68.5693075591,22.8703703704,0.0000000000
68.5693075591,22.6296296296,0.0000000000
86.6371579854,23.1111111111,0.0000000000
68.5693075591,23.3518518518,0.0000000000
68.5693075591,23.1111111111,0.0000000000
86.6371579854,23.5925925926,0.0000000000
68.5693075591,23.8333333333,0.0000000000
68.5693075591,23.5925925926,0.0000000000
86.6371579854,24.0740740741,0.0000000000
68.5693075591,24.3148148148,0.0000000000
68.5693075591,24.0740740741,0.0000000000
86.6371579854,24.5555555555,0.0000000000
68.5693075591,24.7962962963,0.0000000000
68.5693075591,24.5555555555,0.0000000000
86.6371579854,25.0370370370,0.0000000000
68.5693075591,25.2777777778,0.0000000000
68.5693075591,25.0370370370,0.0000000000
86.6371579854,25.5185185185,0.0000000000
68.5693075591,25.7592592593,0.0000000000
68.5693075591,25.5185185185,0.0000000000
86.6371579854,26.0000000000,0.0000000000
68.5693075591,26.2407407407,0.0000000000
68.5693075591,26.0000000000,0.0000000000
86.6371579854,26.4814814815,0.0000000000
68.5693075591,26.7222222222,0.0000000000
68.5693075591,26.4814814815,0.0000000000
86.6371579854,26.9629629630,0.0000000000
68.5693075591,27.2037037037,0.0000000000
68.5693075591,26.9629629630,0.0000000000
86.6371579854,27.4444444444,0.0000000000
68.5693075591,27.6851851852,0.0000000000
68.5693075591,27.4444444444,0.0000000000
86.6371579854,27.9259259259,0.0000000000
68.5693075591,28.1666666667,0.0000000000
68.5693075591,27.9259259259,0.0000000000
86.6371579854,28.4074074074,0.0000000000
68.5693075591,28.6481481481,0.0000000000
68.5693075591,28.4074074074,0.0000000000
86.6371579854,28.8888888889,0.0000000000
68.5693075591,29.1296296296,0.0000000000
68.5693075591,28.8888888889,0.0000000000
86.6371579854,29.3703703704,0.0000000000
68.5693075591,29.6111111111,0.0000000000
68.5693075591,29.3703703704,0.0000000000
86.6371579854,29.8518518518,0.0000000000
68.5693075591,30.0925925926,0.0000000000
68.5693075591,29.8518518518,0.0000000000
86.6371579854,30.3333333333,0.0000000000
68.5693075591,30.5740740741,0.0000000000
68.5693075591,30.3333333333,0.0000000000
86.6371579854,30.8148148148,0.0000000000
68.5693075591,31.0555555555,0.0000000000
68.5693075591,30.8148148148,0.0000000000
86.6371579854,31.2962962963,0.0000000000
68.5693075591,31.5370370370,0.0000000000
68.5693075591,31.2962962963,0.0000000000
86.6371579854,31.7777777778,0.0000000000
68.5693075591,32.0185185185,0.0000000000
68.5693075591,31.7777777778,0.0000000000
86.6371579854,32.2592592593,0.0000000000
68.5693075591,32.2592592593,0.0000000000
108.3185789927,-32.0185185185,0.0000000000
108.3185789927,-32.2592592593,0.0000000000
108.3185789927,-31.5370370370,0.0000000000
108.3185789927,-31.7777777778,0.0000000000
108.3185789927,-31.0555555556,0.0000000000
108.3185789927,-31.2962962963,0.0000000000
108.3185789927,-30.5740740741,0.0000000000
108.3185789927,-30.8148148148,0.0000000000
108.3185789927,-30.0925925926,0.0000000000
108.3185789927,-30.3333333333,0.0000000000
108.3185789927,-29.6111111111,0.0000000000
108.3185789927,-29.8518518519,0.0000000000
108.3185789927,-29.1296296296,0.0000000000
108.3185789927,-29.3703703704,0.0000000000
108.3185789927,-28.6481481481,0.0000000000
108.3185789927,-28.8888888889,0.0000000000
108.3185789927,-28.1666666667,0.0000000000
108.3185789927,-28.4074074074,0.0000000000
108.3185789927,-27.6851851852,0.0000000000
108.3185789927,-27.9259259259,0.0000000000
108.3185789927,-27.2037037037,0.0000000000
108.3185789927,-27.4444444444,0.0000000000
108.3185789927,-26.7222222222,0.0000000000
108.3185789927,-26.9629629630,0.0000000000
108.3185789927,-26.2407407407,0.0000000000
108.3185789927,-26.4814814815,0.0000000000
108.3185789927,-25.7592592593,0.0000000000
108.3185789927,-26.0000000000,0.0000000000
108.3185789927,-25.2777777778,0.0000000000
108.3185789927,-25.5185185185,0.0000000000
108.3185789927,-24.7962962963,0.0000000000
108.3185789927,-25.0370370370,0.0000000000
108.3185789927,-24.3148148148,0.0000000000
108.3185789927,-24.5555555556,0.0000000000
108.3185789927,-23.8333333333,0.0000000000
108.3185789927,-24.0740740741,0.0000000000
108.3185789927,-23.3518518519,0.0000000000
108.3185789927,-23.5925925926,0.0000000000
108.3185789927,-22.8703703704,0.0000000000
108.3185789927,-23.1111111111,0.0000000000
108.3185789927,-22.3888888889,0.0000000000
108.3185789927,-22.6296296296,0.0000000000
108.3185789927,-21.9074074074,0.0000000000
108.3185789927,-22.1481481481,0.0000000000
108.3185789927,-21.4259259259,0.0000000000
108.3185789927,-21.6666666667,0.0000000000
108.3185789927,-20.9444444444,0.0000000000
108.3185789927,-21.1851851852,0.0000000000
108.3185789927,-20.4629629630,0.0000000000
108.3185789927,-20.7037037037,0.0000000000
108.3185789927,-19.9814814815,0.0000000000
108.3185789927,-20.2222222222,0.0000000000
108.3185789927,-19.5000000000,0.0000000000
108.3185789927,-19.7407407407,0.0000000000
108.3185789927,-19.0185185185,0.0000000000
108.3185789927,-19.2592592593,0.0000000000
108.3185789927,-18.5370370370,0.0000000000
108.3185789927,-18.7777777778,0.0000000000
108.3185789927,-18.0555555556,0.0000000000
108.3185789927,-18.2962962963,0.0000000000
108.3185789927,-17.5740740741,0.0000000000
108.3185789927,-17.8148148148,0.0000000000
108.3185789927,-17.0925925926,0.0000000000
108.3185789927,-17.3333333333,0.0000000000
108.3185789927,-16.6111111111,0.0000000000
108.3185789927,-16.8518518519,0.0000000000
108.3185789927,-16.1296296296,0.0000000000
108.3185789927,-16.3703703704,0.0000000000
108.3185789927,-15.6481481482,0.0000000000
108.3185789927,-15.8888888889,0.0000000000
108.3185789927,-15.1666666667,0.0000000000
108.3185789927,-15.4074074074,0.0000000000
108.3185789927,-14.6851851852,0.0000000000
108.3185789927,-14.9259259259,0.0000000000
108.3185789927,-14.2037037037,0.0000000000
108.3185789927,-14.4444444444,0.0000000000
108.3185789927,-13.7222222222,0.0000000000
108.3185789927,-13.9629629630,0.0000000000
108.3185789927,-13.2407407407,0.0000000000
108.3185789927,-13.4814814815,0.0000000000
108.3185789927,-12.7592592593,0.0000000000
108.3185789927,-13.0000000000,0.0000000000
108.3185789927,-12.2777777778,0.0000000000
108.3185789927,-12.5185185185,0.0000000000
108.3185789927,-11.7962962963,0.0000000000
108.3185789927,-12.0370370370,0.0000000000
108.3185789927,-11.3148148148,0.0000000000
108.3185789927,-11.5555555556,0.0000000000
108.3185789927,-10.8333333333,0.0000000000
108.3185789927,-11.0740740741,0.0000000000
108.3185789927,-10.3518518519,0.0000000000
108.3185789927,-10.5925925926,0.0000000000
108.3185789927,-9.8703703704,0.0000000000
108.3185789927,-10.1111111111,0.0000000000
108.3185789927,-9.3888888889,0.0000000000
108.3185789927,-9.6296296296,0.0000000000
108.3185789927,-8.9074074074,0.0000000000
108.3185789927,-9.1481481482,0.0000000000
108.3185789927,-8.4259259259,0.0000000000
108.3185789927,-8.6666666667,0.0000000000
108.3185789927,-7.9444444444,0.0000000000
108.3185789927,-8.1851851852,0.0000000000
108.3185789927,-7.4629629630,0.0000000000
108.3185789927,-7.7037037037,0.0000000000
108.3185789927,-6.9814814815,0.0000000000
108.3185789927,-7.2222222222,0.0000000000
108.3185789927,-6.5000000000,0.0000000000
108.3185789927,-6.7407407407,0.0000000000
108.3185789927,-6.0185185185,0.0000000000
108.3185789927,-6.2592592593,0.0000000000
108.3185789927,-5.5370370370,0.0000000000
108.3185789927,-5.7777777778,0.0000000000
108.3185789927,-5.0555555556,0.0000000000
108.3185789927,-5.2962962963,0.0000000000
108.3185789927,-4.5740740741,0.0000000000
108.3185789927,-4.8148148148,0.0000000000
108.3185789927,-4.0925925926,0.0000000000
108.3185789927,-4.3333333333,0.0000000000
108.3185789927,-3.6111111111,0.0000000000
108.3185789927,-3.8518518519,0.0000000000
108.3185789927,-3.1296296296,0.0000000000
108.3185789927,-3.3703703704,0.0000000000
108.3185789927,-2.6481481482,0.0000000000
108.3185789927,-2.8888888889,0.0000000000
108.3185789927,-2.1666666667,0.0000000000
108.3185789927,-2.4074074074,0.0000000000
108.3185789927,-1.6851851852,0.0000000000
108.3185789927,-1.9259259259,0.0000000000
108.3185789927,-1.2037037037,0.0000000000
108.3185789927,-1.4444444444,0.0000000000
108.3185789927,-0.7222222222,0.0000000000
108.3185789927,-0.9629629630,0.0000000000
108.3185789927,-0.2407407407,0.0000000000
108.3185789927,-0.4814814815,0.0000000000
108.3185789927,0.2407407407,0.0000000000
108.3185789927,-0.0000000000,0.0000000000
108.3185789927,0.7222222222,0.0000000000
108.3185789927,0.4814814815,0.0000000000
108.3185789927,1.2037037037,0.0000000000
108.3185789927,0.9629629630,0.0000000000
108.3185789927,1.6851851852,0.0000000000
108.3185789927,1.4444444444,0.0000000000
108.3185789927,2.1666666667,0.0000000000
108.3185789927,1.9259259259,0.0000000000
108.3185789927,2.6481481481,0.0000000000
108.3185789927,2.4074074074,0.0000000000
108.3185789927,3.1296296296,0.0000000000
108.3185789927,2.8888888889,0.0000000000
108.3185789927,3.6111111111,0.0000000000
108.3185789927,3.3703703704,0.0000000000
108.3185789927,4.0925925926,0.0000000000
108.3185789927,3.8518518518,0.0000000000
108.3185789927,4.5740740741,0.0000000000
108.3185789927,4.3333333333,0.0000000000
108.3185789927,5.0555555556,0.0000000000
108.3185789927,4.8148148148,0.0000000000
108.3185789927,5.5370370370,0.0000000000
108.3185789927,5.2962962963,0.0000000000
108.3185789927,6.0185185185,0.0000000000
108.3185789927,5.7777777778,0.0000000000
108.3185789927,6.5000000000,0.0000000000
108.3185789927,6.2592592593,0.0000000000
108.3185789927,6.9814814815,0.0000000000
108.3185789927,6.7407407407,0.0000000000
108.3185789927,7.4629629630,0.0000000000
108.3185789927,7.2222222222,0.0000000000
108.3185789927,7.9444444444,0.0000000000
108.3185789927,7.7037037037,0.0000000000
108.3185789927,8.4259259259,0.0000000000
108.3185789927,8.1851851852,0.0000000000
108.3185789927,8.9074074074,0.0000000000
108.3185789927,8.6666666667,0.0000000000
108.3185789927,9.3888888889,0.0000000000
108.3185789927,9.1481481481,0.0000000000
108.3185789927,9.8703703704,0.0000000000
108.3185789927,9.6296296296,0.0000000000
108.3185789927,10.3518518518,0.0000000000
108.3185789927,10.1111111111,0.0000000000
108.3185789927,10.8333333333,0.0000000000
108.3185789927,10.5925925926,0.0000000000
108.3185789927,11.3148148148,0.0000000000
108.3185789927,11.0740740741,0.0000000000
108.3185789927,11.7962962963,0.0000000000
108.3185789927,11.5555555555,0.0000000000
108.3185789927,12.2777777778,0.0000000000
108.3185789927,12.0370370370,0.0000000000
108.3185789927,12.7592592593,0.0000000000
108.3185789927,12.5185185185,0.0000000000
108.3185789927,13.2407407407,0.0000000000
108.3185789927,13.0000000000,0.0000000000
108.3185789927,13.7222222222,0.0000000000
108.3185789927,13.4814814815,0.0000000000
108.3185789927,14.2037037037,0.0000000000
108.3185789927,13.9629629630,0.0000000000
108.3185789927,14.6851851852,0.0000000000
108.3185789927,14.4444444444,0.0000000000
108.3185789927,15.1666666667,0.0000000000
108.3185789927,14.9259259259,0.0000000000
108.3185789927,15.6481481481,0.0000000000
108.3185789927,15.4074074074,0.0000000000
108.3185789927,16.1296296296,0.0000000000
108.3185789927,15.8888888889,0.0000000000
108.3185789927,16.6111111111,0.0000000000
108.3185789927,16.3703703704,0.0000000000
108.3185789927,17.0925925926,0.0000000000
108.3185789927,16.8518518518,0.0000000000
108.3185789927,17.5740740741,0.0000000000
108.3185789927,17.3333333333,0.0000000000
108.3185789927,18.0555555555,0.0000000000
108.3185789927,17.8148148148,0.0000000000
108.3185789927,18.5370370370,0.0000000000
108.3185789927,18.2962962963,0.0000000000
108.3185789927,19.0185185185,0.0000000000
108.3185789927,18.7777777778,0.0000000000
108.3185789927,19.5000000000,0.0000000000
108.3185789927,19.2592592593,0.0000000000
108.3185789927,19.9814814815,0.0000000000
108.3185789927,19.7407407407,0.0000000000
108.3185789927,20.4629629630,0.0000000000
108.3185789927,20.2222222222,0.0000000000
108.3185789927,20.9444444444,0.0000000000
108.3185789927,20.7037037037,0.0000000000
108.3185789927,21.4259259259,0.0000000000
108.3185789927,21.1851851852,0.0000000000
108.3185789927,21.9074074074,0.0000000000
108.3185789927,21.6666666667,0.0000000000
108.3185789927,22.3888888889,0.0000000000
108.3185789927,22.1481481481,0.0000000000
108.3185789927,22.8703703704,0.0000000000
108.3185789927,22.6296296296,0.0000000000
108.3185789927,23.3518518518,0.0000000000
108.3185789927,23.1111111111,0.0000000000
108.3185789927,23.8333333333,0.0000000000
108.3185789927,23.5925925926,0.0000000000
108.3185789927,24.3148148148,0.0000000000
108.3185789927,24.0740740741,0.0000000000
108.3185789927,24.7962962963,0.0000000000
108.3185789927,24.5555555555,0.0000000000
108.3185789927,25.2777777778,0.0000000000
108.3185789927,25.0370370370,0.0000000000
108.3185789927,25.7592592593,0.0000000000
108.3185789927,25.5185185185,0.0000000000
108.3185789927,26.2407407407,0.0000000000
108.3185789927,26.0000000000,0.0000000000
108.3185789927,26.7222222222,0.0000000000
108.3185789927,26.4814814815,0.0000000000
108.3185789927,27.2037037037,0.0000000000
108.3185789927,26.9629629630,0.0000000000
108.3185789927,27.6851851852,0.0000000000
108.3185789927,27.4444444444,0.0000000000
108.3185789927,28.1666666667,0.0000000000
108.3185789927,27.9259259259,0.0000000000
108.3185789927,28.6481481481,0.0000000000
108.3185789927,28.4074074074,0.0000000000
108.3185789927,29.1296296296,0.0000000000
108.3185789927,28.8888888889,0.0000000000
108.3185789927,29.6111111111,0.0000000000
108.3185789927,29.3703703704,0.0000000000
108.3185789927,30.0925925926,0.0000000000
108.3185789927,29.8518518518,0.0000000000
108.3185789927,30.5740740741,0.0000000000
108.3185789927,30.3333333333,0.0000000000
108.3185789927,31.0555555555,0.0000000000
108.3185789927,30.8148148148,0.0000000000
108.3185789927,31.5370370370,0.0000000000
108.3185789927,31.2962962963,0.0000000000
108.3185789927,32.0185185185,0.0000000000
108.3185789927,31.7777777778,0.0000000000
108.3185789927,32.2592592593,0.0000000000
