0.0000000000,0.5000000000
0.0000000000,-0.2938926261
0.0000000000,-0.2938926261
0.0000000000,0.5000000000
0.0000000000,0.4889339340
0.0000000000,0.4475178053
0.0000000000,0.3617110710
0.0000000000,0.2183546883
0.0000000000,0.0139483040
0.0000000000,-0.2287091269
0.0000000000,-0.4386979409
0.0000000000,-0.4897988397
0.0000000000,-0.2577058827
0.0000000000,0.2075756036
0.0000000000,0.4999712869
0.0000000000,0.1317144486
0.0000000000,-0.4748158900
0.0000000000,-0.0734198233
0.0000000000,0.4825317538
0.0000000000,-0.4015304732
0.0000000000,0.1437820355
0.0000000000,0.0429796597
0.0000000000,-0.1042932292
0.0000000000,0.0502600576
0.0000000000,0.1045139703
0.0000000000,-0.3147668120
0.0000000000,0.4757752588
0.0000000000,-0.4757473062
0.0000000000,0.3013068691
0.0000000000,-0.0551881411
0.0000000000,-0.1449711766
0.0000000000,0.2481466706
0.0000000000,-0.2514656532
0.0000000000,0.1432948147
0.0000000000,0.1016867054
0.0000000000,-0.4108051976
0.0000000000,0.4579822646
0.0000000000,0.0552907179
0.0000000000,-0.4995525716
0.0000000000,-0.0937450622
0.0000000000,0.4315749391
0.0000000000,0.4321299877
0.0000000000,0.0700654572
0.0000000000,0.4972186211
0.0000000000,0.4719204917
0.0000000000,0.4091225146
0.0000000000,0.2945512469
0.0000000000,0.1185401889
0.0000000000,-0.1112541409
0.0000000000,-0.3494524373
0.0000000000,-0.4945742918
0.0000000000,-0.4075132369
0.0000000000,-0.0268062551
0.0000000000,0.4202784889
0.0000000000,0.3972735717
0.0000000000,-0.2399777459
0.0000000000,-0.4228488281
0.0000000000,0.3783815101
0.0000000000,0.0836777528
0.0000000000,-0.4022478457
0.0000000000,0.4955675228
0.0000000000,-0.4969750029
0.0000000000,0.4970429234
0.0000000000,-0.4969333554
0.0000000000,0.4360706367
0.0000000000,-0.2511635527
0.0000000000,-0.0418173674
0.0000000000,0.3257188578
0.0000000000,-0.4802647769
0.0000000000,0.4907972209
0.0000000000,-0.4367545554
0.0000000000,0.4058010976
0.0000000000,-0.4372000669
0.0000000000,0.4953824316
0.0000000000,-0.4394033541
0.0000000000,0.0880510819
0.0000000000,0.4136912321
0.0000000000,-0.3495541772
0.0000000000,-0.3732912880
0.0000000000,0.2297192361
0.0000000000,0.4995313985
0.0000000000,0.2629183594
0.0000000000,-0.1367066104
0.0000000000,-0.3178145998
0.0000000000,-0.3405734650
0.0000000000,-0.3620859307
0.0000000000,-0.3822732678
0.0000000000,-0.4010615964
0.0000000000,-0.4183821567
0.0000000000,-0.4341715606
0.0000000000,-0.4483720235
0.0000000000,-0.4609315758
0.0000000000,-0.4718042532
0.0000000000,-0.4809502649
0.0000000000,-0.4883361392
0.0000000000,-0.4939348459
0.0000000000,-0.4977258954
0.0000000000,-0.4996954135
0.0000000000,-0.4998361925
0.0000000000,-0.4981477170
0.0000000000,-0.4946361665
0.0000000000,-0.4893143921
0.0000000000,-0.4822018701
0.0000000000,-0.4733246301
0.0000000000,-0.4627151602
0.0000000000,-0.4504122881
0.0000000000,-0.4364610386
0.0000000000,-0.4209124693
0.0000000000,-0.4038234833
0.0000000000,-0.3852566214
0.0000000000,-0.3652798328
0.0000000000,-0.3439662268
0.0000000000,-0.3213938048
0.0000000000,-0.2976451755
0.0000000000,-0.2728072518
0.0000000000,-0.2469709333
0.0000000000,-0.2202307733
0.0000000000,-0.1926846331
0.0000000000,-0.1644333234
0.0000000000,-0.1355802358
0.0000000000,-0.1062309641
0.0000000000,-0.0764929181
0.0000000000,-0.0464749305
0.0000000000,-0.0162868581
0.0000000000,0.0139608194
0.0000000000,0.0441574043
0.0000000000,0.0741923861
0.0000000000,0.1039558454
0.0000000000,0.1333388567
0.0000000000,0.1622338868
0.0000000000,0.1905351882
0.0000000000,0.2181391865
0.0000000000,0.2449448591
0.0000000000,0.2708541051
0.0000000000,0.2957721043
0.0000000000,0.3196076640
0.0000000000,0.3422735530
0.0000000000,0.3636868208
0.0000000000,0.3837691011
0.0000000000,0.4024468987
0.0000000000,0.4196518582
0.0000000000,0.4353210145
0.0000000000,0.4493970231
0.0000000000,0.4618283700
0.0000000000,0.4725695599
0.0000000000,0.4815812834
0.0000000000,0.4888305601
0.0000000000,0.4942908597
0.0000000000,0.4979421993
0.0000000000,0.4997712159
0.0000000000,0.4997712159
0.0000000000,0.4979421993
0.0000000000,0.4942908597
0.0000000000,0.4888305601
0.0000000000,0.4815812834
0.0000000000,0.4725695599
0.0000000000,0.4618283700
0.0000000000,0.4493970231
0.0000000000,0.4353210145
0.0000000000,0.4196518582
0.0000000000,0.4024468987
0.0000000000,0.3837691011
0.0000000000,0.3636868208
0.0000000000,0.3422735530
0.0000000000,0.3196076640
0.0000000000,0.2957721043
0.0000000000,0.2708541051
0.0000000000,0.2449448591
0.0000000000,0.2181391865
0.0000000000,0.1905351882
0.0000000000,0.1622338868
0.0000000000,0.1333388567
0.0000000000,0.1039558454
0.0000000000,0.0741923861
0.0000000000,0.0441574043
0.0000000000,0.0139608194
0.0000000000,-0.0162868581
0.0000000000,-0.0464749305
0.0000000000,-0.0764929181
0.0000000000,-0.1062309641
0.0000000000,-0.1355802358
0.0000000000,-0.1644333234
0.0000000000,-0.1926846331
0.0000000000,-0.2202307733
0.0000000000,-0.2469709333
0.0000000000,-0.2728072518
0.0000000000,-0.2976451755
0.0000000000,-0.3213938048
0.0000000000,-0.3439662268
0.0000000000,-0.3652798328
0.0000000000,-0.3852566214
0.0000000000,-0.4038234833
0.0000000000,-0.4209124693
0.0000000000,-0.4364610386
0.0000000000,-0.4504122881
0.0000000000,-0.4627151602
0.0000000000,-0.4733246301
0.0000000000,-0.4822018701
0.0000000000,-0.4893143921
0.0000000000,-0.4946361665
0.0000000000,-0.4981477170
0.0000000000,-0.4998361925
0.0000000000,-0.4996954135
0.0000000000,-0.4977258954
0.0000000000,-0.4939348459
0.0000000000,-0.4883361392
0.0000000000,-0.4809502649
0.0000000000,-0.4718042532
0.0000000000,-0.4609315758
0.0000000000,-0.4483720235
0.0000000000,-0.4341715606
0.0000000000,-0.4183821567
0.0000000000,-0.4010615964
0.0000000000,-0.3822732678
0.0000000000,-0.3620859307
0.0000000000,-0.3405734650
0.0000000000,-0.3178145998
0.0000000000,-0.3059936259
0.0000000000,-0.3293447301
0.0000000000,-0.3514905287
0.0000000000,-0.3723499747
0.0000000000,-0.3918467287
0.0000000000,-0.4099094381
0.0000000000,-0.4264719987
0.0000000000,-0.4414737964
0.0000000000,-0.4548599291
0.0000000000,-0.4665814073
0.0000000000,-0.4765953339
0.0000000000,-0.4848650608
0.0000000000,-0.4913603234
0.0000000000,-0.4960573507
0.0000000000,-0.4989389530
0.0000000000,-0.4999945846
0.0000000000,-0.4992203821
0.0000000000,-0.4966191789
0.0000000000,-0.4922004946
0.0000000000,-0.4859805003
0.0000000000,-0.4779819594
0.0000000000,-0.4682341442
0.0000000000,-0.4567727288
0.0000000000,-0.4436396588
0.0000000000,-0.4288829972
0.0000000000,-0.4125567491
0.0000000000,-0.3947206640
0.0000000000,-0.3754400165
0.0000000000,-0.3547853683
0.0000000000,-0.3328323093
0.0000000000,-0.3096611813
0.0000000000,-0.2853567838
0.0000000000,-0.2600080640
0.0000000000,-0.2337077905
0.0000000000,-0.2065522149
0.0000000000,-0.1786407185
0.0000000000,-0.1500754493
0.0000000000,-0.1209609478
0.0000000000,-0.0914037646
0.0000000000,-0.0615120703
0.0000000000,-0.0313952598
0.0000000000,-0.0011635518
0.0000000000,0.0290724145
0.0000000000,0.0592019842
0.0000000000,0.0891148919
0.0000000000,0.1187016652
0.0000000000,0.1478540250
0.0000000000,0.1764652824
0.0000000000,0.2044307283
0.0000000000,0.2316480176
0.0000000000,0.2580175427
0.0000000000,0.2834427991
0.0000000000,0.3078307377
0.0000000000,0.3310921057
0.0000000000,0.3531417733
0.0000000000,0.3738990452
0.0000000000,0.3932879559
0.0000000000,0.4112375476
0.0000000000,0.4276821301
0.0000000000,0.4425615209
0.0000000000,0.4558212659
0.0000000000,0.4674128382
0.0000000000,0.4772938161
0.0000000000,0.4854280382
0.0000000000,0.4917857354
0.0000000000,0.4963436406
0.0000000000,0.4990850731
0.0000000000,0.5000000000
0.0000000000,0.4990850731
0.0000000000,0.4963436406
0.0000000000,0.4917857354
0.0000000000,0.4854280382
0.0000000000,0.4772938161
0.0000000000,0.4674128382
0.0000000000,0.4558212659
0.0000000000,0.4425615209
0.0000000000,0.4276821301
0.0000000000,0.4112375476
0.0000000000,0.3932879559
0.0000000000,0.3738990452
0.0000000000,0.3531417733
0.0000000000,0.3310921057
0.0000000000,0.3078307377
0.0000000000,0.2834427991
0.0000000000,0.2580175427
0.0000000000,0.2316480176
0.0000000000,0.2044307283
0.0000000000,0.1764652824
0.0000000000,0.1478540250
0.0000000000,0.1187016652
0.0000000000,0.0891148919
0.0000000000,0.0592019842
0.0000000000,0.0290724145
0.0000000000,-0.0011635518
0.0000000000,-0.0313952598
0.0000000000,-0.0615120703
0.0000000000,-0.0914037646
0.0000000000,-0.1209609478
0.0000000000,-0.1500754493
0.0000000000,-0.1786407185
0.0000000000,-0.2065522149
0.0000000000,-0.2337077905
0.0000000000,-0.2600080640
0.0000000000,-0.2853567838
0.0000000000,-0.3096611813
0.0000000000,-0.3328323093
0.0000000000,-0.3547853683
0.0000000000,-0.3754400165
0.0000000000,-0.3947206640
0.0000000000,-0.4125567491
0.0000000000,-0.4288829972
0.0000000000,-0.4436396588
0.0000000000,-0.4567727288
0.0000000000,-0.4682341442
0.0000000000,-0.4779819594
0.0000000000,-0.4859805003
0.0000000000,-0.4922004946
0.0000000000,-0.4966191789
0.0000000000,-0.4992203821
0.0000000000,-0.4999945846
0.0000000000,-0.4989389530
0.0000000000,-0.4960573507
0.0000000000,-0.4913603234
0.0000000000,-0.4848650608
0.0000000000,-0.4765953339
0.0000000000,-0.4665814073
0.0000000000,-0.4548599291
0.0000000000,-0.4414737964
0.0000000000,-0.4264719987
0.0000000000,-0.4099094381
0.0000000000,-0.3918467287
0.0000000000,-0.3723499747
0.0000000000,-0.3514905287
0.0000000000,-0.3293447301
0.0000000000,-0.3059936259
0.0000000000,0.4889339340
0.0000000000,0.4475178053
0.0000000000,0.3617110710
0.0000000000,0.2183546883
0.0000000000,0.0139483040
0.0000000000,-0.2287091269
0.0000000000,-0.4386979409
0.0000000000,-0.4897988397
0.0000000000,-0.2577058827
0.0000000000,0.2075756036
0.0000000000,0.4999712869
0.0000000000,0.1317144486
0.0000000000,-0.4748158900
0.0000000000,-0.0734198233
0.0000000000,0.4825317538
0.0000000000,-0.4015304732
0.0000000000,0.1437820355
0.0000000000,0.0429796597
0.0000000000,-0.1042932292
0.0000000000,0.0502600576
0.0000000000,0.1045139703
0.0000000000,-0.3147668120
0.0000000000,0.4757752588
0.0000000000,-0.4757473062
0.0000000000,0.3013068691
0.0000000000,-0.0551881411
0.0000000000,-0.1449711766
0.0000000000,0.2481466706
0.0000000000,-0.2514656532
0.0000000000,0.1432948147
0.0000000000,0.1016867054
0.0000000000,-0.4108051976
0.0000000000,0.4579822646
0.0000000000,0.0552907179
0.0000000000,-0.4995525716
0.0000000000,-0.0937450622
0.0000000000,0.4315749391
0.0000000000,0.4321299877
0.0000000000,0.0700654572
0.0000000000,0.4972186211
0.0000000000,0.4719204917
0.0000000000,0.4091225146
0.0000000000,0.2945512469
0.0000000000,0.1185401889
0.0000000000,-0.1112541409
0.0000000000,-0.3494524373
0.0000000000,-0.4945742918
0.0000000000,-0.4075132369
0.0000000000,-0.0268062551
0.0000000000,0.4202784889
0.0000000000,0.3972735717
0.0000000000,-0.2399777459
0.0000000000,-0.4228488281
0.0000000000,0.3783815101
0.0000000000,0.0836777528
0.0000000000,-0.4022478457
0.0000000000,0.4955675228
0.0000000000,-0.4969750029
0.0000000000,0.4970429234
0.0000000000,-0.4969333554
0.0000000000,0.4360706367
0.0000000000,-0.2511635527
0.0000000000,-0.0418173674
0.0000000000,0.3257188578
0.0000000000,-0.4802647769
0.0000000000,0.4907972209
0.0000000000,-0.4367545554
0.0000000000,0.4058010976
0.0000000000,-0.4372000669
0.0000000000,0.4953824316
0.0000000000,-0.4394033541
0.0000000000,0.0880510819
0.0000000000,0.4136912321
0.0000000000,-0.3495541772
0.0000000000,-0.3732912880
0.0000000000,0.2297192361
0.0000000000,0.4995313985
0.0000000000,0.2629183594
0.0000000000,-0.1367066104
0.0000000000,0.1764652824
0.0000000000,-0.3754400165
0.0000000000,-0.4414737964
0.0000000000,0.0638208239
0.0000000000,0.4865224353
0.0000000000,0.2795964517
0.0000000000,-0.2891661681
0.0000000000,-0.4837076097
0.0000000000,-0.0522642316
0.0000000000,0.4468163202
0.0000000000,0.3676545040
0.0000000000,-0.1873032967
0.0000000000,-0.4998646206
0.0000000000,-0.1655317089
0.0000000000,0.3830222216
0.0000000000,0.4358922068
0.0000000000,-0.0753428561
0.0000000000,-0.4890738004
0.0000000000,-0.2698753290
0.0000000000,0.2985792959
0.0000000000,0.4806308480
0.0000000000,0.0406793373
0.0000000000,-0.4519168850
0.0000000000,-0.3596699002
0.0000000000,0.1980398830
0.0000000000,0.4994585557
0.0000000000,0.1545084972
0.0000000000,-0.3903970133
0.0000000000,-0.4300745739
0.0000000000,0.0868240888
0.0000000000,0.4913603234
0.0000000000,0.2600080640
0.0000000000,-0.3078307377
0.0000000000,-0.4772938161
0.0000000000,-0.0290724145
0.0000000000,0.4567727288
0.0000000000,0.3514905287
0.0000000000,-0.2086692272
0.0000000000,-0.4987820251
0.0000000000,-0.1434016164
0.0000000000,0.3975603982
0.0000000000,0.4240240481
0.0000000000,-0.0982583048
0.0000000000,-0.4933807661
0.0000000000,-0.2500000000
0.0000000000,0.3169154837
0.0000000000,0.4736983213
0.0000000000,0.0174497484
0.0000000000,-0.4613812222
0.0000000000,-0.3431208189
0.0000000000,0.2191855734
0.0000000000,0.4978353953
0.0000000000,0.1322170810
0.0000000000,-0.4045084972
0.0000000000,-0.4177439057
0.0000000000,0.1096393121
0.0000000000,0.4951340344
0.0000000000,0.2398565566
0.0000000000,-0.3258286144
0.0000000000,-0.4698463104
0.0000000000,-0.0058176329
0.0000000000,0.4657398695
0.0000000000,0.3345653032
0.0000000000,-0.2295832267
0.0000000000,-0.4966191789
0.0000000000,-0.1209609478
0.0000000000,0.4112375476
0.0000000000,0.4112375476
0.0000000000,-0.1209609478
0.0000000000,-0.4966191789
0.0000000000,-0.2295832267
0.0000000000,0.3345653032
0.0000000000,0.4657398695
0.0000000000,-0.0058176329
0.0000000000,-0.4698463104
0.0000000000,-0.3258286144
0.0000000000,0.2398565566
0.0000000000,0.4951340344
0.0000000000,0.1096393121
0.0000000000,-0.4177439057
0.0000000000,-0.4045084972
0.0000000000,0.1322170810
0.0000000000,0.4978353953
0.0000000000,0.2191855734
0.0000000000,-0.3431208189
0.0000000000,-0.4613812222
0.0000000000,0.0174497483
0.0000000000,0.4736983213
0.0000000000,0.3169154837
0.0000000000,-0.2500000000
0.0000000000,-0.4933807661
0.0000000000,-0.0982583048
0.0000000000,0.4240240481
0.0000000000,0.3975603983
0.0000000000,-0.1434016163
0.0000000000,-0.4987820251
0.0000000000,-0.2086692272
0.0000000000,0.3514905287
0.0000000000,0.4567727288
0.0000000000,-0.0290724144
0.0000000000,-0.4772938161
0.0000000000,-0.3078307377
0.0000000000,0.2600080640
0.0000000000,0.4913603234
0.0000000000,0.0868240888
0.0000000000,-0.4300745739
0.0000000000,-0.3903970133
0.0000000000,0.1545084972
0.0000000000,0.4994585557
0.0000000000,0.1980398830
0.0000000000,-0.3596699002
0.0000000000,-0.4519168850
0.0000000000,0.0406793373
0.0000000000,0.4806308480
0.0000000000,0.2985792959
0.0000000000,-0.2698753290
0.0000000000,-0.4890738004
0.0000000000,-0.0753428561
0.0000000000,0.4358922068
0.0000000000,0.3830222216
0.0000000000,-0.1655317089
0.0000000000,-0.4998646206
0.0000000000,-0.1873032967
0.0000000000,0.3676545040
0.0000000000,0.4468163202
0.0000000000,-0.0522642316
0.0000000000,-0.4837076097
0.0000000000,-0.2891661681
0.0000000000,0.2795964517
0.0000000000,0.4865224353
0.0000000000,0.0638208239
0.0000000000,-0.4414737964
0.0000000000,-0.3754400165
0.0000000000,0.1764652824
0.0000000000,0.4112375476
0.0000000000,-0.1209609478
0.0000000000,-0.4966191789
0.0000000000,-0.2295832267
0.0000000000,0.3345653032
0.0000000000,0.4657398695
0.0000000000,-0.0058176329
0.0000000000,-0.4698463104
0.0000000000,-0.3258286144
0.0000000000,0.2398565566
0.0000000000,0.4951340344
0.0000000000,0.1096393121
0.0000000000,-0.4177439057
0.0000000000,-0.4045084972
0.0000000000,0.1322170810
0.0000000000,0.4978353953
0.0000000000,0.2191855734
0.0000000000,-0.3431208189
0.0000000000,-0.4613812222
0.0000000000,0.0174497483
0.0000000000,0.4736983213
0.0000000000,0.3169154837
0.0000000000,-0.2500000000
0.0000000000,-0.4933807661
0.0000000000,-0.0982583048
0.0000000000,0.4240240481
0.0000000000,0.3975603982
0.0000000000,-0.1434016164
0.0000000000,-0.4987820251
0.0000000000,-0.2086692272
0.0000000000,0.3514905287
0.0000000000,0.4567727288
0.0000000000,-0.0290724145
0.0000000000,-0.4772938161
0.0000000000,-0.3078307377
0.0000000000,0.2600080640
0.0000000000,0.4913603234
0.0000000000,0.0868240888
0.0000000000,-0.4300745739
0.0000000000,-0.3903970133
0.0000000000,0.1545084972
0.0000000000,0.4994585557
0.0000000000,0.1980398830
0.0000000000,-0.3596699002
0.0000000000,-0.4519168850
0.0000000000,0.0406793373
0.0000000000,0.4806308480
0.0000000000,0.2985792959
0.0000000000,-0.2698753290
0.0000000000,-0.4890738004
0.0000000000,-0.0753428561
0.0000000000,0.4358922068
0.0000000000,0.3830222216
0.0000000000,-0.1655317089
0.0000000000,-0.4998646206
0.0000000000,-0.1873032967
0.0000000000,0.3676545040
0.0000000000,0.4468163202
0.0000000000,-0.0522642316
0.0000000000,-0.4837076097
0.0000000000,-0.2891661681
0.0000000000,0.2795964517
0.0000000000,0.4865224353
0.0000000000,0.0638208239
0.0000000000,-0.4414737964
0.0000000000,-0.3754400165
0.0000000000,0.1764652824
0.0000000000,0.5000000000
0.0000000000,0.1764652824
0.0000000000,-0.3754400165
0.0000000000,-0.4414737964
0.0000000000,0.0638208239
0.0000000000,0.4865224353
0.0000000000,0.2795964517
0.0000000000,-0.2891661681
0.0000000000,-0.4837076097
0.0000000000,-0.0522642316
0.0000000000,0.4468163202
0.0000000000,0.3676545040
0.0000000000,-0.1873032967
0.0000000000,-0.4998646206
0.0000000000,-0.1655317089
0.0000000000,0.3830222216
0.0000000000,0.4358922069
0.0000000000,-0.0753428561
0.0000000000,-0.4890738004
0.0000000000,-0.2698753290
0.0000000000,0.2985792958
0.0000000000,0.4806308480
0.0000000000,0.0406793373
0.0000000000,-0.4519168850
0.0000000000,-0.3596699002
0.0000000000,0.1980398830
0.0000000000,0.4994585557
0.0000000000,0.1545084972
0.0000000000,-0.3903970133
0.0000000000,-0.4300745740
0.0000000000,0.0868240888
0.0000000000,0.4913603234
0.0000000000,0.2600080640
0.0000000000,-0.3078307377
0.0000000000,-0.4772938161
0.0000000000,-0.0290724145
0.0000000000,0.4567727288
0.0000000000,0.3514905287
0.0000000000,-0.2086692272
0.0000000000,-0.4987820251
0.0000000000,-0.1434016164
0.0000000000,0.3975603982
0.0000000000,0.4240240481
0.0000000000,-0.0982583048
0.0000000000,-0.4933807661
0.0000000000,-0.2500000000
0.0000000000,0.3169154837
0.0000000000,0.4736983213
0.0000000000,0.0174497484
0.0000000000,-0.4613812222
0.0000000000,-0.3431208189
0.0000000000,0.2191855734
0.0000000000,0.4978353953
0.0000000000,0.1322170810
0.0000000000,-0.4045084972
0.0000000000,-0.4177439057
0.0000000000,0.1096393121
0.0000000000,0.4951340344
0.0000000000,0.2398565566
0.0000000000,-0.3258286144
0.0000000000,-0.4698463104
0.0000000000,-0.0058176329
0.0000000000,0.4657398695
0.0000000000,0.3345653032
0.0000000000,-0.2295832267
0.0000000000,-0.4966191789
0.0000000000,-0.1209609478
0.0000000000,0.4112375476
0.0000000000,0.0762232994
0.0000000000,-0.4346857248
0.0000000000,-0.3855896259
0.0000000000,0.1602611479
0.0000000000,0.4996476678
0.0000000000,0.1953386676
0.0000000000,-0.3606249150
0.0000000000,-0.4519958313
0.0000000000,0.0389389659
0.0000000000,0.4797087378
0.0000000000,0.3024702904
0.0000000000,-0.2644402869
0.0000000000,-0.4906727444
0.0000000000,-0.0847720655
0.0000000000,0.4303403687
0.0000000000,0.3910457971
0.0000000000,-0.1520326285
0.0000000000,-0.4992475923
0.0000000000,-0.2032824529
0.0000000000,0.3545712386
0.0000000000,0.4556312081
0.0000000000,-0.0302979876
0.0000000000,-0.4771943205
0.0000000000,-0.3093217550
0.0000000000,0.2570496744
0.0000000000,0.4922643017
0.0000000000,0.0932953911
0.0000000000,-0.4258658654
0.0000000000,-0.3963846136
0.0000000000,0.1437584834
0.0000000000,0.4986976903
0.0000000000,0.2111652321
0.0000000000,-0.3484111536
0.0000000000,-0.4591298478
0.0000000000,0.0216479168
0.0000000000,0.4745366949
0.0000000000,0.3160803907
0.0000000000,-0.2495819200
0.0000000000,-0.4937081281
0.0000000000,-0.1017907183
0.0000000000,0.4212635577
0.0000000000,0.4016044732
0.0000000000,-0.1354411956
0.0000000000,-0.4979981267
0.0000000000,-0.2189846396
0.0000000000,0.3421465087
0.0000000000,0.4624907005
0.0000000000,-0.0129913493
0.0000000000,-0.4717366586
0.0000000000,-0.3227441692
0.0000000000,0.2420392650
0.0000000000,0.4950037903
0.0000000000,0.1102554977
0.0000000000,-0.4165348268
0.0000000000,-0.4067038094
0.0000000000,0.1270832614
0.0000000000,0.4971491116
0.0000000000,0.2267383288
0.0000000000,-0.3357791841
0.0000000000,-0.4657127575
0.0000000000,0.0043308830
0.0000000000,0.4687950518
0.0000000000,0.3293110905
0.0000000000,-0.2344239728
0.0000000000,-0.4961508996
0.0000000000,-0.1186871888
0.0000000000,0.4116810918
0.0000000000,0.4116810918
0.0000000000,-0.1186871888
0.0000000000,-0.4961508996
0.0000000000,-0.2344239728
0.0000000000,0.3293110905
0.0000000000,0.4687950518
0.0000000000,0.0043308830
0.0000000000,-0.4657127575
0.0000000000,-0.3357791841
0.0000000000,0.2267383288
0.0000000000,0.4971491116
0.0000000000,0.1270832614
0.0000000000,-0.4067038094
0.0000000000,-0.4165348268
0.0000000000,0.1102554977
0.0000000000,0.4950037903
0.0000000000,0.2420392650
0.0000000000,-0.3227441691
0.0000000000,-0.4717366586
0.0000000000,-0.0129913493
0.0000000000,0.4624907005
0.0000000000,0.3421465087
0.0000000000,-0.2189846396
0.0000000000,-0.4979981267
0.0000000000,-0.1354411957
0.0000000000,0.4016044732
0.0000000000,0.4212635577
0.0000000000,-0.1017907183
0.0000000000,-0.4937081281
0.0000000000,-0.2495819200
0.0000000000,0.3160803907
0.0000000000,0.4745366949
0.0000000000,0.0216479168
0.0000000000,-0.4591298478
0.0000000000,-0.3484111536
0.0000000000,0.2111652321
0.0000000000,0.4986976903
0.0000000000,0.1437584834
0.0000000000,-0.3963846136
0.0000000000,-0.4258658654
0.0000000000,0.0932953911
0.0000000000,0.4922643017
0.0000000000,0.2570496744
0.0000000000,-0.3093217550
0.0000000000,-0.4771943205
0.0000000000,-0.0302979876
0.0000000000,0.4556312081
0.0000000000,0.3545712386
0.0000000000,-0.2032824529
0.0000000000,-0.4992475923
0.0000000000,-0.1520326285
0.0000000000,0.3910457971
0.0000000000,0.4303403687
0.0000000000,-0.0847720655
0.0000000000,-0.4906727444
0.0000000000,-0.2644402869
0.0000000000,0.3024702904
0.0000000000,0.4797087378
0.0000000000,0.0389389659
0.0000000000,-0.4519958313
0.0000000000,-0.3606249150
0.0000000000,0.1953386676
0.0000000000,0.4996476678
0.0000000000,0.1602611479
0.0000000000,-0.3855896259
0.0000000000,-0.4346857248
0.0000000000,0.0762232993
0.0000000000,-0.0472967973
0.0000000000,-0.4815081399
0.0000000000,-0.2987440287
0.0000000000,0.2668126408
0.0000000000,0.4904917042
0.0000000000,0.0856843170
0.0000000000,-0.4289137799
0.0000000000,-0.3939276598
0.0000000000,0.1458135756
0.0000000000,0.4987181004
0.0000000000,0.2125953672
0.0000000000,-0.3459342317
0.0000000000,-0.4612045959
0.0000000000,0.0144847585
0.0000000000,0.4716142180
0.0000000000,0.3244456977
0.0000000000,-0.2384479475
0.0000000000,-0.4958087918
0.0000000000,-0.1178701905
0.0000000000,0.4111001551
0.0000000000,0.4133115869
0.0000000000,-0.1140694903
0.0000000000,-0.4952888109
0.0000000000,-0.2418749580
0.0000000000,0.3214628601
0.0000000000,0.4728975813
0.0000000000,0.0183898985
0.0000000000,-0.4596814898
0.0000000000,-0.3487447756
0.0000000000,0.2090524345
0.0000000000,0.4989824790
0.0000000000,0.1495465067
0.0000000000,-0.3915093287
0.0000000000,-0.4309087522
0.0000000000,0.0818322783
0.0000000000,0.4897183689
0.0000000000,0.2701089141
0.0000000000,-0.2956017923
0.0000000000,-0.4825462124
0.0000000000,-0.0511850552
0.0000000000,0.4457615409
0.0000000000,0.3715362165
0.0000000000,-0.1787531799
0.0000000000,-0.4999990458
0.0000000000,-0.1805763276
0.0000000000,0.3702259924
0.0000000000,0.4466430825
0.0000000000,-0.0492413021
0.0000000000,-0.4820308557
0.0000000000,-0.2971751789
0.0000000000,0.2684628267
0.0000000000,0.4901087778
0.0000000000,0.0837589370
0.0000000000,-0.4299145477
0.0000000000,-0.3927214920
0.0000000000,0.1476811685
0.0000000000,0.4988540976
0.0000000000,0.2108255102
0.0000000000,-0.3473421550
0.0000000000,-0.4604465576
0.0000000000,0.0164374540
0.0000000000,0.4722595046
0.0000000000,0.3229567442
0.0000000000,-0.2401632860
0.0000000000,-0.4955525841
0.0000000000,-0.1159707257
0.0000000000,0.4122090176
0.0000000000,0.4122090176
0.0000000000,-0.1159707257
0.0000000000,-0.4955525841
0.0000000000,-0.2401632860
0.0000000000,0.3229567442
0.0000000000,0.4722595046
0.0000000000,0.0164374540
0.0000000000,-0.4604465576
0.0000000000,-0.3473421550
0.0000000000,0.2108255102
0.0000000000,0.4988540976
0.0000000000,0.1476811685
0.0000000000,-0.3927214920
0.0000000000,-0.4299145477
0.0000000000,0.0837589370
0.0000000000,0.4901087778
0.0000000000,0.2684628267
0.0000000000,-0.2971751789
0.0000000000,-0.4820308557
0.0000000000,-0.0492413021
0.0000000000,0.4466430824
0.0000000000,0.3702259924
0.0000000000,-0.1805763276
0.0000000000,-0.4999990458
0.0000000000,-0.1787531799
0.0000000000,0.3715362164
0.0000000000,0.4457615409
0.0000000000,-0.0511850552
0.0000000000,-0.4825462124
0.0000000000,-0.2956017924
0.0000000000,0.2701089140
0.0000000000,0.4897183689
0.0000000000,0.0818322783
0.0000000000,-0.4309087522
0.0000000000,-0.3915093287
0.0000000000,0.1495465067
0.0000000000,0.4989824790
0.0000000000,0.2090524346
0.0000000000,-0.3487447756
0.0000000000,-0.4596814898
0.0000000000,0.0183898984
0.0000000000,0.4728975813
0.0000000000,0.3214628601
0.0000000000,-0.2418749580
0.0000000000,-0.4952888109
0.0000000000,-0.1140694903
0.0000000000,0.4133115869
0.0000000000,0.4111001552
0.0000000000,-0.1178701905
0.0000000000,-0.4958087918
0.0000000000,-0.2384479475
0.0000000000,0.3244456977
0.0000000000,0.4716142180
0.0000000000,0.0144847585
0.0000000000,-0.4612045959
0.0000000000,-0.3459342317
0.0000000000,0.2125953672
0.0000000000,0.4987181004
0.0000000000,0.1458135756
0.0000000000,-0.3939276598
0.0000000000,-0.4289137799
0.0000000000,0.0856843169
0.0000000000,0.4904917042
0.0000000000,0.2668126408
0.0000000000,-0.2987440286
0.0000000000,-0.4815081399
0.0000000000,-0.0472967973
0.0000000000,-0.1901215262
0.0000000000,-0.4999183885
0.0000000000,-0.1732901336
0.0000000000,0.3739465168
0.0000000000,0.4451275525
0.0000000000,-0.0503646154
0.0000000000,-0.4817397054
0.0000000000,-0.2998321967
0.0000000000,0.2637790966
0.0000000000,0.4915842937
0.0000000000,0.0935741600
0.0000000000,-0.4235613092
0.0000000000,-0.4014786540
0.0000000000,0.1317096242
0.0000000000,0.4972239081
0.0000000000,0.2297433048
0.0000000000,-0.3302138567
0.0000000000,-0.4697896175
0.0000000000,-0.0112959349
0.0000000000,0.4615781283
0.0000000000,0.3468364503
0.0000000000,-0.2094481546
0.0000000000,-0.4990931052
0.0000000000,-0.1533635721
0.0000000000,0.3876066874
0.0000000000,0.4351311424
0.0000000000,-0.0712915961
0.0000000000,-0.4869559959
0.0000000000,-0.2826971566
0.0000000000,0.2814515670
0.0000000000,0.4872961141
0.0000000000,0.0727844318
0.0000000000,-0.4343860556
0.0000000000,-0.3885578883
0.0000000000,0.1519270175
0.0000000000,0.4990000142
0.0000000000,0.2108170375
0.0000000000,-0.3457482609
0.0000000000,-0.4621559607
0.0000000000,0.0097876949
0.0000000000,0.4692710469
0.0000000000,0.3313451260
0.0000000000,-0.2284023671
0.0000000000,-0.4973803935
0.0000000000,-0.1331643177
0.0000000000,0.4005776616
0.0000000000,0.4243610335
0.0000000000,-0.0920918145
0.0000000000,-0.4913064389
0.0000000000,-0.2650594577
0.0000000000,0.2986235936
0.0000000000,0.4821414822
0.0000000000,0.0518652869
0.0000000000,-0.4444384281
0.0000000000,-0.3749462349
0.0000000000,0.1718742722
0.0000000000,0.4998888575
0.0000000000,0.1915159204
0.0000000000,-0.3606678964
0.0000000000,-0.4537005528
0.0000000000,0.0308539213
0.0000000000,0.4761295632
0.0000000000,0.3152646430
0.0000000000,-0.2469504615
0.0000000000,-0.4947832988
0.0000000000,-0.1127282861
0.0000000000,0.4128363760
0.0000000000,0.4128363760
0.0000000000,-0.1127282861
0.0000000000,-0.4947832988
0.0000000000,-0.2469504615
0.0000000000,0.3152646430
0.0000000000,0.4761295632
0.0000000000,0.0308539213
0.0000000000,-0.4537005527
0.0000000000,-0.3606678964
0.0000000000,0.1915159204
0.0000000000,0.4998888575
0.0000000000,0.1718742722
0.0000000000,-0.3749462349
0.0000000000,-0.4444384281
0.0000000000,0.0518652869
0.0000000000,0.4821414822
0.0000000000,0.2986235936
0.0000000000,-0.2650594577
0.0000000000,-0.4913064389
0.0000000000,-0.0920918145
0.0000000000,0.4243610335
0.0000000000,0.4005776616
0.0000000000,-0.1331643177
0.0000000000,-0.4973803935
0.0000000000,-0.2284023671
0.0000000000,0.3313451260
0.0000000000,0.4692710469
0.0000000000,0.0097876949
0.0000000000,-0.4621559607
0.0000000000,-0.3457482609
0.0000000000,0.2108170375
0.0000000000,0.4990000142
0.0000000000,0.1519270175
0.0000000000,-0.3885578883
0.0000000000,-0.4343860556
0.0000000000,0.0727844318
0.0000000000,0.4872961141
0.0000000000,0.2814515670
0.0000000000,-0.2826971566
0.0000000000,-0.4869559959
0.0000000000,-0.0712915961
0.0000000000,0.4351311424
0.0000000000,0.3876066874
0.0000000000,-0.1533635721
0.0000000000,-0.4990931052
0.0000000000,-0.2094481547
0.0000000000,0.3468364503
0.0000000000,0.4615781283
0.0000000000,-0.0112959348
0.0000000000,-0.4697896175
0.0000000000,-0.3302138568
0.0000000000,0.2297433048
0.0000000000,0.4972239081
0.0000000000,0.1317096242
0.0000000000,-0.4014786540
0.0000000000,-0.4235613092
0.0000000000,0.0935741600
0.0000000000,0.4915842937
0.0000000000,0.2637790966
0.0000000000,-0.2998321967
0.0000000000,-0.4817397054
0.0000000000,-0.0503646154
0.0000000000,0.4451275525
0.0000000000,0.3739465168
0.0000000000,-0.1732901336
0.0000000000,-0.4999183885
0.0000000000,-0.1901215262
0.0000000000,-0.3377275568
0.0000000000,-0.4671858701
0.0000000000,-0.0064860255
0.0000000000,0.4624070910
0.0000000000,0.3471786951
0.0000000000,-0.2066124919
0.0000000000,-0.4994068136
0.0000000000,-0.1613408631
0.0000000000,0.3805339623
0.0000000000,0.4417109829
0.0000000000,-0.0550897879
0.0000000000,-0.4823000813
0.0000000000,-0.3002596551
0.0000000000,0.2610745303
0.0000000000,0.4926143582
0.0000000000,0.1018742740
0.0000000000,-0.4175553484
0.0000000000,-0.4095210405
0.0000000000,0.1158281058
0.0000000000,0.4948609657
0.0000000000,0.2487759558
0.0000000000,-0.3115676163
0.0000000000,-0.4783329955
0.0000000000,-0.0408589541
0.0000000000,0.4482289023
0.0000000000,0.3711054064
0.0000000000,-0.1748055616
0.0000000000,-0.4998987891
0.0000000000,-0.1935102716
0.0000000000,0.3573241351
0.0000000000,0.4567798362
0.0000000000,-0.0207775188
0.0000000000,-0.4720883132
0.0000000000,-0.3270480895
0.0000000000,0.2311255580
0.0000000000,0.4973369646
0.0000000000,0.1353027721
0.0000000000,-0.3976484790
0.0000000000,-0.4282825393
0.0000000000,0.0820981242
0.0000000000,0.4887708615
0.0000000000,0.2780188655
0.0000000000,-0.2839318974
0.0000000000,-0.4872144380
0.0000000000,-0.0750383493
0.0000000000,0.4319276224
0.0000000000,0.3932743314
0.0000000000,-0.1421706432
0.0000000000,-0.4980229326
0.0000000000,-0.2247630949
0.0000000000,0.3324217982
0.0000000000,0.4696850956
0.0000000000,0.0136331655
0.0000000000,-0.4596404409
0.0000000000,-0.3522874205
0.0000000000,0.2000818311
0.0000000000,0.4997038734
0.0000000000,0.1680903920
0.0000000000,-0.3758580988
0.0000000000,-0.4450154252
0.0000000000,0.0479792747
0.0000000000,0.4803656340
0.0000000000,0.3059449047
0.0000000000,-0.2549513003
0.0000000000,-0.4937881294
0.0000000000,-0.1088623161
0.0000000000,0.4135804643
0.0000000000,0.4135804643
0.0000000000,-0.1088623161
0.0000000000,-0.4937881294
0.0000000000,-0.2549513003
0.0000000000,0.3059449047
0.0000000000,0.4803656340
0.0000000000,0.0479792747
0.0000000000,-0.4450154252
0.0000000000,-0.3758580988
0.0000000000,0.1680903920
0.0000000000,0.4997038734
0.0000000000,0.2000818311
0.0000000000,-0.3522874205
0.0000000000,-0.4596404409
0.0000000000,0.0136331655
0.0000000000,0.4696850956
0.0000000000,0.3324217982
0.0000000000,-0.2247630949
0.0000000000,-0.4980229326
0.0000000000,-0.1421706432
0.0000000000,0.3932743314
0.0000000000,0.4319276224
0.0000000000,-0.0750383493
0.0000000000,-0.4872144380
0.0000000000,-0.2839318974
0.0000000000,0.2780188655
0.0000000000,0.4887708615
0.0000000000,0.0820981242
0.0000000000,-0.4282825393
0.0000000000,-0.3976484790
0.0000000000,0.1353027721
0.0000000000,0.4973369646
0.0000000000,0.2311255580
0.0000000000,-0.3270480895
0.0000000000,-0.4720883133
0.0000000000,-0.0207775188
0.0000000000,0.4567798362
0.0000000000,0.3573241351
0.0000000000,-0.1935102716
0.0000000000,-0.4998987891
0.0000000000,-0.1748055616
0.0000000000,0.3711054064
0.0000000000,0.4482289024
0.0000000000,-0.0408589541
0.0000000000,-0.4783329955
0.0000000000,-0.3115676163
0.0000000000,0.2487759558
0.0000000000,0.4948609657
0.0000000000,0.1158281058
0.0000000000,-0.4095210405
0.0000000000,-0.4175553484
0.0000000000,0.1018742740
0.0000000000,0.4926143582
0.0000000000,0.2610745303
0.0000000000,-0.3002596551
0.0000000000,-0.4823000813
0.0000000000,-0.0550897879
0.0000000000,0.4417109829
0.0000000000,0.3805339623
0.0000000000,-0.1613408631
0.0000000000,-0.4994068136
0.0000000000,-0.2066124919
0.0000000000,0.3471786951
0.0000000000,0.4624070910
0.0000000000,-0.0064860254
0.0000000000,-0.4671858701
0.0000000000,-0.3377275568
0.0000000000,-0.4582690727
0.0000000000,-0.3569382538
0.0000000000,0.1911198343
0.0000000000,0.4999812525
0.0000000000,0.1830894565
0.0000000000,-0.3629485631
0.0000000000,-0.4547370907
0.0000000000,0.0226021134
0.0000000000,0.4716535667
0.0000000000,0.3304054160
0.0000000000,-0.2243627417
0.0000000000,-0.4983289572
0.0000000000,-0.1486098942
0.0000000000,0.3871023805
0.0000000000,0.4383353720
0.0000000000,-0.0590317421
0.0000000000,-0.4825174813
0.0000000000,-0.3021068478
0.0000000000,0.2564066248
0.0000000000,0.4940135258
0.0000000000,0.1133361410
0.0000000000,-0.4091874713
0.0000000000,-0.4195911309
0.0000000000,0.0951458973
0.0000000000,0.4908027585
0.0000000000,0.2721937805
0.0000000000,-0.2870802368
0.0000000000,-0.4870580204
0.0000000000,-0.0774567043
0.0000000000,0.4290858100
0.0000000000,0.3986045391
0.0000000000,-0.1307515802
0.0000000000,-0.4964651205
0.0000000000,-0.2408260734
0.0000000000,0.3162196539
0.0000000000,0.4774996124
0.0000000000,0.0411633288
0.0000000000,-0.4466910571
0.0000000000,-0.3754877516
0.0000000000,0.1656585093
0.0000000000,0.4994743071
0.0000000000,0.2081713599
0.0000000000,-0.3436691513
0.0000000000,-0.4653893830
0.0000000000,-0.0046499709
0.0000000000,0.4619091279
0.0000000000,0.3503643078
0.0000000000,-0.1996801373
0.0000000000,-0.4998142366
0.0000000000,-0.1744041510
0.0000000000,0.3692820350
0.0000000000,0.4507920510
0.0000000000,-0.0318882370
0.0000000000,-0.4746586950
0.0000000000,-0.3233684706
0.0000000000,0.2326346482
0.0000000000,0.4974830924
0.0000000000,0.1397049031
0.0000000000,-0.3929214265
0.0000000000,-0.4337856263
0.0000000000,0.0682560300
0.0000000000,0.4848716229
0.0000000000,0.2946445093
0.0000000000,-0.2643459286
0.0000000000,-0.4924933326
0.0000000000,-0.1042590536
0.0000000000,0.4144609937
0.0000000000,0.4144609937
0.0000000000,-0.1042590536
0.0000000000,-0.4924933326
0.0000000000,-0.2643459286
0.0000000000,0.2946445093
0.0000000000,0.4848716229
0.0000000000,0.0682560300
0.0000000000,-0.4337856263
0.0000000000,-0.3929214265
0.0000000000,0.1397049031
0.0000000000,0.4974830924
0.0000000000,0.2326346482
0.0000000000,-0.3233684705
0.0000000000,-0.4746586950
0.0000000000,-0.0318882370
0.0000000000,0.4507920509
0.0000000000,0.3692820350
0.0000000000,-0.1744041509
0.0000000000,-0.4998142366
0.0000000000,-0.1996801373
0.0000000000,0.3503643078
0.0000000000,0.4619091279
0.0000000000,-0.0046499709
0.0000000000,-0.4653893830
0.0000000000,-0.3436691513
0.0000000000,0.2081713599
0.0000000000,0.4994743071
0.0000000000,0.1656585093
0.0000000000,-0.3754877516
0.0000000000,-0.4466910571
0.0000000000,0.0411633287
0.0000000000,0.4774996124
0.0000000000,0.3162196540
0.0000000000,-0.2408260734
0.0000000000,-0.4964651205
0.0000000000,-0.1307515802
0.0000000000,0.3986045391
0.0000000000,0.4290858100
0.0000000000,-0.0774567043
0.0000000000,-0.4870580204
0.0000000000,-0.2870802368
0.0000000000,0.2721937805
0.0000000000,0.4908027585
0.0000000000,0.0951458973
0.0000000000,-0.4195911309
0.0000000000,-0.4091874713
0.0000000000,0.1133361410
0.0000000000,0.4940135258
0.0000000000,0.2564066248
0.0000000000,-0.3021068478
0.0000000000,-0.4825174813
0.0000000000,-0.0590317421
0.0000000000,0.4383353720
0.0000000000,0.3871023805
0.0000000000,-0.1486098942
0.0000000000,-0.4983289572
0.0000000000,-0.2243627417
0.0000000000,0.3304054160
0.0000000000,0.4716535667
0.0000000000,0.0226021134
0.0000000000,-0.4547370907
0.0000000000,-0.3629485631
0.0000000000,0.1830894565
0.0000000000,0.4999812525
0.0000000000,0.1911198343
0.0000000000,-0.3569382538
0.0000000000,-0.4582690727
0.0000000000,-0.4982337238
0.0000000000,-0.1510676564
0.0000000000,0.3830829705
0.0000000000,0.4430712108
0.0000000000,-0.0453536054
0.0000000000,-0.4776418261
0.0000000000,-0.3187270812
0.0000000000,0.2346933064
0.0000000000,0.4976211719
0.0000000000,0.1446165615
0.0000000000,-0.3873877414
0.0000000000,-0.4399014114
0.0000000000,0.0520745441
0.0000000000,0.4795950368
0.0000000000,0.3134949701
0.0000000000,-0.2406346742
0.0000000000,-0.4969178461
0.0000000000,-0.1381390863
0.0000000000,0.3916218468
0.0000000000,0.4366513670
0.0000000000,-0.0587859835
0.0000000000,-0.4814607620
0.0000000000,-0.3082056727
0.0000000000,0.2465321464
0.0000000000,0.4961238746
0.0000000000,0.1316364123
0.0000000000,-0.3957845141
0.0000000000,-0.4333216706
0.0000000000,0.0654866994
0.0000000000,0.4832386611
0.0000000000,0.3028601537
0.0000000000,-0.2523846473
0.0000000000,-0.4952394024
0.0000000000,-0.1251097258
0.0000000000,0.3998749842
0.0000000000,0.4299129295
0.0000000000,-0.0721754696
0.0000000000,-0.4849284099
0.0000000000,-0.2974593882
0.0000000000,0.2581911093
0.0000000000,0.4942645908
0.0000000000,0.1185602173
0.0000000000,-0.4038925108
0.0000000000,-0.4264257656
0.0000000000,0.0788510738
0.0000000000,0.4865297002
0.0000000000,0.2920043615
0.0000000000,-0.2639504732
0.0000000000,-0.4931996176
0.0000000000,-0.1119890816
0.0000000000,0.4078363611
0.0000000000,0.4228608149
0.0000000000,-0.0855122943
0.0000000000,-0.4880422398
0.0000000000,-0.2864960686
0.0000000000,0.2696616884
0.0000000000,0.4920446770
0.0000000000,0.1053975173
0.0000000000,-0.4117058156
0.0000000000,-0.4192187278
0.0000000000,0.0921579161
0.0000000000,0.4894657529
0.0000000000,0.2809355143
0.0000000000,-0.2753237130
0.0000000000,-0.4907999798
0.0000000000,-0.0987867268
0.0000000000,0.4155001686
0.0000000000,0.4155001686
0.0000000000,-0.0987867268
0.0000000000,-0.4907999798
0.0000000000,-0.2753237130
0.0000000000,0.2809355143
0.0000000000,0.4894657529
0.0000000000,0.0921579161
0.0000000000,-0.4192187278
0.0000000000,-0.4117058156
0.0000000000,0.1053975172
0.0000000000,0.4920446770
0.0000000000,0.2696616884
0.0000000000,-0.2864960686
0.0000000000,-0.4880422398
0.0000000000,-0.0855122943
0.0000000000,0.4228608149
0.0000000000,0.4078363611
0.0000000000,-0.1119890815
0.0000000000,-0.4931996176
0.0000000000,-0.2639504732
0.0000000000,0.2920043615
0.0000000000,0.4865297002
0.0000000000,0.0788510738
0.0000000000,-0.4264257656
0.0000000000,-0.4038925108
0.0000000000,0.1185602173
0.0000000000,0.4942645908
0.0000000000,0.2581911093
0.0000000000,-0.2974593882
0.0000000000,-0.4849284099
0.0000000000,-0.0721754696
0.0000000000,0.4299129295
0.0000000000,0.3998749842
0.0000000000,-0.1251097258
0.0000000000,-0.4952394024
0.0000000000,-0.2523846473
0.0000000000,0.3028601537
0.0000000000,0.4832386611
0.0000000000,0.0654866994
0.0000000000,-0.4333216706
0.0000000000,-0.3957845141
0.0000000000,0.1316364123
0.0000000000,0.4961238746
0.0000000000,0.2465321464
0.0000000000,-0.3082056727
0.0000000000,-0.4814607620
0.0000000000,-0.0587859835
0.0000000000,0.4366513670
0.0000000000,0.3916218468
0.0000000000,-0.1381390863
0.0000000000,-0.4969178461
0.0000000000,-0.2406346742
0.0000000000,0.3134949701
0.0000000000,0.4795950368
0.0000000000,0.0520745441
0.0000000000,-0.4399014114
0.0000000000,-0.3873877414
0.0000000000,0.1446165615
0.0000000000,0.4976211719
0.0000000000,0.2346933064
0.0000000000,-0.3187270812
0.0000000000,-0.4776418261
0.0000000000,-0.0453536054
0.0000000000,0.4430712108
0.0000000000,0.3830829705
0.0000000000,-0.1510676564
0.0000000000,-0.4982337238
0.0000000000,-0.3917316865
0.0000000000,0.1337253827
0.0000000000,0.4958401195
0.0000000000,0.2522980995
0.0000000000,-0.2994199690
0.0000000000,-0.4854037610
0.0000000000,-0.0784785565
0.0000000000,0.4243063135
0.0000000000,0.4088112468
0.0000000000,-0.1060369060
0.0000000000,-0.4913635335
0.0000000000,-0.2765014461
0.0000000000,0.2761004944
0.0000000000,0.4914523347
0.0000000000,0.1065069915
0.0000000000,-0.4085340751
0.0000000000,-0.4245606141
0.0000000000,0.0780034057
0.0000000000,0.4852881452
0.0000000000,0.2998051102
0.0000000000,-0.2518826420
0.0000000000,-0.4959018170
0.0000000000,-0.1341888732
0.0000000000,0.3914325455
0.0000000000,0.4389285428
0.0000000000,-0.0497160973
0.0000000000,-0.4776337227
0.0000000000,-0.3221332662
0.0000000000,0.2268452119
0.0000000000,0.4987377304
0.0000000000,0.1614341301
0.0000000000,-0.3730573697
0.0000000000,-0.4518682826
0.0000000000,0.0212670222
0.0000000000,0.4684251720
0.0000000000,0.3434132626
0.0000000000,-0.2010696712
0.0000000000,-0.4999508471
0.0000000000,-0.1881541115
0.0000000000,0.3534683371
0.0000000000,0.4633377300
0.0000000000,0.0072512516
0.0000000000,-0.4576924559
0.0000000000,-0.3635758583
0.0000000000,0.1746398885
0.0000000000,0.4995372201
0.0000000000,0.2142618756
0.0000000000,-0.3327291866
0.0000000000,-0.4732995657
0.0000000000,-0.0357459312
0.0000000000,0.4454704968
0.0000000000,0.3825554482
0.0000000000,-0.1476418612
0.0000000000,-0.4974981952
0.0000000000,-0.2396724728
0.0000000000,0.3109073993
0.0000000000,0.4817213756
0.0000000000,0.0641243005
0.0000000000,-0.4317990624
0.0000000000,-0.4002902763
0.0000000000,0.1201634358
0.0000000000,0.4938404069
0.0000000000,0.2643032219
0.0000000000,-0.2880739792
0.0000000000,-0.4885757570
0.0000000000,-0.0922940216
0.0000000000,0.4167226370
0.0000000000,0.4167226370
0.0000000000,-0.0922940216
0.0000000000,-0.4885757570
0.0000000000,-0.2880739792
0.0000000000,0.2643032219
0.0000000000,0.4938404069
0.0000000000,0.1201634358
0.0000000000,-0.4002902763
0.0000000000,-0.4317990624
0.0000000000,0.0641243005
0.0000000000,0.4817213756
0.0000000000,0.3109073993
0.0000000000,-0.2396724728
0.0000000000,-0.4974981952
0.0000000000,-0.1476418612
0.0000000000,0.3825554482
0.0000000000,0.4454704968
0.0000000000,-0.0357459312
0.0000000000,-0.4732995657
0.0000000000,-0.3327291866
0.0000000000,0.2142618756
0.0000000000,0.4995372201
0.0000000000,0.1746398885
0.0000000000,-0.3635758583
0.0000000000,-0.4576924559
0.0000000000,0.0072512516
0.0000000000,0.4633377300
0.0000000000,0.3534683371
0.0000000000,-0.1881541115
0.0000000000,-0.4999508471
0.0000000000,-0.2010696712
0.0000000000,0.3434132626
0.0000000000,0.4684251720
0.0000000000,0.0212670223
0.0000000000,-0.4518682826
0.0000000000,-0.3730573697
0.0000000000,0.1614341301
0.0000000000,0.4987377304
0.0000000000,0.2268452119
0.0000000000,-0.3221332662
0.0000000000,-0.4776337227
0.0000000000,-0.0497160973
0.0000000000,0.4389285428
0.0000000000,0.3914325455
0.0000000000,-0.1341888732
0.0000000000,-0.4959018170
0.0000000000,-0.2518826420
0.0000000000,0.2998051102
0.0000000000,0.4852881452
0.0000000000,0.0780034057
0.0000000000,-0.4245606141
0.0000000000,-0.4085340751
0.0000000000,0.1065069915
0.0000000000,0.4914523347
0.0000000000,0.2761004944
0.0000000000,-0.2765014461
0.0000000000,-0.4913635335
0.0000000000,-0.1060369060
0.0000000000,0.4088112468
0.0000000000,0.4243063135
0.0000000000,-0.0784785565
0.0000000000,-0.4854037610
0.0000000000,-0.2994199690
0.0000000000,0.2522980995
0.0000000000,0.4958401195
0.0000000000,0.1337253827
0.0000000000,-0.3917316865
0.0000000000,-0.1032001488
0.0000000000,0.4074800967
0.0000000000,0.4282311661
0.0000000000,-0.0658967588
0.0000000000,-0.4807944464
0.0000000000,-0.3176142625
0.0000000000,0.2274459082
0.0000000000,0.4990390131
0.0000000000,0.1706180940
0.0000000000,-0.3629435986
0.0000000000,-0.4601240798
0.0000000000,-0.0040794755
0.0000000000,0.4568700409
0.0000000000,0.3685069295
0.0000000000,-0.1629264026
0.0000000000,-0.4984669810
0.0000000000,-0.2346813119
0.0000000000,0.3112708304
0.0000000000,0.4829699412
0.0000000000,0.0739754984
0.0000000000,-0.4239625646
0.0000000000,-0.4121539390
0.0000000000,0.0952034052
0.0000000000,0.4880939908
0.0000000000,0.2941301786
0.0000000000,-0.2534777925
0.0000000000,-0.4963195504
0.0000000000,-0.1424170001
0.0000000000,0.3827190511
0.0000000000,0.4476970949
0.0000000000,-0.0256084992
0.0000000000,-0.4681239982
0.0000000000,-0.3477957986
0.0000000000,0.1907008231
0.0000000000,0.4999104246
0.0000000000,0.2080582702
0.0000000000,-0.3339504385
0.0000000000,-0.4744375403
0.0000000000,-0.0444899262
0.0000000000,0.4389496574
0.0000000000,0.3946229875
0.0000000000,-0.1241742558
0.0000000000,-0.4936719595
0.0000000000,-0.2696086566
0.0000000000,0.2786156251
0.0000000000,0.4918494993
0.0000000000,0.1137135817
0.0000000000,-0.4011446000
0.0000000000,-0.4336910198
0.0000000000,0.0552061493
0.0000000000,0.4777268168
0.0000000000,0.3258579433
0.0000000000,-0.2178026152
0.0000000000,-0.4995906144
0.0000000000,-0.1807013778
0.0000000000,0.3554521567
0.0000000000,0.4642317319
0.0000000000,0.0148474317
0.0000000000,-0.4523885134
0.0000000000,-0.3757001455
0.0000000000,0.1527071265
0.0000000000,0.4975086782
0.0000000000,0.2441361871
0.0000000000,-0.3027707415
0.0000000000,-0.4856446263
0.0000000000,-0.0846090795
0.0000000000,0.4181552559
0.0000000000,0.4181552559
0.0000000000,-0.0846090795
0.0000000000,-0.4856446263
0.0000000000,-0.3027707415
0.0000000000,0.2441361871
0.0000000000,0.4975086782
0.0000000000,0.1527071265
0.0000000000,-0.3757001455
0.0000000000,-0.4523885134
0.0000000000,0.0148474317
0.0000000000,0.4642317319
0.0000000000,0.3554521567
0.0000000000,-0.1807013778
0.0000000000,-0.4995906144
0.0000000000,-0.2178026152
0.0000000000,0.3258579433
0.0000000000,0.4777268168
0.0000000000,0.0552061493
0.0000000000,-0.4336910198
0.0000000000,-0.4011446000
0.0000000000,0.1137135816
0.0000000000,0.4918494993
0.0000000000,0.2786156251
0.0000000000,-0.2696086566
0.0000000000,-0.4936719595
0.0000000000,-0.1241742558
0.0000000000,0.3946229875
0.0000000000,0.4389496574
0.0000000000,-0.0444899261
0.0000000000,-0.4744375403
0.0000000000,-0.3339504385
0.0000000000,0.2080582701
0.0000000000,0.4999104246
0.0000000000,0.1907008231
0.0000000000,-0.3477957986
0.0000000000,-0.4681239982
0.0000000000,-0.0256084992
0.0000000000,0.4476970949
0.0000000000,0.3827190511
0.0000000000,-0.1424170001
0.0000000000,-0.4963195504
0.0000000000,-0.2534777925
0.0000000000,0.2941301786
0.0000000000,0.4880939908
0.0000000000,0.0952034052
0.0000000000,-0.4121539390
0.0000000000,-0.4239625646
0.0000000000,0.0739754984
0.0000000000,0.4829699412
0.0000000000,0.3112708304
0.0000000000,-0.2346813119
0.0000000000,-0.4984669810
0.0000000000,-0.1629264026
0.0000000000,0.3685069295
0.0000000000,0.4568700409
0.0000000000,-0.0040794755
0.0000000000,-0.4601240798
0.0000000000,-0.3629435986
0.0000000000,0.1706180940
0.0000000000,0.4990390131
0.0000000000,0.2274459082
0.0000000000,-0.3176142625
0.0000000000,-0.4807944465
0.0000000000,-0.0658967588
0.0000000000,0.4282311661
0.0000000000,0.4074800967
0.0000000000,-0.1032001488
0.0000000000,0.2851272934
0.0000000000,0.4915302570
0.0000000000,0.1179619846
0.0000000000,-0.3947931579
0.0000000000,-0.4417200578
0.0000000000,0.0325517361
0.0000000000,0.4684147640
0.0000000000,0.3515812167
0.0000000000,-0.1800935127
0.0000000000,-0.4992705256
0.0000000000,-0.2293433283
0.0000000000,0.3111929143
0.0000000000,0.4845433396
0.0000000000,0.0861666014
0.0000000000,-0.4138806843
0.0000000000,-0.4255777848
0.0000000000,0.0648770583
0.0000000000,0.4787815219
0.0000000000,0.3277573629
0.0000000000,-0.2099975012
0.0000000000,-0.4999700394
0.0000000000,-0.2000129901
0.0000000000,0.3359453622
0.0000000000,0.4755117443
0.0000000000,0.0540076121
0.0000000000,-0.4312217153
0.0000000000,-0.4076396568
0.0000000000,0.0969286120
0.0000000000,0.4871279156
0.0000000000,0.3025504372
0.0000000000,-0.2390153415
0.0000000000,-0.4985597776
0.0000000000,-0.1698386362
0.0000000000,0.3592801864
0.0000000000,0.4644735826
0.0000000000,0.0216207212
0.0000000000,-0.4467430751
0.0000000000,-0.3879813694
0.0000000000,0.1285711460
0.0000000000,0.4934187249
0.0000000000,0.2760668080
0.0000000000,-0.2670245839
0.0000000000,-0.4950456911
0.0000000000,-0.1389475965
0.0000000000,0.3810989187
0.0000000000,0.4514754333
0.0000000000,-0.0108574049
0.0000000000,-0.4603792667
0.0000000000,-0.3666858766
0.0000000000,0.1596711350
0.0000000000,0.4976274038
0.0000000000,0.2484182309
0.0000000000,-0.2939070349
0.0000000000,-0.4894426089
0.0000000000,-0.1074702252
0.0000000000,0.4013094881
0.0000000000,0.4365721462
0.0000000000,-0.0432897148
0.0000000000,-0.4720727480
0.0000000000,-0.3438430413
0.0000000000,0.1900973430
0.0000000000,0.4997361927
0.0000000000,0.2197213776
0.0000000000,-0.3195492557
0.0000000000,-0.4817741747
0.0000000000,-0.0755393507
0.0000000000,0.4198266102
0.0000000000,0.4198266102
0.0000000000,-0.0755393507
0.0000000000,-0.4817741747
0.0000000000,-0.3195492557
0.0000000000,0.2197213775
0.0000000000,0.4997361927
0.0000000000,0.1900973430
0.0000000000,-0.3438430413
0.0000000000,-0.4720727480
0.0000000000,-0.0432897148
0.0000000000,0.4365721462
0.0000000000,0.4013094881
0.0000000000,-0.1074702252
0.0000000000,-0.4894426089
0.0000000000,-0.2939070349
0.0000000000,0.2484182309
0.0000000000,0.4976274038
0.0000000000,0.1596711350
0.0000000000,-0.3666858766
0.0000000000,-0.4603792667
0.0000000000,-0.0108574049
0.0000000000,0.4514754333
0.0000000000,0.3810989187
0.0000000000,-0.1389475965
0.0000000000,-0.4950456911
0.0000000000,-0.2670245839
0.0000000000,0.2760668080
0.0000000000,0.4934187249
0.0000000000,0.1285711461
0.0000000000,-0.3879813694
0.0000000000,-0.4467430751
0.0000000000,0.0216207212
0.0000000000,0.4644735826
0.0000000000,0.3592801864
0.0000000000,-0.1698386362
0.0000000000,-0.4985597776
0.0000000000,-0.2390153415
0.0000000000,0.3025504372
0.0000000000,0.4871279156
0.0000000000,0.0969286121
0.0000000000,-0.4076396568
0.0000000000,-0.4312217153
0.0000000000,0.0540076121
0.0000000000,0.4755117443
0.0000000000,0.3359453622
0.0000000000,-0.2000129901
0.0000000000,-0.4999700394
0.0000000000,-0.2099975013
0.0000000000,0.3277573629
0.0000000000,0.4787815219
0.0000000000,0.0648770583
0.0000000000,-0.4255777848
0.0000000000,-0.4138806843
0.0000000000,0.0861666014
0.0000000000,0.4845433396
0.0000000000,0.3111929143
0.0000000000,-0.2293433283
0.0000000000,-0.4992705256
0.0000000000,-0.1800935127
0.0000000000,0.3515812167
0.0000000000,0.4684147640
0.0000000000,0.0325517361
0.0000000000,-0.4417200578
0.0000000000,-0.3947931579
0.0000000000,0.1179619846
0.0000000000,0.4915302570
0.0000000000,0.2851272934
0.0000000000,0.4999808687
0.0000000000,0.2155018526
0.0000000000,-0.3176259401
0.0000000000,-0.4842728860
0.0000000000,-0.0921596208
0.0000000000,0.4062885863
0.0000000000,0.4359558584
0.0000000000,-0.0373882800
0.0000000000,-0.4675933457
0.0000000000,-0.3582832660
0.0000000000,0.1644185999
0.0000000000,0.4974121954
0.0000000000,0.2564852776
0.0000000000,-0.2803776135
0.0000000000,-0.4937372505
0.0000000000,-0.1374165723
0.0000000000,0.3774570936
0.0000000000,0.4568159673
0.0000000000,0.0090947717
0.0000000000,-0.4491200871
0.0000000000,-0.3891344810
0.0000000000,0.1198394353
0.0000000000,0.4905410879
0.0000000000,0.2952501984
0.0000000000,-0.2407041227
0.0000000000,-0.4989309677
0.0000000000,-0.1814849206
0.0000000000,0.3453607346
0.0000000000,0.4737247846
0.0000000000,0.0554991569
0.0000000000,-0.4267621034
0.0000000000,-0.4166198246
0.0000000000,0.0742237032
0.0000000000,0.4794269788
0.0000000000,0.3314613126
0.0000000000,-0.1989486290
0.0000000000,-0.4998091138
0.0000000000,-0.2239834904
0.0000000000,0.3102771311
0.0000000000,0.4865360551
0.0000000000,0.1014234947
0.0000000000,-0.4007127830
0.0000000000,-0.4405015585
0.0000000000,0.0279659631
0.0000000000,0.4641660010
0.0000000000,0.3648054073
0.0000000000,-0.1554723021
0.0000000000,-0.4963640932
0.0000000000,-0.2645446847
0.0000000000,0.2725097435
0.0000000000,0.4951389659
0.0000000000,0.1464705561
0.0000000000,-0.3711974430
0.0000000000,-0.4605731144
0.0000000000,-0.0185336724
0.0000000000,0.4448901564
0.0000000000,0.3949940681
0.0000000000,-0.1106511965
0.0000000000,-0.4886257041
0.0000000000,-0.3028176638
0.0000000000,0.2323852459
0.0000000000,0.4994591052
0.0000000000,0.1902507006
0.0000000000,-0.3384713805
0.0000000000,-0.4766608807
0.0000000000,-0.0648729983
0.0000000000,0.4217661741
0.0000000000,0.4217661741
0.0000000000,-0.0648729983
0.0000000000,-0.4766608807
0.0000000000,-0.3384713805
0.0000000000,0.1902507006
0.0000000000,0.4994591052
0.0000000000,0.2323852459
0.0000000000,-0.3028176638
0.0000000000,-0.4886257041
0.0000000000,-0.1106511965
0.0000000000,0.3949940681
0.0000000000,0.4448901564
0.0000000000,-0.0185336724
0.0000000000,-0.4605731144
0.0000000000,-0.3711974430
0.0000000000,0.1464705561
0.0000000000,0.4951389659
0.0000000000,0.2725097435
0.0000000000,-0.2645446846
0.0000000000,-0.4963640932
0.0000000000,-0.1554723021
0.0000000000,0.3648054073
0.0000000000,0.4641660010
0.0000000000,0.0279659631
0.0000000000,-0.4405015585
0.0000000000,-0.4007127830
0.0000000000,0.1014234947
0.0000000000,0.4865360551
0.0000000000,0.3102771311
0.0000000000,-0.2239834904
0.0000000000,-0.4998091138
0.0000000000,-0.1989486290
0.0000000000,0.3314613126
0.0000000000,0.4794269788
0.0000000000,0.0742237032
0.0000000000,-0.4166198246
0.0000000000,-0.4267621034
0.0000000000,0.0554991569
0.0000000000,0.4737247846
0.0000000000,0.3453607346
0.0000000000,-0.1814849206
0.0000000000,-0.4989309677
0.0000000000,-0.2407041227
0.0000000000,0.2952501984
0.0000000000,0.4905410879
0.0000000000,0.1198394353
0.0000000000,-0.3891344810
0.0000000000,-0.4491200871
0.0000000000,0.0090947717
0.0000000000,0.4568159673
0.0000000000,0.3774570936
0.0000000000,-0.1374165723
0.0000000000,-0.4937372505
0.0000000000,-0.2803776135
0.0000000000,0.2564852776
0.0000000000,0.4974121954
0.0000000000,0.1644185999
0.0000000000,-0.3582832660
0.0000000000,-0.4675933457
0.0000000000,-0.0373882800
0.0000000000,0.4359558584
0.0000000000,0.4062885863
0.0000000000,-0.0921596208
0.0000000000,-0.4842728860
0.0000000000,-0.3176259401
0.0000000000,0.2155018526
0.0000000000,0.4999808687
0.0000000000,0.2239180903
0.0000000000,-0.3037167362
0.0000000000,-0.4901127132
0.0000000000,-0.1258459232
0.0000000000,0.3798141881
0.0000000000,0.4587366813
0.0000000000,0.0222487322
0.0000000000,-0.4392366269
0.0000000000,-0.4072206957
0.0000000000,0.0823252466
0.0000000000,0.4793752245
0.0000000000,0.3378264668
0.0000000000,-0.1832848935
0.0000000000,-0.4984677726
0.0000000000,-0.2536006152
0.0000000000,0.2761977688
0.0000000000,0.4956760498
0.0000000000,0.1582409152
0.0000000000,-0.3569847110
0.0000000000,-0.4711226211
0.0000000000,-0.0559339514
0.0000000000,0.4220989246
0.0000000000,0.4258854578
0.0000000000,-0.0488286851
0.0000000000,-0.4686816948
0.0000000000,-0.3619506107
0.0000000000,0.1514475919
0.0000000000,0.4946878945
0.0000000000,0.2821250165
0.0000000000,-0.2474174829
0.0000000000,-0.4989757716
0.0000000000,-0.1899132649
0.0000000000,0.3325249840
0.0000000000,0.4813570748
0.0000000000,0.0893637358
0.0000000000,-0.4030336137
0.0000000000,-0.4426053193
0.0000000000,0.0151091366
0.0000000000,0.4558478260
0.0000000000,0.3844218266
0.0000000000,-0.1189186714
0.0000000000,-0.4886489143
0.0000000000,-0.3093610313
0.0000000000,0.2175073101
0.0000000000,0.4999968096
0.0000000000,0.2207183336
0.0000000000,-0.3065467077
0.0000000000,-0.4893933045
0.0000000000,-0.1223854209
0.0000000000,0.3821277604
0.0000000000,0.4573039254
0.0000000000,0.0186794112
0.0000000000,-0.4409322270
0.0000000000,-0.4051374950
0.0000000000,0.0858466823
0.0000000000,0.4803784103
0.0000000000,0.3351842803
0.0000000000,-0.1866038418
0.0000000000,-0.4987345012
0.0000000000,-0.2505154429
0.0000000000,0.2791685178
0.0000000000,0.4951946109
0.0000000000,0.1548482057
0.0000000000,-0.3594768357
0.0000000000,-0.4699141515
0.0000000000,-0.0523826552
0.0000000000,0.4240030129
0.0000000000,0.4240030129
0.0000000000,-0.0523826552
0.0000000000,-0.4699141515
0.0000000000,-0.3594768357
0.0000000000,0.1548482057
0.0000000000,0.4951946109
0.0000000000,0.2791685178
0.0000000000,-0.2505154429
0.0000000000,-0.4987345012
0.0000000000,-0.1866038419
0.0000000000,0.3351842803
0.0000000000,0.4803784103
0.0000000000,0.0858466823
0.0000000000,-0.4051374950
0.0000000000,-0.4409322270
0.0000000000,0.0186794112
0.0000000000,0.4573039254
0.0000000000,0.3821277604
0.0000000000,-0.1223854209
0.0000000000,-0.4893933045
0.0000000000,-0.3065467077
0.0000000000,0.2207183336
0.0000000000,0.4999968096
0.0000000000,0.2175073101
0.0000000000,-0.3093610313
0.0000000000,-0.4886489143
0.0000000000,-0.1189186714
0.0000000000,0.3844218266
0.0000000000,0.4558478261
0.0000000000,0.0151091366
0.0000000000,-0.4426053193
0.0000000000,-0.4030336137
0.0000000000,0.0893637358
0.0000000000,0.4813570748
0.0000000000,0.3325249840
0.0000000000,-0.1899132649
0.0000000000,-0.4989757716
0.0000000000,-0.2474174829
0.0000000000,0.2821250165
0.0000000000,0.4946878945
0.0000000000,0.1514475920
0.0000000000,-0.3619506107
0.0000000000,-0.4686816948
0.0000000000,-0.0488286851
0.0000000000,0.4258854578
0.0000000000,0.4220989246
0.0000000000,-0.0559339514
0.0000000000,-0.4711226211
0.0000000000,-0.3569847110
0.0000000000,0.1582409152
0.0000000000,0.4956760498
0.0000000000,0.2761977688
0.0000000000,-0.2536006152
0.0000000000,-0.4984677726
0.0000000000,-0.1832848935
0.0000000000,0.3378264668
0.0000000000,0.4793752245
0.0000000000,0.0823252466
0.0000000000,-0.4072206957
0.0000000000,-0.4392366269
0.0000000000,0.0222487322
0.0000000000,0.4587366813
0.0000000000,0.3798141881
0.0000000000,-0.1258459231
0.0000000000,-0.4901127132
0.0000000000,-0.3037167362
0.0000000000,0.2239180903
0.0000000000,-0.3693413595
0.0000000000,-0.4682985958
0.0000000000,-0.0574234192
0.0000000000,0.4159681105
0.0000000000,0.4364989496
0.0000000000,-0.0181826393
0.0000000000,-0.4530689545
0.0000000000,-0.3947032285
0.0000000000,0.0933723049
0.0000000000,0.4797942610
0.0000000000,0.3438685782
0.0000000000,-0.1664236915
0.0000000000,-0.4955320051
0.0000000000,-0.2851591413
0.0000000000,0.2356638806
0.0000000000,0.4999217836
0.0000000000,0.2199193973
0.0000000000,-0.2995072324
0.0000000000,-0.4928630680
0.0000000000,-0.1496433737
0.0000000000,0.3564916976
0.0000000000,0.4745175070
0.0000000000,0.0759404315
0.0000000000,-0.4053122996
0.0000000000,-0.4453052243
0.0000000000,-0.0004984100
0.0000000000,0.4448510188
0.0000000000,0.4058951980
0.0000000000,-0.0749550253
0.0000000000,-0.4742023957
0.0000000000,-0.3571899400
0.0000000000,0.1486919478
0.0000000000,0.4926942673
0.0000000000,0.3003048286
0.0000000000,-0.2190237398
0.0000000000,-0.4999031590
0.0000000000,-0.2365425653
0.0000000000,0.2843397633
0.0000000000,0.4956639832
0.0000000000,0.1673633424
0.0000000000,-0.3431442439
0.0000000000,-0.4800738194
0.0000000000,-0.0943514033
0.0000000000,0.3940905256
0.0000000000,0.4534896912
0.0000000000,0.0191787633
0.0000000000,-0.4360119094
0.0000000000,-0.4165203904
0.0000000000,0.0564330813
0.0000000000,0.4679483717
0.0000000000,0.3700125350
0.0000000000,-0.1307525761
0.0000000000,-0.4891685493
0.0000000000,-0.3150311814
0.0000000000,0.2020777624
0.0000000000,0.4991864881
0.0000000000,0.2528354340
0.0000000000,-0.2687752526
0.0000000000,-0.4977727714
0.0000000000,-0.1848496110
0.0000000000,0.3293176362
0.0000000000,0.4849597744
0.0000000000,0.1126306264
0.0000000000,-0.3823184580
0.0000000000,-0.4610409218
0.0000000000,-0.0378323362
0.0000000000,0.4265639690
0.0000000000,0.4265639690
0.0000000000,-0.0378323361
0.0000000000,-0.4610409218
0.0000000000,-0.3823184580
0.0000000000,0.1126306264
0.0000000000,0.4849597744
0.0000000000,0.3293176362
0.0000000000,-0.1848496110
0.0000000000,-0.4977727714
0.0000000000,-0.2687752526
0.0000000000,0.2528354340
0.0000000000,0.4991864881
0.0000000000,0.2020777624
0.0000000000,-0.3150311814
0.0000000000,-0.4891685493
0.0000000000,-0.1307525761
0.0000000000,0.3700125350
0.0000000000,0.4679483717
0.0000000000,0.0564330813
0.0000000000,-0.4165203904
0.0000000000,-0.4360119094
0.0000000000,0.0191787633
0.0000000000,0.4534896912
0.0000000000,0.3940905256
0.0000000000,-0.0943514033
0.0000000000,-0.4800738194
0.0000000000,-0.3431442439
0.0000000000,0.1673633423
0.0000000000,0.4956639832
0.0000000000,0.2843397633
0.0000000000,-0.2365425653
0.0000000000,-0.4999031590
0.0000000000,-0.2190237398
0.0000000000,0.3003048286
0.0000000000,0.4926942673
0.0000000000,0.1486919478
0.0000000000,-0.3571899400
0.0000000000,-0.4742023957
0.0000000000,-0.0749550253
0.0000000000,0.4058951980
0.0000000000,0.4448510188
0.0000000000,-0.0004984100
0.0000000000,-0.4453052243
0.0000000000,-0.4053122997
0.0000000000,0.0759404315
0.0000000000,0.4745175070
0.0000000000,0.3564916976
0.0000000000,-0.1496433737
0.0000000000,-0.4928630680
0.0000000000,-0.2995072324
0.0000000000,0.2199193973
0.0000000000,0.4999217836
0.0000000000,0.2356638806
0.0000000000,-0.2851591413
0.0000000000,-0.4955320051
0.0000000000,-0.1664236915
0.0000000000,0.3438685782
0.0000000000,0.4797942610
0.0000000000,0.0933723049
0.0000000000,-0.3947032284
0.0000000000,-0.4530689545
0.0000000000,-0.0181826393
0.0000000000,0.4364989496
0.0000000000,0.4159681105
0.0000000000,-0.0574234192
0.0000000000,-0.4682985958
0.0000000000,-0.3693413595
0.0000000000,-0.3636374990
0.0000000000,0.1289496870
0.0000000000,0.4862852972
0.0000000000,0.3335704045
0.0000000000,-0.1690167824
0.0000000000,-0.4943271827
0.0000000000,-0.3011521804
0.0000000000,0.2078925839
0.0000000000,0.4988848642
0.0000000000,0.2666113223
0.0000000000,-0.2453030802
0.0000000000,-0.4999262174
0.0000000000,-0.2301912873
0.0000000000,0.2809845881
0.0000000000,0.4974439025
0.0000000000,0.1921487775
0.0000000000,-0.3146856109
0.0000000000,-0.4914554158
0.0000000000,-0.1527519308
0.0000000000,0.3461686111
0.0000000000,0.4820029663
0.0000000000,0.1122784310
0.0000000000,-0.3752116846
0.0000000000,-0.4691531786
0.0000000000,-0.0710135506
0.0000000000,0.4016101250
0.0000000000,0.4529966227
0.0000000000,0.0292481399
0.0000000000,-0.4251778660
0.0000000000,-0.4336471761
0.0000000000,0.0127234227
0.0000000000,0.4457487935
0.0000000000,0.4112412211
0.0000000000,-0.0546053057
0.0000000000,-0.4631779157
0.0000000000,-0.3859366831
0.0000000000,0.0961023101
0.0000000000,0.4773423857
0.0000000000,0.3579119182
0.0000000000,-0.1369219492
0.0000000000,-0.4881423669
0.0000000000,-0.3273644554
0.0000000000,0.1767765109
0.0000000000,0.4955017370
0.0000000000,0.2945096047
0.0000000000,-0.2153850852
0.0000000000,-0.4993686244
0.0000000000,-0.2595789394
0.0000000000,0.2524755443
0.0000000000,0.4997157738
0.0000000000,0.2228186642
0.0000000000,-0.2877864608
0.0000000000,-0.4965407383
0.0000000000,-0.1844878791
0.0000000000,0.3210689501
0.0000000000,0.4898658969
0.0000000000,0.1448567540
0.0000000000,-0.3520884245
0.0000000000,-0.4797382963
0.0000000000,-0.1042046240
0.0000000000,0.3806262472
0.0000000000,0.4662293197
0.0000000000,0.0628180206
0.0000000000,-0.4064812729
0.0000000000,-0.4494341833
0.0000000000,-0.0209886522
0.0000000000,0.4294712657
0.0000000000,0.4294712657
0.0000000000,-0.0209886522
0.0000000000,-0.4494341833
0.0000000000,-0.4064812730
0.0000000000,0.0628180206
0.0000000000,0.4662293197
0.0000000000,0.3806262472
0.0000000000,-0.1042046240
0.0000000000,-0.4797382963
0.0000000000,-0.3520884245
0.0000000000,0.1448567540
0.0000000000,0.4898658969
0.0000000000,0.3210689501
0.0000000000,-0.1844878791
0.0000000000,-0.4965407383
0.0000000000,-0.2877864608
0.0000000000,0.2228186641
0.0000000000,0.4997157738
0.0000000000,0.2524755443
0.0000000000,-0.2595789394
0.0000000000,-0.4993686244
0.0000000000,-0.2153850852
0.0000000000,0.2945096047
0.0000000000,0.4955017370
0.0000000000,0.1767765109
0.0000000000,-0.3273644554
0.0000000000,-0.4881423669
0.0000000000,-0.1369219492
0.0000000000,0.3579119182
0.0000000000,0.4773423857
0.0000000000,0.0961023101
0.0000000000,-0.3859366831
0.0000000000,-0.4631779157
0.0000000000,-0.0546053057
0.0000000000,0.4112412211
0.0000000000,0.4457487935
0.0000000000,0.0127234227
0.0000000000,-0.4336471761
0.0000000000,-0.4251778661
0.0000000000,0.0292481399
0.0000000000,0.4529966227
0.0000000000,0.4016101250
0.0000000000,-0.0710135506
0.0000000000,-0.4691531786
0.0000000000,-0.3752116846
0.0000000000,0.1122784310
0.0000000000,0.4820029663
0.0000000000,0.3461686111
0.0000000000,-0.1527519308
0.0000000000,-0.4914554158
0.0000000000,-0.3146856109
0.0000000000,0.1921487775
0.0000000000,0.4974439025
0.0000000000,0.2809845881
0.0000000000,-0.2301912873
0.0000000000,-0.4999262174
0.0000000000,-0.2453030802
0.0000000000,0.2666113223
0.0000000000,0.4988848642
0.0000000000,0.2078925839
0.0000000000,-0.3011521804
0.0000000000,-0.4943271827
0.0000000000,-0.1690167824
0.0000000000,0.3335704045
0.0000000000,0.4862852973
0.0000000000,0.1289496870
0.0000000000,-0.3636374989
0.0000000000,0.3922868618
0.0000000000,0.4642222869
0.0000000000,0.0701788260
0.0000000000,-0.3943090149
0.0000000000,-0.4629957909
0.0000000000,-0.0669348180
0.0000000000,0.3963142517
0.0000000000,0.4617494319
0.0000000000,0.0636879384
0.0000000000,-0.3983024862
0.0000000000,-0.4604832635
0.0000000000,-0.0604383265
0.0000000000,0.4002736333
0.0000000000,0.4591973399
0.0000000000,0.0571861218
0.0000000000,-0.4022276082
0.0000000000,-0.4578917163
0.0000000000,-0.0539314637
0.0000000000,0.4041643272
0.0000000000,0.4565664488
0.0000000000,0.0506744919
0.0000000000,-0.4060837072
0.0000000000,-0.4552215942
0.0000000000,-0.0474153462
0.0000000000,0.4079856658
0.0000000000,0.4538572101
0.0000000000,0.0441541663
0.0000000000,-0.4098701215
0.0000000000,-0.4524733552
0.0000000000,-0.0408910921
0.0000000000,0.4117369933
0.0000000000,0.4510700887
0.0000000000,0.0376262637
0.0000000000,-0.4135862013
0.0000000000,-0.4496474709
0.0000000000,-0.0343598210
0.0000000000,0.4154176661
0.0000000000,0.4482055629
0.0000000000,0.0310919043
0.0000000000,-0.4172313091
0.0000000000,-0.4467444264
0.0000000000,-0.0278226538
0.0000000000,0.4190270524
0.0000000000,0.4452641242
0.0000000000,0.0245522096
0.0000000000,-0.4208048192
0.0000000000,-0.4437647197
0.0000000000,-0.0212807121
0.0000000000,0.4225645330
0.0000000000,0.4422462773
0.0000000000,0.0180083016
0.0000000000,-0.4243061184
0.0000000000,-0.4407088622
0.0000000000,-0.0147351186
0.0000000000,0.4260295007
0.0000000000,0.4391525403
0.0000000000,0.0114613034
0.0000000000,-0.4277346060
0.0000000000,-0.4375773783
0.0000000000,-0.0081869965
0.0000000000,0.4294213610
0.0000000000,0.4359834438
0.0000000000,0.0049123384
0.0000000000,-0.4310896935
0.0000000000,-0.4343708053
0.0000000000,-0.0016374696
0.0000000000,0.4327395319
0.0000000000,0.4327395319
0.0000000000,-0.0016374695
0.0000000000,-0.4343708053
0.0000000000,-0.4310896935
0.0000000000,0.0049123384
0.0000000000,0.4359834438
0.0000000000,0.4294213610
0.0000000000,-0.0081869965
0.0000000000,-0.4375773783
0.0000000000,-0.4277346060
0.0000000000,0.0114613034
0.0000000000,0.4391525402
0.0000000000,0.4260295007
0.0000000000,-0.0147351186
0.0000000000,-0.4407088622
0.0000000000,-0.4243061184
0.0000000000,0.0180083016
0.0000000000,0.4422462773
0.0000000000,0.4225645330
0.0000000000,-0.0212807121
0.0000000000,-0.4437647197
0.0000000000,-0.4208048192
0.0000000000,0.0245522096
0.0000000000,0.4452641241
0.0000000000,0.4190270524
0.0000000000,-0.0278226538
0.0000000000,-0.4467444264
0.0000000000,-0.4172313091
0.0000000000,0.0310919043
0.0000000000,0.4482055629
0.0000000000,0.4154176661
0.0000000000,-0.0343598210
0.0000000000,-0.4496474709
0.0000000000,-0.4135862013
0.0000000000,0.0376262637
0.0000000000,0.4510700887
0.0000000000,0.4117369934
0.0000000000,-0.0408910921
0.0000000000,-0.4524733552
0.0000000000,-0.4098701215
0.0000000000,0.0441541663
0.0000000000,0.4538572101
0.0000000000,0.4079856658
0.0000000000,-0.0474153462
0.0000000000,-0.4552215942
0.0000000000,-0.4060837072
0.0000000000,0.0506744919
0.0000000000,0.4565664488
0.0000000000,0.4041643272
0.0000000000,-0.0539314637
0.0000000000,-0.4578917163
0.0000000000,-0.4022276082
0.0000000000,0.0571861218
0.0000000000,0.4591973399
0.0000000000,0.4002736333
0.0000000000,-0.0604383265
0.0000000000,-0.4604832635
0.0000000000,-0.3983024862
0.0000000000,0.0636879384
0.0000000000,0.4617494319
0.0000000000,0.3963142517
0.0000000000,-0.0669348180
0.0000000000,-0.4629957909
0.0000000000,-0.3943090149
0.0000000000,0.0701788260
0.0000000000,0.4642222869
0.0000000000,0.3922868618
0.0000000000,0.1409082022
0.0000000000,-0.3350383860
0.0000000000,-0.4916041810
0.0000000000,-0.1795402910
0.0000000000,0.3036733029
0.0000000000,0.4974053794
0.0000000000,0.2169776841
0.0000000000,-0.2702875192
0.0000000000,-0.4998967467
0.0000000000,-0.2529712660
0.0000000000,0.2351031904
0.0000000000,0.4990617049
0.0000000000,0.2872815284
0.0000000000,-0.1983544397
0.0000000000,-0.4949058105
0.0000000000,-0.3196801643
0.0000000000,0.1602858005
0.0000000000,0.4874567177
0.0000000000,0.3499515869
0.0000000000,-0.1211505886
0.0000000000,-0.4767639941
0.0000000000,-0.3778943643
0.0000000000,0.0812092175
0.0000000000,0.4628987912
0.0000000000,0.4033225599
0.0000000000,-0.0407274646
0.0000000000,-0.4459533707
0.0000000000,-0.4260669696
0.0000000000,-0.0000252967
0.0000000000,0.4260404907
0.0000000000,0.4459762477
0.0000000000,0.0407778896
0.0000000000,-0.4032926553
0.0000000000,-0.4629179141
0.0000000000,-0.0812591386
0.0000000000,0.3778612330
0.0000000000,0.4767792357
0.0000000000,0.1211996737
0.0000000000,-0.3499154494
0.0000000000,-0.4874679765
0.0000000000,-0.1603337229
0.0000000000,0.3196412611
0.0000000000,0.4949130117
0.0000000000,0.1984008806
0.0000000000,-0.2872401183
0.0000000000,-0.4990648004
0.0000000000,-0.2351478407
0.0000000000,0.2529276245
0.0000000000,0.4998957160
0.0000000000,0.2703300818
0.0000000000,-0.2169321017
0.0000000000,-0.4974002293
0.0000000000,-0.3037134946
0.0000000000,0.1794930710
0.0000000000,0.4915949458
0.0000000000,0.3350759393
0.0000000000,-0.1408596588
0.0000000000,-0.4825184950
0.0000000000,-0.3642087243
0.0000000000,0.1012889393
0.0000000000,0.4702312734
0.0000000000,0.3909179944
0.0000000000,-0.0610442238
0.0000000000,-0.4548150423
0.0000000000,-0.4150260210
0.0000000000,0.0203933083
0.0000000000,0.4363723845
0.0000000000,0.4363723845
0.0000000000,0.0203933083
0.0000000000,-0.4150260210
0.0000000000,-0.4548150423
0.0000000000,-0.0610442238
0.0000000000,0.3909179944
0.0000000000,0.4702312734
0.0000000000,0.1012889393
0.0000000000,-0.3642087243
0.0000000000,-0.4825184951
0.0000000000,-0.1408596588
0.0000000000,0.3350759393
0.0000000000,0.4915949459
0.0000000000,0.1794930710
0.0000000000,-0.3037134946
0.0000000000,-0.4974002293
0.0000000000,-0.2169321017
0.0000000000,0.2703300818
0.0000000000,0.4998957160
0.0000000000,0.2529276246
0.0000000000,-0.2351478407
0.0000000000,-0.4990648004
0.0000000000,-0.2872401183
0.0000000000,0.1984008806
0.0000000000,0.4949130117
0.0000000000,0.3196412611
0.0000000000,-0.1603337229
0.0000000000,-0.4874679765
0.0000000000,-0.3499154494
0.0000000000,0.1211996737
0.0000000000,0.4767792357
0.0000000000,0.3778612330
0.0000000000,-0.0812591386
0.0000000000,-0.4629179141
0.0000000000,-0.4032926553
0.0000000000,0.0407778896
0.0000000000,0.4459762477
0.0000000000,0.4260404907
0.0000000000,-0.0000252967
0.0000000000,-0.4260669696
0.0000000000,-0.4459533707
0.0000000000,-0.0407274646
0.0000000000,0.4033225599
0.0000000000,0.4628987912
0.0000000000,0.0812092175
0.0000000000,-0.3778943643
0.0000000000,-0.4767639941
0.0000000000,-0.1211505886
0.0000000000,0.3499515869
0.0000000000,0.4874567177
0.0000000000,0.1602858005
0.0000000000,-0.3196801643
0.0000000000,-0.4949058105
0.0000000000,-0.1983544397
0.0000000000,0.2872815284
0.0000000000,0.4990617049
0.0000000000,0.2351031904
0.0000000000,-0.2529712660
0.0000000000,-0.4998967467
0.0000000000,-0.2702875192
0.0000000000,0.2169776841
0.0000000000,0.4974053794
0.0000000000,0.3036733029
0.0000000000,-0.1795402910
0.0000000000,-0.4916041810
0.0000000000,-0.3350383860
0.0000000000,0.1409082022
0.0000000000,-0.4699498557
0.0000000000,-0.1166619718
0.0000000000,0.3413119773
0.0000000000,0.4930112479
0.0000000000,0.2023092216
0.0000000000,-0.2699340219
0.0000000000,-0.4999532555
0.0000000000,-0.2813418147
0.0000000000,0.1897303645
0.0000000000,0.4905489041
0.0000000000,0.3511757193
0.0000000000,-0.1033233260
0.0000000000,-0.4651056764
0.0000000000,-0.4095276617
0.0000000000,0.0135380512
0.0000000000,0.4244554582
0.0000000000,0.4544897799
0.0000000000,0.0766898606
0.0000000000,-0.3699273401
0.0000000000,-0.4845920028
0.0000000000,-0.1644103381
0.0000000000,0.3033041610
0.0000000000,0.4988501147
0.0000000000,0.2467552921
0.0000000000,-0.2267642175
0.0000000000,-0.4967979358
0.0000000000,-0.3210323908
0.0000000000,0.1428100422
0.0000000000,0.4785025635
0.0000000000,0.3848130868
0.0000000000,-0.0541865819
0.0000000000,-0.4445621792
0.0000000000,-0.4360120208
0.0000000000,-0.0362085506
0.0000000000,0.3960864902
0.0000000000,0.4729552040
0.0000000000,0.1254198165
0.0000000000,-0.3346604465
0.0000000000,-0.4944347505
0.0000000000,-0.2105303843
0.0000000000,0.2622924203
0.0000000000,0.4997483699
0.0000000000,0.2887574982
0.0000000000,-0.1813485402
0.0000000000,-0.4887223291
0.0000000000,-0.3575434620
0.0000000000,0.0944753291
0.0000000000,0.4617171333
0.0000000000,0.4146392653
0.0000000000,-0.0045131740
0.0000000000,-0.4196157381
0.0000000000,-0.4581781167
0.0000000000,-0.0855965428
0.0000000000,0.3637946814
0.0000000000,0.4867364796
0.0000000000,0.1729076144
0.0000000000,-0.2960790757
0.0000000000,-0.4993806163
0.0000000000,-0.2545653376
0.0000000000,0.2186829353
0.0000000000,0.4956971170
0.0000000000,0.3278998499
0.0000000000,-0.1341367869
0.0000000000,-0.4758064164
0.0000000000,-0.3905134226
0.0000000000,0.0452049324
0.0000000000,0.4403588564
0.0000000000,0.4403588565
0.0000000000,0.0452049324
0.0000000000,-0.3905134226
0.0000000000,-0.4758064164
0.0000000000,-0.1341367869
0.0000000000,0.3278998499
0.0000000000,0.4956971170
0.0000000000,0.2186829353
0.0000000000,-0.2545653376
0.0000000000,-0.4993806163
0.0000000000,-0.2960790757
0.0000000000,0.1729076144
0.0000000000,0.4867364796
0.0000000000,0.3637946814
0.0000000000,-0.0855965428
0.0000000000,-0.4581781167
0.0000000000,-0.4196157381
0.0000000000,-0.0045131740
0.0000000000,0.4146392653
0.0000000000,0.4617171333
0.0000000000,0.0944753291
0.0000000000,-0.3575434620
0.0000000000,-0.4887223292
0.0000000000,-0.1813485402
0.0000000000,0.2887574982
0.0000000000,0.4997483699
0.0000000000,0.2622924203
0.0000000000,-0.2105303843
0.0000000000,-0.4944347505
0.0000000000,-0.3346604465
0.0000000000,0.1254198165
0.0000000000,0.4729552040
0.0000000000,0.3960864902
0.0000000000,-0.0362085506
0.0000000000,-0.4360120208
0.0000000000,-0.4445621792
0.0000000000,-0.0541865820
0.0000000000,0.3848130868
0.0000000000,0.4785025635
0.0000000000,0.1428100422
0.0000000000,-0.3210323908
0.0000000000,-0.4967979358
0.0000000000,-0.2267642175
0.0000000000,0.2467552921
0.0000000000,0.4988501147
0.0000000000,0.3033041610
0.0000000000,-0.1644103381
0.0000000000,-0.4845920028
0.0000000000,-0.3699273401
0.0000000000,0.0766898606
0.0000000000,0.4544897799
0.0000000000,0.4244554582
0.0000000000,0.0135380512
0.0000000000,-0.4095276616
0.0000000000,-0.4651056764
0.0000000000,-0.1033233260
0.0000000000,0.3511757193
0.0000000000,0.4905489041
0.0000000000,0.1897303645
0.0000000000,-0.2813418147
0.0000000000,-0.4999532555
0.0000000000,-0.2699340219
0.0000000000,0.2023092216
0.0000000000,0.4930112479
0.0000000000,0.3413119773
0.0000000000,-0.1166619717
0.0000000000,-0.4699498557
0.0000000000,0.4731309592
0.0000000000,0.4068025285
0.0000000000,0.0002669204
0.0000000000,-0.4064919121
0.0000000000,-0.4733033343
0.0000000000,-0.1442932456
0.0000000000,0.3053886540
0.0000000000,0.4996753564
0.0000000000,0.2760857411
0.0000000000,-0.1783931734
0.0000000000,-0.4836826563
0.0000000000,-0.3844704467
0.0000000000,0.0362727179
0.0000000000,0.4266811670
0.0000000000,0.4602580201
0.0000000000,0.1089231016
0.0000000000,-0.3335037309
0.0000000000,-0.4970228502
0.0000000000,-0.2448839311
0.0000000000,0.2120503497
0.0000000000,0.4916478494
0.0000000000,0.3600824005
0.0000000000,-0.0726183870
0.0000000000,-0.4445887346
0.0000000000,-0.4447514657
0.0000000000,-0.0729704889
0.0000000000,0.3598353890
0.0000000000,0.4917125030
0.0000000000,0.2123725988
0.0000000000,-0.2445735820
0.0000000000,-0.4969839446
0.0000000000,-0.3337688055
0.0000000000,0.1085757277
0.0000000000,0.4601188540
0.0000000000,0.4268665928
0.0000000000,0.0366276648
0.0000000000,-0.3842428193
0.0000000000,-0.4837727122
0.0000000000,-0.1787255993
0.0000000000,0.2757889516
0.0000000000,0.4996624070
0.0000000000,0.3056703742
0.0000000000,-0.1439524572
0.0000000000,-0.4731884775
0.0000000000,-0.4066990412
0.0000000000,-0.0000889735
0.0000000000,0.4065955024
0.0000000000,0.4732459359
0.0000000000,0.1441228605
0.0000000000,-0.3055295335
0.0000000000,-0.4996689133
0.0000000000,-0.2759373638
0.0000000000,0.1785593976
0.0000000000,0.4837277149
0.0000000000,0.3843566573
0.0000000000,-0.0364501937
0.0000000000,-0.4267739069
0.0000000000,-0.4601884662
0.0000000000,-0.1087494215
0.0000000000,0.3336362893
0.0000000000,0.4970034289
0.0000000000,0.2447287721
0.0000000000,-0.2122114877
0.0000000000,-0.4916802074
0.0000000000,-0.3599589175
0.0000000000,0.0727944426
0.0000000000,0.4446701283
0.0000000000,0.4446701283
0.0000000000,0.0727944426
0.0000000000,-0.3599589175
0.0000000000,-0.4916802074
0.0000000000,-0.2122114877
0.0000000000,0.2447287721
0.0000000000,0.4970034289
0.0000000000,0.3336362893
0.0000000000,-0.1087494215
0.0000000000,-0.4601884662
0.0000000000,-0.4267739069
0.0000000000,-0.0364501937
0.0000000000,0.3843566573
0.0000000000,0.4837277149
0.0000000000,0.1785593976
0.0000000000,-0.2759373638
0.0000000000,-0.4996689133
0.0000000000,-0.3055295335
0.0000000000,0.1441228605
0.0000000000,0.4732459359
0.0000000000,0.4065955024
0.0000000000,-0.0000889735
0.0000000000,-0.4066990412
0.0000000000,-0.4731884775
0.0000000000,-0.1439524572
0.0000000000,0.3056703742
0.0000000000,0.4996624070
0.0000000000,0.2757889516
0.0000000000,-0.1787255993
0.0000000000,-0.4837727122
0.0000000000,-0.3842428193
0.0000000000,0.0366276648
0.0000000000,0.4268665928
0.0000000000,0.4601188540
0.0000000000,0.1085757277
0.0000000000,-0.3337688054
0.0000000000,-0.4969839446
0.0000000000,-0.2445735820
0.0000000000,0.2123725988
0.0000000000,0.4917125030
0.0000000000,0.3598353890
0.0000000000,-0.0729704889
0.0000000000,-0.4447514657
0.0000000000,-0.4445887346
0.0000000000,-0.0726183870
0.0000000000,0.3600824004
0.0000000000,0.4916478494
0.0000000000,0.2120503497
0.0000000000,-0.2448839311
0.0000000000,-0.4970228502
0.0000000000,-0.3335037309
0.0000000000,0.1089231016
0.0000000000,0.4602580201
0.0000000000,0.4266811670
0.0000000000,0.0362727179
0.0000000000,-0.3844704467
0.0000000000,-0.4836826563
0.0000000000,-0.1783931734
0.0000000000,0.2760857411
0.0000000000,0.4996753564
0.0000000000,0.3053886540
0.0000000000,-0.1442932456
0.0000000000,-0.4733033343
0.0000000000,-0.4064919121
0.0000000000,0.0002669204
0.0000000000,0.4068025285
0.0000000000,0.4731309592
0.0000000000,-0.3665200347
0.0000000000,-0.4935473023
0.0000000000,-0.2402038097
0.0000000000,0.1982617680
0.0000000000,0.4839294699
0.0000000000,0.3966387553
0.0000000000,0.0036634909
0.0000000000,-0.3921351802
0.0000000000,-0.4857201509
0.0000000000,-0.2049666495
0.0000000000,0.2337520964
0.0000000000,0.4923210123
0.0000000000,0.3714642544
0.0000000000,-0.0356753788
0.0000000000,-0.4153204419
0.0000000000,-0.4748832120
0.0000000000,-0.1684594039
0.0000000000,0.2677939691
0.0000000000,0.4976618647
0.0000000000,0.3439879581
0.0000000000,-0.0747931845
0.0000000000,-0.4359321511
0.0000000000,-0.4611036371
0.0000000000,-0.1309082917
0.0000000000,0.3001764440
0.0000000000,0.4999189322
0.0000000000,0.3143801243
0.0000000000,-0.1134475306
0.0000000000,-0.4538425864
0.0000000000,-0.4444668121
0.0000000000,-0.0925460003
0.0000000000,0.3306988616
0.0000000000,0.4990782287
0.0000000000,0.2828242195
0.0000000000,-0.1513988939
0.0000000000,-0.4689407650
0.0000000000,-0.4250758278
0.0000000000,-0.0536102432
0.0000000000,0.3591720883
0.0000000000,0.4951449638
0.0000000000,0.2495157813
0.0000000000,-0.1884121069
0.0000000000,-0.4811331304
0.0000000000,-0.4030508414
0.0000000000,-0.0143422878
0.0000000000,0.3854196885
0.0000000000,0.4881435101
0.0000000000,0.2146612069
0.0000000000,-0.2242578155
0.0000000000,-0.4903441319
0.0000000000,-0.3785283317
0.0000000000,0.0250145403
0.0000000000,0.4092790176
0.0000000000,0.4781172524
0.0000000000,0.1784764743
0.0000000000,-0.2587139001
0.0000000000,-0.4965166932
0.0000000000,-0.3516602536
0.0000000000,0.0642163646
0.0000000000,0.4306022302
0.0000000000,0.4651283189
0.0000000000,0.1411858040
0.0000000000,-0.2915668520
0.0000000000,-0.4996125657
0.0000000000,-0.3226130963
0.0000000000,0.1030202692
0.0000000000,0.4492571961
0.0000000000,0.4492571961
0.0000000000,0.1030202693
0.0000000000,-0.3226130963
0.0000000000,-0.4996125657
0.0000000000,-0.2915668520
0.0000000000,0.1411858040
0.0000000000,0.4651283189
0.0000000000,0.4306022302
0.0000000000,0.0642163646
0.0000000000,-0.3516602536
0.0000000000,-0.4965166932
0.0000000000,-0.2587139001
0.0000000000,0.1784764743
0.0000000000,0.4781172524
0.0000000000,0.4092790176
0.0000000000,0.0250145403
0.0000000000,-0.3785283317
0.0000000000,-0.4903441319
0.0000000000,-0.2242578155
0.0000000000,0.2146612069
0.0000000000,0.4881435101
0.0000000000,0.3854196885
0.0000000000,-0.0143422878
0.0000000000,-0.4030508414
0.0000000000,-0.4811331304
0.0000000000,-0.1884121069
0.0000000000,0.2495157813
0.0000000000,0.4951449638
0.0000000000,0.3591720883
0.0000000000,-0.0536102432
0.0000000000,-0.4250758278
0.0000000000,-0.4689407650
0.0000000000,-0.1513988939
0.0000000000,0.2828242195
0.0000000000,0.4990782287
0.0000000000,0.3306988616
0.0000000000,-0.0925460003
0.0000000000,-0.4444668121
0.0000000000,-0.4538425864
0.0000000000,-0.1134475306
0.0000000000,0.3143801243
0.0000000000,0.4999189322
0.0000000000,0.3001764440
0.0000000000,-0.1309082917
0.0000000000,-0.4611036371
0.0000000000,-0.4359321511
0.0000000000,-0.0747931845
0.0000000000,0.3439879581
0.0000000000,0.4976618647
0.0000000000,0.2677939691
0.0000000000,-0.1684594039
0.0000000000,-0.4748832120
0.0000000000,-0.4153204419
0.0000000000,-0.0356753788
0.0000000000,0.3714642544
0.0000000000,0.4923210123
0.0000000000,0.2337520964
0.0000000000,-0.2049666495
0.0000000000,-0.4857201509
0.0000000000,-0.3921351802
0.0000000000,0.0036634909
0.0000000000,0.3966387553
0.0000000000,0.4839294699
0.0000000000,0.1982617680
0.0000000000,-0.2402038097
0.0000000000,-0.4935473023
0.0000000000,-0.3665200347
0.0000000000,0.3041879942
0.0000000000,0.4993073787
0.0000000000,0.3442053786
0.0000000000,-0.0523272300
0.0000000000,-0.4121567660
0.0000000000,-0.4828936120
0.0000000000,-0.2149219258
0.0000000000,0.2037990937
0.0000000000,0.4795724945
0.0000000000,0.4189668427
0.0000000000,0.0644918150
0.0000000000,-0.3352187003
0.0000000000,-0.4998019927
0.0000000000,-0.3138169711
0.0000000000,0.0922837924
0.0000000000,0.4336553752
0.0000000000,0.4708548339
0.0000000000,0.1777899327
0.0000000000,-0.2399793872
0.0000000000,-0.4894237096
0.0000000000,-0.3955791953
0.0000000000,-0.0242697377
0.0000000000,0.3640628634
0.0000000000,0.4970365302
0.0000000000,0.2813816183
0.0000000000,-0.1316384121
0.0000000000,-0.4523253648
0.0000000000,-0.4557447940
0.0000000000,-0.1394982627
0.0000000000,0.2745943585
0.0000000000,0.4960825431
0.0000000000,0.3696112892
0.0000000000,-0.0161106447
0.0000000000,-0.3905323404
0.0000000000,-0.4910290296
0.0000000000,-0.2471108874
0.0000000000,0.1701343891
0.0000000000,0.4680449555
0.0000000000,0.4376620511
0.0000000000,0.1002966825
0.0000000000,-0.3074182233
0.0000000000,-0.4995055610
0.0000000000,-0.3412325062
0.0000000000,0.0563859416
0.0000000000,0.4144544781
0.0000000000,0.4818186763
0.0000000000,0.2112283175
0.0000000000,-0.2075206244
0.0000000000,-0.4807116125
0.0000000000,-0.4167245541
0.0000000000,-0.0604408934
0.0000000000,0.3382368802
0.0000000000,0.4996704360
0.0000000000,0.3106279536
0.0000000000,-0.0962934479
0.0000000000,-0.4356732386
0.0000000000,-0.4694655469
0.0000000000,-0.1739679610
0.0000000000,0.2435532575
0.0000000000,0.4902427145
0.0000000000,0.3930688729
0.0000000000,0.0201908644
0.0000000000,-0.3668493071
0.0000000000,-0.4965760926
0.0000000000,-0.2779972569
0.0000000000,0.1355728574
0.0000000000,0.4540502176
0.0000000000,0.4540502176
0.0000000000,0.1355728575
0.0000000000,-0.2779972569
0.0000000000,-0.4965760926
0.0000000000,-0.3668493071
0.0000000000,0.0201908644
0.0000000000,0.3930688729
0.0000000000,0.4902427145
0.0000000000,0.2435532575
0.0000000000,-0.1739679610
0.0000000000,-0.4694655469
0.0000000000,-0.4356732386
0.0000000000,-0.0962934479
0.0000000000,0.3106279536
0.0000000000,0.4996704360
0.0000000000,0.3382368802
0.0000000000,-0.0604408934
0.0000000000,-0.4167245541
0.0000000000,-0.4807116125
0.0000000000,-0.2075206244
0.0000000000,0.2112283175
0.0000000000,0.4818186762
0.0000000000,0.4144544781
0.0000000000,0.0563859416
0.0000000000,-0.3412325062
0.0000000000,-0.4995055610
0.0000000000,-0.3074182233
0.0000000000,0.1002966825
0.0000000000,0.4376620511
0.0000000000,0.4680449555
0.0000000000,0.1701343891
0.0000000000,-0.2471108874
0.0000000000,-0.4910290296
0.0000000000,-0.3905323404
0.0000000000,-0.0161106447
0.0000000000,0.3696112892
0.0000000000,0.4960825431
0.0000000000,0.2745943586
0.0000000000,-0.1394982627
0.0000000000,-0.4557447940
0.0000000000,-0.4523253648
0.0000000000,-0.1316384121
0.0000000000,0.2813816183
0.0000000000,0.4970365302
0.0000000000,0.3640628634
0.0000000000,-0.0242697377
0.0000000000,-0.3955791953
0.0000000000,-0.4894237097
0.0000000000,-0.2399793872
0.0000000000,0.1777899327
0.0000000000,0.4708548339
0.0000000000,0.4336553752
0.0000000000,0.0922837924
0.0000000000,-0.3138169711
0.0000000000,-0.4998019927
0.0000000000,-0.3352187003
0.0000000000,0.0644918150
0.0000000000,0.4189668427
0.0000000000,0.4795724945
0.0000000000,0.2037990937
0.0000000000,-0.2149219258
0.0000000000,-0.4828936120
0.0000000000,-0.4121567660
0.0000000000,-0.0523272300
0.0000000000,0.3442053786
0.0000000000,0.4993073787
0.0000000000,0.3041879942
0.0000000000,-0.3279176245
0.0000000000,-0.4996094131
0.0000000000,-0.3567029967
0.0000000000,0.0108151254
0.0000000000,0.3715230896
0.0000000000,0.4982873088
0.0000000000,0.3112858366
0.0000000000,-0.0717286868
0.0000000000,-0.4095764948
0.0000000000,-0.4895187737
0.0000000000,-0.2612168051
0.0000000000,0.1315703309
0.0000000000,0.4415091682
0.0000000000,0.4734348452
0.0000000000,0.2072441365
0.0000000000,-0.1894457814
0.0000000000,-0.4668439062
0.0000000000,-0.4502758825
0.0000000000,-0.1501744011
0.0000000000,0.2444901446
0.0000000000,0.4852021052
0.0000000000,0.4203879741
0.0000000000,0.0908604517
0.0000000000,-0.2958808346
0.0000000000,-0.4963094194
0.0000000000,-0.3842177666
0.0000000000,-0.0301886792
0.0000000000,0.3428498665
0.0000000000,0.4999998605
0.0000000000,0.3423057894
0.0000000000,-0.0309342345
0.0000000000,-0.3846953326
0.0000000000,-0.4962182784
0.0000000000,-0.2952783770
0.0000000000,0.0915948654
0.0000000000,0.4207918921
0.0000000000,0.4850211852
0.0000000000,0.2438383097
0.0000000000,-0.1508866980
0.0000000000,-0.4506001164
0.0000000000,-0.4665759108
0.0000000000,-0.1887543103
0.0000000000,0.2079236721
0.0000000000,0.4736745496
0.0000000000,0.4411581024
0.0000000000,0.1308495569
0.0000000000,-0.2618534244
0.0000000000,-0.4896703664
0.0000000000,-0.4091476049
0.0000000000,-0.0709893812
0.0000000000,0.3118700258
0.0000000000,0.4983485245
0.0000000000,0.3710227850
0.0000000000,0.0100683365
0.0000000000,-0.3572260257
0.0000000000,-0.4995793370
0.0000000000,-0.3273533817
0.0000000000,0.0510031699
0.0000000000,0.3972436219
0.0000000000,0.4933444105
0.0000000000,0.2787919930
0.0000000000,-0.1113124824
0.0000000000,-0.4313247892
0.0000000000,-0.4797369202
0.0000000000,-0.2260643226
0.0000000000,0.1699583354
0.0000000000,0.4589602171
0.0000000000,0.4589602171
0.0000000000,0.1699583354
0.0000000000,-0.2260643225
0.0000000000,-0.4797369202
0.0000000000,-0.4313247892
0.0000000000,-0.1113124824
0.0000000000,0.2787919930
0.0000000000,0.4933444105
0.0000000000,0.3972436219
0.0000000000,0.0510031699
0.0000000000,-0.3273533817
0.0000000000,-0.4995793370
0.0000000000,-0.3572260257
0.0000000000,0.0100683365
0.0000000000,0.3710227850
0.0000000000,0.4983485245
0.0000000000,0.3118700258
0.0000000000,-0.0709893812
0.0000000000,-0.4091476049
0.0000000000,-0.4896703664
0.0000000000,-0.2618534244
0.0000000000,0.1308495569
0.0000000000,0.4411581024
0.0000000000,0.4736745496
0.0000000000,0.2079236721
0.0000000000,-0.1887543103
0.0000000000,-0.4665759108
0.0000000000,-0.4506001164
0.0000000000,-0.1508866980
0.0000000000,0.2438383097
0.0000000000,0.4850211852
0.0000000000,0.4207918921
0.0000000000,0.0915948654
0.0000000000,-0.2952783770
0.0000000000,-0.4962182784
0.0000000000,-0.3846953326
0.0000000000,-0.0309342345
0.0000000000,0.3423057894
0.0000000000,0.4999998605
0.0000000000,0.3428498665
0.0000000000,-0.0301886792
0.0000000000,-0.3842177666
0.0000000000,-0.4963094194
0.0000000000,-0.2958808346
0.0000000000,0.0908604517
0.0000000000,0.4203879741
0.0000000000,0.4852021052
0.0000000000,0.2444901446
0.0000000000,-0.1501744011
0.0000000000,-0.4502758825
0.0000000000,-0.4668439062
0.0000000000,-0.1894457814
0.0000000000,0.2072441365
0.0000000000,0.4734348452
0.0000000000,0.4415091682
0.0000000000,0.1315703309
0.0000000000,-0.2612168051
0.0000000000,-0.4895187737
0.0000000000,-0.4095764948
0.0000000000,-0.0717286868
0.0000000000,0.3112858366
0.0000000000,0.4982873088
0.0000000000,0.3715230896
0.0000000000,0.0108151255
0.0000000000,-0.3567029967
0.0000000000,-0.4996094131
0.0000000000,-0.3279176245
0.0000000000,0.4139648246
0.0000000000,0.4928401141
0.0000000000,0.2972068440
0.0000000000,-0.0639685975
0.0000000000,-0.3895139693
0.0000000000,-0.4981027349
0.0000000000,-0.3292516972
0.0000000000,0.0229902750
0.0000000000,0.3624268219
0.0000000000,0.4999941176
0.0000000000,0.3590681229
0.0000000000,0.0181436493
0.0000000000,-0.3328867124
0.0000000000,-0.4985014610
0.0000000000,-0.3864543187
0.0000000000,-0.0591547745
0.0000000000,0.3010935730
0.0000000000,0.4936348677
0.0000000000,0.4112249306
0.0000000000,0.0997655308
0.0000000000,-0.2672625847
0.0000000000,-0.4854272756
0.0000000000,-0.4332123071
0.0000000000,-0.1397010582
0.0000000000,0.2316227209
0.0000000000,0.4739342349
0.0000000000,0.4522676342
0.0000000000,0.1786910668
0.0000000000,-0.1944151979
0.0000000000,-0.4592335323
0.0000000000,-0.4682619425
0.0000000000,-0.2164716659
0.0000000000,0.1558918421
0.0000000000,0.4414246646
0.0000000000,0.4810869798
0.0000000000,0.2527871506
0.0000000000,-0.1163133857
0.0000000000,-0.4206281649
0.0000000000,-0.4906559444
0.0000000000,-0.2873917319
0.0000000000,0.0759477019
0.0000000000,0.3969847872
0.0000000000,0.4969040719
0.0000000000,0.3200512005
0.0000000000,-0.0350679920
0.0000000000,-0.3706545538
0.0000000000,-0.4997890741
0.0000000000,-0.3505445120
0.0000000000,-0.0060490636
0.0000000000,0.3418156717
0.0000000000,0.4992914248
0.0000000000,0.3786652827
0.0000000000,0.0471251782
0.0000000000,-0.3106633270
0.0000000000,-0.4954144922
0.0000000000,-0.4042231869
0.0000000000,-0.0878823421
0.0000000000,0.2774083639
0.0000000000,0.4881845159
0.0000000000,0.4270452447
0.0000000000,0.1280447044
0.0000000000,-0.2422758570
0.0000000000,-0.4776504297
0.0000000000,-0.4469769927
0.0000000000,-0.1673404399
0.0000000000,0.2055035889
0.0000000000,0.4638835297
0.0000000000,0.4638835297
0.0000000000,0.2055035889
0.0000000000,-0.1673404399
0.0000000000,-0.4469769927
0.0000000000,-0.4776504297
0.0000000000,-0.2422758570
0.0000000000,0.1280447044
0.0000000000,0.4270452447
0.0000000000,0.4881845159
0.0000000000,0.2774083639
0.0000000000,-0.0878823421
0.0000000000,-0.4042231869
0.0000000000,-0.4954144922
0.0000000000,-0.3106633270
0.0000000000,0.0471251782
0.0000000000,0.3786652827
0.0000000000,0.4992914248
0.0000000000,0.3418156717
0.0000000000,-0.0060490636
0.0000000000,-0.3505445119
0.0000000000,-0.4997890741
0.0000000000,-0.3706545538
0.0000000000,-0.0350679920
0.0000000000,0.3200512005
0.0000000000,0.4969040719
0.0000000000,0.3969847872
0.0000000000,0.0759477019
0.0000000000,-0.2873917319
0.0000000000,-0.4906559444
0.0000000000,-0.4206281649
0.0000000000,-0.1163133857
0.0000000000,0.2527871506
0.0000000000,0.4810869798
0.0000000000,0.4414246646
0.0000000000,0.1558918421
0.0000000000,-0.2164716659
0.0000000000,-0.4682619425
0.0000000000,-0.4592335323
0.0000000000,-0.1944151979
0.0000000000,0.1786910668
0.0000000000,0.4522676342
0.0000000000,0.4739342349
0.0000000000,0.2316227209
0.0000000000,-0.1397010582
0.0000000000,-0.4332123071
0.0000000000,-0.4854272756
0.0000000000,-0.2672625847
0.0000000000,0.0997655308
0.0000000000,0.4112249306
0.0000000000,0.4936348677
0.0000000000,0.3010935730
0.0000000000,-0.0591547745
0.0000000000,-0.3864543187
0.0000000000,-0.4985014610
0.0000000000,-0.3328867124
0.0000000000,0.0181436493
0.0000000000,0.3590681229
0.0000000000,0.4999941176
0.0000000000,0.3624268219
0.0000000000,0.0229902750
0.0000000000,-0.3292516972
0.0000000000,-0.4981027349
0.0000000000,-0.3895139693
0.0000000000,-0.0639685975
0.0000000000,0.2972068440
0.0000000000,0.4928401140
0.0000000000,0.4139648246
0.0000000000,-0.4920529956
0.0000000000,-0.4306977488
0.0000000000,-0.1604578335
0.0000000000,0.1876027378
0.0000000000,0.4446776102
0.0000000000,0.4860877028
0.0000000000,0.2917494801
0.0000000000,-0.0440847072
0.0000000000,-0.3585381943
0.0000000000,-0.4991037703
0.0000000000,-0.3976083513
0.0000000000,-0.1032763344
0.0000000000,0.2411438080
0.0000000000,0.4686112973
0.0000000000,0.4688063763
0.0000000000,0.2416344334
0.0000000000,-0.1027281117
0.0000000000,-0.3972684145
0.0000000000,-0.4991369858
0.0000000000,-0.3589284529
0.0000000000,-0.0446427368
0.0000000000,0.2912943190
0.0000000000,0.4859561593
0.0000000000,0.4449334819
0.0000000000,0.1881219290
0.0000000000,-0.1599271260
0.0000000000,-0.4304129135
0.0000000000,-0.4921521752
0.0000000000,-0.3152019052
0.0000000000,0.0146185519
0.0000000000,0.3373491383
0.0000000000,0.4964683218
0.0000000000,0.4148046799
0.0000000000,0.1319643700
0.0000000000,-0.2148775135
0.0000000000,-0.4575056688
0.0000000000,-0.4782475471
0.0000000000,-0.2670435177
0.0000000000,0.0736742992
0.0000000000,0.3786607206
0.0000000000,0.4999999804
0.0000000000,0.3788435911
0.0000000000,0.0739513496
0.0000000000,-0.2668066543
0.0000000000,-0.4781657476
0.0000000000,-0.4576186051
0.0000000000,-0.2151304126
0.0000000000,0.1316941621
0.0000000000,0.4146482116
0.0000000000,0.4965014789
0.0000000000,0.3375558399
0.0000000000,0.0148985495
0.0000000000,-0.3149844080
0.0000000000,-0.4921026626
0.0000000000,-0.4305553987
0.0000000000,-0.1601925049
0.0000000000,0.1878623629
0.0000000000,0.4448056158
0.0000000000,0.4860220073
0.0000000000,0.2915219453
0.0000000000,-0.0443637290
0.0000000000,-0.3587333799
0.0000000000,-0.4991204564
0.0000000000,-0.3974384453
0.0000000000,-0.1030022392
0.0000000000,0.2413891586
0.0000000000,0.4687089104
0.0000000000,0.4687089104
0.0000000000,0.2413891586
0.0000000000,-0.1030022392
0.0000000000,-0.3974384453
0.0000000000,-0.4991204564
0.0000000000,-0.3587333799
0.0000000000,-0.0443637290
0.0000000000,0.2915219453
0.0000000000,0.4860220073
0.0000000000,0.4448056158
0.0000000000,0.1878623629
0.0000000000,-0.1601925049
0.0000000000,-0.4305553987
0.0000000000,-0.4921026626
0.0000000000,-0.3149844080
0.0000000000,0.0148985495
0.0000000000,0.3375558399
0.0000000000,0.4965014789
0.0000000000,0.4146482117
0.0000000000,0.1316941621
0.0000000000,-0.2151304126
0.0000000000,-0.4576186051
0.0000000000,-0.4781657476
0.0000000000,-0.2668066544
0.0000000000,0.0739513496
0.0000000000,0.3788435911
0.0000000000,0.4999999804
0.0000000000,0.3786607206
0.0000000000,0.0736742992
0.0000000000,-0.2670435176
0.0000000000,-0.4782475471
0.0000000000,-0.4575056688
0.0000000000,-0.2148775135
0.0000000000,0.1319643700
0.0000000000,0.4148046799
0.0000000000,0.4964683218
0.0000000000,0.3373491383
0.0000000000,0.0146185519
0.0000000000,-0.3152019052
0.0000000000,-0.4921521752
0.0000000000,-0.4304129135
0.0000000000,-0.1599271260
0.0000000000,0.1881219290
0.0000000000,0.4449334819
0.0000000000,0.4859561593
0.0000000000,0.2912943190
0.0000000000,-0.0446427368
0.0000000000,-0.3589284529
0.0000000000,-0.4991369858
0.0000000000,-0.3972684145
0.0000000000,-0.1027281117
0.0000000000,0.2416344334
0.0000000000,0.4688063763
0.0000000000,0.4686112973
0.0000000000,0.2411438080
0.0000000000,-0.1032763344
0.0000000000,-0.3976083513
0.0000000000,-0.4991037703
0.0000000000,-0.3585381943
0.0000000000,-0.0440847072
0.0000000000,0.2917494801
0.0000000000,0.4860877027
0.0000000000,0.4446776102
0.0000000000,0.1876027378
0.0000000000,-0.1604578335
0.0000000000,-0.4306977488
0.0000000000,-0.4920529956
0.0000000000,0.4707633285
0.0000000000,0.2702001992
0.0000000000,-0.0426018615
0.0000000000,-0.3377074607
0.0000000000,-0.4925321696
0.0000000000,-0.4427630827
0.0000000000,-0.2090738676
0.0000000000,0.1114629055
0.0000000000,0.3856989081
0.0000000000,0.4997187695
0.0000000000,0.4061595808
0.0000000000,0.1438850564
0.0000000000,-0.1781581322
0.0000000000,-0.4261959039
0.0000000000,-0.4971954168
0.0000000000,-0.3616640595
0.0000000000,-0.0759004386
0.0000000000,0.2413915978
0.0000000000,0.4584115578
0.0000000000,0.4850111424
0.0000000000,0.3101411038
0.0000000000,0.0064410119
0.0000000000,-0.2999346232
0.0000000000,-0.4817198927
0.0000000000,-0.4634026970
0.0000000000,-0.2525918477
0.0000000000,0.0631435691
0.0000000000,0.3526496688
0.0000000000,0.4956680083
0.0000000000,0.4327899505
0.0000000000,0.1901345214
0.0000000000,-0.1315012178
0.0000000000,-0.3985124370
0.0000000000,-0.4999848809
0.0000000000,-0.3937677343
0.0000000000,-0.1239827226
0.0000000000,0.1973036882
0.0000000000,0.4366317762
0.0000000000,0.4945866303
0.0000000000,0.3470942825
0.0000000000,0.0554218361
0.0000000000,-0.2592723833
0.0000000000,-0.4662669958
0.0000000000,-0.4795781488
0.0000000000,-0.2936764992
0.0000000000,0.0142159429
0.0000000000,0.3162031997
0.0000000000,0.4868422586
0.0000000000,0.4552510638
0.0000000000,0.2345523366
0.0000000000,-0.0835774942
0.0000000000,-0.3669899241
0.0000000000,-0.4979577702
0.0000000000,-0.4220780708
0.0000000000,-0.1708706264
0.0000000000,0.1513150651
0.0000000000,0.4106457282
0.0000000000,0.4993975470
0.0000000000,0.3807037489
0.0000000000,0.1038687574
0.0000000000,-0.2161124581
0.0000000000,-0.4463223432
0.0000000000,-0.4911336128
0.0000000000,-0.3319320355
0.0000000000,-0.0348486318
0.0000000000,0.2767106058
0.0000000000,0.4733265428
0.0000000000,0.4733265428
0.0000000000,0.2767106058
0.0000000000,-0.0348486318
0.0000000000,-0.3319320355
0.0000000000,-0.4911336128
0.0000000000,-0.4463223433
0.0000000000,-0.2161124581
0.0000000000,0.1038687574
0.0000000000,0.3807037489
0.0000000000,0.4993975470
0.0000000000,0.4106457282
0.0000000000,0.1513150651
0.0000000000,-0.1708706264
0.0000000000,-0.4220780708
0.0000000000,-0.4979577702
0.0000000000,-0.3669899241
0.0000000000,-0.0835774942
0.0000000000,0.2345523366
0.0000000000,0.4552510638
0.0000000000,0.4868422586
0.0000000000,0.3162031997
0.0000000000,0.0142159429
0.0000000000,-0.2936764992
0.0000000000,-0.4795781488
0.0000000000,-0.4662669958
0.0000000000,-0.2592723833
0.0000000000,0.0554218361
0.0000000000,0.3470942825
0.0000000000,0.4945866303
0.0000000000,0.4366317762
0.0000000000,0.1973036882
0.0000000000,-0.1239827226
0.0000000000,-0.3937677343
0.0000000000,-0.4999848809
0.0000000000,-0.3985124370
0.0000000000,-0.1315012178
0.0000000000,0.1901345213
0.0000000000,0.4327899505
0.0000000000,0.4956680083
0.0000000000,0.3526496688
0.0000000000,0.0631435691
0.0000000000,-0.2525918477
0.0000000000,-0.4634026970
0.0000000000,-0.4817198927
0.0000000000,-0.2999346232
0.0000000000,0.0064410119
0.0000000000,0.3101411038
0.0000000000,0.4850111424
0.0000000000,0.4584115578
0.0000000000,0.2413915978
0.0000000000,-0.0759004386
0.0000000000,-0.3616640595
0.0000000000,-0.4971954168
0.0000000000,-0.4261959039
0.0000000000,-0.1781581322
0.0000000000,0.1438850564
0.0000000000,0.4061595808
0.0000000000,0.4997187695
0.0000000000,0.3856989081
0.0000000000,0.1114629055
0.0000000000,-0.2090738676
0.0000000000,-0.4427630827
0.0000000000,-0.4925321696
0.0000000000,-0.3377074607
0.0000000000,-0.0426018615
0.0000000000,0.2702001992
0.0000000000,0.4707633285
0.0000000000,-0.3056267931
0.0000000000,-0.0285990095
0.0000000000,0.2584326158
0.0000000000,0.4550653421
0.0000000000,0.4925176735
0.0000000000,0.3576889047
0.0000000000,0.0977417060
0.0000000000,-0.1963952276
0.0000000000,-0.4218337414
0.0000000000,-0.4997161674
0.0000000000,-0.4027994832
0.0000000000,-0.1649848336
0.0000000000,0.1305409809
0.0000000000,0.3804039795
0.0000000000,0.4972028880
0.0000000000,0.4400818233
0.0000000000,0.2290215504
0.0000000000,-0.0621497252
0.0000000000,-0.3315812265
0.0000000000,-0.4850266799
0.0000000000,-0.4688113586
0.0000000000,-0.2886073299
0.0000000000,-0.0074493842
0.0000000000,0.2763143321
0.0000000000,0.4634241826
0.0000000000,0.4884297426
0.0000000000,0.3425841475
0.0000000000,0.0769037180
0.0000000000,-0.2156773850
0.0000000000,-0.4328152315
0.0000000000,-0.4985557003
0.0000000000,-0.3899029865
0.0000000000,-0.1448634604
0.0000000000,0.1508488388
0.0000000000,0.3937946988
0.0000000000,0.4989924380
0.0000000000,0.4296442252
0.0000000000,0.2100078425
0.0000000000,-0.0830886089
0.0000000000,-0.3471209319
0.0000000000,-0.4897314678
0.0000000000,-0.4610355094
0.0000000000,-0.2710708106
0.0000000000,0.0137135870
0.0000000000,0.2937010159
0.0000000000,0.4709527728
0.0000000000,0.4834667626
0.0000000000,0.3268656317
0.0000000000,0.0559279528
0.0000000000,-0.2345731444
0.0000000000,-0.4430213091
0.0000000000,-0.4965020429
0.0000000000,-0.3763079570
0.0000000000,-0.1244825564
0.0000000000,0.1708864426
0.0000000000,0.4064799129
0.0000000000,0.4998880152
0.0000000000,0.4184368955
0.0000000000,0.1906178939
0.0000000000,-0.1038786348
0.0000000000,-0.3620387507
0.0000000000,-0.4935588745
0.0000000000,-0.4524336893
0.0000000000,-0.2530486529
0.0000000000,0.0348519895
0.0000000000,0.3105615179
0.0000000000,0.4776376249
0.0000000000,0.4776376249
0.0000000000,0.3105615179
0.0000000000,0.0348519895
0.0000000000,-0.2530486529
0.0000000000,-0.4524336893
0.0000000000,-0.4935588745
0.0000000000,-0.3620387507
0.0000000000,-0.1038786348
0.0000000000,0.1906178939
0.0000000000,0.4184368955
0.0000000000,0.4998880152
0.0000000000,0.4064799129
0.0000000000,0.1708864426
0.0000000000,-0.1244825563
0.0000000000,-0.3763079570
0.0000000000,-0.4965020429
0.0000000000,-0.4430213091
0.0000000000,-0.2345731444
0.0000000000,0.0559279528
0.0000000000,0.3268656317
0.0000000000,0.4834667626
0.0000000000,0.4709527728
0.0000000000,0.2937010159
0.0000000000,0.0137135870
0.0000000000,-0.2710708106
0.0000000000,-0.4610355094
0.0000000000,-0.4897314678
0.0000000000,-0.3471209319
0.0000000000,-0.0830886089
0.0000000000,0.2100078425
0.0000000000,0.4296442252
0.0000000000,0.4989924380
0.0000000000,0.3937946988
0.0000000000,0.1508488388
0.0000000000,-0.1448634604
0.0000000000,-0.3899029865
0.0000000000,-0.4985557003
0.0000000000,-0.4328152315
0.0000000000,-0.2156773850
0.0000000000,0.0769037180
0.0000000000,0.3425841475
0.0000000000,0.4884297426
0.0000000000,0.4634241826
0.0000000000,0.2763143321
0.0000000000,-0.0074493842
0.0000000000,-0.2886073299
0.0000000000,-0.4688113586
0.0000000000,-0.4850266799
0.0000000000,-0.3315812265
0.0000000000,-0.0621497252
0.0000000000,0.2290215504
0.0000000000,0.4400818233
0.0000000000,0.4972028880
0.0000000000,0.3804039795
0.0000000000,0.1305409809
0.0000000000,-0.1649848336
0.0000000000,-0.4027994831
0.0000000000,-0.4997161674
0.0000000000,-0.4218337414
0.0000000000,-0.1963952276
0.0000000000,0.0977417060
0.0000000000,0.3576889047
0.0000000000,0.4925176735
0.0000000000,0.4550653421
0.0000000000,0.2584326158
0.0000000000,-0.0285990095
0.0000000000,-0.3056267931
0.0000000000,0.0508898180
0.0000000000,-0.2142626237
0.0000000000,-0.4173742964
0.0000000000,-0.4996332426
0.0000000000,-0.4372209904
0.0000000000,-0.2482093062
0.0000000000,0.0126725713
0.0000000000,0.2698850451
0.0000000000,0.4489510115
0.0000000000,0.4980210622
0.0000000000,0.4028867291
0.0000000000,0.1910946139
0.0000000000,-0.0760298620
0.0000000000,-0.3211395272
0.0000000000,-0.4732617042
0.0000000000,-0.4883486880
0.0000000000,-0.3620319702
0.0000000000,-0.1308871615
0.0000000000,0.1381566518
0.0000000000,0.3671965448
0.0000000000,0.4899129196
0.0000000000,0.4707726620
0.0000000000,0.3153179254
0.0000000000,0.0685613732
0.0000000000,-0.1980474529
0.0000000000,-0.4073106905
0.0000000000,-0.4986351668
0.0000000000,-0.4455774423
0.0000000000,-0.2635006353
0.0000000000,-0.0051259573
0.0000000000,0.2547329663
0.0000000000,0.4408327393
0.0000000000,0.4992872813
0.0000000000,0.4131707997
0.0000000000,0.2074187340
0.0000000000,-0.0583924195
0.0000000000,-0.3072957683
0.0000000000,-0.4672201555
0.0000000000,-0.4918587090
0.0000000000,-0.3740772175
0.0000000000,-0.1479798760
0.0000000000,0.1209657474
0.0000000000,0.3548851592
0.0000000000,0.4860458734
0.0000000000,0.4764696771
0.0000000000,0.3289294036
0.0000000000,0.0861460459
0.0000000000,-0.1815813119
0.0000000000,-0.3967309313
0.0000000000,-0.4970052093
0.0000000000,-0.4533692485
0.0000000000,-0.2784580504
0.0000000000,-0.0229179901
0.0000000000,0.2392580840
0.0000000000,0.4321558339
0.0000000000,0.4999207923
0.0000000000,0.4229312909
0.0000000000,0.2234800085
0.0000000000,-0.0406809807
0.0000000000,-0.2930625971
0.0000000000,-0.4605865349
0.0000000000,-0.4947454354
0.0000000000,-0.3856484256
0.0000000000,-0.1648850670
0.0000000000,0.1036215524
0.0000000000,0.3421240551
0.0000000000,0.4815628990
0.0000000000,0.4815628990
0.0000000000,0.3421240551
0.0000000000,0.1036215524
0.0000000000,-0.1648850670
0.0000000000,-0.3856484256
0.0000000000,-0.4947454354
0.0000000000,-0.4605865349
0.0000000000,-0.2930625971
0.0000000000,-0.0406809807
0.0000000000,0.2234800085
0.0000000000,0.4229312909
0.0000000000,0.4999207923
0.0000000000,0.4321558339
0.0000000000,0.2392580840
0.0000000000,-0.0229179901
0.0000000000,-0.2784580504
0.0000000000,-0.4533692485
0.0000000000,-0.4970052093
0.0000000000,-0.3967309313
0.0000000000,-0.1815813120
0.0000000000,0.0861460459
0.0000000000,0.3289294036
0.0000000000,0.4764696771
0.0000000000,0.4860458734
0.0000000000,0.3548851592
0.0000000000,0.1209657474
0.0000000000,-0.1479798760
0.0000000000,-0.3740772175
0.0000000000,-0.4918587090
0.0000000000,-0.4672201555
0.0000000000,-0.3072957683
0.0000000000,-0.0583924195
0.0000000000,0.2074187340
0.0000000000,0.4131707997
0.0000000000,0.4992872813
0.0000000000,0.4408327393
0.0000000000,0.2547329663
0.0000000000,-0.0051259572
0.0000000000,-0.2635006353
0.0000000000,-0.4455774423
0.0000000000,-0.4986351668
0.0000000000,-0.4073106905
0.0000000000,-0.1980474529
0.0000000000,0.0685613732
0.0000000000,0.3153179254
0.0000000000,0.4707726620
0.0000000000,0.4899129196
0.0000000000,0.3671965448
0.0000000000,0.1381566518
0.0000000000,-0.1308871615
0.0000000000,-0.3620319702
0.0000000000,-0.4883486880
0.0000000000,-0.4732617042
0.0000000000,-0.3211395273
0.0000000000,-0.0760298620
0.0000000000,0.1910946139
0.0000000000,0.4028867291
0.0000000000,0.4980210622
0.0000000000,0.4489510115
0.0000000000,0.2698850451
0.0000000000,0.0126725713
0.0000000000,-0.2482093062
0.0000000000,-0.4372209903
0.0000000000,-0.4996332426
0.0000000000,-0.4173742964
0.0000000000,-0.2142626237
0.0000000000,0.0508898180
0.0000000000,0.1853344383
0.0000000000,0.3821837575
0.0000000000,0.4889731243
0.0000000000,0.4805380854
0.0000000000,0.3588663214
0.0000000000,0.1526292581
0.0000000000,-0.0895742310
0.0000000000,-0.3106699392
0.0000000000,-0.4585576175
0.0000000000,-0.4983881730
0.0000000000,-0.4207757073
0.0000000000,-0.2440092628
0.0000000000,-0.0097430890
0.0000000000,0.2268190017
0.0000000000,0.4099321739
0.0000000000,0.4964465991
0.0000000000,0.4659755266
0.0000000000,0.3256993331
0.0000000000,0.1086734979
0.0000000000,-0.1339607780
0.0000000000,-0.3450277748
0.0000000000,-0.4747904661
0.0000000000,-0.4926708339
0.0000000000,-0.3944554468
0.0000000000,-0.2032883366
0.0000000000,0.0357827924
0.0000000000,0.2664218609
0.0000000000,0.4342797681
0.0000000000,0.4998015229
0.0000000000,0.4475472067
0.0000000000,0.2898303234
0.0000000000,0.0638161757
0.0000000000,-0.1772359782
0.0000000000,-0.3765232391
0.0000000000,-0.4870844243
0.0000000000,-0.4828662678
0.0000000000,-0.3648627600
0.0000000000,-0.1608809181
0.0000000000,0.0810118176
0.0000000000,0.3038144682
0.0000000000,0.4550245511
0.0000000000,0.4990100630
0.0000000000,0.4254060080
0.0000000000,0.2515568638
0.0000000000,0.0184294308
0.0000000000,-0.2190408181
0.0000000000,-0.4048950439
0.0000000000,-0.4953375006
0.0000000000,-0.4690558139
0.0000000000,-0.3322431497
0.0000000000,-0.1171388217
0.0000000000,0.1255687639
0.0000000000,0.3386866124
0.0000000000,0.4719944229
0.0000000000,0.4940787855
0.0000000000,0.3997356154
0.0000000000,0.2111964733
0.0000000000,-0.0271102059
0.0000000000,-0.2590284821
0.0000000000,-0.4299078149
0.0000000000,-0.4994812271
0.0000000000,-0.4513540446
0.0000000000,-0.2968672302
0.0000000000,-0.0724249346
0.0000000000,0.1690839841
0.0000000000,0.3707489919
0.0000000000,0.4850486005
0.0000000000,0.4850486005
0.0000000000,0.3707489919
0.0000000000,0.1690839841
0.0000000000,-0.0724249346
0.0000000000,-0.2968672302
0.0000000000,-0.4513540446
0.0000000000,-0.4994812271
0.0000000000,-0.4299078149
0.0000000000,-0.2590284821
0.0000000000,-0.0271102059
0.0000000000,0.2111964733
0.0000000000,0.3997356154
0.0000000000,0.4940787855
0.0000000000,0.4719944229
0.0000000000,0.3386866124
0.0000000000,0.1255687639
0.0000000000,-0.1171388217
0.0000000000,-0.3322431497
0.0000000000,-0.4690558139
0.0000000000,-0.4953375006
0.0000000000,-0.4048950439
0.0000000000,-0.2190408181
0.0000000000,0.0184294307
0.0000000000,0.2515568638
0.0000000000,0.4254060080
0.0000000000,0.4990100630
0.0000000000,0.4550245511
0.0000000000,0.3038144682
0.0000000000,0.0810118176
0.0000000000,-0.1608809181
0.0000000000,-0.3648627600
0.0000000000,-0.4828662678
0.0000000000,-0.4870844243
0.0000000000,-0.3765232391
0.0000000000,-0.1772359782
0.0000000000,0.0638161757
0.0000000000,0.2898303234
0.0000000000,0.4475472067
0.0000000000,0.4998015229
0.0000000000,0.4342797681
0.0000000000,0.2664218609
0.0000000000,0.0357827924
0.0000000000,-0.2032883366
0.0000000000,-0.3944554468
0.0000000000,-0.4926708339
0.0000000000,-0.4747904661
0.0000000000,-0.3450277748
0.0000000000,-0.1339607780
0.0000000000,0.1086734978
0.0000000000,0.3256993331
0.0000000000,0.4659755266
0.0000000000,0.4964465991
0.0000000000,0.4099321739
0.0000000000,0.2268190017
0.0000000000,-0.0097430890
0.0000000000,-0.2440092628
0.0000000000,-0.4207757073
0.0000000000,-0.4983881730
0.0000000000,-0.4585576175
0.0000000000,-0.3106699392
0.0000000000,-0.0895742310
0.0000000000,0.1526292581
0.0000000000,0.3588663214
0.0000000000,0.4805380854
0.0000000000,0.4889731243
0.0000000000,0.3821837575
0.0000000000,0.1853344383
0.0000000000,-0.3341639477
0.0000000000,-0.4603266541
0.0000000000,-0.4996624628
0.0000000000,-0.4447518466
0.0000000000,-0.3059520559
0.0000000000,-0.1094435325
0.0000000000,0.1077082500
0.0000000000,0.3045440827
0.0000000000,0.4439367549
0.0000000000,0.4995939953
0.0000000000,0.4610177251
0.0000000000,0.3354842074
0.0000000000,0.1466715973
0.0000000000,-0.0698062363
0.0000000000,-0.2731172049
0.0000000000,-0.4249127564
0.0000000000,-0.4965611862
0.0000000000,-0.4745481544
0.0000000000,-0.3630257630
0.0000000000,-0.1830293860
0.0000000000,0.0314900273
0.0000000000,0.2400697859
0.0000000000,0.4033675376
0.0000000000,0.4905820307
0.0000000000,0.4852628516
0.0000000000,0.3884133048
0.0000000000,0.2183011696
0.0000000000,0.0070130278
0.0000000000,-0.2055979125
0.0000000000,-0.3794289371
0.0000000000,-0.4816920062
0.0000000000,-0.4930982412
0.0000000000,-0.4114961958
0.0000000000,-0.2522776629
0.0000000000,-0.0454744711
0.0000000000,0.1699061237
0.0000000000,0.3532389944
0.0000000000,0.4699438615
0.0000000000,0.4980078317
0.0000000000,0.4321374736
0.0000000000,0.2847572664
0.0000000000,0.0836660916
0.0000000000,-0.1332061967
0.0000000000,-0.3249531078
0.0000000000,-0.4554073044
0.0000000000,-0.4999624921
0.0000000000,-0.4502146632
0.0000000000,-0.3155472624
0.0000000000,-0.1213612793
0.0000000000,0.0957158905
0.0000000000,0.2947391115
0.0000000000,0.4381685875
0.0000000000,0.4989506245
0.0000000000,0.4656205036
0.0000000000,0.3444649583
0.0000000000,0.1583363696
0.0000000000,-0.0576576540
0.0000000000,-0.2627762804
0.0000000000,-0.4183299968
0.0000000000,-0.4949782328
0.0000000000,-0.4782635841
0.0000000000,-0.3713387709
0.0000000000,-0.1943719709
0.0000000000,0.0192573058
0.0000000000,0.2292542659
0.0000000000,0.3960092445
0.0000000000,0.4880688871
0.0000000000,0.4880688871
0.0000000000,0.3960092445
0.0000000000,0.2292542659
0.0000000000,0.0192573058
0.0000000000,-0.1943719709
0.0000000000,-0.3713387709
0.0000000000,-0.4782635841
0.0000000000,-0.4949782328
0.0000000000,-0.4183299968
0.0000000000,-0.2627762804
0.0000000000,-0.0576576540
0.0000000000,0.1583363696
0.0000000000,0.3444649583
0.0000000000,0.4656205036
0.0000000000,0.4989506245
0.0000000000,0.4381685875
0.0000000000,0.2947391115
0.0000000000,0.0957158905
0.0000000000,-0.1213612793
0.0000000000,-0.3155472624
0.0000000000,-0.4502146632
0.0000000000,-0.4999624921
0.0000000000,-0.4554073044
0.0000000000,-0.3249531078
0.0000000000,-0.1332061967
0.0000000000,0.0836660916
0.0000000000,0.2847572664
0.0000000000,0.4321374736
0.0000000000,0.4980078317
0.0000000000,0.4699438615
0.0000000000,0.3532389944
0.0000000000,0.1699061237
0.0000000000,-0.0454744711
0.0000000000,-0.2522776629
0.0000000000,-0.4114961958
0.0000000000,-0.4930982412
0.0000000000,-0.4816920062
0.0000000000,-0.3794289371
0.0000000000,-0.2055979125
0.0000000000,0.0070130278
0.0000000000,0.2183011696
0.0000000000,0.3884133048
0.0000000000,0.4852628516
0.0000000000,0.4905820307
0.0000000000,0.4033675376
0.0000000000,0.2400697859
0.0000000000,0.0314900273
0.0000000000,-0.1830293860
0.0000000000,-0.3630257630
0.0000000000,-0.4745481544
0.0000000000,-0.4965611862
0.0000000000,-0.4249127564
0.0000000000,-0.2731172049
0.0000000000,-0.0698062363
0.0000000000,0.1466715973
0.0000000000,0.3354842074
0.0000000000,0.4610177251
0.0000000000,0.4995939953
0.0000000000,0.4439367549
0.0000000000,0.3045440827
0.0000000000,0.1077082500
0.0000000000,-0.1094435325
0.0000000000,-0.3059520559
0.0000000000,-0.4447518466
0.0000000000,-0.4996624628
0.0000000000,-0.4603266541
0.0000000000,-0.3341639477
0.0000000000,0.3939028539
0.0000000000,0.4811250856
0.0000000000,0.4968521447
0.0000000000,0.4387469908
0.0000000000,0.3154440479
0.0000000000,0.1452661294
0.0000000000,-0.0464983313
0.0000000000,-0.2313531414
0.0000000000,-0.3818288821
0.0000000000,-0.4755648629
0.0000000000,-0.4986319200
0.0000000000,-0.4476022896
0.0000000000,-0.3300589731
0.0000000000,-0.1634689036
0.0000000000,0.0274126399
0.0000000000,0.2142206659
0.0000000000,0.3691955077
0.0000000000,0.4693079087
0.0000000000,0.4996811693
0.0000000000,0.4558018239
0.0000000000,0.3441903418
0.0000000000,0.1814321858
0.0000000000,-0.0082867873
0.0000000000,-0.1967743441
0.0000000000,-0.3560212395
0.0000000000,-0.4623633900
0.0000000000,-0.4999983553
0.0000000000,-0.4633335808
0.0000000000,-0.3578174508
0.0000000000,-0.1991296589
0.0000000000,-0.0108512060
0.0000000000,0.1790397358
0.0000000000,0.3423253786
0.0000000000,0.4547414808
0.0000000000,0.4995830134
0.0000000000,0.4701865259
0.0000000000,0.3709203355
0.0000000000,0.2165353949
0.0000000000,0.0299733015
0.0000000000,-0.1610428235
0.0000000000,-0.3281279901
0.0000000000,-0.4464533477
0.0000000000,-0.4984357519
0.0000000000,-0.4763506191
0.0000000000,-0.3834797993
0.0000000000,-0.2336238934
0.0000000000,-0.0490514844
0.0000000000,0.1428099737
0.0000000000,0.3134498742
0.0000000000,0.4375111333
0.0000000000,0.4965582518
0.0000000000,0.4818168297
0.0000000000,0.3954774419
0.0000000000,0.2503701187
0.0000000000,0.0680578038
0.0000000000,-0.1243678986
0.0000000000,-0.2983125352
0.0000000000,-0.4279279385
0.0000000000,-0.4939532636
0.0000000000,-0.4865771494
0.0000000000,-0.4068956860
0.0000000000,-0.2667495366
0.0000000000,-0.0869644145
0.0000000000,0.1057436169
0.0000000000,0.2827381502
0.0000000000,0.4177178033
0.0000000000,0.4906246039
0.0000000000,0.4906246039
0.0000000000,0.4177178033
0.0000000000,0.2827381502
0.0000000000,0.1057436169
0.0000000000,-0.0869644145
0.0000000000,-0.2667495366
0.0000000000,-0.4068956860
0.0000000000,-0.4865771494
0.0000000000,-0.4939532636
0.0000000000,-0.4279279385
0.0000000000,-0.2983125352
0.0000000000,-0.1243678986
0.0000000000,0.0680578038
0.0000000000,0.2503701187
0.0000000000,0.3954774419
0.0000000000,0.4818168297
0.0000000000,0.4965582518
0.0000000000,0.4375111333
0.0000000000,0.3134498742
0.0000000000,0.1428099737
0.0000000000,-0.0490514844
0.0000000000,-0.2336238934
0.0000000000,-0.3834797993
0.0000000000,-0.4763506191
0.0000000000,-0.4984357519
0.0000000000,-0.4464533477
0.0000000000,-0.3281279901
0.0000000000,-0.1610428235
0.0000000000,0.0299733015
0.0000000000,0.2165353949
0.0000000000,0.3709203355
0.0000000000,0.4701865259
0.0000000000,0.4995830134
0.0000000000,0.4547414808
0.0000000000,0.3423253786
0.0000000000,0.1790397359
0.0000000000,-0.0108512060
0.0000000000,-0.1991296589
0.0000000000,-0.3578174508
0.0000000000,-0.4633335808
0.0000000000,-0.4999983553
0.0000000000,-0.4623633900
0.0000000000,-0.3560212395
0.0000000000,-0.1967743441
0.0000000000,-0.0082867873
0.0000000000,0.1814321858
0.0000000000,0.3441903418
0.0000000000,0.4558018239
0.0000000000,0.4996811693
0.0000000000,0.4693079087
0.0000000000,0.3691955077
0.0000000000,0.2142206659
0.0000000000,0.0274126399
0.0000000000,-0.1634689036
0.0000000000,-0.3300589731
0.0000000000,-0.4476022896
0.0000000000,-0.4986319200
0.0000000000,-0.4755648629
0.0000000000,-0.3818288821
0.0000000000,-0.2313531414
0.0000000000,-0.0464983313
0.0000000000,0.1452661294
0.0000000000,0.3154440479
0.0000000000,0.4387469908
0.0000000000,0.4968521447
0.0000000000,0.4811250856
0.0000000000,0.3939028539
0.0000000000,-0.3815982111
0.0000000000,-0.4677204212
0.0000000000,-0.4998996677
0.0000000000,-0.4744246652
0.0000000000,-0.3942334876
0.0000000000,-0.2685747150
0.0000000000,-0.1119407798
0.0000000000,0.0576034692
0.0000000000,0.2205042155
0.0000000000,0.3579738489
0.0000000000,0.4541577709
0.0000000000,0.4979629320
0.0000000000,0.4843372110
0.0000000000,0.4148520848
0.0000000000,0.2975213869
0.0000000000,0.1458770593
0.0000000000,-0.0225915090
0.0000000000,-0.1884545614
0.0000000000,-0.3325828401
0.0000000000,-0.4383537941
0.0000000000,-0.4935686857
0.0000000000,-0.4918594909
0.0000000000,-0.4334233340
0.0000000000,-0.3249997528
0.0000000000,-0.1790934168
0.0000000000,-0.0125319432
0.0000000000,0.1554748600
0.0000000000,0.3055504925
0.0000000000,0.4203864853
0.0000000000,0.4867386149
0.0000000000,0.4969543815
0.0000000000,0.4498555837
0.0000000000,0.3508742034
0.0000000000,0.2114259254
0.0000000000,0.0475935486
0.0000000000,-0.1217278703
0.0000000000,-0.2770102142
0.0000000000,-0.4003445156
0.0000000000,-0.4775064270
0.0000000000,-0.4995967387
0.0000000000,-0.4640677388
0.0000000000,-0.3750170451
0.0000000000,-0.2427150202
0.0000000000,-0.0824202737
0.0000000000,0.0873801381
0.0000000000,0.2471028552
0.0000000000,0.3783267946
0.0000000000,0.4659176840
0.0000000000,0.4997735224
0.0000000000,0.4759896603
0.0000000000,0.3973091298
0.0000000000,0.2728062853
0.0000000000,0.1168402444
0.0000000000,-0.0526011737
0.0000000000,-0.2159760121
0.0000000000,-0.3544419826
0.0000000000,-0.4520295777
0.0000000000,-0.4974838599
0.0000000000,-0.4855625122
0.0000000000,-0.4176404432
0.0000000000,-0.3015512166
0.0000000000,-0.1506835935
0.0000000000,0.0175626158
0.0000000000,0.1837832998
0.0000000000,0.3288079542
0.0000000000,0.4359106478
0.0000000000,0.4927390511
0.0000000000,0.4927390511
0.0000000000,0.4359106478
0.0000000000,0.3288079542
0.0000000000,0.1837832998
0.0000000000,0.0175626158
0.0000000000,-0.1506835935
0.0000000000,-0.3015512166
0.0000000000,-0.4176404432
0.0000000000,-0.4855625122
0.0000000000,-0.4974838599
0.0000000000,-0.4520295777
0.0000000000,-0.3544419826
0.0000000000,-0.2159760121
0.0000000000,-0.0526011737
0.0000000000,0.1168402444
0.0000000000,0.2728062853
0.0000000000,0.3973091298
0.0000000000,0.4759896603
0.0000000000,0.4997735224
0.0000000000,0.4659176840
0.0000000000,0.3783267946
0.0000000000,0.2471028552
0.0000000000,0.0873801381
0.0000000000,-0.0824202737
0.0000000000,-0.2427150202
0.0000000000,-0.3750170451
0.0000000000,-0.4640677388
0.0000000000,-0.4995967387
0.0000000000,-0.4775064270
0.0000000000,-0.4003445156
0.0000000000,-0.2770102142
0.0000000000,-0.1217278703
0.0000000000,0.0475935486
0.0000000000,0.2114259254
0.0000000000,0.3508742034
0.0000000000,0.4498555837
0.0000000000,0.4969543815
0.0000000000,0.4867386149
0.0000000000,0.4203864853
0.0000000000,0.3055504925
0.0000000000,0.1554748600
0.0000000000,-0.0125319432
0.0000000000,-0.1790934168
0.0000000000,-0.3249997528
0.0000000000,-0.4334233340
0.0000000000,-0.4918594909
0.0000000000,-0.4935686857
0.0000000000,-0.4383537941
0.0000000000,-0.3325828401
0.0000000000,-0.1884545614
0.0000000000,-0.0225915090
0.0000000000,0.1458770593
0.0000000000,0.2975213869
0.0000000000,0.4148520848
0.0000000000,0.4843372110
0.0000000000,0.4979629320
0.0000000000,0.4541577709
0.0000000000,0.3579738489
0.0000000000,0.2205042155
0.0000000000,0.0576034692
0.0000000000,-0.1119407798
0.0000000000,-0.2685747150
0.0000000000,-0.3942334876
0.0000000000,-0.4744246652
0.0000000000,-0.4998996677
0.0000000000,-0.4677204212
0.0000000000,-0.3815982111
0.0000000000,0.2777161873
0.0000000000,0.3876217252
0.0000000000,0.4633093436
0.0000000000,0.4980975984
0.0000000000,0.4889155016
0.0000000000,0.4365736173
0.0000000000,0.3456925079
0.0000000000,0.2242948467
0.0000000000,0.0830972040
0.0000000000,-0.0654359755
0.0000000000,-0.2081926911
0.0000000000,-0.3325708682
0.0000000000,-0.4275908271
0.0000000000,-0.4848645309
0.0000000000,-0.4993360530
0.0000000000,-0.4697278969
0.0000000000,-0.3986537694
0.0000000000,-0.2923878512
0.0000000000,-0.1603109340
0.0000000000,-0.0140823161
0.0000000000,0.1333894405
0.0000000000,0.2690860337
0.0000000000,0.3810286326
0.0000000000,0.4593353276
0.0000000000,0.4970934716
0.0000000000,0.4909699049
0.0000000000,0.4415051949
0.0000000000,0.3530659171
0.0000000000,0.2334591881
0.0000000000,0.0932434810
0.0000000000,-0.0552034417
0.0000000000,-0.1987771934
0.0000000000,-0.3248035746
0.0000000000,-0.4221574077
0.0000000000,-0.4822446293
0.0000000000,-0.4997609452
0.0000000000,-0.4731600749
0.0000000000,-0.4047902522
0.0000000000,-0.3006869312
0.0000000000,-0.1700399967
0.0000000000,-0.0243825132
0.0000000000,0.1234273752
0.0000000000,0.2603415172
0.0000000000,0.3742736009
0.0000000000,0.4551660918
0.0000000000,0.4958780776
0.0000000000,0.4928156434
0.0000000000,0.4462491306
0.0000000000,0.3602892714
0.0000000000,0.2425243082
0.0000000000,0.1033501289
0.0000000000,-0.0449474461
0.0000000000,-0.1892772144
0.0000000000,-0.3168982378
0.0000000000,-0.4165445692
0.0000000000,-0.4794197713
0.0000000000,-0.4999734365
0.0000000000,-0.4763911574
0.0000000000,-0.4107546971
0.0000000000,-0.3088582177
0.0000000000,-0.1796967916
0.0000000000,-0.0346723476
0.0000000000,0.1134128526
0.0000000000,0.2514863542
0.0000000000,0.3673595010
0.0000000000,0.4508034081
0.0000000000,0.4944519328
0.0000000000,0.4944519328
0.0000000000,0.4508034081
0.0000000000,0.3673595010
0.0000000000,0.2514863542
0.0000000000,0.1134128526
0.0000000000,-0.0346723476
0.0000000000,-0.1796967916
0.0000000000,-0.3088582177
0.0000000000,-0.4107546971
0.0000000000,-0.4763911574
0.0000000000,-0.4999734365
0.0000000000,-0.4794197713
0.0000000000,-0.4165445692
0.0000000000,-0.3168982378
0.0000000000,-0.1892772144
0.0000000000,-0.0449474461
0.0000000000,0.1033501289
0.0000000000,0.2425243082
0.0000000000,0.3602892714
0.0000000000,0.4462491306
0.0000000000,0.4928156434
0.0000000000,0.4958780776
0.0000000000,0.4551660918
0.0000000000,0.3742736009
0.0000000000,0.2603415172
0.0000000000,0.1234273752
0.0000000000,-0.0243825132
0.0000000000,-0.1700399967
0.0000000000,-0.3006869312
0.0000000000,-0.4047902522
0.0000000000,-0.4731600749
0.0000000000,-0.4997609452
0.0000000000,-0.4822446293
0.0000000000,-0.4221574077
0.0000000000,-0.3248035746
0.0000000000,-0.1987771934
0.0000000000,-0.0552034417
0.0000000000,0.0932434809
0.0000000000,0.2334591881
0.0000000000,0.3530659171
0.0000000000,0.4415051949
0.0000000000,0.4909699049
0.0000000000,0.4970934716
0.0000000000,0.4593353276
0.0000000000,0.3810286326
0.0000000000,0.2690860338
0.0000000000,0.1333894405
0.0000000000,-0.0140823160
0.0000000000,-0.1603109340
0.0000000000,-0.2923878512
0.0000000000,-0.3986537694
0.0000000000,-0.4697278969
0.0000000000,-0.4993360530
0.0000000000,-0.4848645309
0.0000000000,-0.4275908271
0.0000000000,-0.3325708682
0.0000000000,-0.2081926911
0.0000000000,-0.0654359756
0.0000000000,0.0830972040
0.0000000000,0.2242948467
0.0000000000,0.3456925079
0.0000000000,0.4365736173
0.0000000000,0.4889155016
0.0000000000,0.4980975984
0.0000000000,0.4633093436
0.0000000000,0.3876217252
0.0000000000,0.2777161873
0.0000000000,-0.0270935324
0.0000000000,-0.1540662278
0.0000000000,-0.2707604092
0.0000000000,-0.3693908354
0.0000000000,-0.4433773866
0.0000000000,-0.4877840571
0.0000000000,-0.4996482600
0.0000000000,-0.4781784761
0.0000000000,-0.4248070600
0.0000000000,-0.3430946808
0.0000000000,-0.2384927722
0.0000000000,-0.1179798406
0.0000000000,0.0104041049
0.0000000000,0.1380939416
0.0000000000,0.2565708539
0.0000000000,0.3579306658
0.0000000000,0.4354111669
0.0000000000,0.4838432529
0.0000000000,0.4999957816
0.0000000000,0.4827911387
0.0000000000,0.4333771302
0.0000000000,0.3550504072
0.0000000000,0.2530365296
0.0000000000,0.1341413437
0.0000000000,0.0062969306
0.0000000000,-0.1219675817
0.0000000000,-0.2420950381
0.0000000000,-0.3460711468
0.0000000000,-0.4269591515
0.0000000000,-0.4793626164
0.0000000000,-0.4997854493
0.0000000000,-0.4868651429
0.0000000000,-0.4414636741
0.0000000000,-0.3666099978
0.0000000000,-0.2672979698
0.0000000000,-0.1501531829
0.0000000000,-0.0229909405
0.0000000000,0.1057051404
0.0000000000,0.2273491127
0.0000000000,0.3338255103
0.0000000000,0.4180307704
0.0000000000,0.4743471468
0.0000000000,0.4990174978
0.0000000000,0.4903959433
0.0000000000,0.4490576694
0.0000000000,0.3777605552
0.0000000000,0.2812611811
0.0000000000,0.1659974937
0.0000000000,0.0396592990
0.0000000000,-0.0893247621
0.0000000000,-0.2123495300
0.0000000000,-0.3212074190
0.0000000000,-0.4086359852
0.0000000000,-0.4688024399
0.0000000000,-0.4976927839
0.0000000000,-0.4933796005
0.0000000000,-0.4561506433
0.0000000000,-0.3884896388
0.0000000000,-0.2949105845
0.0000000000,-0.1816565982
0.0000000000,-0.0562834090
0.0000000000,0.0728447226
0.0000000000,0.1971130253
0.0000000000,0.3082309510
0.0000000000,0.3987852778
0.0000000000,0.4627346821
0.0000000000,0.4958127856
0.0000000000,0.4958127856
0.0000000000,0.4627346821
0.0000000000,0.3987852778
0.0000000000,0.3082309510
0.0000000000,0.1971130253
0.0000000000,0.0728447226
0.0000000000,-0.0562834090
0.0000000000,-0.1816565982
0.0000000000,-0.2949105845
0.0000000000,-0.3884896388
0.0000000000,-0.4561506433
0.0000000000,-0.4933796005
0.0000000000,-0.4976927839
0.0000000000,-0.4688024399
0.0000000000,-0.4086359852
0.0000000000,-0.3212074190
0.0000000000,-0.2123495300
0.0000000000,-0.0893247621
0.0000000000,0.0396592990
0.0000000000,0.1659974937
0.0000000000,0.2812611811
0.0000000000,0.3777605552
0.0000000000,0.4490576694
0.0000000000,0.4903959433
0.0000000000,0.4990174978
0.0000000000,0.4743471468
0.0000000000,0.4180307704
0.0000000000,0.3338255104
0.0000000000,0.2273491127
0.0000000000,0.1057051404
0.0000000000,-0.0229909405
0.0000000000,-0.1501531829
0.0000000000,-0.2672979698
0.0000000000,-0.3666099978
0.0000000000,-0.4414636741
0.0000000000,-0.4868651429
0.0000000000,-0.4997854493
0.0000000000,-0.4793626164
0.0000000000,-0.4269591515
0.0000000000,-0.3460711468
0.0000000000,-0.2420950381
0.0000000000,-0.1219675817
0.0000000000,0.0062969306
0.0000000000,0.1341413437
0.0000000000,0.2530365296
0.0000000000,0.3550504072
0.0000000000,0.4333771302
0.0000000000,0.4827911387
0.0000000000,0.4999957816
0.0000000000,0.4838432529
0.0000000000,0.4354111669
0.0000000000,0.3579306658
0.0000000000,0.2565708539
0.0000000000,0.1380939416
0.0000000000,0.0104041050
0.0000000000,-0.1179798406
0.0000000000,-0.2384927722
0.0000000000,-0.3430946808
0.0000000000,-0.4248070600
0.0000000000,-0.4781784761
0.0000000000,-0.4996482600
0.0000000000,-0.4877840571
0.0000000000,-0.4433773866
0.0000000000,-0.3693908354
0.0000000000,-0.2707604093
0.0000000000,-0.1540662278
0.0000000000,-0.0270935324
0.0000000000,-0.3373307085
0.0000000000,-0.2470422453
0.0000000000,-0.1444401627
0.0000000000,-0.0346385779
0.0000000000,0.0768895385
0.0000000000,0.1845851586
0.0000000000,0.2830802819
0.0000000000,0.3674654993
0.0000000000,0.4335346985
0.0000000000,0.4779947140
0.0000000000,0.4986294727
0.0000000000,0.4944104517
0.0000000000,0.4655479448
0.0000000000,0.4134805802
0.0000000000,0.3408036130
0.0000000000,0.2511395676
0.0000000000,0.1489576752
0.0000000000,0.0393511088
0.0000000000,-0.0722168814
0.0000000000,-0.1801852801
0.0000000000,-0.2791724904
0.0000000000,-0.3642445755
0.0000000000,-0.4311611866
0.0000000000,-0.4765869199
0.0000000000,-0.4982575666
0.0000000000,-0.4950929711
0.0000000000,-0.4672508701
0.0000000000,-0.4161190303
0.0000000000,-0.3442460767
0.0000000000,-0.2552144580
0.0000000000,-0.1534618827
0.0000000000,-0.0440601249
0.0000000000,0.0675377738
0.0000000000,0.1757693073
0.0000000000,0.2752397630
0.0000000000,0.3609911170
0.0000000000,0.4287491630
0.0000000000,0.4751365566
0.0000000000,0.4978411558
0.0000000000,0.4957312684
0.0000000000,0.4689120601
0.0000000000,0.4187203124
0.0000000000,0.3476577920
0.0000000000,0.2592665524
0.0000000000,0.1579523828
0.0000000000,0.0487652055
0.0000000000,-0.0628526337
0.0000000000,-0.1713376347
0.0000000000,-0.2712824509
0.0000000000,-0.3577054145
0.0000000000,-0.4262988433
0.0000000000,-0.4736437538
0.0000000000,-0.4973802774
0.0000000000,-0.4963252866
0.0000000000,-0.4705313665
0.0000000000,-0.4212841940
0.0000000000,-0.3510384542
0.0000000000,-0.2632954889
0.0000000000,-0.1624287746
0.0000000000,-0.0534659303
0.0000000000,0.0581618796
0.0000000000,0.1668906580
0.0000000000,0.2673009077
0.0000000000,0.3543877615
0.0000000000,0.4238104462
0.0000000000,0.4721086447
0.0000000000,0.4968749727
0.0000000000,0.4968749727
0.0000000000,0.4721086447
0.0000000000,0.4238104462
0.0000000000,0.3543877615
0.0000000000,0.2673009077
0.0000000000,0.1668906580
0.0000000000,0.0581618796
0.0000000000,-0.0534659303
0.0000000000,-0.1624287746
0.0000000000,-0.2632954889
0.0000000000,-0.3510384542
0.0000000000,-0.4212841940
0.0000000000,-0.4705313665
0.0000000000,-0.4963252866
0.0000000000,-0.4973802774
0.0000000000,-0.4736437538
0.0000000000,-0.4262988433
0.0000000000,-0.3577054145
0.0000000000,-0.2712824509
0.0000000000,-0.1713376347
0.0000000000,-0.0628526337
0.0000000000,0.0487652055
0.0000000000,0.1579523828
0.0000000000,0.2592665524
0.0000000000,0.3476577920
0.0000000000,0.4187203124
0.0000000000,0.4689120601
0.0000000000,0.4957312684
0.0000000000,0.4978411558
0.0000000000,0.4751365566
0.0000000000,0.4287491630
0.0000000000,0.3609911170
0.0000000000,0.2752397630
0.0000000000,0.1757693073
0.0000000000,0.0675377738
0.0000000000,-0.0440601249
0.0000000000,-0.1534618827
0.0000000000,-0.2552144580
0.0000000000,-0.3442460767
0.0000000000,-0.4161190303
0.0000000000,-0.4672508701
0.0000000000,-0.4950929711
0.0000000000,-0.4982575666
0.0000000000,-0.4765869199
0.0000000000,-0.4311611866
0.0000000000,-0.3642445755
0.0000000000,-0.2791724904
0.0000000000,-0.1801852801
0.0000000000,-0.0722168814
0.0000000000,0.0393511088
0.0000000000,0.1489576752
0.0000000000,0.2511395676
0.0000000000,0.3408036130
0.0000000000,0.4134805802
0.0000000000,0.4655479448
0.0000000000,0.4944104517
0.0000000000,0.4986294727
0.0000000000,0.4779947140
0.0000000000,0.4335346985
0.0000000000,0.3674654993
0.0000000000,0.2830802819
0.0000000000,0.1845851586
0.0000000000,0.0768895385
0.0000000000,-0.0346385779
0.0000000000,-0.1444401627
0.0000000000,-0.2470422453
0.0000000000,-0.3373307085
0.0000000000,0.4878825283
0.0000000000,0.4997995009
0.0000000000,0.4932939244
0.0000000000,0.4686055934
0.0000000000,0.4266445169
0.0000000000,0.3689573750
0.0000000000,0.2976705090
0.0000000000,0.2154115439
0.0000000000,0.1252125353
0.0000000000,0.0303982078
0.0000000000,-0.0655365939
0.0000000000,-0.1590557247
0.0000000000,-0.2467120807
0.0000000000,-0.3252746593
0.0000000000,-0.3918476532
0.0000000000,-0.4439771899
0.0000000000,-0.4797417812
0.0000000000,-0.4978231483
0.0000000000,-0.4975548143
0.0000000000,-0.4789466701
0.0000000000,-0.4426846094
0.0000000000,-0.3901052476
0.0000000000,-0.3231466535
0.0000000000,-0.2442769128
0.0000000000,-0.1564031546
0.0000000000,-0.0627643950
0.0000000000,0.0331878526
0.0000000000,0.1279168000
0.0000000000,0.2179307495
0.0000000000,0.2999117980
0.0000000000,0.3708381338
0.0000000000,0.4280954209
0.0000000000,0.4695731625
0.0000000000,0.4937424940
0.0000000000,0.4997125369
0.0000000000,0.4872632361
0.0000000000,0.4568534713
0.0000000000,0.4096041428
0.0000000000,0.3472568550
0.0000000000,0.2721097216
0.0000000000,0.1869326566
0.0000000000,0.0948652766
0.0000000000,-0.0006988261
0.0000000000,-0.0962371701
0.0000000000,-0.1882282236
0.0000000000,-0.2732812076
0.0000000000,-0.3482610793
0.0000000000,-0.4104040897
0.0000000000,-0.4574196550
0.0000000000,-0.4875747871
0.0000000000,-0.4997579714
0.0000000000,-0.4935201373
0.0000000000,-0.4690912106
0.0000000000,-0.4273716386
0.0000000000,-0.3698991996
0.0000000000,-0.2987923208
0.0000000000,-0.2166719932
0.0000000000,-0.1265651621
0.0000000000,-0.0317931544
0.0000000000,0.0641507451
0.0000000000,0.1577300559
0.0000000000,0.2454954559
0.0000000000,0.3242119230
0.0000000000,0.3909779779
0.0000000000,0.4433326317
0.0000000000,0.4793460984
0.0000000000,0.4976909257
0.0000000000,0.4976909257
0.0000000000,0.4793460984
0.0000000000,0.4433326317
0.0000000000,0.3909779779
0.0000000000,0.3242119230
0.0000000000,0.2454954559
0.0000000000,0.1577300559
0.0000000000,0.0641507451
0.0000000000,-0.0317931544
0.0000000000,-0.1265651621
0.0000000000,-0.2166719932
0.0000000000,-0.2987923208
0.0000000000,-0.3698991996
0.0000000000,-0.4273716386
0.0000000000,-0.4690912106
0.0000000000,-0.4935201373
0.0000000000,-0.4997579714
0.0000000000,-0.4875747871
0.0000000000,-0.4574196550
0.0000000000,-0.4104040897
0.0000000000,-0.3482610793
0.0000000000,-0.2732812076
0.0000000000,-0.1882282236
0.0000000000,-0.0962371701
0.0000000000,-0.0006988261
0.0000000000,0.0948652766
0.0000000000,0.1869326566
0.0000000000,0.2721097216
0.0000000000,0.3472568550
0.0000000000,0.4096041428
0.0000000000,0.4568534713
0.0000000000,0.4872632361
0.0000000000,0.4997125369
0.0000000000,0.4937424940
0.0000000000,0.4695731625
0.0000000000,0.4280954209
0.0000000000,0.3708381338
0.0000000000,0.2999117980
0.0000000000,0.2179307495
0.0000000000,0.1279168000
0.0000000000,0.0331878526
0.0000000000,-0.0627643950
0.0000000000,-0.1564031546
0.0000000000,-0.2442769127
0.0000000000,-0.3231466535
0.0000000000,-0.3901052476
0.0000000000,-0.4426846094
0.0000000000,-0.4789466701
0.0000000000,-0.4975548143
0.0000000000,-0.4978231483
0.0000000000,-0.4797417812
0.0000000000,-0.4439771899
0.0000000000,-0.3918476532
0.0000000000,-0.3252746593
0.0000000000,-0.2467120807
0.0000000000,-0.1590557247
0.0000000000,-0.0655365939
0.0000000000,0.0303982078
0.0000000000,0.1252125353
0.0000000000,0.2154115439
0.0000000000,0.2976705089
0.0000000000,0.3689573750
0.0000000000,0.4266445169
0.0000000000,0.4686055934
0.0000000000,0.4932939244
0.0000000000,0.4997995009
0.0000000000,0.4878825283
0.0000000000,-0.0268525465
0.0000000000,-0.1082704684
0.0000000000,-0.1867637821
0.0000000000,-0.2602122219
0.0000000000,-0.3266317941
0.0000000000,-0.3842283695
0.0000000000,-0.4314461461
0.0000000000,-0.4670096746
0.0000000000,-0.4899583109
0.0000000000,-0.4996721651
0.0000000000,-0.4958888460
0.0000000000,-0.4787105489
0.0000000000,-0.4486012949
0.0000000000,-0.4063743969
0.0000000000,-0.3531704903
0.0000000000,-0.2904267221
0.0000000000,-0.2198379306
0.0000000000,-0.1433108643
0.0000000000,-0.0629126766
0.0000000000,0.0191849119
0.0000000000,0.1007642764
0.0000000000,0.1796217905
0.0000000000,0.2536273505
0.0000000000,0.3207819139
0.0000000000,0.3792714978
0.0000000000,0.4275161781
0.0000000000,0.4642127669
0.0000000000,0.4883700137
0.0000000000,0.4993353815
0.0000000000,0.4968126734
0.0000000000,0.4808700327
0.0000000000,0.4519381030
0.0000000000,0.4107983953
0.0000000000,0.3585621777
0.0000000000,0.2966404579
0.0000000000,0.2267058690
0.0000000000,0.1506474882
0.0000000000,0.0705198087
0.0000000000,-0.0115127559
0.0000000000,-0.0932343373
0.0000000000,-0.1724374674
0.0000000000,-0.2469827068
0.0000000000,-0.3148564350
0.0000000000,-0.3742252431
0.0000000000,-0.4234854574
0.0000000000,-0.4613064581
0.0000000000,-0.4866666223
0.0000000000,-0.4988809197
0.0000000000,-0.4976194169
0.0000000000,-0.4829161899
0.0000000000,-0.4551684029
0.0000000000,-0.4151255809
0.0000000000,-0.3638693628
0.0000000000,-0.3027842845
0.0000000000,-0.2335203797
0.0000000000,-0.1579486090
0.0000000000,-0.0781103213
0.0000000000,0.0038378868
0.0000000000,0.0856824257
0.0000000000,0.1652125060
0.0000000000,0.2402798566
0.0000000000,0.3088567539
0.0000000000,0.3690907947
0.0000000000,0.4193549338
0.0000000000,0.4582914333
0.0000000000,0.4848485382
0.0000000000,0.4983088865
0.0000000000,0.4983088865
0.0000000000,0.4848485382
0.0000000000,0.4582914333
0.0000000000,0.4193549338
0.0000000000,0.3690907947
0.0000000000,0.3088567539
0.0000000000,0.2402798566
0.0000000000,0.1652125060
0.0000000000,0.0856824257
0.0000000000,0.0038378868
0.0000000000,-0.0781103213
0.0000000000,-0.1579486090
0.0000000000,-0.2335203797
0.0000000000,-0.3027842845
0.0000000000,-0.3638693628
0.0000000000,-0.4151255809
0.0000000000,-0.4551684029
0.0000000000,-0.4829161899
0.0000000000,-0.4976194169
0.0000000000,-0.4988809197
0.0000000000,-0.4866666223
0.0000000000,-0.4613064581
0.0000000000,-0.4234854574
0.0000000000,-0.3742252431
0.0000000000,-0.3148564350
0.0000000000,-0.2469827068
0.0000000000,-0.1724374674
0.0000000000,-0.0932343373
0.0000000000,-0.0115127559
0.0000000000,0.0705198087
0.0000000000,0.1506474882
0.0000000000,0.2267058690
0.0000000000,0.2966404579
0.0000000000,0.3585621777
0.0000000000,0.4107983953
0.0000000000,0.4519381030
0.0000000000,0.4808700327
0.0000000000,0.4968126734
0.0000000000,0.4993353815
0.0000000000,0.4883700137
0.0000000000,0.4642127669
0.0000000000,0.4275161781
0.0000000000,0.3792714978
0.0000000000,0.3207819139
0.0000000000,0.2536273505
0.0000000000,0.1796217905
0.0000000000,0.1007642764
0.0000000000,0.0191849119
0.0000000000,-0.0629126766
0.0000000000,-0.1433108643
0.0000000000,-0.2198379306
0.0000000000,-0.2904267221
0.0000000000,-0.3531704903
0.0000000000,-0.4063743969
0.0000000000,-0.4486012949
0.0000000000,-0.4787105489
0.0000000000,-0.4958888460
0.0000000000,-0.4996721651
0.0000000000,-0.4899583109
0.0000000000,-0.4670096746
0.0000000000,-0.4314461461
0.0000000000,-0.3842283695
0.0000000000,-0.3266317941
0.0000000000,-0.2602122219
0.0000000000,-0.1867637821
0.0000000000,-0.1082704684
0.0000000000,-0.0268525465
0.0000000000,-0.4976036126
0.0000000000,-0.4858823579
0.0000000000,-0.4646189978
0.0000000000,-0.4342311174
0.0000000000,-0.3953154956
0.0000000000,-0.3486363852
0.0000000000,-0.2951105041
0.0000000000,-0.2357890317
0.0000000000,-0.1718369657
0.0000000000,-0.1045102423
0.0000000000,-0.0351310721
0.0000000000,0.0349380273
0.0000000000,0.1043209887
0.0000000000,0.1716552199
0.0000000000,0.2356183631
0.0000000000,0.2949542643
0.0000000000,0.3484976426
0.0000000000,0.3951969748
0.0000000000,0.4341351461
0.0000000000,0.4645474607
0.0000000000,0.4858366600
0.0000000000,0.4975846513
0.0000000000,0.4995607192
0.0000000000,0.4917260563
0.0000000000,0.4742345253
0.0000000000,0.4474296373
0.0000000000,0.4118378060
0.0000000000,0.3681580092
0.0000000000,0.3172480620
0.0000000000,0.2601077703
0.0000000000,0.1978592962
0.0000000000,0.1317251196
0.0000000000,0.0630040309
0.0000000000,-0.0069543760
0.0000000000,-0.0767762080
0.0000000000,-0.1450902538
0.0000000000,-0.2105549134
0.0000000000,-0.2718845450
0.0000000000,-0.3278747133
0.0000000000,-0.3774258435
0.0000000000,-0.4195648149
0.0000000000,-0.4534640722
0.0000000000,-0.4784578777
0.0000000000,-0.4940553850
0.0000000000,-0.4999502791
0.0000000000,-0.4960267920
0.0000000000,-0.4823619759
0.0000000000,-0.4592241901
0.0000000000,-0.4270678311
0.0000000000,-0.3865244085
0.0000000000,-0.3383901430
0.0000000000,-0.2836103297
0.0000000000,-0.2232607739
0.0000000000,-0.1585266632
0.0000000000,-0.0906792926
0.0000000000,-0.0210510971
0.0000000000,0.0489905150
0.0000000000,0.1180700162
0.0000000000,0.1848307740
0.0000000000,0.2479616928
0.0000000000,0.3062229624
0.0000000000,0.3584704064
0.0000000000,0.4036779521
0.0000000000,0.4409577814
0.0000000000,0.4695777662
0.0000000000,0.4889758469
0.0000000000,0.4987710700
0.0000000000,0.4987710700
0.0000000000,0.4889758469
0.0000000000,0.4695777662
0.0000000000,0.4409577814
0.0000000000,0.4036779521
0.0000000000,0.3584704064
0.0000000000,0.3062229624
0.0000000000,0.2479616928
0.0000000000,0.1848307740
0.0000000000,0.1180700162
0.0000000000,0.0489905150
0.0000000000,-0.0210510971
0.0000000000,-0.0906792926
0.0000000000,-0.1585266632
0.0000000000,-0.2232607739
0.0000000000,-0.2836103297
0.0000000000,-0.3383901430
0.0000000000,-0.3865244085
0.0000000000,-0.4270678311
0.0000000000,-0.4592241901
0.0000000000,-0.4823619759
0.0000000000,-0.4960267920
0.0000000000,-0.4999502791
0.0000000000,-0.4940553850
0.0000000000,-0.4784578777
0.0000000000,-0.4534640722
0.0000000000,-0.4195648149
0.0000000000,-0.3774258435
0.0000000000,-0.3278747133
0.0000000000,-0.2718845450
0.0000000000,-0.2105549134
0.0000000000,-0.1450902538
0.0000000000,-0.0767762080
0.0000000000,-0.0069543760
0.0000000000,0.0630040309
0.0000000000,0.1317251196
0.0000000000,0.1978592962
0.0000000000,0.2601077703
0.0000000000,0.3172480620
0.0000000000,0.3681580092
0.0000000000,0.4118378060
0.0000000000,0.4474296373
0.0000000000,0.4742345253
0.0000000000,0.4917260563
0.0000000000,0.4995607192
0.0000000000,0.4975846513
0.0000000000,0.4858366600
0.0000000000,0.4645474607
0.0000000000,0.4341351461
0.0000000000,0.3951969748
0.0000000000,0.3484976426
0.0000000000,0.2949542643
0.0000000000,0.2356183631
0.0000000000,0.1716552199
0.0000000000,0.1043209887
0.0000000000,0.0349380273
0.0000000000,-0.0351310721
0.0000000000,-0.1045102423
0.0000000000,-0.1718369657
0.0000000000,-0.2357890317
0.0000000000,-0.2951105041
0.0000000000,-0.3486363852
0.0000000000,-0.3953154955
0.0000000000,-0.4342311174
0.0000000000,-0.4646189978
0.0000000000,-0.4858823579
0.0000000000,-0.4976036126
0.0000000000,-0.0347005240
0.0000000000,0.0248360608
0.0000000000,0.0840204751
0.0000000000,0.1420134955
0.0000000000,0.1979927923
0.0000000000,0.2511645901
0.0000000000,0.3007749231
0.0000000000,0.3461203265
0.0000000000,0.3865578113
0.0000000000,0.4215139820
0.0000000000,0.4504931669
0.0000000000,0.4730844467
0.0000000000,0.4889674816
0.0000000000,0.4979170533
0.0000000000,0.4998062585
0.0000000000,0.4946083087
0.0000000000,0.4823969098
0.0000000000,0.4633452171
0.0000000000,0.4377233798
0.0000000000,0.4058947106
0.0000000000,0.3683105338
0.0000000000,0.3255037856
0.0000000000,0.2780814574
0.0000000000,0.2267159885
0.0000000000,0.1721357313
0.0000000000,0.1151146230
0.0000000000,0.0564612119
0.0000000000,-0.0029928081
0.0000000000,-0.0624043907
0.0000000000,-0.1209310913
0.0000000000,-0.1777430126
0.0000000000,-0.2320345728
0.0000000000,-0.2830359281
0.0000000000,-0.3300238893
0.0000000000,-0.3723321763
0.0000000000,-0.4093608658
0.0000000000,-0.4405848983
0.0000000000,-0.4655615232
0.0000000000,-0.4839365766
0.0000000000,-0.4954495041
0.0000000000,-0.4999370545
0.0000000000,-0.4973355952
0.0000000000,-0.4876820145
0.0000000000,-0.4711131981
0.0000000000,-0.4478640887
0.0000000000,-0.4182643542
0.0000000000,-0.3827337129
0.0000000000,-0.3417759824
0.0000000000,-0.2959719353
0.0000000000,-0.2459710640
0.0000000000,-0.1924823712
0.0000000000,-0.1362643160
0.0000000000,-0.0781140594
0.0000000000,-0.0188561608
0.0000000000,0.0406691146
0.0000000000,0.0996177098
0.0000000000,0.1571537454
0.0000000000,0.2124613716
0.0000000000,0.2647563371
0.0000000000,0.3132971096
0.0000000000,0.3573953903
0.0000000000,0.3964258742
0.0000000000,0.4298351168
0.0000000000,0.4571493815
0.0000000000,0.4779813573
0.0000000000,0.4920356510
0.0000000000,0.4991129754
0.0000000000,0.4991129754
0.0000000000,0.4920356510
0.0000000000,0.4779813573
0.0000000000,0.4571493815
0.0000000000,0.4298351168
0.0000000000,0.3964258742
0.0000000000,0.3573953903
0.0000000000,0.3132971096
0.0000000000,0.2647563371
0.0000000000,0.2124613716
0.0000000000,0.1571537454
0.0000000000,0.0996177098
0.0000000000,0.0406691146
0.0000000000,-0.0188561608
0.0000000000,-0.0781140594
0.0000000000,-0.1362643160
0.0000000000,-0.1924823712
0.0000000000,-0.2459710640
0.0000000000,-0.2959719353
0.0000000000,-0.3417759824
0.0000000000,-0.3827337129
0.0000000000,-0.4182643542
0.0000000000,-0.4478640887
0.0000000000,-0.4711131981
0.0000000000,-0.4876820145
0.0000000000,-0.4973355952
0.0000000000,-0.4999370545
0.0000000000,-0.4954495041
0.0000000000,-0.4839365766
0.0000000000,-0.4655615232
0.0000000000,-0.4405848983
0.0000000000,-0.4093608658
0.0000000000,-0.3723321763
0.0000000000,-0.3300238893
0.0000000000,-0.2830359281
0.0000000000,-0.2320345728
0.0000000000,-0.1777430126
0.0000000000,-0.1209310913
0.0000000000,-0.0624043907
0.0000000000,-0.0029928081
0.0000000000,0.0564612119
0.0000000000,0.1151146230
0.0000000000,0.1721357313
0.0000000000,0.2267159885
0.0000000000,0.2780814574
0.0000000000,0.3255037856
0.0000000000,0.3683105338
0.0000000000,0.4058947106
0.0000000000,0.4377233798
0.0000000000,0.4633452171
0.0000000000,0.4823969098
0.0000000000,0.4946083087
0.0000000000,0.4998062585
0.0000000000,0.4979170533
0.0000000000,0.4889674816
0.0000000000,0.4730844467
0.0000000000,0.4504931669
0.0000000000,0.4215139820
0.0000000000,0.3865578113
0.0000000000,0.3461203265
0.0000000000,0.3007749231
0.0000000000,0.2511645901
0.0000000000,0.1979927923
0.0000000000,0.1420134955
0.0000000000,0.0840204751
0.0000000000,0.0248360608
0.0000000000,-0.0347005240
0.0000000000,0.4548167306
0.0000000000,0.4734296615
0.0000000000,0.4872243001
0.0000000000,0.4960602526
0.0000000000,0.4998475919
0.0000000000,0.4985477725
0.0000000000,0.4921740233
0.0000000000,0.4807912127
0.0000000000,0.4645151881
0.0000000000,0.4435115977
0.0000000000,0.4179942037
0.0000000000,0.3882227073
0.0000000000,0.3545001056
0.0000000000,0.3171696076
0.0000000000,0.2766111414
0.0000000000,0.2332374877
0.0000000000,0.1874900781
0.0000000000,0.1398345035
0.0000000000,0.0907557744
0.0000000000,0.0407533857
0.0000000000,-0.0096637673
0.0000000000,-0.0599825680
0.0000000000,-0.1096909011
0.0000000000,-0.1582828637
0.0000000000,-0.2052639153
0.0000000000,-0.2501559100
0.0000000000,-0.2925019629
0.0000000000,-0.3318711008
0.0000000000,-0.3678626472
0.0000000000,-0.4001103011
0.0000000000,-0.4282858647
0.0000000000,-0.4521025833
0.0000000000,-0.4713180644
0.0000000000,-0.4857367437
0.0000000000,-0.4952118765
0.0000000000,-0.4996470303
0.0000000000,-0.4989970666
0.0000000000,-0.4932686005
0.0000000000,-0.4825199329
0.0000000000,-0.4668604576
0.0000000000,-0.4464495475
0.0000000000,-0.4214949332
0.0000000000,-0.3922505880
0.0000000000,-0.3590141441
0.0000000000,-0.3221238627
0.0000000000,-0.2819551916
0.0000000000,-0.2389169442
0.0000000000,-0.1934471389
0.0000000000,-0.1460085408
0.0000000000,-0.0970839527
0.0000000000,-0.0471713004
0.0000000000,0.0032214341
0.0000000000,0.0535813826
0.0000000000,0.1033960109
0.0000000000,0.1521583346
0.0000000000,0.1993720792
0.0000000000,0.2445567304
0.0000000000,0.2872524253
0.0000000000,0.3270246317
0.0000000000,0.3634685712
0.0000000000,0.3962133386
0.0000000000,0.4249256767
0.0000000000,0.4493133679
0.0000000000,0.4691282085
0.0000000000,0.4841685345
0.0000000000,0.4942812743
0.0000000000,0.4993635062
0.0000000000,0.4993635062
0.0000000000,0.4942812743
0.0000000000,0.4841685345
0.0000000000,0.4691282085
0.0000000000,0.4493133679
0.0000000000,0.4249256767
0.0000000000,0.3962133386
0.0000000000,0.3634685712
0.0000000000,0.3270246317
0.0000000000,0.2872524253
0.0000000000,0.2445567304
0.0000000000,0.1993720792
0.0000000000,0.1521583346
0.0000000000,0.1033960109
0.0000000000,0.0535813826
0.0000000000,0.0032214341
0.0000000000,-0.0471713004
0.0000000000,-0.0970839527
0.0000000000,-0.1460085408
0.0000000000,-0.1934471389
0.0000000000,-0.2389169442
0.0000000000,-0.2819551916
0.0000000000,-0.3221238627
0.0000000000,-0.3590141441
0.0000000000,-0.3922505880
0.0000000000,-0.4214949332
0.0000000000,-0.4464495475
0.0000000000,-0.4668604576
0.0000000000,-0.4825199329
0.0000000000,-0.4932686005
0.0000000000,-0.4989970666
0.0000000000,-0.4996470303
0.0000000000,-0.4952118765
0.0000000000,-0.4857367437
0.0000000000,-0.4713180644
0.0000000000,-0.4521025833
0.0000000000,-0.4282858647
0.0000000000,-0.4001103011
0.0000000000,-0.3678626472
0.0000000000,-0.3318711008
0.0000000000,-0.2925019629
0.0000000000,-0.2501559100
0.0000000000,-0.2052639153
0.0000000000,-0.1582828637
0.0000000000,-0.1096909011
0.0000000000,-0.0599825680
0.0000000000,-0.0096637673
0.0000000000,0.0407533857
0.0000000000,0.0907557744
0.0000000000,0.1398345035
0.0000000000,0.1874900781
0.0000000000,0.2332374877
0.0000000000,0.2766111414
0.0000000000,0.3171696076
0.0000000000,0.3545001056
0.0000000000,0.3882227073
0.0000000000,0.4179942037
0.0000000000,0.4435115977
0.0000000000,0.4645151881
0.0000000000,0.4807912127
0.0000000000,0.4921740233
0.0000000000,0.4985477725
0.0000000000,0.4998475919
0.0000000000,0.4960602526
0.0000000000,0.4872243001
0.0000000000,0.4734296615
0.0000000000,0.4548167306
0.0000000000,0.4091371226
0.0000000000,0.3831708821
0.0000000000,0.3544199740
0.0000000000,0.3230933437
0.0000000000,0.2894186551
0.0000000000,0.2536406367
0.0000000000,0.2160193027
0.0000000000,0.1768280637
0.0000000000,0.1363517390
0.0000000000,0.0948844877
0.0000000000,0.0527276700
0.0000000000,0.0101876576
0.0000000000,-0.0324263928
0.0000000000,-0.0748047867
0.0000000000,-0.1166395421
0.0000000000,-0.1576266277
0.0000000000,-0.1974681729
0.0000000000,-0.2358746320
0.0000000000,-0.2725668887
0.0000000000,-0.3072782847
0.0000000000,-0.3397565573
0.0000000000,-0.3697656729
0.0000000000,-0.3970875424
0.0000000000,-0.4215236060
0.0000000000,-0.4428962763
0.0000000000,-0.4610502290
0.0000000000,-0.4758535315
0.0000000000,-0.4871986018
0.0000000000,-0.4950029904
0.0000000000,-0.4992099795
0.0000000000,-0.4997889950
0.0000000000,-0.4967358290
0.0000000000,-0.4900726702
0.0000000000,-0.4798479426
0.0000000000,-0.4661359538
0.0000000000,-0.4490363545
0.0000000000,-0.4286734151
0.0000000000,-0.4051951216
0.0000000000,-0.3787721010
0.0000000000,-0.3495963807
0.0000000000,-0.3178799931
0.0000000000,-0.2838534351
0.0000000000,-0.2477639920
0.0000000000,-0.2098739416
0.0000000000,-0.1704586469
0.0000000000,-0.1298045560
0.0000000000,-0.0882071196
0.0000000000,-0.0459686442
0.0000000000,-0.0033960948
0.0000000000,0.0392011355
0.0000000000,0.0815134742
0.0000000000,0.1232334195
0.0000000000,0.1640577746
0.0000000000,0.2036898512
0.0000000000,0.2418416262
0.0000000000,0.2782358341
0.0000000000,0.3126079825
0.0000000000,0.3447082744
0.0000000000,0.3743034230
0.0000000000,0.4011783478
0.0000000000,0.4251377370
0.0000000000,0.4460074675
0.0000000000,0.4636358700
0.0000000000,0.4778948313
0.0000000000,0.4886807254
0.0000000000,0.4959151666
0.0000000000,0.4995455791
0.0000000000,0.4995455791
0.0000000000,0.4959151666
0.0000000000,0.4886807254
0.0000000000,0.4778948313
0.0000000000,0.4636358700
0.0000000000,0.4460074675
0.0000000000,0.4251377370
0.0000000000,0.4011783478
0.0000000000,0.3743034230
0.0000000000,0.3447082744
0.0000000000,0.3126079825
0.0000000000,0.2782358341
0.0000000000,0.2418416262
0.0000000000,0.2036898512
0.0000000000,0.1640577746
0.0000000000,0.1232334195
0.0000000000,0.0815134742
0.0000000000,0.0392011355
0.0000000000,-0.0033960948
0.0000000000,-0.0459686441
0.0000000000,-0.0882071196
0.0000000000,-0.1298045560
0.0000000000,-0.1704586469
0.0000000000,-0.2098739416
0.0000000000,-0.2477639920
0.0000000000,-0.2838534351
0.0000000000,-0.3178799931
0.0000000000,-0.3495963807
0.0000000000,-0.3787721010
0.0000000000,-0.4051951216
0.0000000000,-0.4286734151
0.0000000000,-0.4490363545
0.0000000000,-0.4661359538
0.0000000000,-0.4798479426
0.0000000000,-0.4900726702
0.0000000000,-0.4967358290
0.0000000000,-0.4997889950
0.0000000000,-0.4992099795
0.0000000000,-0.4950029904
0.0000000000,-0.4871986018
0.0000000000,-0.4758535315
0.0000000000,-0.4610502290
0.0000000000,-0.4428962763
0.0000000000,-0.4215236060
0.0000000000,-0.3970875424
0.0000000000,-0.3697656729
0.0000000000,-0.3397565573
0.0000000000,-0.3072782847
0.0000000000,-0.2725668887
0.0000000000,-0.2358746320
0.0000000000,-0.1974681729
0.0000000000,-0.1576266277
0.0000000000,-0.1166395421
0.0000000000,-0.0748047867
0.0000000000,-0.0324263928
0.0000000000,0.0101876576
0.0000000000,0.0527276700
0.0000000000,0.0948844877
0.0000000000,0.1363517390
0.0000000000,0.1768280637
0.0000000000,0.2160193027
0.0000000000,0.2536406367
0.0000000000,0.2894186551
0.0000000000,0.3230933437
0.0000000000,0.3544199740
0.0000000000,0.3831708821
0.0000000000,0.4091371226
0.0000000000,0.0343217859
0.0000000000,-0.0015992198
0.0000000000,-0.0375119625
0.0000000000,-0.0732308879
0.0000000000,-0.1085714429
0.0000000000,-0.1433510295
0.0000000000,-0.1773899479
0.0000000000,-0.2105123254
0.0000000000,-0.2425470248
0.0000000000,-0.2733285289
0.0000000000,-0.3026977952
0.0000000000,-0.3305030782
0.0000000000,-0.3566007133
0.0000000000,-0.3808558587
0.0000000000,-0.4031431927
0.0000000000,-0.4233475607
0.0000000000,-0.4413645706
0.0000000000,-0.4571011317
0.0000000000,-0.4704759362
0.0000000000,-0.4814198790
0.0000000000,-0.4898764147
0.0000000000,-0.4958018499
0.0000000000,-0.4991655692
0.0000000000,-0.4999501927
0.0000000000,-0.4981516665
0.0000000000,-0.4937792832
0.0000000000,-0.4868556341
0.0000000000,-0.4774164923
0.0000000000,-0.4655106283
0.0000000000,-0.4511995574
0.0000000000,-0.4345572222
0.0000000000,-0.4156696105
0.0000000000,-0.3946343112
0.0000000000,-0.3715600098
0.0000000000,-0.3465659268
0.0000000000,-0.3197812021
0.0000000000,-0.2913442274
0.0000000000,-0.2614019311
0.0000000000,-0.2301090197
0.0000000000,-0.1976271777
0.0000000000,-0.1641242328
0.0000000000,-0.1297732885
0.0000000000,-0.0947518297
0.0000000000,-0.0592408058
0.0000000000,-0.0234236957
0.0000000000,0.0125144403
0.0000000000,0.0483879165
0.0000000000,0.0840113814
0.0000000000,0.1192007750
0.0000000000,0.1537742804
0.0000000000,0.1875532626
0.0000000000,0.2203631920
0.0000000000,0.2520345458
0.0000000000,0.2824036838
0.0000000000,0.3113136945
0.0000000000,0.3386152052
0.0000000000,0.3641671541
0.0000000000,0.3878375189
0.0000000000,0.4095039993
0.0000000000,0.4290546487
0.0000000000,0.4463884524
0.0000000000,0.4614158500
0.0000000000,0.4740591975
0.0000000000,0.4842531693
0.0000000000,0.4919450950
0.0000000000,0.4970952317
0.0000000000,0.4996769698
0.0000000000,0.4996769698
0.0000000000,0.4970952317
0.0000000000,0.4919450950
0.0000000000,0.4842531693
0.0000000000,0.4740591975
0.0000000000,0.4614158500
0.0000000000,0.4463884524
0.0000000000,0.4290546487
0.0000000000,0.4095039993
0.0000000000,0.3878375189
0.0000000000,0.3641671541
0.0000000000,0.3386152052
0.0000000000,0.3113136945
0.0000000000,0.2824036838
0.0000000000,0.2520345458
0.0000000000,0.2203631920
0.0000000000,0.1875532626
0.0000000000,0.1537742804
0.0000000000,0.1192007750
0.0000000000,0.0840113814
0.0000000000,0.0483879165
0.0000000000,0.0125144403
0.0000000000,-0.0234236957
0.0000000000,-0.0592408058
0.0000000000,-0.0947518297
0.0000000000,-0.1297732885
0.0000000000,-0.1641242328
0.0000000000,-0.1976271777
0.0000000000,-0.2301090197
0.0000000000,-0.2614019311
0.0000000000,-0.2913442274
0.0000000000,-0.3197812021
0.0000000000,-0.3465659268
0.0000000000,-0.3715600098
0.0000000000,-0.3946343112
0.0000000000,-0.4156696105
0.0000000000,-0.4345572222
0.0000000000,-0.4511995574
0.0000000000,-0.4655106283
0.0000000000,-0.4774164923
0.0000000000,-0.4868556341
0.0000000000,-0.4937792832
0.0000000000,-0.4981516665
0.0000000000,-0.4999501927
0.0000000000,-0.4991655692
0.0000000000,-0.4958018499
0.0000000000,-0.4898764147
0.0000000000,-0.4814198790
0.0000000000,-0.4704759362
0.0000000000,-0.4571011317
0.0000000000,-0.4413645706
0.0000000000,-0.4233475607
0.0000000000,-0.4031431927
0.0000000000,-0.3808558587
0.0000000000,-0.3566007133
0.0000000000,-0.3305030782
0.0000000000,-0.3026977952
0.0000000000,-0.2733285289
0.0000000000,-0.2425470248
0.0000000000,-0.2105123254
0.0000000000,-0.1773899479
0.0000000000,-0.1433510295
0.0000000000,-0.1085714429
0.0000000000,-0.0732308879
0.0000000000,-0.0375119625
0.0000000000,-0.0015992198
0.0000000000,0.0343217859
0.0000000000,0.3432008687
0.0000000000,0.1269635182
0.0000000000,0.3792486186
0.0000000000,-0.2176821043
0.0000000000,-0.4072286859
0.0000000000,-0.1702871181
0.0000000000,-0.4981254708
0.0000000000,-0.4156014166
0.0000000000,-0.4999457050
0.0000000000,-0.1368343619
0.0000000000,0.1126563150
0.0000000000,-0.1840672843
0.0000000000,0.4007402992
0.0000000000,0.4954506098
0.0000000000,0.3694814329
0.0000000000,0.4220416903
0.0000000000,0.2385120279
0.0000000000,0.4459504669
0.0000000000,-0.1003727465
0.0000000000,-0.3263966780
0.0000000000,-0.0533980870
0.0000000000,-0.4934770886
0.0000000000,-0.4698573492
0.0000000000,-0.4837982712
0.0000000000,-0.2508354608
0.0000000000,-0.0066315259
0.0000000000,-0.2895112441
0.0000000000,0.3149572048
0.0000000000,0.4651570180
0.0000000000,0.2785968206
0.0000000000,0.4749908630
0.0000000000,0.3363282020
0.0000000000,0.4869767066
0.0000000000,0.0230943346
0.0000000000,-0.2267723738
0.0000000000,0.0665653403
0.0000000000,-0.4585545987
0.0000000000,-0.4970612340
0.0000000000,-0.4397961405
0.0000000000,-0.3494481659
0.0000000000,-0.1255375566
0.0000000000,-0.3782865872
0.0000000000,0.2098519401
0.0000000000,0.4080820000
0.0000000000,0.1716719899
0.0000000000,0.4988000312
0.0000000000,0.4147802719
0.0000000000,0.4999652510
0.0000000000,0.1451446116
0.0000000000,-0.1140916449
0.0000000000,0.1826962665
0.0000000000,-0.3955004455
0.0000000000,-0.4956468065
0.0000000000,-0.3704727368
0.0000000000,-0.4266227301
0.0000000000,-0.2372157594
0.0000000000,-0.4452820711
0.0000000000,0.0918725615
0.0000000000,0.3275116513
0.0000000000,0.0548631403
0.0000000000,0.4920085370
0.0000000000,0.4693513580
0.0000000000,0.4841682844
0.0000000000,0.2582904759
0.0000000000,0.0051579132
0.0000000000,0.2883084509
0.0000000000,-0.3081829104
0.0000000000,-0.4656955025
0.0000000000,-0.2798193565
0.0000000000,-0.4776246051
0.0000000000,-0.3352362594
0.0000000000,-0.4866404294
0.0000000000,-0.0317430662
0.0000000000,0.2280848116
0.0000000000,-0.0651044559
0.0000000000,0.4550330286
0.0000000000,0.4968995287
0.0000000000,0.4404953174
0.0000000000,0.3555905921
0.0000000000,0.1241105043
0.0000000000,0.3773212694
0.0000000000,-0.2019587983
0.0000000000,-0.4089317691
0.0000000000,-0.1730553702
0.0000000000,-0.4993248994
0.0000000000,-0.4139555239
0.0000000000,-0.4999804536
0.0000000000,-0.1534113026
0.0000000000,0.1155259836
0.0000000000,-0.1813236615
0.0000000000,0.3901419002
0.0000000000,0.4958386973
0.0000000000,0.3714608222
0.0000000000,0.4310757383
0.0000000000,0.2359174302
0.0000000000,0.4446098071
0.0000000000,-0.0833448051
0.0000000000,-0.3286237794
0.0000000000,-0.0563277170
0.0000000000,-0.4903923313
0.0000000000,-0.4688412894
0.0000000000,-0.4845340914
0.0000000000,-0.2656679769
0.0000000000,-0.0036842557
0.0000000000,-0.2871031530
0.0000000000,0.3013161289
0.0000000000,0.4662299414
0.0000000000,0.2810394615
0.0000000000,0.4801150097
0.0000000000,0.3341414046
0.0000000000,0.4862999247
0.0000000000,0.0403822716
0.0000000000,-0.2293952680
0.0000000000,0.0636430059
0.0000000000,-0.4513749009
0.0000000000,-0.4967335067
0.0000000000,-0.4411906676
0.0000000000,-0.3616263039
0.0000000000,-0.1226823739
0.0000000000,-0.3763526738
0.0000000000,0.1940050477
0.0000000000,0.4097779856
0.0000000000,0.1744372472
0.0000000000,0.4996999178
0.0000000000,0.4131271797
0.0000000000,0.4999913127
0.0000000000,0.1616319542
0.0000000000,-0.1169593186
0.0000000000,0.1799494813
0.0000000000,-0.3846662714
0.0000000000,-0.4960262806
0.0000000000,-0.3724456807
0.0000000000,-0.4353993787
0.0000000000,-0.2346170515
0.0000000000,-0.4439336805
0.0000000000,0.0747920366
0.0000000000,0.3297330527
0.0000000000,0.0577918043
0.0000000000,0.4886289565
0.0000000000,0.4683271478
0.0000000000,0.4848956891
0.0000000000,0.2729657496
0.0000000000,0.0022105662
0.0000000000,0.2858953610
0.0000000000,-0.2943589209
0.0000000000,-0.4667603299
0.0000000000,-0.2822571250
0.0000000000,-0.4824613296
0.0000000000,-0.3330436469
0.0000000000,-0.4859551952
0.0000000000,-0.0490093581
0.0000000000,0.2307037315
0.0000000000,-0.0621810031
0.0000000000,0.4475813135
0.0000000000,0.4965631694
0.0000000000,0.4418821849
0.0000000000,0.3675534899
0.0000000000,0.1212531777
0.0000000000,0.3753808086
0.0000000000,-0.1859930752
0.0000000000,-0.4106206422
0.0000000000,-0.1758176088
0.0000000000,-0.4999249738
0.0000000000,-0.4122952465
0.0000000000,-0.4999978282
0.0000000000,-0.1698040993
0.0000000000,0.1183916376
0.0000000000,-0.1785737378
0.0000000000,0.3790752025
0.0000000000,0.4962095548
0.0000000000,0.3734273036
0.0000000000,0.4395923537
0.0000000000,0.2333146347
0.0000000000,0.4432536974
0.0000000000,-0.0662168226
0.0000000000,-0.3308394614
0.0000000000,-0.0592553896
0.0000000000,-0.4867189419
0.0000000000,-0.4678089377
0.0000000000,-0.4852530744
0.0000000000,-0.2801816040
0.0000000000,-0.0007368576
0.0000000000,-0.2846850853
0.0000000000,0.2873133745
0.0000000000,0.4672866635
0.0000000000,0.2834723365
0.0000000000,0.4846628606
0.0000000000,0.3319429960
0.0000000000,0.4856062441
0.0000000000,0.0576217366
0.0000000000,-0.2320101909
0.0000000000,0.0607184601
0.0000000000,-0.4436534048
0.0000000000,-0.4963885182
0.0000000000,-0.4425698635
0.0000000000,-0.3733703713
0.0000000000,-0.1198229282
0.0000000000,-0.3744056824
0.0000000000,0.1779252854
0.0000000000,0.4114597316
0.0000000000,0.1771964430
0.0000000000,0.5000000000
0.0000000000,0.4114597316
0.0000000000,0.5000000000
0.0000000000,0.1779252854
0.0000000000,-0.1198229282
0.0000000000,0.1771964430
0.0000000000,-0.3733703713
0.0000000000,-0.4963885182
0.0000000000,-0.3744056824
0.0000000000,-0.4436534048
0.0000000000,-0.2320101909
0.0000000000,-0.4425698636
0.0000000000,0.0576217366
0.0000000000,0.3319429960
0.0000000000,0.0607184601
0.0000000000,0.4846628606
0.0000000000,0.4672866635
0.0000000000,0.4856062441
0.0000000000,0.2873133745
0.0000000000,-0.0007368575
0.0000000000,0.2834723365
0.0000000000,-0.2801816039
0.0000000000,-0.4678089377
0.0000000000,-0.2846850853
0.0000000000,-0.4867189419
0.0000000000,-0.3308394614
0.0000000000,-0.4852530744
0.0000000000,-0.0662168226
0.0000000000,0.2333146346
0.0000000000,-0.0592553896
0.0000000000,0.4395923537
0.0000000000,0.4962095548
0.0000000000,0.4432536974
0.0000000000,0.3790752025
0.0000000000,0.1183916377
0.0000000000,0.3734273036
0.0000000000,-0.1698040993
0.0000000000,-0.4122952465
0.0000000000,-0.1785737378
0.0000000000,-0.4999249738
0.0000000000,-0.4106206422
0.0000000000,-0.4999978282
0.0000000000,-0.1859930752
0.0000000000,0.1212531777
0.0000000000,-0.1758176088
0.0000000000,0.3675534899
0.0000000000,0.4965631694
0.0000000000,0.3753808086
0.0000000000,0.4475813135
0.0000000000,0.2307037315
0.0000000000,0.4418821850
0.0000000000,-0.0490093581
0.0000000000,-0.3330436469
0.0000000000,-0.0621810031
0.0000000000,-0.4824613296
0.0000000000,-0.4667603299
0.0000000000,-0.4859551952
0.0000000000,-0.2943589210
0.0000000000,0.0022105662
0.0000000000,-0.2822571250
0.0000000000,0.2729657496
0.0000000000,0.4683271478
0.0000000000,0.2858953610
0.0000000000,0.4886289565
0.0000000000,0.3297330527
0.0000000000,0.4848956891
0.0000000000,0.0747920366
0.0000000000,-0.2346170515
0.0000000000,0.0577918043
0.0000000000,-0.4353993787
0.0000000000,-0.4960262806
0.0000000000,-0.4439336805
0.0000000000,-0.3846662714
0.0000000000,-0.1169593186
0.0000000000,-0.3724456807
0.0000000000,0.1616319542
0.0000000000,0.4131271797
0.0000000000,0.1799494813
0.0000000000,0.4996999178
0.0000000000,0.4097779856
0.0000000000,0.4999913127
0.0000000000,0.1940050477
0.0000000000,-0.1226823739
0.0000000000,0.1744372472
0.0000000000,-0.3616263039
0.0000000000,-0.4967335067
0.0000000000,-0.3763526738
0.0000000000,-0.4513749009
0.0000000000,-0.2293952680
0.0000000000,-0.4411906676
0.0000000000,0.0403822716
0.0000000000,0.3341414046
0.0000000000,0.0636430059
0.0000000000,0.4801150097
0.0000000000,0.4662299414
0.0000000000,0.4862999247
0.0000000000,0.3013161289
0.0000000000,-0.0036842557
0.0000000000,0.2810394615
0.0000000000,-0.2656679769
0.0000000000,-0.4688412894
0.0000000000,-0.2871031530
0.0000000000,-0.4903923313
0.0000000000,-0.3286237794
0.0000000000,-0.4845340914
0.0000000000,-0.0833448051
0.0000000000,0.2359174302
0.0000000000,-0.0563277170
0.0000000000,0.4310757383
0.0000000000,0.4958386973
0.0000000000,0.4446098071
0.0000000000,0.3901419002
0.0000000000,0.1155259836
0.0000000000,0.3714608222
0.0000000000,-0.1534113026
0.0000000000,-0.4139555239
0.0000000000,-0.1813236615
0.0000000000,-0.4993248994
0.0000000000,-0.4089317691
0.0000000000,-0.4999804536
0.0000000000,-0.2019587983
0.0000000000,0.1241105043
0.0000000000,-0.1730553702
0.0000000000,0.3555905921
0.0000000000,0.4968995287
0.0000000000,0.3773212694
0.0000000000,0.4550330286
0.0000000000,0.2280848116
0.0000000000,0.4404953174
0.0000000000,-0.0317430662
0.0000000000,-0.3352362594
0.0000000000,-0.0651044559
0.0000000000,-0.4776246051
0.0000000000,-0.4656955025
0.0000000000,-0.4866404294
0.0000000000,-0.3081829104
0.0000000000,0.0051579132
0.0000000000,-0.2798193565
0.0000000000,0.2582904759
0.0000000000,0.4693513580
0.0000000000,0.2883084508
0.0000000000,0.4920085370
0.0000000000,0.3275116513
0.0000000000,0.4841682844
0.0000000000,0.0918725615
0.0000000000,-0.2372157594
0.0000000000,0.0548631403
0.0000000000,-0.4266227301
0.0000000000,-0.4956468065
0.0000000000,-0.4452820711
0.0000000000,-0.3955004455
0.0000000000,-0.1140916449
0.0000000000,-0.3704727368
0.0000000000,0.1451446116
0.0000000000,0.4147802719
0.0000000000,0.1826962665
0.0000000000,0.4988000312
0.0000000000,0.4080820000
0.0000000000,0.4999652510
0.0000000000,0.2098519401
0.0000000000,-0.1255375565
0.0000000000,0.1716719899
0.0000000000,-0.3494481659
0.0000000000,-0.4970612340
0.0000000000,-0.3782865872
0.0000000000,-0.4585545987
0.0000000000,-0.2267723738
0.0000000000,-0.4397961405
0.0000000000,0.0230943346
0.0000000000,0.3363282019
0.0000000000,0.0665653402
0.0000000000,0.4749908630
0.0000000000,0.4651570180
0.0000000000,0.4869767066
0.0000000000,0.3149572048
0.0000000000,-0.0066315259
0.0000000000,0.2785968206
0.0000000000,-0.2508354608
0.0000000000,-0.4698573492
0.0000000000,-0.2895112441
0.0000000000,-0.4934770886
0.0000000000,-0.3263966780
0.0000000000,-0.4837982712
0.0000000000,-0.1003727465
0.0000000000,0.2385120279
0.0000000000,-0.0533980870
0.0000000000,0.4220416903
0.0000000000,0.4954506098
0.0000000000,0.4459504669
0.0000000000,0.4007402992
0.0000000000,0.1126563150
0.0000000000,0.3694814329
0.0000000000,-0.1368343619
0.0000000000,-0.4156014166
0.0000000000,-0.1840672843
0.0000000000,-0.4981254708
0.0000000000,-0.4072286859
0.0000000000,-0.4999457050
0.0000000000,-0.2176821043
0.0000000000,0.1269635182
0.0000000000,-0.1702871181
0.0000000000,0.3432008687
0.0000000000,0.3792486186
0.0000000000,0.2427294109
0.0000000000,0.0144792396
0.0000000000,0.2951844141
0.0000000000,-0.3207140763
0.0000000000,-0.4615651222
0.0000000000,-0.2713257756
0.0000000000,-0.4732139129
0.0000000000,-0.3445847921
0.0000000000,-0.4892331859
0.0000000000,-0.0193660173
0.0000000000,0.2151224261
0.0000000000,-0.0785676270
0.0000000000,0.4592963235
0.0000000000,0.4984376373
0.0000000000,0.4330426102
0.0000000000,0.3494440906
0.0000000000,0.1413538840
0.0000000000,0.3882742387
0.0000000000,-0.2081646982
0.0000000000,-0.3973431228
0.0000000000,-0.1553537731
0.0000000000,-0.4990438131
0.0000000000,-0.4255286726
0.0000000000,-0.4993812973
0.0000000000,-0.1504783214
0.0000000000,0.0930103844
0.0000000000,-0.2017974308
0.0000000000,0.3909010045
0.0000000000,0.4920485262
0.0000000000,0.3550583206
0.0000000000,0.4314033884
0.0000000000,0.2588965140
0.0000000000,0.4557306624
0.0000000000,-0.0808684786
0.0000000000,-0.3068890055
0.0000000000,-0.0291255002
0.0000000000,-0.4895203605
0.0000000000,-0.4783796591
0.0000000000,-0.4765608527
0.0000000000,-0.2709304129
0.0000000000,-0.0352420916
0.0000000000,-0.3117048095
0.0000000000,0.2948134052
0.0000000000,0.4531749598
0.0000000000,0.2536335053
0.0000000000,0.4828011287
0.0000000000,0.3593471058
0.0000000000,0.4931002927
0.0000000000,0.0521566405
0.0000000000,-0.1961744431
0.0000000000,0.0990256033
0.0000000000,-0.4453182172
0.0000000000,-0.4996485927
0.0000000000,-0.4222784305
0.0000000000,-0.3721892027
0.0000000000,-0.1611679269
0.0000000000,-0.4010338095
0.0000000000,0.1778405810
0.0000000000,0.3843833245
0.0000000000,0.1354641093
0.0000000000,0.4999961833
0.0000000000,0.4360740314
0.0000000000,0.4979160315
0.0000000000,0.1814868694
0.0000000000,-0.0725086786
0.0000000000,0.2206391549
0.0000000000,-0.3695687596
0.0000000000,-0.4879313236
0.0000000000,-0.3401176914
0.0000000000,-0.4470812971
0.0000000000,-0.2764536485
0.0000000000,-0.4638870370
0.0000000000,0.0482691418
0.0000000000,0.2902151619
0.0000000000,0.0083515348
0.0000000000,0.4817704172
0.0000000000,0.4840118710
0.0000000000,0.4698599493
0.0000000000,0.2979601724
0.0000000000,0.0559440221
0.0000000000,0.3276863734
0.0000000000,-0.2676382445
0.0000000000,-0.4440014121
0.0000000000,-0.2355027891
0.0000000000,-0.4903011767
0.0000000000,-0.3734882307
0.0000000000,-0.4961149971
0.0000000000,-0.0847217886
0.0000000000,0.1768873413
0.0000000000,-0.1193123981
0.0000000000,0.4294149833
0.0000000000,0.4999958257
0.0000000000,0.4107842752
0.0000000000,0.3933253265
0.0000000000,0.1807033654
0.0000000000,0.4131001294
0.0000000000,-0.1467476521
0.0000000000,-0.3707590584
0.0000000000,-0.1153402742
0.0000000000,-0.4987870509
0.0000000000,-0.4458655667
0.0000000000,-0.4955900384
0.0000000000,-0.2117108427
0.0000000000,0.0518816300
0.0000000000,-0.2390994691
0.0000000000,0.3466388548
0.0000000000,0.4829706539
0.0000000000,0.3245891145
0.0000000000,0.4608264561
0.0000000000,0.2935328887
0.0000000000,0.4712415089
0.0000000000,-0.0154611357
0.0000000000,-0.2730396351
0.0000000000,0.0124368676
0.0000000000,-0.4719377619
0.0000000000,-0.4888073911
0.0000000000,-0.4623468180
0.0000000000,-0.3237018387
0.0000000000,-0.0765492444
0.0000000000,-0.3431014791
0.0000000000,0.2393060734
0.0000000000,0.4340603372
0.0000000000,0.2169649687
0.0000000000,0.4956816339
0.0000000000,0.3869837217
0.0000000000,0.4982720875
0.0000000000,0.1169206812
0.0000000000,-0.1572944615
0.0000000000,0.1393929423
0.0000000000,-0.4116553719
0.0000000000,-0.4994787362
0.0000000000,-0.3985800137
0.0000000000,-0.4127610899
0.0000000000,-0.1999264293
0.0000000000,-0.4244523398
0.0000000000,0.1150203275
0.0000000000,0.3564938761
0.0000000000,0.0950170550
0.0000000000,0.4954216429
0.0000000000,0.4548863521
0.0000000000,0.4924073388
0.0000000000,0.2410195819
0.0000000000,-0.0311648957
0.0000000000,0.2571464616
0.0000000000,-0.3222104170
0.0000000000,-0.4771750924
0.0000000000,-0.3084994335
0.0000000000,-0.4725794448
0.0000000000,-0.3101047105
0.0000000000,-0.4777813646
0.0000000000,-0.0174137094
0.0000000000,0.2553921156
0.0000000000,-0.0332037709
0.0000000000,0.4600649016
0.0000000000,0.4927579296
0.0000000000,0.4540344465
0.0000000000,0.3480441295
0.0000000000,0.0970221392
0.0000000000,0.3579234791
0.0000000000,-0.2099393730
0.0000000000,-0.4233689197
0.0000000000,-0.1980520897
0.0000000000,-0.4989192404
0.0000000000,-0.3998102495
0.0000000000,-0.4995678351
0.0000000000,-0.1486141212
0.0000000000,0.1374296731
0.0000000000,-0.1592325236
0.0000000000,0.3921161586
0.0000000000,0.4980982179
0.0000000000,0.3856867430
0.0000000000,0.4304124713
0.0000000000,0.2188038885
0.0000000000,0.4350708165
0.0000000000,-0.0827957656
0.0000000000,-0.3416124372
0.0000000000,-0.0745295837
0.0000000000,-0.4899145083
0.0000000000,-0.4631207939
0.0000000000,-0.4883734346
0.0000000000,-0.2692863843
0.0000000000,0.0103942880
0.0000000000,-0.2747489355
0.0000000000,0.2963890512
0.0000000000,0.4705546576
0.0000000000,0.2918764620
0.0000000000,0.4822894544
0.0000000000,0.3261404668
0.0000000000,0.4834952990
0.0000000000,0.0502132745
0.0000000000,-0.2373031102
0.0000000000,0.0539132762
0.0000000000,-0.4462031632
0.0000000000,-0.4958566575
0.0000000000,-0.4449372040
0.0000000000,-0.3708818122
0.0000000000,-0.1173273157
0.0000000000,-0.3721267513
0.0000000000,0.1796650966
0.0000000000,0.4119456415
0.0000000000,0.1787968461
0.0000000000,0.5000000000
0.0000000000,0.4119456415
0.0000000000,0.5000000000
0.0000000000,0.1796650966
0.0000000000,-0.1173273156
0.0000000000,0.1787968461
0.0000000000,-0.3708818122
0.0000000000,-0.4958566575
0.0000000000,-0.3721267513
0.0000000000,-0.4462031632
0.0000000000,-0.2373031102
0.0000000000,-0.4449372040
0.0000000000,0.0502132745
0.0000000000,0.3261404668
0.0000000000,0.0539132762
0.0000000000,0.4822894544
0.0000000000,0.4705546576
0.0000000000,0.4834952990
0.0000000000,0.2963890513
0.0000000000,0.0103942880
0.0000000000,0.2918764621
0.0000000000,-0.2692863843
0.0000000000,-0.4631207939
0.0000000000,-0.2747489355
0.0000000000,-0.4899145083
0.0000000000,-0.3416124372
0.0000000000,-0.4883734346
0.0000000000,-0.0827957656
0.0000000000,0.2188038885
0.0000000000,-0.0745295838
0.0000000000,0.4304124713
0.0000000000,0.4980982179
0.0000000000,0.4350708165
0.0000000000,0.3921161587
0.0000000000,0.1374296732
0.0000000000,0.3856867431
0.0000000000,-0.1486141212
0.0000000000,-0.3998102495
0.0000000000,-0.1592325236
0.0000000000,-0.4989192404
0.0000000000,-0.4233689197
0.0000000000,-0.4995678351
0.0000000000,-0.2099393730
0.0000000000,0.0970221392
0.0000000000,-0.1980520897
0.0000000000,0.3480441295
0.0000000000,0.4927579296
0.0000000000,0.3579234791
0.0000000000,0.4600649016
0.0000000000,0.2553921157
0.0000000000,0.4540344465
0.0000000000,-0.0174137094
0.0000000000,-0.3101047105
0.0000000000,-0.0332037709
0.0000000000,-0.4725794448
0.0000000000,-0.4771750924
0.0000000000,-0.4777813646
0.0000000000,-0.3222104170
0.0000000000,-0.0311648958
0.0000000000,-0.3084994335
0.0000000000,0.2410195819
0.0000000000,0.4548863521
0.0000000000,0.2571464616
0.0000000000,0.4954216429
0.0000000000,0.3564938761
0.0000000000,0.4924073388
0.0000000000,0.1150203275
0.0000000000,-0.1999264293
0.0000000000,0.0950170551
0.0000000000,-0.4127610899
0.0000000000,-0.4994787362
0.0000000000,-0.4244523398
0.0000000000,-0.4116553719
0.0000000000,-0.1572944615
0.0000000000,-0.3985800137
0.0000000000,0.1169206812
0.0000000000,0.3869837216
0.0000000000,0.1393929423
0.0000000000,0.4956816339
0.0000000000,0.4340603372
0.0000000000,0.4982720875
0.0000000000,0.2393060734
0.0000000000,-0.0765492444
0.0000000000,0.2169649687
0.0000000000,-0.3237018387
0.0000000000,-0.4888073911
0.0000000000,-0.3431014791
0.0000000000,-0.4719377619
0.0000000000,-0.2730396351
0.0000000000,-0.4623468180
0.0000000000,-0.0154611357
0.0000000000,0.2935328887
0.0000000000,0.0124368676
0.0000000000,0.4608264561
0.0000000000,0.4829706539
0.0000000000,0.4712415089
0.0000000000,0.3466388548
0.0000000000,0.0518816300
0.0000000000,0.3245891145
0.0000000000,-0.2117108427
0.0000000000,-0.4458655667
0.0000000000,-0.2390994691
0.0000000000,-0.4987870509
0.0000000000,-0.3707590584
0.0000000000,-0.4955900384
0.0000000000,-0.1467476521
0.0000000000,0.1807033654
0.0000000000,-0.1153402742
0.0000000000,0.3933253265
0.0000000000,0.4999958257
0.0000000000,0.4131001294
0.0000000000,0.4294149833
0.0000000000,0.1768873413
0.0000000000,0.4107842752
0.0000000000,-0.0847217886
0.0000000000,-0.3734882307
0.0000000000,-0.1193123980
0.0000000000,-0.4903011767
0.0000000000,-0.4440014121
0.0000000000,-0.4961149971
0.0000000000,-0.2676382445
0.0000000000,0.0559440221
0.0000000000,-0.2355027891
0.0000000000,0.2979601724
0.0000000000,0.4840118710
0.0000000000,0.3276863734
0.0000000000,0.4817704172
0.0000000000,0.2902151619
0.0000000000,0.4698599493
0.0000000000,0.0482691418
0.0000000000,-0.2764536485
0.0000000000,0.0083515348
0.0000000000,-0.4470812970
0.0000000000,-0.4879313236
0.0000000000,-0.4638870370
0.0000000000,-0.3695687596
0.0000000000,-0.0725086786
0.0000000000,-0.3401176914
0.0000000000,0.1814868694
0.0000000000,0.4360740314
0.0000000000,0.2206391549
0.0000000000,0.4999961833
0.0000000000,0.3843833246
0.0000000000,0.4979160315
0.0000000000,0.1778405810
0.0000000000,-0.1611679269
0.0000000000,0.1354641093
0.0000000000,-0.3721892027
0.0000000000,-0.4996485927
0.0000000000,-0.4010338095
0.0000000000,-0.4453182172
0.0000000000,-0.1961744431
0.0000000000,-0.4222784306
0.0000000000,0.0521566405
0.0000000000,0.3593471058
0.0000000000,0.0990256033
0.0000000000,0.4828011287
0.0000000000,0.4531749598
0.0000000000,0.4931002927
0.0000000000,0.2948134052
0.0000000000,-0.0352420916
0.0000000000,0.2536335053
0.0000000000,-0.2709304129
0.0000000000,-0.4783796591
0.0000000000,-0.3117048095
0.0000000000,-0.4895203605
0.0000000000,-0.3068890055
0.0000000000,-0.4765608527
0.0000000000,-0.0808684786
0.0000000000,0.2588965140
0.0000000000,-0.0291255002
0.0000000000,0.4314033884
0.0000000000,0.4920485262
0.0000000000,0.4557306624
0.0000000000,0.3909010045
0.0000000000,0.0930103844
0.0000000000,0.3550583206
0.0000000000,-0.1504783214
0.0000000000,-0.4255286726
0.0000000000,-0.2017974307
0.0000000000,-0.4990438131
0.0000000000,-0.3973431228
0.0000000000,-0.4993812973
0.0000000000,-0.2081646982
0.0000000000,0.1413538840
0.0000000000,-0.1553537731
0.0000000000,0.3494440906
0.0000000000,0.4984376373
0.0000000000,0.3882742387
0.0000000000,0.4592963235
0.0000000000,0.2151224261
0.0000000000,0.4330426102
0.0000000000,-0.0193660173
0.0000000000,-0.3445847921
0.0000000000,-0.0785676270
0.0000000000,-0.4732139129
0.0000000000,-0.4615651222
0.0000000000,-0.4892331859
0.0000000000,-0.3207140763
0.0000000000,0.0144792396
0.0000000000,-0.2713257756
0.0000000000,0.2427294109
0.0000000000,0.2951844141
0.0000000000,0.1039089302
0.0000000000,-0.1201476994
0.0000000000,0.1751262616
0.0000000000,-0.4178652578
0.0000000000,-0.4959665474
0.0000000000,-0.3733812744
0.0000000000,-0.4076727254
0.0000000000,-0.2383421869
0.0000000000,-0.4450102111
0.0000000000,0.1215108423
0.0000000000,0.3236902841
0.0000000000,0.0517231690
0.0000000000,0.4960040569
0.0000000000,0.4723089611
0.0000000000,0.4823962668
0.0000000000,0.2390553256
0.0000000000,0.0176996477
0.0000000000,0.2969579745
0.0000000000,-0.3222247067
0.0000000000,-0.4595154678
0.0000000000,-0.2677518899
0.0000000000,-0.4732939898
0.0000000000,-0.3498423067
0.0000000000,-0.4904918833
0.0000000000,-0.0218325602
0.0000000000,0.2066457341
0.0000000000,-0.0867808512
0.0000000000,0.4574229854
0.0000000000,0.4992080373
0.0000000000,0.4277657627
0.0000000000,0.3543525279
0.0000000000,0.1541871356
0.0000000000,0.3959744862
0.0000000000,-0.1998292595
0.0000000000,-0.3877599386
0.0000000000,-0.1415511998
0.0000000000,-0.4996168041
0.0000000000,-0.4344641363
0.0000000000,-0.4982891964
0.0000000000,-0.1633631661
0.0000000000,0.0737246480
0.0000000000,-0.2186175219
0.0000000000,0.3808612618
0.0000000000,0.4877530946
0.0000000000,0.3402701304
0.0000000000,0.4402272033
0.0000000000,0.2788284675
0.0000000000,0.4645683850
0.0000000000,-0.0608416299
0.0000000000,-0.2862129179
0.0000000000,-0.0044751692
0.0000000000,-0.4844555378
0.0000000000,-0.4857062034
0.0000000000,-0.4678030848
0.0000000000,-0.2913294348
0.0000000000,-0.0648606829
0.0000000000,-0.3336578673
0.0000000000,0.2726759436
0.0000000000,0.4388242131
0.0000000000,0.2266316356
0.0000000000,0.4895490233
0.0000000000,0.3820474833
0.0000000000,0.4974696198
0.0000000000,0.0831977895
0.0000000000,-0.1626762358
0.0000000000,0.1329446874
0.0000000000,-0.4290690580
0.0000000000,-0.4996315938
0.0000000000,-0.4013757882
0.0000000000,-0.3951060973
0.0000000000,-0.1984627850
0.0000000000,-0.4230633688
0.0000000000,0.1418498520
0.0000000000,0.3561805856
0.0000000000,0.0955810934
0.0000000000,0.4982227086
0.0000000000,0.4559138940
0.0000000000,0.4921503979
0.0000000000,0.2203291470
0.0000000000,-0.0266411824
0.0000000000,0.2601504396
0.0000000000,-0.3380562036
0.0000000000,-0.4751704235
0.0000000000,-0.3041108981
0.0000000000,-0.4660763908
0.0000000000,-0.3168170448
0.0000000000,-0.4799650256
0.0000000000,-0.0007542877
0.0000000000,0.2461716997
0.0000000000,-0.0428129184
0.0000000000,0.4655280675
0.0000000000,0.4947525631
0.0000000000,0.4490193936
0.0000000000,0.3391661797
0.0000000000,0.1114407059
0.0000000000,0.3673689036
0.0000000000,-0.2189739355
0.0000000000,-0.4142020376
0.0000000000,-0.1834812496
0.0000000000,-0.4983475245
0.0000000000,-0.4108303365
0.0000000000,-0.4999910988
0.0000000000,-0.1432957974
0.0000000000,0.1172495084
0.0000000000,-0.1779176253
0.0000000000,0.3941797947
0.0000000000,0.4955795261
0.0000000000,0.3713903502
0.0000000000,0.4298416353
0.0000000000,0.2409606348
0.0000000000,0.4463625137
0.0000000000,-0.0817098681
0.0000000000,-0.3214106209
0.0000000000,-0.0487547861
0.0000000000,-0.4892399681
0.0000000000,-0.4732796441
0.0000000000,-0.4816029907
0.0000000000,-0.2739391997
0.0000000000,-0.0206809310
0.0000000000,-0.2993529690
0.0000000000,0.2901020656
0.0000000000,0.4583312477
0.0000000000,0.2652274864
0.0000000000,0.4848265678
0.0000000000,0.3519676231
0.0000000000,0.4910622122
0.0000000000,0.0623387163
0.0000000000,-0.2039253127
0.0000000000,0.0897174944
0.0000000000,-0.4395099383
0.0000000000,-0.4993670043
0.0000000000,-0.4262134546
0.0000000000,-0.3818369382
0.0000000000,-0.1570224600
0.0000000000,-0.3977891048
0.0000000000,0.1619366409
0.0000000000,0.3858695030
0.0000000000,0.1386872662
0.0000000000,0.4995554795
0.0000000000,0.4359330337
0.0000000000,0.4980337333
0.0000000000,0.2012112052
0.0000000000,-0.0707724777
0.0000000000,0.2212968041
0.0000000000,-0.3532866090
0.0000000000,-0.4870881321
0.0000000000,-0.3380780537
0.0000000000,-0.4580300699
0.0000000000,-0.2812999958
0.0000000000,-0.4656632108
0.0000000000,0.0203253261
0.0000000000,0.2837615084
0.0000000000,0.0014917408
0.0000000000,0.4728054026
0.0000000000,0.4864058269
0.0000000000,0.4667414569
0.0000000000,0.3233767663
0.0000000000,0.0678177876
0.0000000000,0.3358739399
0.0000000000,-0.2377292579
0.0000000000,-0.4373864099
0.0000000000,-0.2239682070
0.0000000000,-0.4961921422
0.0000000000,-0.3839653287
0.0000000000,-0.4977605379
0.0000000000,-0.1229736371
0.0000000000,0.1598521936
0.0000000000,-0.1358183947
0.0000000000,0.4067974437
0.0000000000,0.4995081914
0.0000000000,0.3995895601
0.0000000000,0.4186917736
0.0000000000,0.2011976306
0.0000000000,0.4246459714
0.0000000000,-0.1024328196
0.0000000000,-0.3540804078
0.0000000000,-0.0926509433
0.0000000000,-0.4931544896
0.0000000000,-0.4571307088
0.0000000000,-0.4916150569
0.0000000000,-0.2560618783
0.0000000000,0.0236614779
0.0000000000,-0.2626936395
0.0000000000,0.3070123625
0.0000000000,0.4742334763
0.0000000000,0.3017373052
0.0000000000,0.4792420510
0.0000000000,0.3191195139
0.0000000000,0.4807925674
0.0000000000,0.0413687998
0.0000000000,-0.2435705034
0.0000000000,0.0457846673
0.0000000000,-0.4491693340
0.0000000000,-0.4951748599
0.0000000000,-0.4476989237
0.0000000000,-0.3678888418
0.0000000000,-0.1143471428
0.0000000000,-0.3693862028
0.0000000000,0.1817354933
0.0000000000,0.4125235310
0.0000000000,0.1807026544
0.0000000000,0.5000000000
0.0000000000,0.4125235310
0.0000000000,0.5000000000
0.0000000000,0.1817354934
0.0000000000,-0.1143471428
0.0000000000,0.1807026544
0.0000000000,-0.3678888418
0.0000000000,-0.4951748599
0.0000000000,-0.3693862028
0.0000000000,-0.4491693340
0.0000000000,-0.2435705034
0.0000000000,-0.4476989237
0.0000000000,0.0413687998
0.0000000000,0.3191195139
0.0000000000,0.0457846673
0.0000000000,0.4792420510
0.0000000000,0.4742334763
0.0000000000,0.4807925674
0.0000000000,0.3070123625
0.0000000000,0.0236614779
0.0000000000,0.3017373052
0.0000000000,-0.2560618783
0.0000000000,-0.4571307088
0.0000000000,-0.2626936395
0.0000000000,-0.4931544896
0.0000000000,-0.3540804078
0.0000000000,-0.4916150569
0.0000000000,-0.1024328196
0.0000000000,0.2011976306
0.0000000000,-0.0926509433
0.0000000000,0.4186917736
0.0000000000,0.4995081914
0.0000000000,0.4246459714
0.0000000000,0.4067974437
0.0000000000,0.1598521936
0.0000000000,0.3995895601
0.0000000000,-0.1229736371
0.0000000000,-0.3839653287
0.0000000000,-0.1358183947
0.0000000000,-0.4961921422
0.0000000000,-0.4373864099
0.0000000000,-0.4977605379
0.0000000000,-0.2377292579
0.0000000000,0.0678177876
0.0000000000,-0.2239682070
0.0000000000,0.3233767663
0.0000000000,0.4864058269
0.0000000000,0.3358739399
0.0000000000,0.4728054026
0.0000000000,0.2837615084
0.0000000000,0.4667414569
0.0000000000,0.0203253261
0.0000000000,-0.2812999957
0.0000000000,0.0014917408
0.0000000000,-0.4580300699
0.0000000000,-0.4870881321
0.0000000000,-0.4656632108
0.0000000000,-0.3532866090
0.0000000000,-0.0707724777
0.0000000000,-0.3380780537
0.0000000000,0.2012112052
0.0000000000,0.4359330337
0.0000000000,0.2212968040
0.0000000000,0.4995554795
0.0000000000,0.3858695030
0.0000000000,0.4980337333
0.0000000000,0.1619366410
0.0000000000,-0.1570224600
0.0000000000,0.1386872662
0.0000000000,-0.3818369382
0.0000000000,-0.4993670043
0.0000000000,-0.3977891047
0.0000000000,-0.4395099383
0.0000000000,-0.2039253127
0.0000000000,-0.4262134546
0.0000000000,0.0623387163
0.0000000000,0.3519676231
0.0000000000,0.0897174944
0.0000000000,0.4848265678
0.0000000000,0.4583312477
0.0000000000,0.4910622122
0.0000000000,0.2901020656
0.0000000000,-0.0206809309
0.0000000000,0.2652274864
0.0000000000,-0.2739391997
0.0000000000,-0.4732796441
0.0000000000,-0.2993529690
0.0000000000,-0.4892399681
0.0000000000,-0.3214106209
0.0000000000,-0.4816029907
0.0000000000,-0.0817098682
0.0000000000,0.2409606348
0.0000000000,-0.0487547861
0.0000000000,0.4298416353
0.0000000000,0.4955795261
0.0000000000,0.4463625137
0.0000000000,0.3941797947
0.0000000000,0.1172495085
0.0000000000,0.3713903502
0.0000000000,-0.1432957974
0.0000000000,-0.4108303365
0.0000000000,-0.1779176253
0.0000000000,-0.4983475245
0.0000000000,-0.4142020377
0.0000000000,-0.4999910988
0.0000000000,-0.2189739355
0.0000000000,0.1114407059
0.0000000000,-0.1834812496
0.0000000000,0.3391661797
0.0000000000,0.4947525631
0.0000000000,0.3673689035
0.0000000000,0.4655280675
0.0000000000,0.2461716997
0.0000000000,0.4490193936
0.0000000000,-0.0007542876
0.0000000000,-0.3168170448
0.0000000000,-0.0428129184
0.0000000000,-0.4660763908
0.0000000000,-0.4751704235
0.0000000000,-0.4799650256
0.0000000000,-0.3380562037
0.0000000000,-0.0266411824
0.0000000000,-0.3041108981
0.0000000000,0.2203291470
0.0000000000,0.4559138940
0.0000000000,0.2601504396
0.0000000000,0.4982227086
0.0000000000,0.3561805856
0.0000000000,0.4921503979
0.0000000000,0.1418498520
0.0000000000,-0.1984627850
0.0000000000,0.0955810934
0.0000000000,-0.3951060973
0.0000000000,-0.4996315938
0.0000000000,-0.4230633688
0.0000000000,-0.4290690580
0.0000000000,-0.1626762358
0.0000000000,-0.4013757882
0.0000000000,0.0831977895
0.0000000000,0.3820474833
0.0000000000,0.1329446874
0.0000000000,0.4895490233
0.0000000000,0.4388242131
0.0000000000,0.4974696198
0.0000000000,0.2726759436
0.0000000000,-0.0648606829
0.0000000000,0.2266316357
0.0000000000,-0.2913294348
0.0000000000,-0.4857062034
0.0000000000,-0.3336578673
0.0000000000,-0.4844555378
0.0000000000,-0.2862129179
0.0000000000,-0.4678030848
0.0000000000,-0.0608416299
0.0000000000,0.2788284675
0.0000000000,-0.0044751692
0.0000000000,0.4402272033
0.0000000000,0.4877530946
0.0000000000,0.4645683849
0.0000000000,0.3808612618
0.0000000000,0.0737246480
0.0000000000,0.3402701304
0.0000000000,-0.1633631660
0.0000000000,-0.4344641363
0.0000000000,-0.2186175219
0.0000000000,-0.4996168041
0.0000000000,-0.3877599386
0.0000000000,-0.4982891964
0.0000000000,-0.1998292595
0.0000000000,0.1541871356
0.0000000000,-0.1415511998
0.0000000000,0.3543525279
0.0000000000,0.4992080373
0.0000000000,0.3959744862
0.0000000000,0.4574229854
0.0000000000,0.2066457341
0.0000000000,0.4277657627
0.0000000000,-0.0218325602
0.0000000000,-0.3498423067
0.0000000000,-0.0867808512
0.0000000000,-0.4732939898
0.0000000000,-0.4595154678
0.0000000000,-0.4904918833
0.0000000000,-0.3222247067
0.0000000000,0.0176996477
0.0000000000,-0.2677518899
0.0000000000,0.2390553256
0.0000000000,0.4723089610
0.0000000000,0.2969579745
0.0000000000,0.4960040569
0.0000000000,0.3236902841
0.0000000000,0.4823962668
0.0000000000,0.1215108423
0.0000000000,-0.2383421869
0.0000000000,0.0517231690
0.0000000000,-0.4076727254
0.0000000000,-0.4959665474
0.0000000000,-0.4450102111
0.0000000000,-0.4178652578
0.0000000000,-0.1201476994
0.0000000000,-0.3733812744
0.0000000000,0.1039089302
0.0000000000,0.1751262616
0.0000000000,-0.0721581886
0.0000000000,-0.2682181623
0.0000000000,0.0159320381
0.0000000000,-0.4865518904
0.0000000000,-0.4908533651
0.0000000000,-0.4592533196
0.0000000000,-0.2863239058
0.0000000000,-0.0910250541
0.0000000000,-0.3520479770
0.0000000000,0.2755939321
0.0000000000,0.4242344204
0.0000000000,0.2015982711
0.0000000000,0.4893762254
0.0000000000,0.4015115426
0.0000000000,0.4995926746
0.0000000000,0.0849690781
0.0000000000,-0.1303782340
0.0000000000,0.1640410258
0.0000000000,-0.4267726395
0.0000000000,-0.4969320886
0.0000000000,-0.3795351790
0.0000000000,-0.3994069678
0.0000000000,-0.2333138471
0.0000000000,-0.4418132652
0.0000000000,0.1324972515
0.0000000000,0.3261755596
0.0000000000,0.0561831767
0.0000000000,0.4970283997
0.0000000000,0.4720335249
0.0000000000,0.4829323173
0.0000000000,0.2337037338
0.0000000000,0.0192938896
0.0000000000,0.2972628243
0.0000000000,-0.3248399741
0.0000000000,-0.4579128129
0.0000000000,-0.2653731424
0.0000000000,-0.4730395920
0.0000000000,-0.3544287455
0.0000000000,-0.4914827441
0.0000000000,-0.0236865182
0.0000000000,0.1985153400
0.0000000000,-0.0943307007
0.0000000000,0.4555878200
0.0000000000,0.4997171234
0.0000000000,0.4224444799
0.0000000000,0.3593548798
0.0000000000,0.1672150379
0.0000000000,0.4035071768
0.0000000000,-0.1908220417
0.0000000000,-0.3773366482
0.0000000000,-0.1271277390
0.0000000000,-0.4999488977
0.0000000000,-0.4433782280
0.0000000000,-0.4965487675
0.0000000000,-0.1775307105
0.0000000000,0.0528392891
0.0000000000,-0.2362837989
0.0000000000,0.3691476776
0.0000000000,0.4820499730
0.0000000000,0.3236186055
0.0000000000,0.4495116342
0.0000000000,0.2999609464
0.0000000000,0.4731321064
0.0000000000,-0.0379561330
0.0000000000,-0.2625161105
0.0000000000,0.0226548679
0.0000000000,-0.4774769845
0.0000000000,-0.4920898765
0.0000000000,-0.4565515791
0.0000000000,-0.3138397449
0.0000000000,-0.0976320775
0.0000000000,-0.3567934710
0.0000000000,0.2462458841
0.0000000000,0.4206354178
0.0000000000,0.1954234231
0.0000000000,0.4952689861
0.0000000000,0.4054845465
0.0000000000,0.4998189528
0.0000000000,0.1186587991
0.0000000000,-0.1238714898
0.0000000000,0.1703814812
0.0000000000,-0.4078434603
0.0000000000,-0.4961429704
0.0000000000,-0.3751210376
0.0000000000,-0.4191500328
0.0000000000,-0.2392430555
0.0000000000,-0.4449231217
0.0000000000,0.0990217609
0.0000000000,0.3210470031
0.0000000000,0.0494930097
0.0000000000,0.4921073658
0.0000000000,0.4742092719
0.0000000000,0.4811458090
0.0000000000,0.2635535011
0.0000000000,0.0260148207
0.0000000000,0.3026454909
0.0000000000,-0.2979262046
0.0000000000,-0.4551696798
0.0000000000,-0.2596471960
0.0000000000,-0.4830598105
0.0000000000,-0.3591420464
0.0000000000,-0.4926747347
0.0000000000,-0.0579829923
0.0000000000,0.1923226605
0.0000000000,-0.1009290350
0.0000000000,0.4403390546
0.0000000000,0.4998981583
0.0000000000,0.4188073158
0.0000000000,0.3824163563
0.0000000000,0.1735402122
0.0000000000,0.4074435623
0.0000000000,-0.1585820231
0.0000000000,-0.3728884474
0.0000000000,-0.1206096335
0.0000000000,-0.4992565472
0.0000000000,-0.4464478761
0.0000000000,-0.4957147157
0.0000000000,-0.2092606186
0.0000000000,0.0461444901
0.0000000000,-0.2421914829
0.0000000000,0.3450773398
0.0000000000,0.4802198663
0.0000000000,0.3184608686
0.0000000000,0.4635069794
0.0000000000,0.3053163363
0.0000000000,0.4752649726
0.0000000000,-0.0035742935
0.0000000000,-0.2567665287
0.0000000000,0.0293735959
0.0000000000,-0.4661404503
0.0000000000,-0.4932372924
0.0000000000,-0.4537671775
0.0000000000,-0.3398690435
0.0000000000,-0.1042214240
0.0000000000,-0.3614743656
0.0000000000,0.2157314622
0.0000000000,0.4169602568
0.0000000000,0.1892131926
0.0000000000,0.4988158443
0.0000000000,0.4093841354
0.0000000000,0.4999547362
0.0000000000,0.1517864780
0.0000000000,-0.1173423180
0.0000000000,0.1766910881
0.0000000000,-0.3869824805
0.0000000000,-0.4952640228
0.0000000000,-0.3706389786
0.0000000000,-0.4369077423
0.0000000000,-0.2451289477
0.0000000000,-0.4479524224
0.0000000000,0.0650772416
0.0000000000,0.3158603192
0.0000000000,0.0427938817
0.0000000000,0.4848554049
0.0000000000,0.4762991608
0.0000000000,0.4792721867
0.0000000000,0.2921549148
0.0000000000,0.0327310416
0.0000000000,0.3079733619
0.0000000000,-0.2696012711
0.0000000000,-0.4523441358
0.0000000000,-0.2538742391
0.0000000000,-0.4907919568
0.0000000000,-0.3637903228
0.0000000000,-0.4937775239
0.0000000000,-0.0920048229
0.0000000000,0.1860951601
0.0000000000,-0.1075090955
0.0000000000,0.4230045692
0.0000000000,0.4999886839
0.0000000000,0.4150943244
0.0000000000,0.4036664706
0.0000000000,0.1798339661
0.0000000000,0.4113061779
0.0000000000,-0.1255908612
0.0000000000,-0.3683727330
0.0000000000,-0.1140696910
0.0000000000,-0.4961994067
0.0000000000,-0.4494366924
0.0000000000,-0.4947909121
0.0000000000,-0.2399993380
0.0000000000,0.0394413363
0.0000000000,-0.2480553169
0.0000000000,0.3193725008
0.0000000000,0.4783028132
0.0000000000,0.3132454726
0.0000000000,0.4753068668
0.0000000000,0.3106164472
0.0000000000,0.4773117896
0.0000000000,0.0308244760
0.0000000000,-0.2509704580
0.0000000000,0.0360870057
0.0000000000,-0.4525959845
0.0000000000,-0.4942954050
0.0000000000,-0.4509006189
0.0000000000,-0.3642885107
0.0000000000,-0.1107919007
0.0000000000,-0.3660898133
0.0000000000,0.1841952017
0.0000000000,0.4132096030
0.0000000000,0.1829687041
0.0000000000,0.5000000000
0.0000000000,0.4132096030
0.0000000000,0.5000000000
0.0000000000,0.1841952017
0.0000000000,-0.1107919007
0.0000000000,0.1829687041
0.0000000000,-0.3642885107
0.0000000000,-0.4942954050
0.0000000000,-0.3660898133
0.0000000000,-0.4525959845
0.0000000000,-0.2509704580
0.0000000000,-0.4509006189
0.0000000000,0.0308244760
0.0000000000,0.3106164472
0.0000000000,0.0360870057
0.0000000000,0.4753068668
0.0000000000,0.4783028132
0.0000000000,0.4773117896
0.0000000000,0.3193725008
0.0000000000,0.0394413364
0.0000000000,0.3132454726
0.0000000000,-0.2399993380
0.0000000000,-0.4494366924
0.0000000000,-0.2480553169
0.0000000000,-0.4961994067
0.0000000000,-0.3683727330
0.0000000000,-0.4947909121
0.0000000000,-0.1255908613
0.0000000000,0.1798339661
0.0000000000,-0.1140696910
0.0000000000,0.4036664706
0.0000000000,0.4999886839
0.0000000000,0.4113061779
0.0000000000,0.4230045692
0.0000000000,0.1860951601
0.0000000000,0.4150943244
0.0000000000,-0.0920048228
0.0000000000,-0.3637903228
0.0000000000,-0.1075090955
0.0000000000,-0.4907919568
0.0000000000,-0.4523441358
0.0000000000,-0.4937775239
0.0000000000,-0.2696012711
0.0000000000,0.0327310416
0.0000000000,-0.2538742391
0.0000000000,0.2921549148
0.0000000000,0.4762991608
0.0000000000,0.3079733619
0.0000000000,0.4848554049
0.0000000000,0.3158603192
0.0000000000,0.4792721867
0.0000000000,0.0650772417
0.0000000000,-0.2451289477
0.0000000000,0.0427938817
0.0000000000,-0.4369077423
0.0000000000,-0.4952640228
0.0000000000,-0.4479524224
0.0000000000,-0.3869824805
0.0000000000,-0.1173423180
0.0000000000,-0.3706389786
0.0000000000,0.1517864780
0.0000000000,0.4093841354
0.0000000000,0.1766910880
0.0000000000,0.4988158443
0.0000000000,0.4169602568
0.0000000000,0.4999547362
0.0000000000,0.2157314622
0.0000000000,-0.1042214240
0.0000000000,0.1892131926
0.0000000000,-0.3398690435
0.0000000000,-0.4932372924
0.0000000000,-0.3614743656
0.0000000000,-0.4661404503
0.0000000000,-0.2567665287
0.0000000000,-0.4537671775
0.0000000000,-0.0035742936
0.0000000000,0.3053163363
0.0000000000,0.0293735959
0.0000000000,0.4635069794
0.0000000000,0.4802198663
0.0000000000,0.4752649726
0.0000000000,0.3450773398
0.0000000000,0.0461444901
0.0000000000,0.3184608686
0.0000000000,-0.2092606185
0.0000000000,-0.4464478761
0.0000000000,-0.2421914829
0.0000000000,-0.4992565472
0.0000000000,-0.3728884474
0.0000000000,-0.4957147157
0.0000000000,-0.1585820231
0.0000000000,0.1735402122
0.0000000000,-0.1206096335
0.0000000000,0.3824163563
0.0000000000,0.4998981583
0.0000000000,0.4074435623
0.0000000000,0.4403390546
0.0000000000,0.1923226605
0.0000000000,0.4188073158
0.0000000000,-0.0579829923
0.0000000000,-0.3591420464
0.0000000000,-0.1009290350
0.0000000000,-0.4830598105
0.0000000000,-0.4551696798
0.0000000000,-0.4926747347
0.0000000000,-0.2979262046
0.0000000000,0.0260148207
0.0000000000,-0.2596471960
0.0000000000,0.2635535011
0.0000000000,0.4742092719
0.0000000000,0.3026454909
0.0000000000,0.4921073658
0.0000000000,0.3210470031
0.0000000000,0.4811458090
0.0000000000,0.0990217610
0.0000000000,-0.2392430555
0.0000000000,0.0494930097
0.0000000000,-0.4191500328
0.0000000000,-0.4961429704
0.0000000000,-0.4449231216
0.0000000000,-0.4078434603
0.0000000000,-0.1238714898
0.0000000000,-0.3751210376
0.0000000000,0.1186587991
0.0000000000,0.4054845465
0.0000000000,0.1703814812
0.0000000000,0.4952689861
0.0000000000,0.4206354178
0.0000000000,0.4998189528
0.0000000000,0.2462458841
0.0000000000,-0.0976320774
0.0000000000,0.1954234231
0.0000000000,-0.3138397449
0.0000000000,-0.4920898765
0.0000000000,-0.3567934710
0.0000000000,-0.4774769845
0.0000000000,-0.2625161105
0.0000000000,-0.4565515791
0.0000000000,-0.0379561330
0.0000000000,0.2999609464
0.0000000000,0.0226548679
0.0000000000,0.4495116342
0.0000000000,0.4820499730
0.0000000000,0.4731321064
0.0000000000,0.3691476776
0.0000000000,0.0528392891
0.0000000000,0.3236186055
0.0000000000,-0.1775307105
0.0000000000,-0.4433782280
0.0000000000,-0.2362837989
0.0000000000,-0.4999488977
0.0000000000,-0.3773366483
0.0000000000,-0.4965487675
0.0000000000,-0.1908220417
0.0000000000,0.1672150379
0.0000000000,-0.1271277390
0.0000000000,0.3593548798
0.0000000000,0.4997171234
0.0000000000,0.4035071768
0.0000000000,0.4555878200
0.0000000000,0.1985153400
0.0000000000,0.4224444799
0.0000000000,-0.0236865182
0.0000000000,-0.3544287455
0.0000000000,-0.0943307007
0.0000000000,-0.4730395920
0.0000000000,-0.4579128129
0.0000000000,-0.4914827441
0.0000000000,-0.3248399741
0.0000000000,0.0192938896
0.0000000000,-0.2653731424
0.0000000000,0.2337037338
0.0000000000,0.4720335248
0.0000000000,0.2972628243
0.0000000000,0.4970283997
0.0000000000,0.3261755596
0.0000000000,0.4829323173
0.0000000000,0.1324972515
0.0000000000,-0.2333138471
0.0000000000,0.0561831767
0.0000000000,-0.3994069678
0.0000000000,-0.4969320886
0.0000000000,-0.4418132652
0.0000000000,-0.4267726395
0.0000000000,-0.1303782340
0.0000000000,-0.3795351790
0.0000000000,0.0849690781
0.0000000000,0.4015115426
0.0000000000,0.1640410258
0.0000000000,0.4893762254
0.0000000000,0.4242344204
0.0000000000,0.4995926746
0.0000000000,0.2755939321
0.0000000000,-0.0910250541
0.0000000000,0.2015982711
0.0000000000,-0.2863239058
0.0000000000,-0.4908533651
0.0000000000,-0.3520479770
0.0000000000,-0.4865518904
0.0000000000,-0.2682181623
0.0000000000,-0.4592533196
0.0000000000,-0.0721581886
0.0000000000,0.0159320381
0.0000000000,-0.2680112094
0.0000000000,-0.4070014449
0.0000000000,-0.1741821548
0.0000000000,-0.4917274116
0.0000000000,-0.4207928035
0.0000000000,-0.4998487074
0.0000000000,-0.1000205218
0.0000000000,0.0945069154
0.0000000000,-0.1970218804
0.0000000000,0.4168673876
0.0000000000,0.4909767368
0.0000000000,0.3535338006
0.0000000000,0.4120235193
0.0000000000,0.2701085037
0.0000000000,0.4595676697
0.0000000000,-0.1084897671
0.0000000000,-0.2903853077
0.0000000000,-0.0122437844
0.0000000000,-0.4932223215
0.0000000000,-0.4857581522
0.0000000000,-0.4686603053
0.0000000000,-0.2606608245
0.0000000000,-0.0703546193
0.0000000000,-0.3357987211
0.0000000000,0.2981316020
0.0000000000,0.4335105056
0.0000000000,0.2192851674
0.0000000000,0.4837964217
0.0000000000,0.3922937313
0.0000000000,0.4986470747
0.0000000000,0.0639642065
0.0000000000,-0.1421803212
0.0000000000,0.1510264960
0.0000000000,-0.4359226259
0.0000000000,-0.4978814986
0.0000000000,-0.3864898481
0.0000000000,-0.3902290332
0.0000000000,-0.2275628003
0.0000000000,-0.4380465264
0.0000000000,0.1438570154
0.0000000000,0.3288859036
0.0000000000,0.0611821383
0.0000000000,0.4978983337
0.0000000000,0.4718042532
0.0000000000,0.4834823879
0.0000000000,0.2287933218
0.0000000000,0.0214914007
0.0000000000,0.2978677316
0.0000000000,-0.3266587397
0.0000000000,-0.4558440346
0.0000000000,-0.2622760462
0.0000000000,-0.4732799594
0.0000000000,-0.3600161234
0.0000000000,-0.4926425210
0.0000000000,-0.0275660579
0.0000000000,0.1884842599
0.0000000000,-0.1035764388
0.0000000000,0.4526482359
0.0000000000,0.4999907134
0.0000000000,0.4157232623
0.0000000000,0.3663491112
0.0000000000,0.1828252337
0.0000000000,0.4123061608
0.0000000000,-0.1784554728
0.0000000000,-0.3642187018
0.0000000000,-0.1095311918
0.0000000000,-0.4999135111
0.0000000000,-0.4533059808
0.0000000000,-0.4936476143
0.0000000000,-0.1957031172
0.0000000000,0.0275788210
0.0000000000,-0.2570677085
0.0000000000,0.3534401697
0.0000000000,0.4737869173
0.0000000000,0.3027407072
0.0000000000,0.4602342262
0.0000000000,0.3242708746
0.0000000000,0.4818928816
0.0000000000,-0.0089794073
0.0000000000,-0.2329727361
0.0000000000,0.0551287432
0.0000000000,-0.4669548335
0.0000000000,-0.4972840654
0.0000000000,-0.4409524698
0.0000000000,-0.3405113710
0.0000000000,-0.1363267119
0.0000000000,-0.3825945017
0.0000000000,0.2121002404
0.0000000000,0.3960433803
0.0000000000,0.1568252512
0.0000000000,0.4992570843
0.0000000000,0.4304415085
0.0000000000,0.4990580741
0.0000000000,0.1615670491
0.0000000000,-0.0763834061
0.0000000000,0.2137916338
0.0000000000,-0.3783327685
0.0000000000,-0.4871663298
0.0000000000,-0.3402893987
0.0000000000,-0.4447289402
0.0000000000,-0.2854022798
0.0000000000,-0.4665016960
0.0000000000,0.0454768854
0.0000000000,0.2752172413
0.0000000000,-0.0061500528
0.0000000000,0.4787659626
0.0000000000,0.4897876248
0.0000000000,0.4619344652
0.0000000000,0.3128538928
0.0000000000,0.0885151043
0.0000000000,0.3491977290
0.0000000000,-0.2446115162
0.0000000000,-0.4240534068
0.0000000000,-0.2026087849
0.0000000000,-0.4959325614
0.0000000000,-0.4034310647
0.0000000000,-0.4996616542
0.0000000000,-0.1265675453
0.0000000000,0.1244522736
0.0000000000,-0.1684563385
0.0000000000,0.4012035068
0.0000000000,0.4958534027
0.0000000000,0.3745604552
0.0000000000,0.4268469637
0.0000000000,0.2437847174
0.0000000000,0.4466172107
0.0000000000,-0.0817313290
0.0000000000,-0.3148108802
0.0000000000,-0.0428878743
0.0000000000,-0.4880185027
0.0000000000,-0.4775735966
0.0000000000,-0.4784671520
0.0000000000,-0.2835244818
0.0000000000,-0.0398509276
0.0000000000,-0.3124375170
0.0000000000,0.2758155556
0.0000000000,0.4479789915
0.0000000000,0.2464408101
0.0000000000,0.4899577090
0.0000000000,0.3725348115
0.0000000000,0.4954525410
0.0000000000,0.0908916477
0.0000000000,-0.1713224287
0.0000000000,0.1214984879
0.0000000000,-0.4219301602
0.0000000000,-0.4997644630
0.0000000000,-0.4052237812
0.0000000000,-0.4066838604
0.0000000000,-0.1998190440
0.0000000000,-0.4224309511
0.0000000000,0.1175489895
0.0000000000,0.3513722909
0.0000000000,0.0915127095
0.0000000000,0.4946630071
0.0000000000,0.4607596252
0.0000000000,0.4903912890
0.0000000000,0.2526798784
0.0000000000,-0.0091970894
0.0000000000,0.2726679368
0.0000000000,-0.3055456000
0.0000000000,-0.4675896853
0.0000000000,-0.2878991410
0.0000000000,-0.4813644575
0.0000000000,-0.3380503386
0.0000000000,-0.4864712763
0.0000000000,-0.0547300130
0.0000000000,0.2165424225
0.0000000000,-0.0733703755
0.0000000000,0.4404019629
0.0000000000,0.4988618398
0.0000000000,0.4319840304
0.0000000000,0.3843473844
0.0000000000,0.1539287326
0.0000000000,0.3941758770
0.0000000000,-0.1527384526
0.0000000000,-0.3845493172
0.0000000000,-0.1392561030
0.0000000000,-0.4986639668
0.0000000000,-0.4395076611
0.0000000000,-0.4975920239
0.0000000000,-0.2204849201
0.0000000000,0.0581565209
0.0000000000,-0.2302720451
0.0000000000,0.3336427681
0.0000000000,0.4826965999
0.0000000000,0.3265844548
0.0000000000,0.4701987304
0.0000000000,0.3003097971
0.0000000000,0.4728043668
0.0000000000,0.0182758940
0.0000000000,-0.2596767004
0.0000000000,0.0245355666
0.0000000000,-0.4565201989
0.0000000000,-0.4931542271
0.0000000000,-0.4545834508
0.0000000000,-0.3599569050
0.0000000000,-0.1065557944
0.0000000000,-0.3621241384
0.0000000000,0.1871116611
0.0000000000,0.4140224013
0.0000000000,0.1856581950
0.0000000000,0.5000000000
0.0000000000,0.4140224013
0.0000000000,0.5000000000
0.0000000000,0.1871116612
0.0000000000,-0.1065557943
0.0000000000,0.1856581951
0.0000000000,-0.3599569050
0.0000000000,-0.4931542271
0.0000000000,-0.3621241384
0.0000000000,-0.4565201989
0.0000000000,-0.2596767004
0.0000000000,-0.4545834508
0.0000000000,0.0182758939
0.0000000000,0.3003097971
0.0000000000,0.0245355666
0.0000000000,0.4701987304
0.0000000000,0.4826965999
0.0000000000,0.4728043668
0.0000000000,0.3336427682
0.0000000000,0.0581565209
0.0000000000,0.3265844548
0.0000000000,-0.2204849201
0.0000000000,-0.4395076611
0.0000000000,-0.2302720451
0.0000000000,-0.4986639668
0.0000000000,-0.3845493172
0.0000000000,-0.4975920239
0.0000000000,-0.1527384526
0.0000000000,0.1539287326
0.0000000000,-0.1392561030
0.0000000000,0.3843473844
0.0000000000,0.4988618398
0.0000000000,0.3941758770
0.0000000000,0.4404019629
0.0000000000,0.2165424225
0.0000000000,0.4319840304
0.0000000000,-0.0547300130
0.0000000000,-0.3380503386
0.0000000000,-0.0733703754
0.0000000000,-0.4813644575
0.0000000000,-0.4675896853
0.0000000000,-0.4864712763
0.0000000000,-0.3055456000
0.0000000000,-0.0091970894
0.0000000000,-0.2878991410
0.0000000000,0.2526798784
0.0000000000,0.4607596252
0.0000000000,0.2726679368
0.0000000000,0.4946630071
0.0000000000,0.3513722909
0.0000000000,0.4903912890
0.0000000000,0.1175489895
0.0000000000,-0.1998190440
0.0000000000,0.0915127095
0.0000000000,-0.4066838604
0.0000000000,-0.4997644630
0.0000000000,-0.4224309511
0.0000000000,-0.4219301602
0.0000000000,-0.1713224287
0.0000000000,-0.4052237812
0.0000000000,0.0908916477
0.0000000000,0.3725348115
0.0000000000,0.1214984879
0.0000000000,0.4899577090
0.0000000000,0.4479789915
0.0000000000,0.4954525410
0.0000000000,0.2758155556
0.0000000000,-0.0398509276
0.0000000000,0.2464408101
0.0000000000,-0.2835244818
0.0000000000,-0.4775735966
0.0000000000,-0.3124375170
0.0000000000,-0.4880185027
0.0000000000,-0.3148108802
0.0000000000,-0.4784671520
0.0000000000,-0.0817313290
0.0000000000,0.2437847174
0.0000000000,-0.0428878743
0.0000000000,0.4268469637
0.0000000000,0.4958534027
0.0000000000,0.4466172107
0.0000000000,0.4012035068
0.0000000000,0.1244522736
0.0000000000,0.3745604552
0.0000000000,-0.1265675453
0.0000000000,-0.4034310647
0.0000000000,-0.1684563385
0.0000000000,-0.4959325614
0.0000000000,-0.4240534068
0.0000000000,-0.4996616542
0.0000000000,-0.2446115162
0.0000000000,0.0885151043
0.0000000000,-0.2026087849
0.0000000000,0.3128538928
0.0000000000,0.4897876248
0.0000000000,0.3491977290
0.0000000000,0.4787659626
0.0000000000,0.2752172413
0.0000000000,0.4619344652
0.0000000000,0.0454768854
0.0000000000,-0.2854022798
0.0000000000,-0.0061500528
0.0000000000,-0.4447289402
0.0000000000,-0.4871663298
0.0000000000,-0.4665016960
0.0000000000,-0.3783327685
0.0000000000,-0.0763834061
0.0000000000,-0.3402893987
0.0000000000,0.1615670491
0.0000000000,0.4304415085
0.0000000000,0.2137916338
0.0000000000,0.4992570843
0.0000000000,0.3960433803
0.0000000000,0.4990580741
0.0000000000,0.2121002405
0.0000000000,-0.1363267119
0.0000000000,0.1568252513
0.0000000000,-0.3405113710
0.0000000000,-0.4972840654
0.0000000000,-0.3825945017
0.0000000000,-0.4669548335
0.0000000000,-0.2329727361
0.0000000000,-0.4409524698
0.0000000000,-0.0089794073
0.0000000000,0.3242708746
0.0000000000,0.0551287432
0.0000000000,0.4602342262
0.0000000000,0.4737869173
0.0000000000,0.4818928816
0.0000000000,0.3534401697
0.0000000000,0.0275788210
0.0000000000,0.3027407072
0.0000000000,-0.1957031171
0.0000000000,-0.4533059808
0.0000000000,-0.2570677085
0.0000000000,-0.4999135111
0.0000000000,-0.3642187018
0.0000000000,-0.4936476143
0.0000000000,-0.1784554728
0.0000000000,0.1828252337
0.0000000000,-0.1095311918
0.0000000000,0.3663491112
0.0000000000,0.4999907134
0.0000000000,0.4123061608
0.0000000000,0.4526482359
0.0000000000,0.1884842599
0.0000000000,0.4157232623
0.0000000000,-0.0275660579
0.0000000000,-0.3600161234
0.0000000000,-0.1035764387
0.0000000000,-0.4732799594
0.0000000000,-0.4558440346
0.0000000000,-0.4926425209
0.0000000000,-0.3266587397
0.0000000000,0.0214914007
0.0000000000,-0.2622760462
0.0000000000,0.2287933218
0.0000000000,0.4718042532
0.0000000000,0.2978677315
0.0000000000,0.4978983337
0.0000000000,0.3288859036
0.0000000000,0.4834823879
0.0000000000,0.1438570154
0.0000000000,-0.2275628003
0.0000000000,0.0611821383
0.0000000000,-0.3902290332
0.0000000000,-0.4978814986
0.0000000000,-0.4380465264
0.0000000000,-0.4359226259
0.0000000000,-0.1421803213
0.0000000000,-0.3864898481
0.0000000000,0.0639642065
0.0000000000,0.3922937313
0.0000000000,0.1510264960
0.0000000000,0.4837964217
0.0000000000,0.4335105056
0.0000000000,0.4986470747
0.0000000000,0.2981316020
0.0000000000,-0.0703546193
0.0000000000,0.2192851674
0.0000000000,-0.2606608245
0.0000000000,-0.4857581522
0.0000000000,-0.3357987211
0.0000000000,-0.4932223215
0.0000000000,-0.2903853077
0.0000000000,-0.4686603053
0.0000000000,-0.1084897671
0.0000000000,0.2701085037
0.0000000000,-0.0122437844
0.0000000000,0.4120235193
0.0000000000,0.4909767368
0.0000000000,0.4595676697
0.0000000000,0.4168673876
0.0000000000,0.0945069154
0.0000000000,0.3535338006
0.0000000000,-0.1000205218
0.0000000000,-0.4207928035
0.0000000000,-0.1970218804
0.0000000000,-0.4917274116
0.0000000000,-0.4070014449
0.0000000000,-0.4998487074
0.0000000000,-0.2680112094
0.0000000000,-0.1741821548
0.0000000000,-0.4373902261
0.0000000000,-0.4933797293
0.0000000000,-0.3642522477
0.0000000000,-0.3906745588
0.0000000000,-0.2614317863
0.0000000000,-0.4547244286
0.0000000000,0.1396000120
0.0000000000,0.2959011101
0.0000000000,0.0207655067
0.0000000000,0.4970841433
0.0000000000,0.4849476160
0.0000000000,0.4704101402
0.0000000000,0.2393005078
0.0000000000,0.0704154230
0.0000000000,0.3345698037
0.0000000000,-0.3146782306
0.0000000000,-0.4317576780
0.0000000000,-0.2176850075
0.0000000000,-0.4791628064
0.0000000000,-0.3965536914
0.0000000000,-0.4990032696
0.0000000000,-0.0505618175
0.0000000000,0.1322115649
0.0000000000,-0.1592487925
0.0000000000,0.4406222510
0.0000000000,0.4964227917
0.0000000000,0.3787109666
0.0000000000,0.3864244722
0.0000000000,0.2427730107
0.0000000000,0.4453169857
0.0000000000,-0.1460716495
0.0000000000,-0.3130385154
0.0000000000,-0.0423303577
0.0000000000,-0.4977670380
0.0000000000,-0.4792339807
0.0000000000,-0.4772922123
0.0000000000,-0.2333494043
0.0000000000,-0.0489620896
0.0000000000,-0.3182034870
0.0000000000,0.3198973316
0.0000000000,0.4422493203
0.0000000000,0.2369297601
0.0000000000,0.4771899430
0.0000000000,0.3830254656
0.0000000000,0.4971739272
0.0000000000,0.0438389088
0.0000000000,-0.1529220693
0.0000000000,0.1386222033
0.0000000000,-0.4437738995
0.0000000000,-0.4985387301
0.0000000000,-0.3924624011
0.0000000000,-0.3821038957
0.0000000000,-0.2236608300
0.0000000000,-0.4350778645
0.0000000000,0.1525166412
0.0000000000,0.3295912869
0.0000000000,0.0638161521
0.0000000000,0.4983591322
0.0000000000,0.4726253234
0.0000000000,0.4832828888
0.0000000000,0.2273557342
0.0000000000,0.0274173140
0.0000000000,0.3012428903
0.0000000000,-0.3250580784
0.0000000000,-0.4519150134
0.0000000000,-0.2557320203
0.0000000000,-0.4751300326
0.0000000000,-0.3687818976
0.0000000000,-0.4944160578
0.0000000000,-0.0371080032
0.0000000000,0.1733469749
0.0000000000,-0.1177367219
0.0000000000,0.4468445967
0.0000000000,0.4997235927
0.0000000000,0.4054808690
0.0000000000,0.3777136175
0.0000000000,0.2041309380
0.0000000000,0.4240261876
0.0000000000,-0.1589338115
0.0000000000,-0.3455285105
0.0000000000,-0.0851827629
0.0000000000,-0.4988603179
0.0000000000,-0.4651339863
0.0000000000,-0.4883709814
0.0000000000,-0.2213205908
0.0000000000,-0.0058213336
0.0000000000,-0.2837196894
0.0000000000,0.3301595294
0.0000000000,0.4607367057
0.0000000000,0.2740566729
0.0000000000,0.4729834512
0.0000000000,0.3538495889
0.0000000000,0.4907348122
0.0000000000,0.0303703284
0.0000000000,-0.1934481360
0.0000000000,0.0966313543
0.0000000000,-0.4498337825
0.0000000000,-0.4999751665
0.0000000000,-0.4177420569
0.0000000000,-0.3732544384
0.0000000000,-0.1842198091
0.0000000000,-0.4121825952
0.0000000000,0.1653219897
0.0000000000,0.3608204216
0.0000000000,0.1063902855
0.0000000000,0.4992705037
0.0000000000,0.4567739604
0.0000000000,0.4925469876
0.0000000000,0.2152450751
0.0000000000,-0.0157855187
0.0000000000,0.2656666109
0.0000000000,-0.3352007542
0.0000000000,-0.4686979215
0.0000000000,-0.2918694946
0.0000000000,-0.4707505901
0.0000000000,-0.3382564273
0.0000000000,-0.4861370655
0.0000000000,-0.0236271137
0.0000000000,0.2131880115
0.0000000000,-0.0753455170
0.0000000000,0.4527409115
0.0000000000,0.4992929819
0.0000000000,0.4292230656
0.0000000000,0.3687271718
0.0000000000,0.1639646295
0.0000000000,0.3995692066
0.0000000000,-0.1716800107
0.0000000000,-0.3754384610
0.0000000000,-0.1273991125
0.0000000000,-0.4995896146
0.0000000000,-0.4475608591
0.0000000000,-0.4958031083
0.0000000000,-0.2091302953
0.0000000000,0.0373628899
0.0000000000,-0.2471173708
0.0000000000,0.3401808331
0.0000000000,0.4757837925
0.0000000000,0.3091372179
0.0000000000,0.4684318567
0.0000000000,0.3220315346
0.0000000000,0.4806314044
0.0000000000,0.0168795890
0.0000000000,-0.2325297350
0.0000000000,0.0539189637
0.0000000000,-0.4555654534
0.0000000000,-0.4976783128
0.0000000000,-0.4399024531
0.0000000000,-0.3641326436
0.0000000000,-0.1434032279
0.0000000000,-0.3862095786
0.0000000000,0.1780067145
0.0000000000,0.3893553279
0.0000000000,0.1481700078
0.0000000000,0.4998175926
0.0000000000,0.4375118887
0.0000000000,0.4981332622
0.0000000000,0.2029773668
0.0000000000,-0.0588704818
0.0000000000,0.2281066118
0.0000000000,-0.3450988577
0.0000000000,-0.4819810851
0.0000000000,-0.3258275936
0.0000000000,-0.4660276740
0.0000000000,-0.3052052127
0.0000000000,-0.4742281114
0.0000000000,-0.0101289852
0.0000000000,0.2514371836
0.0000000000,-0.0323917108
0.0000000000,0.4583068931
0.0000000000,0.4951341748
0.0000000000,0.4497602745
0.0000000000,0.3594716919
0.0000000000,0.1225740051
0.0000000000,0.3721286618
0.0000000000,-0.1843009471
0.0000000000,-0.4025450309
0.0000000000,-0.1686641792
0.0000000000,-0.4999543961
0.0000000000,-0.4266458168
0.0000000000,-0.4995330976
0.0000000000,-0.1967874121
0.0000000000,0.0802681266
0.0000000000,-0.2086698387
0.0000000000,0.3499539308
0.0000000000,0.4872782251
0.0000000000,0.3419094504
0.0000000000,0.4635384806
0.0000000000,0.2878088866
0.0000000000,0.4669391453
0.0000000000,0.0033765337
0.0000000000,-0.2698750457
0.0000000000,0.0108039628
0.0000000000,-0.4609647304
0.0000000000,-0.4916653194
0.0000000000,-0.4587781191
0.0000000000,-0.3547451669
0.0000000000,-0.1015158619
0.0000000000,-0.3573527539
0.0000000000,0.1905615603
0.0000000000,0.4149829369
0.0000000000,0.1888433518
0.0000000000,0.5000000000
0.0000000000,0.4149829370
0.0000000000,0.5000000000
0.0000000000,0.1905615603
0.0000000000,-0.1015158619
0.0000000000,0.1888433518
0.0000000000,-0.3547451669
0.0000000000,-0.4916653194
0.0000000000,-0.3573527539
0.0000000000,-0.4609647304
0.0000000000,-0.2698750457
0.0000000000,-0.4587781192
0.0000000000,0.0033765337
0.0000000000,0.2878088866
0.0000000000,0.0108039628
0.0000000000,0.4635384806
0.0000000000,0.4872782251
0.0000000000,0.4669391453
0.0000000000,0.3499539308
0.0000000000,0.0802681266
0.0000000000,0.3419094505
0.0000000000,-0.1967874121
0.0000000000,-0.4266458168
0.0000000000,-0.2086698387
0.0000000000,-0.4999543961
0.0000000000,-0.4025450310
0.0000000000,-0.4995330976
0.0000000000,-0.1843009471
0.0000000000,0.1225740051
0.0000000000,-0.1686641792
0.0000000000,0.3594716919
0.0000000000,0.4951341748
0.0000000000,0.3721286618
0.0000000000,0.4583068931
0.0000000000,0.2514371836
0.0000000000,0.4497602745
0.0000000000,-0.0101289852
0.0000000000,-0.3052052127
0.0000000000,-0.0323917108
0.0000000000,-0.4660276740
0.0000000000,-0.4819810851
0.0000000000,-0.4742281114
0.0000000000,-0.3450988577
0.0000000000,-0.0588704818
0.0000000000,-0.3258275936
0.0000000000,0.2029773668
0.0000000000,0.4375118887
0.0000000000,0.2281066118
0.0000000000,0.4998175926
0.0000000000,0.3893553279
0.0000000000,0.4981332622
0.0000000000,0.1780067145
0.0000000000,-0.1434032279
0.0000000000,0.1481700078
0.0000000000,-0.3641326436
0.0000000000,-0.4976783128
0.0000000000,-0.3862095786
0.0000000000,-0.4555654534
0.0000000000,-0.2325297350
0.0000000000,-0.4399024531
0.0000000000,0.0168795890
0.0000000000,0.3220315346
0.0000000000,0.0539189637
0.0000000000,0.4684318567
0.0000000000,0.4757837925
0.0000000000,0.4806314044
0.0000000000,0.3401808331
0.0000000000,0.0373628899
0.0000000000,0.3091372179
0.0000000000,-0.2091302953
0.0000000000,-0.4475608591
0.0000000000,-0.2471173707
0.0000000000,-0.4995896146
0.0000000000,-0.3754384610
0.0000000000,-0.4958031083
0.0000000000,-0.1716800107
0.0000000000,0.1639646295
0.0000000000,-0.1273991125
0.0000000000,0.3687271718
0.0000000000,0.4992929819
0.0000000000,0.3995692066
0.0000000000,0.4527409115
0.0000000000,0.2131880115
0.0000000000,0.4292230656
0.0000000000,-0.0236271137
0.0000000000,-0.3382564272
0.0000000000,-0.0753455170
0.0000000000,-0.4707505901
0.0000000000,-0.4686979215
0.0000000000,-0.4861370655
0.0000000000,-0.3352007542
0.0000000000,-0.0157855188
0.0000000000,-0.2918694946
0.0000000000,0.2152450751
0.0000000000,0.4567739604
0.0000000000,0.2656666109
0.0000000000,0.4992705037
0.0000000000,0.3608204216
0.0000000000,0.4925469876
0.0000000000,0.1653219898
0.0000000000,-0.1842198091
0.0000000000,0.1063902855
0.0000000000,-0.3732544383
0.0000000000,-0.4999751665
0.0000000000,-0.4121825952
0.0000000000,-0.4498337825
0.0000000000,-0.1934481360
0.0000000000,-0.4177420569
0.0000000000,0.0303703284
0.0000000000,0.3538495889
0.0000000000,0.0966313543
0.0000000000,0.4729834512
0.0000000000,0.4607367057
0.0000000000,0.4907348122
0.0000000000,0.3301595294
0.0000000000,-0.0058213336
0.0000000000,0.2740566729
0.0000000000,-0.2213205908
0.0000000000,-0.4651339863
0.0000000000,-0.2837196894
0.0000000000,-0.4988603179
0.0000000000,-0.3455285105
0.0000000000,-0.4883709814
0.0000000000,-0.1589338115
0.0000000000,0.2041309380
0.0000000000,-0.0851827629
0.0000000000,0.3777136175
0.0000000000,0.4997235927
0.0000000000,0.4240261876
0.0000000000,0.4468445967
0.0000000000,0.1733469749
0.0000000000,0.4054808690
0.0000000000,-0.0371080032
0.0000000000,-0.3687818976
0.0000000000,-0.1177367219
0.0000000000,-0.4751300326
0.0000000000,-0.4519150134
0.0000000000,-0.4944160578
0.0000000000,-0.3250580784
0.0000000000,0.0274173140
0.0000000000,-0.2557320203
0.0000000000,0.2273557342
0.0000000000,0.4726253234
0.0000000000,0.3012428903
0.0000000000,0.4983591322
0.0000000000,0.3295912869
0.0000000000,0.4832828888
0.0000000000,0.1525166412
0.0000000000,-0.2236608299
0.0000000000,0.0638161521
0.0000000000,-0.3821038957
0.0000000000,-0.4985387301
0.0000000000,-0.4350778645
0.0000000000,-0.4437738995
0.0000000000,-0.1529220693
0.0000000000,-0.3924624011
0.0000000000,0.0438389088
0.0000000000,0.3830254655
0.0000000000,0.1386222033
0.0000000000,0.4771899430
0.0000000000,0.4422493203
0.0000000000,0.4971739272
0.0000000000,0.3198973316
0.0000000000,-0.0489620896
0.0000000000,0.2369297601
0.0000000000,-0.2333494043
0.0000000000,-0.4792339807
0.0000000000,-0.3182034870
0.0000000000,-0.4977670380
0.0000000000,-0.3130385154
0.0000000000,-0.4772922123
0.0000000000,-0.1460716495
0.0000000000,0.2427730107
0.0000000000,-0.0423303577
0.0000000000,0.3864244722
0.0000000000,0.4964227917
0.0000000000,0.4453169857
0.0000000000,0.4406222510
0.0000000000,0.1322115649
0.0000000000,0.3787109666
0.0000000000,-0.0505618175
0.0000000000,-0.3965536914
0.0000000000,-0.1592487925
0.0000000000,-0.4791628064
0.0000000000,-0.4317576780
0.0000000000,-0.4990032696
0.0000000000,-0.3146782306
0.0000000000,0.0704154230
0.0000000000,-0.2176850075
0.0000000000,0.2393005078
0.0000000000,0.4849476160
0.0000000000,0.3345698037
0.0000000000,0.4970841433
0.0000000000,0.2959011101
0.0000000000,0.4704101402
0.0000000000,0.1396000120
0.0000000000,-0.2614317863
0.0000000000,0.0207655067
0.0000000000,-0.3906745588
0.0000000000,-0.4933797293
0.0000000000,-0.4547244286
0.0000000000,-0.4373902261
0.0000000000,-0.3642522477
0.0000000000,-0.4981908551
0.0000000000,-0.4646232763
0.0000000000,-0.4890933312
0.0000000000,-0.1547829905
0.0000000000,-0.0085041122
0.0000000000,-0.2842529836
0.0000000000,0.3776885669
0.0000000000,0.4580715111
0.0000000000,0.2700982390
0.0000000000,0.4488226416
0.0000000000,0.3614130297
0.0000000000,0.4923429322
0.0000000000,-0.0282693243
0.0000000000,-0.1796305296
0.0000000000,0.1092141763
0.0000000000,-0.4708309919
0.0000000000,-0.4998045565
0.0000000000,-0.4082017974
0.0000000000,-0.3382839493
0.0000000000,-0.2054304942
0.0000000000,-0.4237023097
0.0000000000,0.2074687852
0.0000000000,0.3415361385
0.0000000000,0.0817717098
0.0000000000,0.4998033982
0.0000000000,0.4685578576
0.0000000000,0.4867011317
0.0000000000,0.1816402050
0.0000000000,0.0194517037
0.0000000000,0.2931941317
0.0000000000,-0.3583921214
0.0000000000,-0.4535718139
0.0000000000,-0.2608175717
0.0000000000,-0.4606571083
0.0000000000,-0.3688939502
0.0000000000,-0.4941340389
0.0000000000,-0.0002405387
0.0000000000,0.1693673578
0.0000000000,-0.1198747538
0.0000000000,0.4604698431
0.0000000000,0.4993784913
0.0000000000,0.4017797480
0.0000000000,0.3587274083
0.0000000000,0.2153654155
0.0000000000,0.4294151913
0.0000000000,-0.1811919109
0.0000000000,-0.3334559796
0.0000000000,-0.0709483238
0.0000000000,-0.4997896774
0.0000000000,-0.4722676370
0.0000000000,-0.4840754257
0.0000000000,-0.2079063972
0.0000000000,-0.0303899627
0.0000000000,-0.3019946128
0.0000000000,0.3379295369
0.0000000000,0.4488545048
0.0000000000,0.2514117710
0.0000000000,0.4709926854
0.0000000000,0.3761978849
0.0000000000,0.4956880729
0.0000000000,0.0287496190
0.0000000000,-0.1590229280
0.0000000000,0.1304778184
0.0000000000,-0.4486104141
0.0000000000,-0.4987128373
0.0000000000,-0.3951649350
0.0000000000,-0.3780036374
0.0000000000,-0.2251970101
0.0000000000,-0.4349220506
0.0000000000,0.1543254730
0.0000000000,0.3252158371
0.0000000000,0.0600908988
0.0000000000,0.4981497372
0.0000000000,0.4757508347
0.0000000000,0.4812174729
0.0000000000,0.2334961021
0.0000000000,0.0413136415
0.0000000000,0.3106502047
0.0000000000,-0.3163673947
0.0000000000,-0.4439218470
0.0000000000,-0.2418853493
0.0000000000,-0.4797957430
0.0000000000,-0.3833213296
0.0000000000,-0.4970042886
0.0000000000,-0.0571651536
0.0000000000,0.1486022031
0.0000000000,-0.1410182831
0.0000000000,0.4352912932
0.0000000000,0.4978079138
0.0000000000,0.3883605322
0.0000000000,0.3960499154
0.0000000000,0.2349205609
0.0000000000,0.4402202456
0.0000000000,-0.1269568898
0.0000000000,-0.3168196645
0.0000000000,-0.0492046436
0.0000000000,-0.4948889136
0.0000000000,-0.4790057794
0.0000000000,-0.4781286444
0.0000000000,-0.2583260556
0.0000000000,-0.0522174990
0.0000000000,-0.3191567547
0.0000000000,0.2937758540
0.0000000000,0.4387762069
0.0000000000,0.2322428774
0.0000000000,0.4870376376
0.0000000000,0.3902608667
0.0000000000,0.4980820545
0.0000000000,0.0853946839
0.0000000000,-0.1381101827
0.0000000000,0.1514910910
0.0000000000,-0.4205558183
0.0000000000,-0.4966641551
0.0000000000,-0.3813698040
0.0000000000,-0.4128075232
0.0000000000,-0.2445314030
0.0000000000,-0.4453072343
0.0000000000,0.0991752133
0.0000000000,0.3082714900
0.0000000000,0.0382947814
0.0000000000,0.4900178168
0.0000000000,0.4820309096
0.0000000000,0.4748104222
0.0000000000,0.2823154659
0.0000000000,0.0630963040
0.0000000000,0.3275101816
0.0000000000,-0.2702284232
0.0000000000,-0.4334200535
0.0000000000,-0.2224889813
0.0000000000,-0.4926948055
0.0000000000,-0.3970131668
0.0000000000,-0.4989208537
0.0000000000,-0.1133463562
0.0000000000,0.1275519006
0.0000000000,-0.1618912173
0.0000000000,0.4044519357
0.0000000000,0.4952821097
0.0000000000,0.3741961046
0.0000000000,0.4282219349
0.0000000000,0.2540249253
0.0000000000,0.4501805762
0.0000000000,-0.0710708397
0.0000000000,-0.2995754149
0.0000000000,-0.0273665463
0.0000000000,-0.4835522964
0.0000000000,-0.4848247739
0.0000000000,-0.4712643982
0.0000000000,-0.3053862760
0.0000000000,-0.0739448369
0.0000000000,-0.3357064776
0.0000000000,0.2458017211
0.0000000000,0.4278559563
0.0000000000,0.2126283408
0.0000000000,0.4967488393
0.0000000000,0.4035749902
0.0000000000,0.4995202835
0.0000000000,0.1409292213
0.0000000000,-0.1169324225
0.0000000000,0.1722136725
0.0000000000,-0.3870320443
0.0000000000,-0.4936624409
0.0000000000,-0.3668428756
0.0000000000,-0.4422429948
0.0000000000,-0.2633965730
0.0000000000,-0.4548379331
0.0000000000,0.0427352153
0.0000000000,0.2907356113
0.0000000000,0.0164251814
0.0000000000,0.4755133898
0.0000000000,0.4873860319
0.0000000000,0.4674922739
0.0000000000,0.3274634179
0.0000000000,0.0847578931
0.0000000000,0.3437417103
0.0000000000,-0.2205752275
0.0000000000,-0.4220865850
0.0000000000,-0.2026656868
0.0000000000,-0.4991865481
0.0000000000,-0.4099431889
0.0000000000,-0.4998800565
0.0000000000,-0.1680535299
0.0000000000,0.1062568432
0.0000000000,-0.1824535040
0.0000000000,0.3683528252
0.0000000000,0.4918059256
0.0000000000,0.3593136448
0.0000000000,0.4548250812
0.0000000000,0.2726418499
0.0000000000,0.4592770706
0.0000000000,-0.0142605388
0.0000000000,-0.2817563203
0.0000000000,-0.0054759362
0.0000000000,-0.4659272543
0.0000000000,-0.4897134546
0.0000000000,-0.4634958589
0.0000000000,-0.3484750569
0.0000000000,-0.0955302846
0.0000000000,-0.3516120247
0.0000000000,0.1946310247
0.0000000000,0.4161147074
0.0000000000,0.1926057990
0.0000000000,0.5000000000
0.0000000000,0.4161147074
0.0000000000,0.5000000000
0.0000000000,0.1946310247
0.0000000000,-0.0955302846
0.0000000000,0.1926057990
0.0000000000,-0.3484750569
0.0000000000,-0.4897134546
0.0000000000,-0.3516120247
0.0000000000,-0.4659272543
0.0000000000,-0.2817563203
0.0000000000,-0.4634958589
0.0000000000,-0.0142605388
0.0000000000,0.2726418499
0.0000000000,-0.0054759362
0.0000000000,0.4548250812
0.0000000000,0.4918059256
0.0000000000,0.4592770706
0.0000000000,0.3683528252
0.0000000000,0.1062568432
0.0000000000,0.3593136448
0.0000000000,-0.1680535299
0.0000000000,-0.4099431889
0.0000000000,-0.1824535040
0.0000000000,-0.4991865481
0.0000000000,-0.4220865850
0.0000000000,-0.4998800565
0.0000000000,-0.2205752276
0.0000000000,0.0847578931
0.0000000000,-0.2026656868
0.0000000000,0.3274634179
0.0000000000,0.4873860319
0.0000000000,0.3437417103
0.0000000000,0.4755133898
0.0000000000,0.2907356113
0.0000000000,0.4674922739
0.0000000000,0.0427352154
0.0000000000,-0.2633965730
0.0000000000,0.0164251814
0.0000000000,-0.4422429948
0.0000000000,-0.4936624409
0.0000000000,-0.4548379331
0.0000000000,-0.3870320443
0.0000000000,-0.1169324225
0.0000000000,-0.3668428756
0.0000000000,0.1409292213
0.0000000000,0.4035749902
0.0000000000,0.1722136725
0.0000000000,0.4967488393
0.0000000000,0.4278559563
0.0000000000,0.4995202835
0.0000000000,0.2458017211
0.0000000000,-0.0739448369
0.0000000000,0.2126283408
0.0000000000,-0.3053862760
0.0000000000,-0.4848247739
0.0000000000,-0.3357064776
0.0000000000,-0.4835522964
0.0000000000,-0.2995754149
0.0000000000,-0.4712643982
0.0000000000,-0.0710708398
0.0000000000,0.2540249253
0.0000000000,-0.0273665463
0.0000000000,0.4282219349
0.0000000000,0.4952821097
0.0000000000,0.4501805762
0.0000000000,0.4044519357
0.0000000000,0.1275519006
0.0000000000,0.3741961046
0.0000000000,-0.1133463562
0.0000000000,-0.3970131668
0.0000000000,-0.1618912173
0.0000000000,-0.4926948055
0.0000000000,-0.4334200535
0.0000000000,-0.4989208537
0.0000000000,-0.2702284232
0.0000000000,0.0630963040
0.0000000000,-0.2224889813
0.0000000000,0.2823154659
0.0000000000,0.4820309096
0.0000000000,0.3275101816
0.0000000000,0.4900178168
0.0000000000,0.3082714900
0.0000000000,0.4748104222
0.0000000000,0.0991752133
0.0000000000,-0.2445314030
0.0000000000,0.0382947814
0.0000000000,-0.4128075232
0.0000000000,-0.4966641551
0.0000000000,-0.4453072343
0.0000000000,-0.4205558183
0.0000000000,-0.1381101827
0.0000000000,-0.3813698041
0.0000000000,0.0853946838
0.0000000000,0.3902608667
0.0000000000,0.1514910910
0.0000000000,0.4870376376
0.0000000000,0.4387762069
0.0000000000,0.4980820545
0.0000000000,0.2937758540
0.0000000000,-0.0522174990
0.0000000000,0.2322428774
0.0000000000,-0.2583260556
0.0000000000,-0.4790057794
0.0000000000,-0.3191567547
0.0000000000,-0.4948889136
0.0000000000,-0.3168196645
0.0000000000,-0.4781286444
0.0000000000,-0.1269568898
0.0000000000,0.2349205609
0.0000000000,-0.0492046436
0.0000000000,0.3960499154
0.0000000000,0.4978079138
0.0000000000,0.4402202456
0.0000000000,0.4352912932
0.0000000000,0.1486022031
0.0000000000,0.3883605322
0.0000000000,-0.0571651536
0.0000000000,-0.3833213296
0.0000000000,-0.1410182831
0.0000000000,-0.4797957430
0.0000000000,-0.4439218470
0.0000000000,-0.4970042886
0.0000000000,-0.3163673947
0.0000000000,0.0413136415
0.0000000000,-0.2418853493
0.0000000000,0.2334961021
0.0000000000,0.4757508347
0.0000000000,0.3106502047
0.0000000000,0.4981497372
0.0000000000,0.3252158371
0.0000000000,0.4812174729
0.0000000000,0.1543254731
0.0000000000,-0.2251970100
0.0000000000,0.0600908988
0.0000000000,-0.3780036374
0.0000000000,-0.4987128373
0.0000000000,-0.4349220506
0.0000000000,-0.4486104141
0.0000000000,-0.1590229280
0.0000000000,-0.3951649350
0.0000000000,0.0287496190
0.0000000000,0.3761978849
0.0000000000,0.1304778184
0.0000000000,0.4709926854
0.0000000000,0.4488545048
0.0000000000,0.4956880729
0.0000000000,0.3379295369
0.0000000000,-0.0303899627
0.0000000000,0.2514117710
0.0000000000,-0.2079063972
0.0000000000,-0.4722676370
0.0000000000,-0.3019946128
0.0000000000,-0.4997896774
0.0000000000,-0.3334559796
0.0000000000,-0.4840754257
0.0000000000,-0.1811919109
0.0000000000,0.2153654155
0.0000000000,-0.0709483239
0.0000000000,0.3587274083
0.0000000000,0.4993784913
0.0000000000,0.4294151913
0.0000000000,0.4604698431
0.0000000000,0.1693673578
0.0000000000,0.4017797480
0.0000000000,-0.0002405387
0.0000000000,-0.3688939502
0.0000000000,-0.1198747538
0.0000000000,-0.4606571083
0.0000000000,-0.4535718139
0.0000000000,-0.4941340389
0.0000000000,-0.3583921214
0.0000000000,0.0194517037
0.0000000000,-0.2608175718
0.0000000000,0.1816402050
0.0000000000,0.4685578576
0.0000000000,0.2931941317
0.0000000000,0.4998033982
0.0000000000,0.3415361386
0.0000000000,0.4867011317
0.0000000000,0.2074687852
0.0000000000,-0.2054304942
0.0000000000,0.0817717098
0.0000000000,-0.3382839492
0.0000000000,-0.4998045565
0.0000000000,-0.4237023097
0.0000000000,-0.4708309919
0.0000000000,-0.1796305296
0.0000000000,-0.4082017974
0.0000000000,-0.0282693244
0.0000000000,0.3614130297
0.0000000000,0.1092141763
0.0000000000,0.4488226416
0.0000000000,0.4580715111
0.0000000000,0.4923429322
0.0000000000,0.3776885669
0.0000000000,-0.0085041122
0.0000000000,0.2700982390
0.0000000000,-0.1547829905
0.0000000000,-0.4646232763
0.0000000000,-0.2842529836
0.0000000000,-0.4981908551
0.0000000000,-0.4890933312
0.0000000000,-0.3545327843
0.0000000000,-0.2624132915
0.0000000000,-0.4533472654
0.0000000000,0.1819180458
0.0000000000,0.2877543066
0.0000000000,0.0151763122
0.0000000000,0.4996417306
0.0000000000,0.4892056963
0.0000000000,0.4653084151
0.0000000000,0.2166267207
0.0000000000,0.0978112046
0.0000000000,0.3515546525
0.0000000000,-0.3268470249
0.0000000000,-0.4121161870
0.0000000000,-0.1882320230
0.0000000000,-0.4773398742
0.0000000000,-0.4226189276
0.0000000000,-0.4999089679
0.0000000000,-0.0539084186
0.0000000000,0.0790307709
0.0000000000,-0.2057692288
0.0000000000,0.4343392264
0.0000000000,0.4849067134
0.0000000000,0.3377327739
0.0000000000,0.4003639185
0.0000000000,0.3031465141
0.0000000000,0.4719519626
0.0000000000,-0.1149845075
0.0000000000,-0.2459830018
0.0000000000,0.0342342762
0.0000000000,-0.4920825859
0.0000000000,-0.4970170323
0.0000000000,-0.4449703549
0.0000000000,-0.2775306234
0.0000000000,-0.1457389826
0.0000000000,-0.3849358801
0.0000000000,0.2707072069
0.0000000000,0.3821534366
0.0000000000,0.1415846819
0.0000000000,0.4934632286
0.0000000000,0.4469316838
0.0000000000,0.4965252804
0.0000000000,0.1229092090
0.0000000000,-0.0299060191
0.0000000000,0.2497497302
0.0000000000,-0.3954233352
0.0000000000,-0.4705019930
0.0000000000,-0.2996860303
0.0000000000,-0.4383230168
0.0000000000,-0.3409182433
0.0000000000,-0.4859460753
0.0000000000,0.0457901207
0.0000000000,0.2018086443
0.0000000000,-0.0833104237
0.0000000000,0.4748480143
0.0000000000,0.4999729185
0.0000000000,0.4202852984
0.0000000000,0.3329776631
0.0000000000,0.1922430099
0.0000000000,0.4145565992
0.0000000000,-0.2092446892
0.0000000000,-0.3484573597
0.0000000000,-0.0935541743
0.0000000000,-0.4998840096
0.0000000000,-0.4668782831
0.0000000000,-0.4882909471
0.0000000000,-0.1894933338
0.0000000000,-0.0195108901
0.0000000000,-0.2912903810
0.0000000000,0.3487325508
0.0000000000,0.4515008531
0.0000000000,0.2587115994
0.0000000000,0.4676637197
0.0000000000,0.3753594801
0.0000000000,0.4951928924
0.0000000000,0.0243046008
0.0000000000,-0.1556627815
0.0000000000,0.1315726965
0.0000000000,-0.4482768854
0.0000000000,-0.4980444782
0.0000000000,-0.3914943984
0.0000000000,-0.3818776289
0.0000000000,-0.2368689803
0.0000000000,-0.4401274394
0.0000000000,0.1436679604
0.0000000000,0.3113571396
0.0000000000,0.0446097189
0.0000000000,0.4964759705
0.0000000000,0.4822638635
0.0000000000,0.4752864108
0.0000000000,0.2523516025
0.0000000000,0.0687371939
0.0000000000,0.3299853631
0.0000000000,-0.2951849167
0.0000000000,-0.4280889193
0.0000000000,-0.2152097678
0.0000000000,-0.4878091243
0.0000000000,-0.4061337620
0.0000000000,-0.4996020801
0.0000000000,-0.0939214402
0.0000000000,0.1079962206
0.0000000000,-0.1785496117
0.0000000000,0.4128916461
0.0000000000,0.4912505509
0.0000000000,0.3588789184
0.0000000000,0.4232690399
0.0000000000,0.2791809346
0.0000000000,0.4613985946
0.0000000000,-0.0752664032
0.0000000000,-0.2712152149
0.0000000000,0.0047705370
0.0000000000,-0.4833061210
0.0000000000,-0.4929381205
0.0000000000,-0.4576387150
0.0000000000,-0.3102480832
0.0000000000,-0.1172919915
0.0000000000,-0.3654566582
0.0000000000,0.2358332974
0.0000000000,0.4004949069
0.0000000000,0.1696055128
0.0000000000,0.4983631278
0.0000000000,0.4329404492
0.0000000000,0.4991305642
0.0000000000,0.1616915774
0.0000000000,-0.0592746250
0.0000000000,0.2237822433
0.0000000000,-0.3693880482
0.0000000000,-0.4796575076
0.0000000000,-0.3227574849
0.0000000000,-0.4563380499
0.0000000000,-0.3187655195
0.0000000000,-0.4781622630
0.0000000000,0.0053849428
0.0000000000,0.2284237394
0.0000000000,-0.0541041886
0.0000000000,0.4606334092
0.0000000000,0.4987967754
0.0000000000,0.4355202634
0.0000000000,0.3620444036
0.0000000000,0.1647009423
0.0000000000,0.3973577407
0.0000000000,-0.1718446763
0.0000000000,-0.3689883870
0.0000000000,-0.1223443507
0.0000000000,-0.4991182151
0.0000000000,-0.4555176624
0.0000000000,-0.4937829510
0.0000000000,-0.2262825023
0.0000000000,0.0099739648
0.0000000000,-0.2668287055
0.0000000000,0.3186214681
0.0000000000,0.4633786029
0.0000000000,0.2834829749
0.0000000000,0.4804344492
0.0000000000,0.3552360261
0.0000000000,0.4902546773
0.0000000000,0.0646023974
0.0000000000,-0.1834007509
0.0000000000,0.1029092865
0.0000000000,-0.4289036306
0.0000000000,-0.4997825938
0.0000000000,-0.4091471351
0.0000000000,-0.4067221341
0.0000000000,-0.2105008997
0.0000000000,-0.4253769632
0.0000000000,0.1044772106
0.0000000000,0.3338771523
0.0000000000,0.0738879844
0.0000000000,0.4900595395
0.0000000000,0.4736448408
0.0000000000,0.4836114823
0.0000000000,0.2864242150
0.0000000000,0.0394241329
0.0000000000,0.3072684695
0.0000000000,-0.2615900886
0.0000000000,-0.4425728683
0.0000000000,-0.2414390682
0.0000000000,-0.4950844497
0.0000000000,-0.3882361673
0.0000000000,-0.4975577045
0.0000000000,-0.1333195123
0.0000000000,0.1365860871
0.0000000000,-0.1507090449
0.0000000000,0.3887406624
0.0000000000,0.4958859451
0.0000000000,0.3787769741
0.0000000000,0.4434028121
0.0000000000,0.2542444355
0.0000000000,0.4492406008
0.0000000000,-0.0350554929
0.0000000000,-0.2955042111
0.0000000000,-0.0247097930
0.0000000000,-0.4713652147
0.0000000000,-0.4871448965
0.0000000000,-0.4687155252
0.0000000000,-0.3409341971
0.0000000000,-0.0884370890
0.0000000000,-0.3447064719
0.0000000000,0.1994152720
0.0000000000,0.4174435588
0.0000000000,0.1970364992
0.0000000000,0.5000000000
0.0000000000,0.4174435588
0.0000000000,0.5000000000
0.0000000000,0.1994152720
0.0000000000,-0.0884370890
0.0000000000,0.1970364992
0.0000000000,-0.3409341971
0.0000000000,-0.4871448965
0.0000000000,-0.3447064719
0.0000000000,-0.4713652147
0.0000000000,-0.2955042111
0.0000000000,-0.4687155252
0.0000000000,-0.0350554929
0.0000000000,0.2542444355
0.0000000000,-0.0247097930
0.0000000000,0.4434028121
0.0000000000,0.4958859451
0.0000000000,0.4492406008
0.0000000000,0.3887406625
0.0000000000,0.1365860871
0.0000000000,0.3787769741
0.0000000000,-0.1333195123
0.0000000000,-0.3882361673
0.0000000000,-0.1507090449
0.0000000000,-0.4950844497
0.0000000000,-0.4425728683
0.0000000000,-0.4975577045
0.0000000000,-0.2615900886
0.0000000000,0.0394241329
0.0000000000,-0.2414390682
0.0000000000,0.2864242150
0.0000000000,0.4736448408
0.0000000000,0.3072684695
0.0000000000,0.4900595396
0.0000000000,0.3338771524
0.0000000000,0.4836114823
0.0000000000,0.1044772106
0.0000000000,-0.2105008997
0.0000000000,0.0738879844
0.0000000000,-0.4067221341
0.0000000000,-0.4997825938
0.0000000000,-0.4253769632
0.0000000000,-0.4289036306
0.0000000000,-0.1834007509
0.0000000000,-0.4091471351
0.0000000000,0.0646023974
0.0000000000,0.3552360261
0.0000000000,0.1029092865
0.0000000000,0.4804344492
0.0000000000,0.4633786029
0.0000000000,0.4902546773
0.0000000000,0.3186214681
0.0000000000,0.0099739648
0.0000000000,0.2834829749
0.0000000000,-0.2262825022
0.0000000000,-0.4555176624
0.0000000000,-0.2668287055
0.0000000000,-0.4991182151
0.0000000000,-0.3689883870
0.0000000000,-0.4937829510
0.0000000000,-0.1718446763
0.0000000000,0.1647009423
0.0000000000,-0.1223443507
0.0000000000,0.3620444036
0.0000000000,0.4987967754
0.0000000000,0.3973577407
0.0000000000,0.4606334092
0.0000000000,0.2284237395
0.0000000000,0.4355202634
0.0000000000,0.0053849428
0.0000000000,-0.3187655195
0.0000000000,-0.0541041885
0.0000000000,-0.4563380499
0.0000000000,-0.4796575076
0.0000000000,-0.4781622630
0.0000000000,-0.3693880482
0.0000000000,-0.0592746250
0.0000000000,-0.3227574849
0.0000000000,0.1616915774
0.0000000000,0.4329404492
0.0000000000,0.2237822433
0.0000000000,0.4983631278
0.0000000000,0.4004949069
0.0000000000,0.4991305642
0.0000000000,0.2358332974
0.0000000000,-0.1172919915
0.0000000000,0.1696055128
0.0000000000,-0.3102480832
0.0000000000,-0.4929381205
0.0000000000,-0.3654566582
0.0000000000,-0.4833061210
0.0000000000,-0.2712152149
0.0000000000,-0.4576387150
0.0000000000,-0.0752664032
0.0000000000,0.2791809346
0.0000000000,0.0047705369
0.0000000000,0.4232690399
0.0000000000,0.4912505509
0.0000000000,0.4613985946
0.0000000000,0.4128916461
0.0000000000,0.1079962206
0.0000000000,0.3588789184
0.0000000000,-0.0939214402
0.0000000000,-0.4061337620
0.0000000000,-0.1785496117
0.0000000000,-0.4878091243
0.0000000000,-0.4280889193
0.0000000000,-0.4996020801
0.0000000000,-0.2951849167
0.0000000000,0.0687371939
0.0000000000,-0.2152097678
0.0000000000,0.2523516025
0.0000000000,0.4822638635
0.0000000000,0.3299853631
0.0000000000,0.4964759705
0.0000000000,0.3113571396
0.0000000000,0.4752864108
0.0000000000,0.1436679604
0.0000000000,-0.2368689803
0.0000000000,0.0446097189
0.0000000000,-0.3818776289
0.0000000000,-0.4980444782
0.0000000000,-0.4401274394
0.0000000000,-0.4482768854
0.0000000000,-0.1556627815
0.0000000000,-0.3914943984
0.0000000000,0.0243046007
0.0000000000,0.3753594801
0.0000000000,0.1315726965
0.0000000000,0.4676637197
0.0000000000,0.4515008532
0.0000000000,0.4951928924
0.0000000000,0.3487325508
0.0000000000,-0.0195108901
0.0000000000,0.2587115994
0.0000000000,-0.1894933338
0.0000000000,-0.4668782831
0.0000000000,-0.2912903810
0.0000000000,-0.4998840096
0.0000000000,-0.3484573597
0.0000000000,-0.4882909471
0.0000000000,-0.2092446892
0.0000000000,0.1922430099
0.0000000000,-0.0935541743
0.0000000000,0.3329776631
0.0000000000,0.4999729185
0.0000000000,0.4145565992
0.0000000000,0.4748480143
0.0000000000,0.2018086443
0.0000000000,0.4202852984
0.0000000000,0.0457901207
0.0000000000,-0.3409182433
0.0000000000,-0.0833104237
0.0000000000,-0.4383230168
0.0000000000,-0.4705019930
0.0000000000,-0.4859460753
0.0000000000,-0.3954233352
0.0000000000,-0.0299060191
0.0000000000,-0.2996860303
0.0000000000,0.1229092090
0.0000000000,0.4469316838
0.0000000000,0.2497497302
0.0000000000,0.4934632286
0.0000000000,0.3821534366
0.0000000000,0.4965252804
0.0000000000,0.2707072069
0.0000000000,-0.1457389826
0.0000000000,0.1415846819
0.0000000000,-0.2775306234
0.0000000000,-0.4970170323
0.0000000000,-0.3849358801
0.0000000000,-0.4920825859
0.0000000000,-0.2459830018
0.0000000000,-0.4449703549
0.0000000000,-0.1149845075
0.0000000000,0.3031465141
0.0000000000,0.0342342762
0.0000000000,0.4003639185
0.0000000000,0.4849067134
0.0000000000,0.4719519626
0.0000000000,0.4343392264
0.0000000000,0.0790307709
0.0000000000,0.3377327739
0.0000000000,-0.0539084186
0.0000000000,-0.4226189276
0.0000000000,-0.2057692288
0.0000000000,-0.4773398742
0.0000000000,-0.4121161870
0.0000000000,-0.4999089679
0.0000000000,-0.3268470249
0.0000000000,0.0978112046
0.0000000000,-0.1882320231
0.0000000000,0.2166267207
0.0000000000,0.4892056963
0.0000000000,0.3515546524
0.0000000000,0.4996417306
0.0000000000,0.2877543066
0.0000000000,0.4653084151
0.0000000000,0.1819180458
0.0000000000,-0.2624132915
0.0000000000,0.0151763122
0.0000000000,-0.3545327843
0.0000000000,-0.4533472654
0.0000000000,0.0163290094
0.0000000000,0.1001294065
0.0000000000,-0.1834044077
0.0000000000,0.4624870908
0.0000000000,0.4885119426
0.0000000000,0.3512202247
0.0000000000,0.3629428357
0.0000000000,0.2950475589
0.0000000000,0.4675205787
0.0000000000,-0.1648485152
0.0000000000,-0.2498361011
0.0000000000,0.0269759819
0.0000000000,-0.4981301777
0.0000000000,-0.4971500331
0.0000000000,-0.4456986216
0.0000000000,-0.2436531605
0.0000000000,-0.1523285633
0.0000000000,-0.3875195293
0.0000000000,0.2983175005
0.0000000000,0.3739253294
0.0000000000,0.1322184826
0.0000000000,0.4882944296
0.0000000000,0.4548118069
0.0000000000,0.4944763797
0.0000000000,0.1021181720
0.0000000000,-0.0060097596
0.0000000000,0.2677833560
0.0000000000,-0.4045503678
0.0000000000,-0.4596733433
0.0000000000,-0.2778556489
0.0000000000,-0.4338778416
0.0000000000,-0.3658385025
0.0000000000,-0.4925519697
0.0000000000,0.0487401132
0.0000000000,0.1637318592
0.0000000000,-0.1205894571
0.0000000000,0.4738481522
0.0000000000,0.4982877911
0.0000000000,0.3950023061
0.0000000000,0.3398485989
0.0000000000,0.2393531834
0.0000000000,0.4401227152
0.0000000000,-0.1951484702
0.0000000000,-0.3046653708
0.0000000000,-0.0389693336
0.0000000000,-0.4998840287
0.0000000000,-0.4858092599
0.0000000000,-0.4716465770
0.0000000000,-0.2147914863
0.0000000000,-0.0883252859
0.0000000000,-0.3425645591
0.0000000000,0.3237399482
0.0000000000,0.4143593824
0.0000000000,0.1945323223
0.0000000000,0.4802809453
0.0000000000,0.4235172619
0.0000000000,0.4999295815
0.0000000000,0.0701241053
0.0000000000,-0.0717592292
0.0000000000,0.2098808306
0.0000000000,-0.4227742617
0.0000000000,-0.4815661896
0.0000000000,-0.3301485331
0.0000000000,-0.4168286457
0.0000000000,-0.3177990372
0.0000000000,-0.4769512625
0.0000000000,0.0809455432
0.0000000000,0.2244857619
0.0000000000,-0.0556765330
0.0000000000,0.4832096672
0.0000000000,0.4993946021
0.0000000000,0.4319122748
0.0000000000,0.3153202677
0.0000000000,0.1794946246
0.0000000000,0.4050677499
0.0000000000,-0.2246249368
0.0000000000,-0.3541941784
0.0000000000,-0.1042366742
0.0000000000,-0.4995284670
0.0000000000,-0.4660165464
0.0000000000,-0.4893889895
0.0000000000,-0.1850234342
0.0000000000,-0.0227853560
0.0000000000,-0.2916497698
0.0000000000,0.3477962767
0.0000000000,0.4475845552
0.0000000000,0.2534617563
0.0000000000,0.4702407694
0.0000000000,0.3848545110
0.0000000000,0.4966851824
0.0000000000,0.0378341285
0.0000000000,-0.1362602568
0.0000000000,0.1483268717
0.0000000000,-0.4392141310
0.0000000000,-0.4950809151
0.0000000000,-0.3766976081
0.0000000000,-0.3980205146
0.0000000000,-0.2642306148
0.0000000000,-0.4530527231
0.0000000000,0.1128093989
0.0000000000,0.2813341395
0.0000000000,0.0102050320
0.0000000000,0.4905321322
0.0000000000,0.4918131197
0.0000000000,0.4613079841
0.0000000000,0.2894613467
0.0000000000,0.1165132808
0.0000000000,0.3629655569
0.0000000000,-0.2531535302
0.0000000000,-0.3975608389
0.0000000000,-0.1676905414
0.0000000000,-0.4970649931
0.0000000000,-0.4381162391
0.0000000000,-0.4986171827
0.0000000000,-0.1544746194
0.0000000000,0.0431509857
0.0000000000,-0.2356609594
0.0000000000,0.3703849731
0.0000000000,0.4730228076
0.0000000000,0.3079815510
0.0000000000,0.4582162696
0.0000000000,0.3394961953
0.0000000000,0.4847996275
0.0000000000,0.0053844991
0.0000000000,-0.1983906758
0.0000000000,0.0841923734
0.0000000000,-0.4538006027
0.0000000000,-0.4999823951
0.0000000000,-0.4166930292
0.0000000000,-0.3775328149
0.0000000000,-0.2060652002
0.0000000000,-0.4212721302
0.0000000000,0.1441972211
0.0000000000,0.3332879637
0.0000000000,0.0759090534
0.0000000000,0.4957846476
0.0000000000,0.4756752437
0.0000000000,0.4826780176
0.0000000000,0.2623809555
0.0000000000,0.0515048795
0.0000000000,0.3145486154
0.0000000000,-0.2806138654
0.0000000000,-0.4340108744
0.0000000000,-0.2282269869
0.0000000000,-0.4925040024
0.0000000000,-0.4025937380
0.0000000000,-0.4991706077
0.0000000000,-0.1232739520
0.0000000000,0.1083366015
0.0000000000,-0.1755722016
0.0000000000,0.3914107174
0.0000000000,0.4902315739
0.0000000000,0.3571431898
0.0000000000,0.4442581869
0.0000000000,0.2882314429
0.0000000000,0.4644796973
0.0000000000,-0.0270878518
0.0000000000,-0.2570695629
0.0000000000,0.0185931255
0.0000000000,-0.4664721249
0.0000000000,-0.4961853554
0.0000000000,-0.4494389700
0.0000000000,-0.3554520007
0.0000000000,-0.1443147349
0.0000000000,-0.3821623913
0.0000000000,0.1749765592
0.0000000000,0.3794433599
0.0000000000,0.1402924355
0.0000000000,0.4989450490
0.0000000000,0.4512617354
0.0000000000,0.4956505870
0.0000000000,0.2341933681
0.0000000000,-0.0143995858
0.0000000000,0.2606592666
0.0000000000,-0.3068900650
0.0000000000,-0.4629101397
0.0000000000,-0.2847928187
0.0000000000,-0.4858647412
0.0000000000,-0.3600670512
0.0000000000,-0.4910396362
0.0000000000,-0.0915530927
0.0000000000,0.1716374148
0.0000000000,-0.1124288998
0.0000000000,0.4107847853
0.0000000000,0.4989114618
0.0000000000,0.4000913757
0.0000000000,0.4284254218
0.0000000000,0.2319521402
0.0000000000,0.4360789110
0.0000000000,-0.0594458973
0.0000000000,-0.3112760432
0.0000000000,-0.0473295991
0.0000000000,-0.4771752260
0.0000000000,-0.4837558555
0.0000000000,-0.4743657280
0.0000000000,-0.3318712487
0.0000000000,-0.0800535321
0.0000000000,-0.3364039242
0.0000000000,0.2050175306
0.0000000000,0.4189973325
0.0000000000,0.2022350586
0.0000000000,0.5000000000
0.0000000000,0.4189973325
0.0000000000,0.5000000000
0.0000000000,0.2050175306
0.0000000000,-0.0800535321
0.0000000000,0.2022350586
0.0000000000,-0.3318712487
0.0000000000,-0.4837558555
0.0000000000,-0.3364039242
0.0000000000,-0.4771752260
0.0000000000,-0.3112760432
0.0000000000,-0.4743657280
0.0000000000,-0.0594458973
0.0000000000,0.2319521401
0.0000000000,-0.0473295991
0.0000000000,0.4284254218
0.0000000000,0.4989114618
0.0000000000,0.4360789110
0.0000000000,0.4107847853
0.0000000000,0.1716374148
0.0000000000,0.4000913757
0.0000000000,-0.0915530927
0.0000000000,-0.3600670512
0.0000000000,-0.1124288998
0.0000000000,-0.4858647412
0.0000000000,-0.4629101397
0.0000000000,-0.4910396362
0.0000000000,-0.3068900650
0.0000000000,-0.0143995858
0.0000000000,-0.2847928187
0.0000000000,0.2341933681
0.0000000000,0.4512617354
0.0000000000,0.2606592666
0.0000000000,0.4989450490
0.0000000000,0.3794433599
0.0000000000,0.4956505870
0.0000000000,0.1749765592
0.0000000000,-0.1443147349
0.0000000000,0.1402924355
0.0000000000,-0.3554520007
0.0000000000,-0.4961853554
0.0000000000,-0.3821623913
0.0000000000,-0.4664721249
0.0000000000,-0.2570695629
0.0000000000,-0.4494389700
0.0000000000,-0.0270878518
0.0000000000,0.2882314429
0.0000000000,0.0185931255
0.0000000000,0.4442581869
0.0000000000,0.4902315739
0.0000000000,0.4644796973
0.0000000000,0.3914107175
0.0000000000,0.1083366015
0.0000000000,0.3571431898
0.0000000000,-0.1232739520
0.0000000000,-0.4025937380
0.0000000000,-0.1755722016
0.0000000000,-0.4925040024
0.0000000000,-0.4340108744
0.0000000000,-0.4991706077
0.0000000000,-0.2806138654
0.0000000000,0.0515048795
0.0000000000,-0.2282269869
0.0000000000,0.2623809555
0.0000000000,0.4756752437
0.0000000000,0.3145486154
0.0000000000,0.4957846476
0.0000000000,0.3332879637
0.0000000000,0.4826780176
0.0000000000,0.1441972211
0.0000000000,-0.2060652002
0.0000000000,0.0759090534
0.0000000000,-0.3775328149
0.0000000000,-0.4999823951
0.0000000000,-0.4212721302
0.0000000000,-0.4538006027
0.0000000000,-0.1983906758
0.0000000000,-0.4166930292
0.0000000000,0.0053844991
0.0000000000,0.3394961953
0.0000000000,0.0841923734
0.0000000000,0.4582162696
0.0000000000,0.4730228076
0.0000000000,0.4847996275
0.0000000000,0.3703849731
0.0000000000,0.0431509857
0.0000000000,0.3079815510
0.0000000000,-0.1544746194
0.0000000000,-0.4381162391
0.0000000000,-0.2356609594
0.0000000000,-0.4970649931
0.0000000000,-0.3975608389
0.0000000000,-0.4986171827
0.0000000000,-0.2531535303
0.0000000000,0.1165132808
0.0000000000,-0.1676905414
0.0000000000,0.2894613466
0.0000000000,0.4918131197
0.0000000000,0.3629655569
0.0000000000,0.4905321322
0.0000000000,0.2813341396
0.0000000000,0.4613079841
0.0000000000,0.1128093990
0.0000000000,-0.2642306148
0.0000000000,0.0102050320
0.0000000000,-0.3980205146
0.0000000000,-0.4950809151
0.0000000000,-0.4530527231
0.0000000000,-0.4392141310
0.0000000000,-0.1362602568
0.0000000000,-0.3766976081
0.0000000000,0.0378341285
0.0000000000,0.3848545110
0.0000000000,0.1483268717
0.0000000000,0.4702407694
0.0000000000,0.4475845552
0.0000000000,0.4966851824
0.0000000000,0.3477962767
0.0000000000,-0.0227853560
0.0000000000,0.2534617563
0.0000000000,-0.1850234342
0.0000000000,-0.4660165464
0.0000000000,-0.2916497698
0.0000000000,-0.4995284670
0.0000000000,-0.3541941784
0.0000000000,-0.4893889895
0.0000000000,-0.2246249368
0.0000000000,0.1794946246
0.0000000000,-0.1042366742
0.0000000000,0.3153202676
0.0000000000,0.4993946021
0.0000000000,0.4050677499
0.0000000000,0.4832096672
0.0000000000,0.2244857620
0.0000000000,0.4319122748
0.0000000000,0.0809455432
0.0000000000,-0.3177990372
0.0000000000,-0.0556765330
0.0000000000,-0.4168286457
0.0000000000,-0.4815661896
0.0000000000,-0.4769512625
0.0000000000,-0.4227742617
0.0000000000,-0.0717592292
0.0000000000,-0.3301485331
0.0000000000,0.0701241053
0.0000000000,0.4235172619
0.0000000000,0.2098808306
0.0000000000,0.4802809452
0.0000000000,0.4143593824
0.0000000000,0.4999295815
0.0000000000,0.3237399482
0.0000000000,-0.0883252859
0.0000000000,0.1945323223
0.0000000000,-0.2147914863
0.0000000000,-0.4858092599
0.0000000000,-0.3425645591
0.0000000000,-0.4998840287
0.0000000000,-0.3046653708
0.0000000000,-0.4716465770
0.0000000000,-0.1951484702
0.0000000000,0.2393531834
0.0000000000,-0.0389693336
0.0000000000,0.3398485989
0.0000000000,0.4982877911
0.0000000000,0.4401227152
0.0000000000,0.4738481522
0.0000000000,0.1637318592
0.0000000000,0.3950023061
0.0000000000,0.0487401132
0.0000000000,-0.3658385025
0.0000000000,-0.1205894570
0.0000000000,-0.4338778416
0.0000000000,-0.4596733433
0.0000000000,-0.4925519697
0.0000000000,-0.4045503678
0.0000000000,-0.0060097596
0.0000000000,-0.2778556489
0.0000000000,0.1021181720
0.0000000000,0.4548118069
0.0000000000,0.2677833560
0.0000000000,0.4882944296
0.0000000000,0.3739253294
0.0000000000,0.4944763797
0.0000000000,0.2983175006
0.0000000000,-0.1523285633
0.0000000000,0.1322184826
0.0000000000,-0.2436531605
0.0000000000,-0.4971500331
0.0000000000,-0.3875195293
0.0000000000,-0.4981301777
0.0000000000,-0.2498361011
0.0000000000,-0.4456986216
0.0000000000,-0.1648485152
0.0000000000,0.2950475589
0.0000000000,0.0269759819
0.0000000000,0.3629428357
0.0000000000,0.4885119426
0.0000000000,0.4675205787
0.0000000000,0.4624870908
0.0000000000,0.1001294065
0.0000000000,0.3512202247
0.0000000000,0.0163290094
0.0000000000,-0.1834044077
0.0000000000,0.4194009120
0.0000000000,0.4427196038
0.0000000000,0.2470937500
0.0000000000,0.4240991604
0.0000000000,0.3956945664
0.0000000000,0.4981011118
0.0000000000,-0.0605335929
0.0000000000,-0.1130140765
0.0000000000,0.1679402273
0.0000000000,-0.4753219173
0.0000000000,-0.4898615549
0.0000000000,-0.3581678757
0.0000000000,-0.3416777721
0.0000000000,-0.2951544351
0.0000000000,-0.4663773006
0.0000000000,0.1861985294
0.0000000000,0.2439293210
0.0000000000,-0.0304327947
0.0000000000,0.4992366010
0.0000000000,0.4984042450
0.0000000000,0.4410197105
0.0000000000,0.2362491369
0.0000000000,0.1713572367
0.0000000000,0.3979046998
0.0000000000,-0.2993255841
0.0000000000,-0.3556238460
0.0000000000,-0.1094726285
0.0000000000,-0.4895346417
0.0000000000,-0.4676745420
0.0000000000,-0.4891208391
0.0000000000,-0.1149124076
0.0000000000,-0.0340577280
0.0000000000,-0.2980786948
0.0000000000,0.3922972230
0.0000000000,0.4392965401
0.0000000000,0.2407520174
0.0000000000,0.4468693315
0.0000000000,0.4000938318
0.0000000000,0.4986810724
0.0000000000,-0.0141620745
0.0000000000,-0.1059254025
0.0000000000,0.1747652019
0.0000000000,-0.4588530989
0.0000000000,-0.4883543075
0.0000000000,-0.3530610465
0.0000000000,-0.3741135857
0.0000000000,-0.3009872218
0.0000000000,-0.4689470996
0.0000000000,0.1422829378
0.0000000000,0.2375620069
0.0000000000,-0.0376808637
0.0000000000,0.4945115992
0.0000000000,0.4989315794
0.0000000000,0.4375501837
0.0000000000,0.2761664921
0.0000000000,0.1781639429
0.0000000000,0.4022618468
0.0000000000,-0.2608230238
0.0000000000,-0.3504796123
0.0000000000,-0.1023725857
0.0000000000,-0.4968716196
0.0000000000,-0.4701949061
0.0000000000,-0.4875620005
0.0000000000,-0.1596234254
0.0000000000,-0.0413020107
0.0000000000,-0.3038798627
0.0000000000,0.3618003059
0.0000000000,0.4357807333
0.0000000000,0.2343594578
0.0000000000,0.4657742457
0.0000000000,0.4044086303
0.0000000000,0.4991557527
0.0000000000,0.0323319407
0.0000000000,-0.0988143658
0.0000000000,0.1815532804
0.0000000000,-0.4384153684
0.0000000000,-0.4867439600
0.0000000000,-0.3478796798
0.0000000000,-0.4033134531
0.0000000000,-0.3067564648
0.0000000000,-0.4714178957
0.0000000000,0.0971366507
0.0000000000,0.2311445392
0.0000000000,-0.0449209777
0.0000000000,0.4855092522
0.0000000000,0.4993535805
0.0000000000,0.4339882823
0.0000000000,0.3136951076
0.0000000000,0.1849330356
0.0000000000,0.4065340692
0.0000000000,-0.2200644393
0.0000000000,-0.3452613862
0.0000000000,-0.0952509303
0.0000000000,-0.4999108391
0.0000000000,-0.4726160038
0.0000000000,-0.4859002290
0.0000000000,-0.2029537588
0.0000000000,-0.0485375738
0.0000000000,-0.3096168763
0.0000000000,0.3281739480
0.0000000000,0.4321729255
0.0000000000,0.2279174208
0.0000000000,0.4806503824
0.0000000000,0.4086380511
0.0000000000,0.4995250524
0.0000000000,0.0785462964
0.0000000000,-0.0916824676
0.0000000000,0.1883030299
0.0000000000,-0.4141855048
0.0000000000,-0.4850308522
0.0000000000,-0.3426248697
0.0000000000,-0.4290248061
0.0000000000,-0.3124609462
0.0000000000,-0.4737891672
0.0000000000,0.0511501669
0.0000000000,0.2246782729
0.0000000000,-0.0521516080
0.0000000000,0.4723074272
0.0000000000,0.4996701593
0.0000000000,0.4303347585
0.0000000000,0.3485103748
0.0000000000,0.1916630856
0.0000000000,0.4107204651
0.0000000000,-0.1774023776
0.0000000000,-0.3399702694
0.0000000000,-0.0881091658
0.0000000000,-0.4986260120
0.0000000000,-0.4749373240
0.0000000000,-0.4841358755
0.0000000000,-0.2445286160
0.0000000000,-0.0557628897
0.0000000000,-0.3152885243
0.0000000000,0.2917090051
0.0000000000,0.4284738784
0.0000000000,0.2214272664
0.0000000000,0.4913690684
0.0000000000,0.4127812013
0.0000000000,0.4997888936
0.0000000000,0.1240812552
0.0000000000,-0.0845312136
0.0000000000,0.1950130253
0.0000000000,-0.3863730874
0.0000000000,-0.4832153460
0.0000000000,-0.3372977254
0.0000000000,-0.4510252509
0.0000000000,-0.3180994615
0.0000000000,-0.4760604135
0.0000000000,0.0047212528
0.0000000000,0.2181645730
0.0000000000,-0.0593712283
0.0000000000,0.4550203149
0.0000000000,0.4998812490
0.0000000000,0.4265903834
0.0000000000,0.3803111543
0.0000000000,0.1983526722
0.0000000000,0.4148201508
0.0000000000,-0.1332058500
0.0000000000,-0.3346073789
0.0000000000,-0.0809487999
0.0000000000,-0.4930282515
0.0000000000,-0.4771583765
0.0000000000,-0.4822693123
0.0000000000,-0.2839883899
0.0000000000,-0.0629764332
0.0000000000,-0.3208936094
0.0000000000,0.2527208855
0.0000000000,0.4246843729
0.0000000000,0.2148903649
0.0000000000,0.4978375911
0.0000000000,0.4168372060
0.0000000000,0.4999472206
0.0000000000,0.1685429564
0.0000000000,-0.0773621136
0.0000000000,0.2016818501
0.0000000000,-0.3552186836
0.0000000000,-0.4812978245
0.0000000000,-0.3318993717
0.0000000000,-0.4691244916
0.0000000000,-0.3236708205
0.0000000000,-0.4782311551
0.0000000000,-0.0417484984
0.0000000000,0.2116048148
0.0000000000,-0.0665783142
0.0000000000,0.4337974428
0.0000000000,0.4999868050
0.0000000000,0.4227559476
0.0000000000,0.4088223809
0.0000000000,0.2050003831
0.0000000000,0.4188322606
0.0000000000,-0.0878571403
0.0000000000,-0.3291738469
0.0000000000,-0.0737713442
0.0000000000,-0.4831659763
0.0000000000,-0.4792786926
0.0000000000,-0.4803009337
0.0000000000,-0.3209917677
0.0000000000,-0.0701766812
0.0000000000,-0.3264309482
0.0000000000,0.2115468224
0.0000000000,0.4208052092
0.0000000000,0.2083080962
0.0000000000,0.5000000000
0.0000000000,0.4208052092
0.0000000000,0.5000000000
0.0000000000,0.2115468224
0.0000000000,-0.0701766812
0.0000000000,0.2083080962
0.0000000000,-0.3209917677
0.0000000000,-0.4792786926
0.0000000000,-0.3264309482
0.0000000000,-0.4831659764
0.0000000000,-0.3291738469
0.0000000000,-0.4803009337
0.0000000000,-0.0878571404
0.0000000000,0.2050003831
0.0000000000,-0.0737713442
0.0000000000,0.4088223809
0.0000000000,0.4999868050
0.0000000000,0.4188322606
0.0000000000,0.4337974428
0.0000000000,0.2116048148
0.0000000000,0.4227559476
0.0000000000,-0.0417484984
0.0000000000,-0.3236708205
0.0000000000,-0.0665783142
0.0000000000,-0.4691244916
0.0000000000,-0.4812978245
0.0000000000,-0.4782311551
0.0000000000,-0.3552186836
0.0000000000,-0.0773621136
0.0000000000,-0.3318993717
0.0000000000,0.1685429564
0.0000000000,0.4168372060
0.0000000000,0.2016818501
0.0000000000,0.4978375911
0.0000000000,0.4246843729
0.0000000000,0.4999472206
0.0000000000,0.2527208856
0.0000000000,-0.0629764332
0.0000000000,0.2148903649
0.0000000000,-0.2839883899
0.0000000000,-0.4771583765
0.0000000000,-0.3208936094
0.0000000000,-0.4930282515
0.0000000000,-0.3346073789
0.0000000000,-0.4822693123
0.0000000000,-0.1332058500
0.0000000000,0.1983526722
0.0000000000,-0.0809487999
0.0000000000,0.3803111543
0.0000000000,0.4998812490
0.0000000000,0.4148201508
0.0000000000,0.4550203149
0.0000000000,0.2181645730
0.0000000000,0.4265903834
0.0000000000,0.0047212528
0.0000000000,-0.3180994615
0.0000000000,-0.0593712282
0.0000000000,-0.4510252509
0.0000000000,-0.4832153460
0.0000000000,-0.4760604135
0.0000000000,-0.3863730874
0.0000000000,-0.0845312136
0.0000000000,-0.3372977254
0.0000000000,0.1240812552
0.0000000000,0.4127812012
0.0000000000,0.1950130253
0.0000000000,0.4913690684
0.0000000000,0.4284738784
0.0000000000,0.4997888936
0.0000000000,0.2917090051
0.0000000000,-0.0557628897
0.0000000000,0.2214272664
0.0000000000,-0.2445286160
0.0000000000,-0.4749373240
0.0000000000,-0.3152885243
0.0000000000,-0.4986260120
0.0000000000,-0.3399702694
0.0000000000,-0.4841358755
0.0000000000,-0.1774023776
0.0000000000,0.1916630856
0.0000000000,-0.0881091658
0.0000000000,0.3485103748
0.0000000000,0.4996701593
0.0000000000,0.4107204651
0.0000000000,0.4723074272
0.0000000000,0.2246782729
0.0000000000,0.4303347585
0.0000000000,0.0511501669
0.0000000000,-0.3124609462
0.0000000000,-0.0521516080
0.0000000000,-0.4290248061
0.0000000000,-0.4850308522
0.0000000000,-0.4737891672
0.0000000000,-0.4141855048
0.0000000000,-0.0916824676
0.0000000000,-0.3426248697
0.0000000000,0.0785462964
0.0000000000,0.4086380511
0.0000000000,0.1883030299
0.0000000000,0.4806503824
0.0000000000,0.4321729255
0.0000000000,0.4995250524
0.0000000000,0.3281739480
0.0000000000,-0.0485375738
0.0000000000,0.2279174208
0.0000000000,-0.2029537587
0.0000000000,-0.4726160038
0.0000000000,-0.3096168763
0.0000000000,-0.4999108391
0.0000000000,-0.3452613862
0.0000000000,-0.4859002290
0.0000000000,-0.2200644393
0.0000000000,0.1849330356
0.0000000000,-0.0952509303
0.0000000000,0.3136951076
0.0000000000,0.4993535805
0.0000000000,0.4065340692
0.0000000000,0.4855092522
0.0000000000,0.2311445392
0.0000000000,0.4339882823
0.0000000000,0.0971366507
0.0000000000,-0.3067564648
0.0000000000,-0.0449209777
0.0000000000,-0.4033134531
0.0000000000,-0.4867439600
0.0000000000,-0.4714178957
0.0000000000,-0.4384153684
0.0000000000,-0.0988143658
0.0000000000,-0.3478796798
0.0000000000,0.0323319407
0.0000000000,0.4044086303
0.0000000000,0.1815532804
0.0000000000,0.4657742457
0.0000000000,0.4357807333
0.0000000000,0.4991557527
0.0000000000,0.3618003059
0.0000000000,-0.0413020107
0.0000000000,0.2343594578
0.0000000000,-0.1596234254
0.0000000000,-0.4701949061
0.0000000000,-0.3038798627
0.0000000000,-0.4968716196
0.0000000000,-0.3504796123
0.0000000000,-0.4875620005
0.0000000000,-0.2608230238
0.0000000000,0.1781639429
0.0000000000,-0.1023725857
0.0000000000,0.2761664920
0.0000000000,0.4989315794
0.0000000000,0.4022618468
0.0000000000,0.4945115992
0.0000000000,0.2375620069
0.0000000000,0.4375501837
0.0000000000,0.1422829378
0.0000000000,-0.3009872218
0.0000000000,-0.0376808637
0.0000000000,-0.3741135857
0.0000000000,-0.4883543075
0.0000000000,-0.4689470996
0.0000000000,-0.4588530989
0.0000000000,-0.1059254025
0.0000000000,-0.3530610465
0.0000000000,-0.0141620745
0.0000000000,0.4000938318
0.0000000000,0.1747652019
0.0000000000,0.4468693315
0.0000000000,0.4392965401
0.0000000000,0.4986810724
0.0000000000,0.3922972230
0.0000000000,-0.0340577280
0.0000000000,0.2407520174
0.0000000000,-0.1149124076
0.0000000000,-0.4676745420
0.0000000000,-0.2980786948
0.0000000000,-0.4895346417
0.0000000000,-0.3556238460
0.0000000000,-0.4891208391
0.0000000000,-0.2993255841
0.0000000000,0.1713572367
0.0000000000,-0.1094726285
0.0000000000,0.2362491369
0.0000000000,0.4984042450
0.0000000000,0.3979046998
0.0000000000,0.4992366010
0.0000000000,0.2439293210
0.0000000000,0.4410197105
0.0000000000,0.1861985294
0.0000000000,-0.2951544351
0.0000000000,-0.0304327947
0.0000000000,-0.3416777721
0.0000000000,-0.4898615549
0.0000000000,-0.4663773006
0.0000000000,-0.4753219173
0.0000000000,-0.1130140765
0.0000000000,-0.3581678757
0.0000000000,-0.0605335929
0.0000000000,0.3956945664
0.0000000000,0.1679402273
0.0000000000,0.4240991604
0.0000000000,0.4427196038
0.0000000000,0.4981011118
0.0000000000,0.4194009120
0.0000000000,0.2470937500
0.0000000000,0.4268185338
0.0000000000,0.4254746775
0.0000000000,0.4999762844
0.0000000000,-0.0470507540
0.0000000000,-0.0537468979
0.0000000000,0.2197509645
0.0000000000,-0.4680564909
0.0000000000,-0.4717757549
0.0000000000,-0.3106684950
0.0000000000,-0.3631805775
0.0000000000,-0.3526714560
0.0000000000,-0.4873810346
0.0000000000,0.1497443752
0.0000000000,0.1679615994
0.0000000000,-0.1091932629
0.0000000000,0.4944250653
0.0000000000,0.4973645141
0.0000000000,0.3933148481
0.0000000000,0.2835978748
0.0000000000,0.2605005778
0.0000000000,0.4480202828
0.0000000000,-0.2458637568
0.0000000000,-0.2729523545
0.0000000000,-0.0073610047
0.0000000000,-0.4990868560
0.0000000000,-0.4956395087
0.0000000000,-0.4543615315
0.0000000000,-0.1915643516
0.0000000000,-0.1540237907
0.0000000000,-0.3840556033
0.0000000000,0.3311889621
0.0000000000,0.3629533865
0.0000000000,0.1235110280
0.0000000000,0.4818371959
0.0000000000,0.4666954706
0.0000000000,0.4904560449
0.0000000000,0.0911205632
0.0000000000,0.0390884797
0.0000000000,0.2989997440
0.0000000000,-0.4019739514
0.0000000000,-0.4330221091
0.0000000000,-0.2328781968
0.0000000000,-0.4434333984
0.0000000000,-0.4121219197
0.0000000000,-0.4996161860
0.0000000000,0.0133236987
0.0000000000,0.0779934531
0.0000000000,-0.1975237172
0.0000000000,0.4551110458
0.0000000000,0.4793105585
0.0000000000,0.3294563947
0.0000000000,0.3855615084
0.0000000000,0.3349158712
0.0000000000,0.4813389074
0.0000000000,-0.1171830092
0.0000000000,-0.1907922198
0.0000000000,0.0852002814
0.0000000000,-0.4882673630
0.0000000000,-0.4992767123
0.0000000000,-0.4079418374
0.0000000000,-0.3107622803
0.0000000000,-0.2393172494
0.0000000000,-0.4366279423
0.0000000000,0.2158976245
0.0000000000,0.2931132511
0.0000000000,0.0318020979
0.0000000000,0.4999872386
0.0000000000,0.4918240893
0.0000000000,0.4640243401
0.0000000000,0.2223196305
0.0000000000,0.1305760434
0.0000000000,0.3679386825
0.0000000000,-0.3051336689
0.0000000000,-0.3793373834
0.0000000000,-0.1470580015
0.0000000000,-0.4897561339
0.0000000000,-0.4573619651
0.0000000000,-0.4946240204
0.0000000000,-0.1241164640
0.0000000000,-0.0146639934
0.0000000000,-0.2790433359
0.0000000000,0.3809734051
0.0000000000,0.4447294463
0.0000000000,0.2542379216
0.0000000000,0.4580232259
0.0000000000,0.3977828960
0.0000000000,0.4980604357
0.0000000000,0.0204642023
0.0000000000,-0.1020533590
0.0000000000,0.1748237677
0.0000000000,-0.4400872350
0.0000000000,-0.4856983044
0.0000000000,-0.3474558589
0.0000000000,-0.4061816871
0.0000000000,-0.3163587856
0.0000000000,-0.4741448684
0.0000000000,0.0840865010
0.0000000000,0.2131662476
0.0000000000,-0.0610034036
0.0000000000,0.4798798793
0.0000000000,0.4999940711
0.0000000000,0.4215925645
0.0000000000,0.3365075207
0.0000000000,0.2175612012
0.0000000000,0.4241906896
0.0000000000,-0.1849455477
0.0000000000,-0.3125726864
0.0000000000,-0.0561670843
0.0000000000,-0.4986043184
0.0000000000,-0.4868316657
0.0000000000,-0.4725766732
0.0000000000,-0.2520596374
0.0000000000,-0.1068158093
0.0000000000,-0.3509412327
0.0000000000,0.2776849151
0.0000000000,0.3948135725
0.0000000000,0.1702530446
0.0000000000,0.4954384916
0.0000000000,0.4469339280
0.0000000000,0.4976082910
0.0000000000,0.1565455593
0.0000000000,-0.0097955858
0.0000000000,0.2584191379
0.0000000000,-0.3582330592
0.0000000000,-0.4553724834
0.0000000000,-0.2749892192
0.0000000000,-0.4705213886
0.0000000000,-0.3824919219
0.0000000000,-0.4953127566
0.0000000000,-0.0541586489
0.0000000000,0.1258690368
0.0000000000,-0.1517054404
0.0000000000,0.4230536681
0.0000000000,0.4909237059
0.0000000000,0.3646238123
0.0000000000,0.4249469468
0.0000000000,0.2970446088
0.0000000000,0.4658161339
0.0000000000,-0.0506059931
0.0000000000,-0.2350301385
0.0000000000,0.0366605360
0.0000000000,-0.4693009176
0.0000000000,-0.4995148736
0.0000000000,-0.4342343611
0.0000000000,-0.3607160248
0.0000000000,-0.1952844983
0.0000000000,-0.4107382889
0.0000000000,0.1531488760
0.0000000000,0.3312840912
0.0000000000,0.0803976549
0.0000000000,0.4949444109
0.0000000000,0.4806741853
0.0000000000,0.4799980637
0.0000000000,0.2806485579
0.0000000000,0.0827999499
0.0000000000,0.3331039311
0.0000000000,-0.2489680515
0.0000000000,-0.4093449171
0.0000000000,-0.1930406481
0.0000000000,-0.4988583195
0.0000000000,-0.4354363150
0.0000000000,-0.4994017148
0.0000000000,-0.1882597546
0.0000000000,0.0342317229
0.0000000000,-0.2371765064
0.0000000000,0.3338567624
0.0000000000,0.4649257501
0.0000000000,0.2950824290
0.0000000000,0.4808708108
0.0000000000,0.3662855908
0.0000000000,0.4913797243
0.0000000000,0.0876057680
0.0000000000,-0.1493834923
0.0000000000,0.1282240606
0.0000000000,-0.4040881327
0.0000000000,-0.4949742578
0.0000000000,-0.3809191695
0.0000000000,-0.4417715920
0.0000000000,-0.2770195624
0.0000000000,-0.4563726359
0.0000000000,0.0168943817
0.0000000000,0.2563315693
0.0000000000,-0.0122299347
0.0000000000,0.4565787890
0.0000000000,0.4978402666
0.0000000000,0.4458369738
0.0000000000,0.3832772391
0.0000000000,0.1725404521
0.0000000000,0.3963029336
0.0000000000,-0.1206528160
0.0000000000,-0.3492026866
0.0000000000,-0.1044358225
0.0000000000,-0.4890242297
0.0000000000,-0.4733663839
0.0000000000,-0.4862707512
0.0000000000,-0.3079558345
0.0000000000,-0.0585859386
0.0000000000,-0.3144694649
0.0000000000,0.2191142199
0.0000000000,0.4228966417
0.0000000000,0.2153662782
0.0000000000,0.5000000000
0.0000000000,0.4228966417
0.0000000000,0.5000000000
0.0000000000,0.2191142199
0.0000000000,-0.0585859386
0.0000000000,0.2153662782
0.0000000000,-0.3079558345
0.0000000000,-0.4733663839
0.0000000000,-0.3144694649
0.0000000000,-0.4890242297
0.0000000000,-0.3492026866
0.0000000000,-0.4862707512
0.0000000000,-0.1206528160
0.0000000000,0.1725404521
0.0000000000,-0.1044358225
0.0000000000,0.3832772391
0.0000000000,0.4978402666
0.0000000000,0.3963029336
0.0000000000,0.4565787890
0.0000000000,0.2563315693
0.0000000000,0.4458369738
0.0000000000,0.0168943817
0.0000000000,-0.2770195624
0.0000000000,-0.0122299347
0.0000000000,-0.4417715920
0.0000000000,-0.4949742578
0.0000000000,-0.4563726359
0.0000000000,-0.4040881327
0.0000000000,-0.1493834923
0.0000000000,-0.3809191695
0.0000000000,0.0876057680
0.0000000000,0.3662855908
0.0000000000,0.1282240606
0.0000000000,0.4808708108
0.0000000000,0.4649257501
0.0000000000,0.4913797243
0.0000000000,0.3338567624
0.0000000000,0.0342317229
0.0000000000,0.2950824290
0.0000000000,-0.1882597546
0.0000000000,-0.4354363150
0.0000000000,-0.2371765064
0.0000000000,-0.4988583195
0.0000000000,-0.4093449171
0.0000000000,-0.4994017148
0.0000000000,-0.2489680515
0.0000000000,0.0827999499
0.0000000000,-0.1930406481
0.0000000000,0.2806485579
0.0000000000,0.4806741853
0.0000000000,0.3331039311
0.0000000000,0.4949444109
0.0000000000,0.3312840912
0.0000000000,0.4799980637
0.0000000000,0.1531488760
0.0000000000,-0.1952844983
0.0000000000,0.0803976549
0.0000000000,-0.3607160248
0.0000000000,-0.4995148736
0.0000000000,-0.4107382889
0.0000000000,-0.4693009176
0.0000000000,-0.2350301385
0.0000000000,-0.4342343611
0.0000000000,-0.0506059931
0.0000000000,0.2970446088
0.0000000000,0.0366605360
0.0000000000,0.4249469468
0.0000000000,0.4909237059
0.0000000000,0.4658161339
0.0000000000,0.4230536681
0.0000000000,0.1258690368
0.0000000000,0.3646238123
0.0000000000,-0.0541586489
0.0000000000,-0.3824919219
0.0000000000,-0.1517054404
0.0000000000,-0.4705213886
0.0000000000,-0.4553724834
0.0000000000,-0.4953127566
0.0000000000,-0.3582330592
0.0000000000,-0.0097955858
0.0000000000,-0.2749892193
0.0000000000,0.1565455593
0.0000000000,0.4469339280
0.0000000000,0.2584191378
0.0000000000,0.4954384916
0.0000000000,0.3948135725
0.0000000000,0.4976082910
0.0000000000,0.2776849151
0.0000000000,-0.1068158093
0.0000000000,0.1702530446
0.0000000000,-0.2520596374
0.0000000000,-0.4868316657
0.0000000000,-0.3509412327
0.0000000000,-0.4986043184
0.0000000000,-0.3125726864
0.0000000000,-0.4725766732
0.0000000000,-0.1849455477
0.0000000000,0.2175612012
0.0000000000,-0.0561670843
0.0000000000,0.3365075207
0.0000000000,0.4999940711
0.0000000000,0.4241906896
0.0000000000,0.4798798793
0.0000000000,0.2131662476
0.0000000000,0.4215925645
0.0000000000,0.0840865010
0.0000000000,-0.3163587856
0.0000000000,-0.0610034035
0.0000000000,-0.4061816871
0.0000000000,-0.4856983044
0.0000000000,-0.4741448684
0.0000000000,-0.4400872350
0.0000000000,-0.1020533590
0.0000000000,-0.3474558589
0.0000000000,0.0204642023
0.0000000000,0.3977828960
0.0000000000,0.1748237677
0.0000000000,0.4580232259
0.0000000000,0.4447294464
0.0000000000,0.4980604357
0.0000000000,0.3809734051
0.0000000000,-0.0146639934
0.0000000000,0.2542379216
0.0000000000,-0.1241164640
0.0000000000,-0.4573619651
0.0000000000,-0.2790433359
0.0000000000,-0.4897561339
0.0000000000,-0.3793373834
0.0000000000,-0.4946240204
0.0000000000,-0.3051336689
0.0000000000,0.1305760434
0.0000000000,-0.1470580015
0.0000000000,0.2223196305
0.0000000000,0.4918240893
0.0000000000,0.3679386825
0.0000000000,0.4999872386
0.0000000000,0.2931132511
0.0000000000,0.4640243401
0.0000000000,0.2158976245
0.0000000000,-0.2393172494
0.0000000000,0.0318020979
0.0000000000,-0.3107622802
0.0000000000,-0.4992767123
0.0000000000,-0.4366279423
0.0000000000,-0.4882673630
0.0000000000,-0.1907922198
0.0000000000,-0.4079418374
0.0000000000,-0.1171830092
0.0000000000,0.3349158712
0.0000000000,0.0852002813
0.0000000000,0.3855615084
0.0000000000,0.4793105585
0.0000000000,0.4813389074
0.0000000000,0.4551110458
0.0000000000,0.0779934531
0.0000000000,0.3294563947
0.0000000000,0.0133236987
0.0000000000,-0.4121219197
0.0000000000,-0.1975237172
0.0000000000,-0.4434333984
0.0000000000,-0.4330221091
0.0000000000,-0.4996161860
0.0000000000,-0.4019739514
0.0000000000,0.0390884797
0.0000000000,-0.2328781968
0.0000000000,0.0911205632
0.0000000000,0.4666954706
0.0000000000,0.2989997440
0.0000000000,0.4818371959
0.0000000000,0.3629533865
0.0000000000,0.4904560449
0.0000000000,0.3311889621
0.0000000000,-0.1540237907
0.0000000000,0.1235110280
0.0000000000,-0.1915643516
0.0000000000,-0.4956395087
0.0000000000,-0.3840556032
0.0000000000,-0.4990868560
0.0000000000,-0.2729523545
0.0000000000,-0.4543615315
0.0000000000,-0.2458637568
0.0000000000,0.2605005778
0.0000000000,-0.0073610047
0.0000000000,0.2835978748
0.0000000000,0.4973645141
0.0000000000,0.4480202828
0.0000000000,0.4944250653
0.0000000000,0.1679615994
0.0000000000,0.3933148481
0.0000000000,0.1497443752
0.0000000000,-0.3526714560
0.0000000000,-0.1091932629
0.0000000000,-0.3631805775
0.0000000000,-0.4717757550
0.0000000000,-0.4873810346
0.0000000000,-0.4680564909
0.0000000000,-0.0537468979
0.0000000000,-0.3106684950
0.0000000000,-0.0470507540
0.0000000000,0.4254746775
0.0000000000,0.2197509645
0.0000000000,0.4268185338
0.0000000000,0.4999762844
0.0000000000,-0.1392680396
0.0000000000,-0.0939787319
0.0000000000,0.1782829678
0.0000000000,-0.4909228252
0.0000000000,-0.4812979513
0.0000000000,-0.3381595100
0.0000000000,-0.3081144056
0.0000000000,-0.3363395005
0.0000000000,-0.4806241729
0.0000000000,0.2101353592
0.0000000000,0.1805839780
0.0000000000,-0.0915563114
0.0000000000,0.4996126736
0.0000000000,0.4977957834
0.0000000000,0.3987656277
0.0000000000,0.2451662240
0.0000000000,0.2644846141
0.0000000000,0.4480841537
0.0000000000,-0.2761904591
0.0000000000,-0.2613257312
0.0000000000,0.0018568566
0.0000000000,-0.4968611068
0.0000000000,-0.4981303764
0.0000000000,-0.4464239778
0.0000000000,-0.1766035961
0.0000000000,-0.1840420134
0.0000000000,-0.4009950131
0.0000000000,0.3359206400
0.0000000000,0.3335823378
0.0000000000,0.0879028897
0.0000000000,0.4827311370
0.0000000000,0.4822908664
0.0000000000,0.4795871118
0.0000000000,0.1039966450
0.0000000000,0.0976236388
0.0000000000,0.3408857175
0.0000000000,-0.3879580466
0.0000000000,-0.3950076533
0.0000000000,-0.1748084628
0.0000000000,-0.4575463489
0.0000000000,-0.4507915562
0.0000000000,-0.4971782355
0.0000000000,-0.0290081115
0.0000000000,-0.0080354619
0.0000000000,-0.2697079930
0.0000000000,0.4311109925
0.0000000000,0.4436072211
0.0000000000,0.2560380718
0.0000000000,0.4218834883
0.0000000000,0.4046552163
0.0000000000,0.4986261717
0.0000000000,-0.0466447244
0.0000000000,-0.0818136234
0.0000000000,0.1897729528
0.0000000000,-0.4643912508
0.0000000000,-0.4778030319
0.0000000000,-0.3289542224
0.0000000000,-0.3765592551
0.0000000000,-0.3453798761
0.0000000000,-0.4838839066
0.0000000000,0.1212293694
0.0000000000,0.1690062516
0.0000000000,-0.1036760574
0.0000000000,0.4870366844
0.0000000000,0.4964847607
0.0000000000,0.3911893550
0.0000000000,0.3226116002
0.0000000000,0.2748901832
0.0000000000,0.4534301158
0.0000000000,-0.1930377928
0.0000000000,-0.2507113113
0.0000000000,0.0142128400
0.0000000000,-0.4985287001
0.0000000000,-0.4990458190
0.0000000000,-0.4407227187
0.0000000000,-0.2612759555
0.0000000000,-0.1954749110
0.0000000000,-0.4082536224
0.0000000000,0.2604255405
0.0000000000,0.3242758705
0.0000000000,0.0757118629
0.0000000000,0.4986041242
0.0000000000,0.4854030501
0.0000000000,0.4759459840
0.0000000000,0.1939569424
0.0000000000,0.1097126431
0.0000000000,0.3498212897
0.0000000000,-0.3218493948
0.0000000000,-0.3873113160
0.0000000000,-0.1631782305
0.0000000000,-0.4872612294
0.0000000000,-0.4559994296
0.0000000000,-0.4957154650
0.0000000000,-0.1221962047
0.0000000000,-0.0203880477
0.0000000000,-0.2800303934
0.0000000000,0.3759027143
0.0000000000,0.4377709110
0.0000000000,0.2453462633
0.0000000000,0.4647597743
0.0000000000,0.4117896817
0.0000000000,0.4993892542
0.0000000000,0.0476371041
0.0000000000,-0.0695985399
0.0000000000,0.2011470171
0.0000000000,-0.4213476472
0.0000000000,-0.4740162518
0.0000000000,-0.3195479966
0.0000000000,-0.4316150554
0.0000000000,-0.3542092802
0.0000000000,-0.4868480650
0.0000000000,0.0280129133
0.0000000000,0.1573252895
0.0000000000,-0.1157324740
0.0000000000,0.4571434786
0.0000000000,0.4948704658
0.0000000000,0.3833741285
0.0000000000,0.3885861053
0.0000000000,0.2851278385
0.0000000000,0.4584991051
0.0000000000,-0.1030214190
0.0000000000,-0.2399437471
0.0000000000,0.0265601417
0.0000000000,-0.4824704635
0.0000000000,-0.4996564249
0.0000000000,-0.4347522489
0.0000000000,-0.3366583118
0.0000000000,-0.2067884049
0.0000000000,-0.4152628544
0.0000000000,0.1756706755
0.0000000000,0.3147713228
0.0000000000,0.0634745882
0.0000000000,0.4967485995
0.0000000000,0.4882187306
0.0000000000,0.4720141298
0.0000000000,0.2770208509
0.0000000000,0.1217346308
0.0000000000,0.3585431773
0.0000000000,-0.2442969732
0.0000000000,-0.3793783938
0.0000000000,-0.1514483226
0.0000000000,-0.4996509092
0.0000000000,-0.4609287607
0.0000000000,-0.4939498922
0.0000000000,-0.2110394544
0.0000000000,-0.0327281796
0.0000000000,-0.2901817403
0.0000000000,0.3073287309
0.0000000000,0.4316671934
0.0000000000,0.2345045877
0.0000000000,0.4911109280
0.0000000000,0.4186726099
0.0000000000,0.4998472902
0.0000000000,0.1402251340
0.0000000000,-0.0573409430
0.0000000000,0.2123982129
0.0000000000,-0.3633224853
0.0000000000,-0.4699399240
0.0000000000,-0.3099465784
0.0000000000,-0.4713242263
0.0000000000,-0.3628223194
0.0000000000,-0.4895148376
0.0000000000,-0.0661995780
0.0000000000,0.1455482271
0.0000000000,-0.1277181967
0.0000000000,0.4109959475
0.0000000000,0.4929538847
0.0000000000,0.3753247222
0.0000000000,0.4407439310
0.0000000000,0.2951913267
0.0000000000,0.4632880252
0.0000000000,-0.0093419860
0.0000000000,-0.2290296158
0.0000000000,0.0388912194
0.0000000000,-0.4492573680
0.0000000000,-0.4999618211
0.0000000000,-0.4285162155
0.0000000000,-0.4000703482
0.0000000000,-0.2179755844
0.0000000000,-0.4220184276
0.0000000000,0.0846696133
0.0000000000,0.3050745004
0.0000000000,0.0511985409
0.0000000000,0.4772305385
0.0000000000,0.4907361881
0.0000000000,0.4677939509
0.0000000000,0.3502349261
0.0000000000,0.1336822581
0.0000000000,0.3670460528
0.0000000000,-0.1580582581
0.0000000000,-0.3712137325
0.0000000000,-0.1396259041
0.0000000000,-0.4942748574
0.0000000000,-0.4655765385
0.0000000000,-0.4918825955
0.0000000000,-0.2923789245
0.0000000000,-0.0450483200
0.0000000000,-0.3001558328
0.0000000000,0.2278272786
0.0000000000,0.4252997965
0.0000000000,0.2235196676
0.0000000000,0.5000000000
0.0000000000,0.4252997965
0.0000000000,0.5000000000
0.0000000000,0.2278272786
0.0000000000,-0.0450483199
0.0000000000,0.2235196676
0.0000000000,-0.2923789245
0.0000000000,-0.4655765385
0.0000000000,-0.3001558328
0.0000000000,-0.4942748574
0.0000000000,-0.3712137325
0.0000000000,-0.4918825955
0.0000000000,-0.1580582581
0.0000000000,0.1336822581
0.0000000000,-0.1396259041
0.0000000000,0.3502349261
0.0000000000,0.4907361881
0.0000000000,0.3670460528
0.0000000000,0.4772305385
0.0000000000,0.3050745005
0.0000000000,0.4677939509
0.0000000000,0.0846696133
0.0000000000,-0.2179755844
0.0000000000,0.0511985409
0.0000000000,-0.4000703482
0.0000000000,-0.4999618211
0.0000000000,-0.4220184276
0.0000000000,-0.4492573680
0.0000000000,-0.2290296159
0.0000000000,-0.4285162155
0.0000000000,-0.0093419860
0.0000000000,0.2951913267
0.0000000000,0.0388912194
0.0000000000,0.4407439310
0.0000000000,0.4929538847
0.0000000000,0.4632880252
0.0000000000,0.4109959475
0.0000000000,0.1455482271
0.0000000000,0.3753247222
0.0000000000,-0.0661995780
0.0000000000,-0.3628223194
0.0000000000,-0.1277181967
0.0000000000,-0.4713242263
0.0000000000,-0.4699399240
0.0000000000,-0.4895148376
0.0000000000,-0.3633224853
0.0000000000,-0.0573409430
0.0000000000,-0.3099465785
0.0000000000,0.1402251340
0.0000000000,0.4186726099
0.0000000000,0.2123982129
0.0000000000,0.4911109280
0.0000000000,0.4316671934
0.0000000000,0.4998472902
0.0000000000,0.3073287309
0.0000000000,-0.0327281796
0.0000000000,0.2345045877
0.0000000000,-0.2110394544
0.0000000000,-0.4609287607
0.0000000000,-0.2901817403
0.0000000000,-0.4996509092
0.0000000000,-0.3793783938
0.0000000000,-0.4939498922
0.0000000000,-0.2442969732
0.0000000000,0.1217346307
0.0000000000,-0.1514483226
0.0000000000,0.2770208509
0.0000000000,0.4882187306
0.0000000000,0.3585431773
0.0000000000,0.4967485995
0.0000000000,0.3147713228
0.0000000000,0.4720141298
0.0000000000,0.1756706755
0.0000000000,-0.2067884049
0.0000000000,0.0634745883
0.0000000000,-0.3366583118
0.0000000000,-0.4996564249
0.0000000000,-0.4152628544
0.0000000000,-0.4824704635
0.0000000000,-0.2399437471
0.0000000000,-0.4347522489
0.0000000000,-0.1030214190
0.0000000000,0.2851278385
0.0000000000,0.0265601417
0.0000000000,0.3885861053
0.0000000000,0.4948704658
0.0000000000,0.4584991051
0.0000000000,0.4571434786
0.0000000000,0.1573252896
0.0000000000,0.3833741285
0.0000000000,0.0280129133
0.0000000000,-0.3542092801
0.0000000000,-0.1157324740
0.0000000000,-0.4316150553
0.0000000000,-0.4740162518
0.0000000000,-0.4868480650
0.0000000000,-0.4213476472
0.0000000000,-0.0695985400
0.0000000000,-0.3195479966
0.0000000000,0.0476371041
0.0000000000,0.4117896817
0.0000000000,0.2011470171
0.0000000000,0.4647597743
0.0000000000,0.4377709110
0.0000000000,0.4993892542
0.0000000000,0.3759027143
0.0000000000,-0.0203880476
0.0000000000,0.2453462633
0.0000000000,-0.1221962047
0.0000000000,-0.4559994296
0.0000000000,-0.2800303934
0.0000000000,-0.4872612294
0.0000000000,-0.3873113160
0.0000000000,-0.4957154650
0.0000000000,-0.3218493948
0.0000000000,0.1097126431
0.0000000000,-0.1631782305
0.0000000000,0.1939569424
0.0000000000,0.4854030501
0.0000000000,0.3498212897
0.0000000000,0.4986041242
0.0000000000,0.3242758705
0.0000000000,0.4759459840
0.0000000000,0.2604255405
0.0000000000,-0.1954749110
0.0000000000,0.0757118629
0.0000000000,-0.2612759555
0.0000000000,-0.4990458190
0.0000000000,-0.4082536223
0.0000000000,-0.4985287001
0.0000000000,-0.2507113113
0.0000000000,-0.4407227187
0.0000000000,-0.1930377928
0.0000000000,0.2748901832
0.0000000000,0.0142128400
0.0000000000,0.3226116002
0.0000000000,0.4964847607
0.0000000000,0.4534301158
0.0000000000,0.4870366844
0.0000000000,0.1690062516
0.0000000000,0.3911893550
0.0000000000,0.1212293694
0.0000000000,-0.3453798761
0.0000000000,-0.1036760574
0.0000000000,-0.3765592551
0.0000000000,-0.4778030319
0.0000000000,-0.4838839066
0.0000000000,-0.4643912508
0.0000000000,-0.0818136234
0.0000000000,-0.3289542224
0.0000000000,-0.0466447244
0.0000000000,0.4046552163
0.0000000000,0.1897729528
0.0000000000,0.4218834883
0.0000000000,0.4436072211
0.0000000000,0.4986261717
0.0000000000,0.4311109925
0.0000000000,-0.0080354619
0.0000000000,0.2560380718
0.0000000000,-0.0290081115
0.0000000000,-0.4507915562
0.0000000000,-0.2697079929
0.0000000000,-0.4575463489
0.0000000000,-0.3950076533
0.0000000000,-0.4971782355
0.0000000000,-0.3879580466
0.0000000000,0.0976236388
0.0000000000,-0.1748084628
0.0000000000,0.1039966450
0.0000000000,0.4822908664
0.0000000000,0.3408857175
0.0000000000,0.4827311370
0.0000000000,0.3335823378
0.0000000000,0.4795871118
0.0000000000,0.3359206400
0.0000000000,-0.1840420134
0.0000000000,0.0879028897
0.0000000000,-0.1766035961
0.0000000000,-0.4981303764
0.0000000000,-0.4009950131
0.0000000000,-0.4968611068
0.0000000000,-0.2613257312
0.0000000000,-0.4464239778
0.0000000000,-0.2761904591
0.0000000000,0.2644846141
0.0000000000,0.0018568566
0.0000000000,0.2451662240
0.0000000000,0.4977957834
0.0000000000,0.4480841537
0.0000000000,0.4996126736
0.0000000000,0.1805839780
0.0000000000,0.3987656278
0.0000000000,0.2101353592
0.0000000000,-0.3363395005
0.0000000000,-0.0915563114
0.0000000000,-0.3081144055
0.0000000000,-0.4812979513
0.0000000000,-0.4806241729
0.0000000000,-0.4909228253
0.0000000000,-0.0939787319
0.0000000000,-0.3381595100
0.0000000000,-0.1392680396
0.0000000000,0.1782829678
0.0000000000,-0.4880730423
0.0000000000,-0.4999349494
0.0000000000,-0.4321521739
0.0000000000,-0.1366143853
0.0000000000,-0.2257037470
0.0000000000,-0.4238153260
0.0000000000,0.3581351265
0.0000000000,0.2896954813
0.0000000000,0.0373749055
0.0000000000,0.4772471218
0.0000000000,0.4955505028
0.0000000000,0.4586294590
0.0000000000,0.0957884935
0.0000000000,0.1719019690
0.0000000000,0.3898311767
0.0000000000,-0.3861398993
0.0000000000,-0.3354265394
0.0000000000,-0.0955078877
0.0000000000,-0.4630573840
0.0000000000,-0.4843464817
0.0000000000,-0.4787952625
0.0000000000,-0.0542874483
0.0000000000,-0.1157345424
0.0000000000,-0.3504823214
0.0000000000,0.4114230128
0.0000000000,0.3765415871
0.0000000000,0.1523265272
0.0000000000,0.4456038434
0.0000000000,0.4664770713
0.0000000000,0.4923720707
0.0000000000,0.0124037647
0.0000000000,0.0579744218
0.0000000000,0.3063102638
0.0000000000,-0.4338062620
0.0000000000,-0.4124748149
0.0000000000,-0.2070489079
0.0000000000,-0.4250095193
0.0000000000,-0.4421881837
0.0000000000,-0.4991730445
0.0000000000,0.0295673453
0.0000000000,0.0005835204
0.0000000000,-0.2579228826
0.0000000000,0.4531318815
0.0000000000,0.4427317237
0.0000000000,0.2589219616
0.0000000000,0.4014195682
0.0000000000,0.4118140731
0.0000000000,0.4991045918
0.0000000000,-0.0713300535
0.0000000000,-0.0591334324
0.0000000000,0.2059860664
0.0000000000,-0.4692636569
0.0000000000,-0.4668959294
0.0000000000,-0.3072318312
0.0000000000,-0.3750002608
0.0000000000,-0.3757727363
0.0000000000,-0.4921676545
0.0000000000,0.1125900006
0.0000000000,0.1168695730
0.0000000000,-0.1512145495
0.0000000000,0.4820878855
0.0000000000,0.4846348938
0.0000000000,0.3513136950
0.0000000000,0.3459378105
0.0000000000,0.3345601602
0.0000000000,0.4784576961
0.0000000000,-0.1530563711
0.0000000000,-0.1729973996
0.0000000000,0.0943620763
0.0000000000,-0.4915141773
0.0000000000,-0.4957045000
0.0000000000,-0.3905609154
0.0000000000,-0.3144370604
0.0000000000,-0.2887434965
0.0000000000,-0.4581633876
0.0000000000,0.1924439426
0.0000000000,0.2267445029
0.0000000000,-0.0362110287
0.0000000000,0.4974760921
0.0000000000,0.4999524123
0.0000000000,0.4244333875
0.0000000000,0.2807200395
0.0000000000,0.2389532564
0.0000000000,0.4315640116
0.0000000000,-0.2304750968
0.0000000000,-0.2773712359
0.0000000000,-0.0224383410
0.0000000000,-0.4999316082
0.0000000000,-0.4973201726
0.0000000000,-0.4524649712
0.0000000000,-0.2450243981
0.0000000000,-0.1858746338
0.0000000000,-0.3990256184
0.0000000000,0.2668817758
0.0000000000,0.3241808931
0.0000000000,0.0807789230
0.0000000000,0.4988634183
0.0000000000,0.4878440049
0.0000000000,0.4742699067
0.0000000000,0.2076017325
0.0000000000,0.1302380763
0.0000000000,0.3609959888
0.0000000000,-0.3014073716
0.0000000000,-0.3665292981
0.0000000000,-0.1380078567
0.0000000000,-0.4942790512
0.0000000000,-0.4716543164
0.0000000000,-0.4895481230
0.0000000000,-0.1687158119
0.0000000000,-0.0728092327
0.0000000000,-0.3179984718
0.0000000000,0.3338085348
0.0000000000,0.4038336685
0.0000000000,0.1933375795
0.0000000000,0.4862108194
0.0000000000,0.4489739034
0.0000000000,0.4980893671
0.0000000000,0.1286407186
0.0000000000,0.0143784166
0.0000000000,0.2706247827
0.0000000000,-0.3638568899
0.0000000000,-0.4355806359
0.0000000000,-0.2460066652
0.0000000000,-0.4747155907
0.0000000000,-0.4201148850
0.0000000000,-0.4997760978
0.0000000000,-0.0876589172
0.0000000000,0.0442502697
0.0000000000,-0.2195268599
0.0000000000,0.3913406446
0.0000000000,0.4613333109
0.0000000000,0.2952903023
0.0000000000,0.4598743879
0.0000000000,0.3854744078
0.0000000000,0.4945851029
0.0000000000,0.0460592628
0.0000000000,-0.1022700009
0.0000000000,0.1654078932
0.0000000000,-0.4160660833
0.0000000000,-0.4807372951
0.0000000000,-0.3405102683
0.0000000000,-0.4417918173
0.0000000000,-0.3455291807
0.0000000000,-0.4825878189
0.0000000000,-0.0041349653
0.0000000000,0.1588823319
0.0000000000,-0.1090126470
0.0000000000,0.4378589316
0.0000000000,0.4935255583
0.0000000000,0.3810442635
0.0000000000,0.4205953318
0.0000000000,0.3008289146
0.0000000000,0.4639493477
0.0000000000,-0.0378184770
0.0000000000,-0.2133081856
0.0000000000,0.0511172109
0.0000000000,-0.4565655853
0.0000000000,-0.4995221134
0.0000000000,-0.4163344748
0.0000000000,-0.3964343321
0.0000000000,-0.2519887571
0.0000000000,-0.4389261848
0.0000000000,0.0795053604
0.0000000000,0.2647985744
0.0000000000,0.0074816806
0.0000000000,0.4720541930
0.0000000000,0.4986444382
0.0000000000,0.4458952518
0.0000000000,0.3694791140
0.0000000000,0.1996808276
0.0000000000,0.4078626893
0.0000000000,-0.1206318601
0.0000000000,-0.3126449076
0.0000000000,-0.0659776120
0.0000000000,-0.4842155851
0.0000000000,-0.4909046108
0.0000000000,-0.4693197906
0.0000000000,-0.3399196681
0.0000000000,-0.1446249678
0.0000000000,-0.3711863450
0.0000000000,0.1609081010
0.0000000000,0.3561887423
0.0000000000,0.1235655850
0.0000000000,0.4929640436
0.0000000000,0.4764091438
0.0000000000,0.4862857318
0.0000000000,0.3079643404
0.0000000000,0.0875788350
0.0000000000,0.3294018777
0.0000000000,-0.2000502011
0.0000000000,-0.3948308451
0.0000000000,-0.1794530962
0.0000000000,-0.4982379059
0.0000000000,-0.4553575182
0.0000000000,-0.4965595966
0.0000000000,-0.2738383642
0.0000000000,-0.0293274761
0.0000000000,-0.2830843089
0.0000000000,0.2377822721
0.0000000000,0.4280394384
0.0000000000,0.2328710432
0.0000000000,0.5000000000
0.0000000000,0.4280394384
0.0000000000,0.5000000000
0.0000000000,0.2377822721
0.0000000000,-0.0293274761
0.0000000000,0.2328710432
0.0000000000,-0.2738383642
0.0000000000,-0.4553575182
0.0000000000,-0.2830843089
0.0000000000,-0.4982379059
0.0000000000,-0.3948308451
0.0000000000,-0.4965595966
0.0000000000,-0.2000502011
0.0000000000,0.0875788350
0.0000000000,-0.1794530962
0.0000000000,0.3079643404
0.0000000000,0.4764091438
0.0000000000,0.3294018776
0.0000000000,0.4929640436
0.0000000000,0.3561887423
0.0000000000,0.4862857318
0.0000000000,0.1609081010
0.0000000000,-0.1446249678
0.0000000000,0.1235655850
0.0000000000,-0.3399196681
0.0000000000,-0.4909046108
0.0000000000,-0.3711863450
0.0000000000,-0.4842155851
0.0000000000,-0.3126449076
0.0000000000,-0.4693197906
0.0000000000,-0.1206318601
0.0000000000,0.1996808276
0.0000000000,-0.0659776120
0.0000000000,0.3694791140
0.0000000000,0.4986444382
0.0000000000,0.4078626893
0.0000000000,0.4720541930
0.0000000000,0.2647985745
0.0000000000,0.4458952518
0.0000000000,0.0795053604
0.0000000000,-0.2519887571
0.0000000000,0.0074816806
0.0000000000,-0.3964343321
0.0000000000,-0.4995221134
0.0000000000,-0.4389261848
0.0000000000,-0.4565655853
0.0000000000,-0.2133081856
0.0000000000,-0.4163344748
0.0000000000,-0.0378184770
0.0000000000,0.3008289146
0.0000000000,0.0511172109
0.0000000000,0.4205953318
0.0000000000,0.4935255583
0.0000000000,0.4639493477
0.0000000000,0.4378589316
0.0000000000,0.1588823319
0.0000000000,0.3810442635
0.0000000000,-0.0041349653
0.0000000000,-0.3455291807
0.0000000000,-0.1090126470
0.0000000000,-0.4417918173
0.0000000000,-0.4807372951
0.0000000000,-0.4825878189
0.0000000000,-0.4160660833
0.0000000000,-0.1022700010
0.0000000000,-0.3405102683
0.0000000000,0.0460592628
0.0000000000,0.3854744078
0.0000000000,0.1654078932
0.0000000000,0.4598743879
0.0000000000,0.4613333109
0.0000000000,0.4945851029
0.0000000000,0.3913406447
0.0000000000,0.0442502697
0.0000000000,0.2952903023
0.0000000000,-0.0876589172
0.0000000000,-0.4201148850
0.0000000000,-0.2195268599
0.0000000000,-0.4747155907
0.0000000000,-0.4355806359
0.0000000000,-0.4997760978
0.0000000000,-0.3638568899
0.0000000000,0.0143784166
0.0000000000,-0.2460066653
0.0000000000,0.1286407186
0.0000000000,0.4489739034
0.0000000000,0.2706247827
0.0000000000,0.4862108194
0.0000000000,0.4038336685
0.0000000000,0.4980893671
0.0000000000,0.3338085348
0.0000000000,-0.0728092327
0.0000000000,0.1933375795
0.0000000000,-0.1687158118
0.0000000000,-0.4716543164
0.0000000000,-0.3179984718
0.0000000000,-0.4942790512
0.0000000000,-0.3665292981
0.0000000000,-0.4895481230
0.0000000000,-0.3014073716
0.0000000000,0.1302380763
0.0000000000,-0.1380078567
0.0000000000,0.2076017325
0.0000000000,0.4878440049
0.0000000000,0.3609959888
0.0000000000,0.4988634183
0.0000000000,0.3241808931
0.0000000000,0.4742699067
0.0000000000,0.2668817758
0.0000000000,-0.1858746338
0.0000000000,0.0807789230
0.0000000000,-0.2450243981
0.0000000000,-0.4973201726
0.0000000000,-0.3990256184
0.0000000000,-0.4999316082
0.0000000000,-0.2773712359
0.0000000000,-0.4524649712
0.0000000000,-0.2304750968
0.0000000000,0.2389532564
0.0000000000,-0.0224383410
0.0000000000,0.2807200395
0.0000000000,0.4999524123
0.0000000000,0.4315640116
0.0000000000,0.4974760921
0.0000000000,0.2267445029
0.0000000000,0.4244333875
0.0000000000,0.1924439426
0.0000000000,-0.2887434965
0.0000000000,-0.0362110287
0.0000000000,-0.3144370604
0.0000000000,-0.4957045000
0.0000000000,-0.4581633876
0.0000000000,-0.4915141773
0.0000000000,-0.1729973996
0.0000000000,-0.3905609155
0.0000000000,-0.1530563711
0.0000000000,0.3345601602
0.0000000000,0.0943620763
0.0000000000,0.3459378105
0.0000000000,0.4846348938
0.0000000000,0.4784576961
0.0000000000,0.4820878855
0.0000000000,0.1168695730
0.0000000000,0.3513136950
0.0000000000,0.1125900006
0.0000000000,-0.3757727363
0.0000000000,-0.1512145494
0.0000000000,-0.3750002608
0.0000000000,-0.4668959294
0.0000000000,-0.4921676545
0.0000000000,-0.4692636569
0.0000000000,-0.0591334324
0.0000000000,-0.3072318312
0.0000000000,-0.0713300535
0.0000000000,0.4118140731
0.0000000000,0.2059860664
0.0000000000,0.4014195682
0.0000000000,0.4427317237
0.0000000000,0.4991045918
0.0000000000,0.4531318815
0.0000000000,0.0005835204
0.0000000000,0.2589219616
0.0000000000,0.0295673453
0.0000000000,-0.4421881836
0.0000000000,-0.2579228826
0.0000000000,-0.4250095193
0.0000000000,-0.4124748149
0.0000000000,-0.4991730445
0.0000000000,-0.4338062620
0.0000000000,0.0579744218
0.0000000000,-0.2070489079
0.0000000000,0.0124037647
0.0000000000,0.4664770713
0.0000000000,0.3063102638
0.0000000000,0.4456038434
0.0000000000,0.3765415871
0.0000000000,0.4923720707
0.0000000000,0.4114230128
0.0000000000,-0.1157345424
0.0000000000,0.1523265272
0.0000000000,-0.0542874483
0.0000000000,-0.4843464816
0.0000000000,-0.3504823214
0.0000000000,-0.4630573840
0.0000000000,-0.3354265394
0.0000000000,-0.4787952625
0.0000000000,-0.3861398993
0.0000000000,0.1719019690
0.0000000000,-0.0955078877
0.0000000000,0.0957884935
0.0000000000,0.4955505028
0.0000000000,0.3898311767
0.0000000000,0.4772471218
0.0000000000,0.2896954813
0.0000000000,0.4586294590
0.0000000000,0.3581351265
0.0000000000,-0.2257037470
0.0000000000,0.0373749055
0.0000000000,-0.1366143853
0.0000000000,-0.4999349494
0.0000000000,-0.4238153260
0.0000000000,-0.4880730423
0.0000000000,-0.4321521739
0.0000000000,0.1842141837
0.0000000000,0.0271156211
0.0000000000,-0.2294721603
0.0000000000,0.4948179480
0.0000000000,0.4492601889
0.0000000000,0.2762340493
0.0000000000,0.3087313924
0.0000000000,0.4104761595
0.0000000000,0.4985317221
0.0000000000,-0.1872547832
0.0000000000,-0.0494451196
0.0000000000,0.2093495598
0.0000000000,-0.4952776108
0.0000000000,-0.4586370659
0.0000000000,-0.2946194928
0.0000000000,-0.3061487164
0.0000000000,-0.3972799972
0.0000000000,-0.4963170491
0.0000000000,0.1902873492
0.0000000000,0.0716754217
0.0000000000,-0.1888069640
0.0000000000,0.4957160257
0.0000000000,0.4670938293
0.0000000000,0.3124138732
0.0000000000,0.3035529063
0.0000000000,0.3832868153
0.0000000000,0.4931066692
0.0000000000,-0.1933117518
0.0000000000,-0.0937619292
0.0000000000,0.1678855853
0.0000000000,-0.4961331739
0.0000000000,-0.4746135131
0.0000000000,-0.3295814915
0.0000000000,-0.3009440735
0.0000000000,-0.3685246866
0.0000000000,-0.4889070230
0.0000000000,0.1963278611
0.0000000000,0.1156603323
0.0000000000,-0.1466273960
0.0000000000,0.4965290376
0.0000000000,0.4811810314
0.0000000000,0.3460879064
0.0000000000,0.2983223300
0.0000000000,0.3530232269
0.0000000000,0.4837265358
0.0000000000,-0.1993355477
0.0000000000,-0.1373266987
0.0000000000,0.1250750441
0.0000000000,-0.4969035997
0.0000000000,-0.4867832086
0.0000000000,-0.3619000027
0.0000000000,-0.2956877881
0.0000000000,-0.3368135352
0.0000000000,-0.4775756006
0.0000000000,0.2023346827
0.0000000000,0.1587175614
0.0000000000,-0.1032717677
0.0000000000,0.4972568443
0.0000000000,0.4914088055
0.0000000000,0.3769860584
0.0000000000,0.2930405610
0.0000000000,0.3199281310
0.0000000000,0.4704665574
0.0000000000,-0.2053251373
0.0000000000,-0.1797900064
0.0000000000,0.0812613084
0.0000000000,-0.4975887560
0.0000000000,-0.4950485423
0.0000000000,-0.3913158080
0.0000000000,-0.2903807622
0.0000000000,-0.3024008898
0.0000000000,-0.4624136683
0.0000000000,0.2083067833
0.0000000000,0.2005017582
0.0000000000,-0.0590878234
0.0000000000,0.4978993208
0.0000000000,0.4976951170
0.0000000000,0.4048605031
0.0000000000,0.2877085058
0.0000000000,0.2842669746
0.0000000000,0.4534330889
0.0000000000,-0.2112794928
0.0000000000,-0.2208112652
0.0000000000,0.0367957969
0.0000000000,-0.4981885252
0.0000000000,-0.4993432201
0.0000000000,-0.4175929707
0.0000000000,-0.2850239064
0.0000000000,-0.2655627654
0.0000000000,-0.4435428360
0.0000000000,0.2142431382
0.0000000000,0.2406777825
0.0000000000,-0.0144299510
0.0000000000,0.4984563568
0.0000000000,0.4999895452
0.0000000000,0.4294876669
0.0000000000,0.2823270792
0.0000000000,0.2463257865
0.0000000000,0.4327627514
0.0000000000,-0.2171975923
0.0000000000,-0.2600614541
0.0000000000,-0.0079648441
0.0000000000,-0.4987028043
0.0000000000,-0.4996327957
0.0000000000,-0.4405207286
0.0000000000,-0.2796181400
0.0000000000,-0.2265946310
0.0000000000,-0.4211144618
0.0000000000,0.2201427285
0.0000000000,0.2789233927
0.0000000000,0.0303436603
0.0000000000,0.4989278569
0.0000000000,0.4982736872
0.0000000000,0.4506700215
0.0000000000,0.2768972049
0.0000000000,0.2064088833
0.0000000000,0.4086213361
0.0000000000,-0.2230784203
0.0000000000,-0.2972257576
0.0000000000,-0.0526616012
0.0000000000,-0.4991315051
0.0000000000,-0.4959149463
0.0000000000,-0.4599151841
0.0000000000,-0.2741643906
0.0000000000,-0.1858090399
0.0000000000,-0.3953084378
0.0000000000,0.2260045419
0.0000000000,0.3149318308
0.0000000000,0.0748738929
0.0000000000,0.4993137401
0.0000000000,0.4925613052
0.0000000000,0.4682376689
0.0000000000,0.2714198144
0.0000000000,0.1648364280
0.0000000000,0.3812024752
0.0000000000,-0.2289209677
0.0000000000,-0.3320060905
0.0000000000,-0.0969359733
0.0000000000,-0.4994745541
0.0000000000,-0.4882194919
0.0000000000,-0.4756207794
0.0000000000,-0.2686635941
0.0000000000,-0.1435331228
0.0000000000,-0.3663317475
0.0000000000,0.2318275726
0.0000000000,0.3484142825
0.0000000000,0.1188035816
0.0000000000,0.4996139402
0.0000000000,0.4828982169
0.0000000000,0.4820497036
0.0000000000,0.2658958479
0.0000000000,0.1219418626
0.0000000000,0.3507260882
0.0000000000,-0.2347242318
0.0000000000,-0.3641234888
0.0000000000,-0.1404328471
0.0000000000,-0.4997318924
0.0000000000,-0.4766081556
0.0000000000,-0.4875115438
0.0000000000,-0.2631166945
0.0000000000,-0.1001059637
0.0000000000,-0.3344168053
0.0000000000,0.2376108212
0.0000000000,0.3791021937
0.0000000000,0.1617803775
0.0000000000,0.4998284056
0.0000000000,0.4693619273
0.0000000000,0.4919953427
0.0000000000,0.2603262531
0.0000000000,0.0780692331
0.0000000000,0.3174366184
0.0000000000,-0.2404872169
0.0000000000,-0.3933203470
0.0000000000,-0.1828033455
0.0000000000,-0.4999034757
0.0000000000,-0.4611740692
0.0000000000,-0.4954921048
0.0000000000,-0.2575246436
0.0000000000,-0.0558758807
0.0000000000,-0.2998195928
0.0000000000,0.2433532954
0.0000000000,0.4067494245
0.0000000000,0.2034595750
0.0000000000,0.4999570996
0.0000000000,0.4520610076
0.0000000000,0.4979948149
0.0000000000,0.2547119860
0.0000000000,0.0335704305
0.0000000000,0.2816010718
0.0000000000,-0.2462089338
0.0000000000,-0.4193624849
0.0000000000,-0.2237076257
0.0000000000,-0.4999892748
0.0000000000,-0.4420410252
0.0000000000,-0.4994984522
0.0000000000,-0.2518884010
0.0000000000,-0.0111976317
0.0000000000,-0.2628176051
0.0000000000,0.2490540097
0.0000000000,0.4311342239
0.0000000000,0.2435068761
0.0000000000,0.5000000000
0.0000000000,0.4311342239
0.0000000000,0.5000000000
0.0000000000,0.2490540097
0.0000000000,-0.0111976317
0.0000000000,0.2435068761
0.0000000000,-0.2518884010
0.0000000000,-0.4420410252
0.0000000000,-0.2628176051
0.0000000000,-0.4999892748
0.0000000000,-0.4193624849
0.0000000000,-0.4994984522
0.0000000000,-0.2462089339
0.0000000000,0.0335704305
0.0000000000,-0.2237076257
0.0000000000,0.2547119859
0.0000000000,0.4520610076
0.0000000000,0.2816010718
0.0000000000,0.4999570996
0.0000000000,0.4067494246
0.0000000000,0.4979948149
0.0000000000,0.2433532954
0.0000000000,-0.0558758807
0.0000000000,0.2034595750
0.0000000000,-0.2575246436
0.0000000000,-0.4611740691
0.0000000000,-0.2998195928
0.0000000000,-0.4999034757
0.0000000000,-0.3933203470
0.0000000000,-0.4954921048
0.0000000000,-0.2404872169
0.0000000000,0.0780692331
0.0000000000,-0.1828033455
0.0000000000,0.2603262531
0.0000000000,0.4693619273
0.0000000000,0.3174366184
0.0000000000,0.4998284056
0.0000000000,0.3791021937
0.0000000000,0.4919953427
0.0000000000,0.2376108212
0.0000000000,-0.1001059637
0.0000000000,0.1617803775
0.0000000000,-0.2631166945
0.0000000000,-0.4766081556
0.0000000000,-0.3344168053
0.0000000000,-0.4997318924
0.0000000000,-0.3641234888
0.0000000000,-0.4875115438
0.0000000000,-0.2347242318
0.0000000000,0.1219418626
0.0000000000,-0.1404328471
0.0000000000,0.2658958479
0.0000000000,0.4828982169
0.0000000000,0.3507260882
0.0000000000,0.4996139402
0.0000000000,0.3484142825
0.0000000000,0.4820497036
0.0000000000,0.2318275726
0.0000000000,-0.1435331228
0.0000000000,0.1188035816
0.0000000000,-0.2686635941
0.0000000000,-0.4882194919
0.0000000000,-0.3663317475
0.0000000000,-0.4994745541
0.0000000000,-0.3320060905
0.0000000000,-0.4756207794
0.0000000000,-0.2289209677
0.0000000000,0.1648364280
0.0000000000,-0.0969359733
0.0000000000,0.2714198144
0.0000000000,0.4925613052
0.0000000000,0.3812024752
0.0000000000,0.4993137401
0.0000000000,0.3149318308
0.0000000000,0.4682376689
0.0000000000,0.2260045419
0.0000000000,-0.1858090399
0.0000000000,0.0748738930
0.0000000000,-0.2741643906
0.0000000000,-0.4959149463
0.0000000000,-0.3953084378
0.0000000000,-0.4991315051
0.0000000000,-0.2972257576
0.0000000000,-0.4599151841
0.0000000000,-0.2230784203
0.0000000000,0.2064088833
0.0000000000,-0.0526616012
0.0000000000,0.2768972049
0.0000000000,0.4982736871
0.0000000000,0.4086213361
0.0000000000,0.4989278569
0.0000000000,0.2789233927
0.0000000000,0.4506700215
0.0000000000,0.2201427285
0.0000000000,-0.2265946310
0.0000000000,0.0303436603
0.0000000000,-0.2796181400
0.0000000000,-0.4996327957
0.0000000000,-0.4211144618
0.0000000000,-0.4987028043
0.0000000000,-0.2600614541
0.0000000000,-0.4405207286
0.0000000000,-0.2171975923
0.0000000000,0.2463257865
0.0000000000,-0.0079648441
0.0000000000,0.2823270792
0.0000000000,0.4999895452
0.0000000000,0.4327627514
0.0000000000,0.4984563568
0.0000000000,0.2406777825
0.0000000000,0.4294876669
0.0000000000,0.2142431382
0.0000000000,-0.2655627654
0.0000000000,-0.0144299510
0.0000000000,-0.2850239064
0.0000000000,-0.4993432201
0.0000000000,-0.4435428360
0.0000000000,-0.4981885252
0.0000000000,-0.2208112652
0.0000000000,-0.4175929707
0.0000000000,-0.2112794928
0.0000000000,0.2842669746
0.0000000000,0.0367957969
0.0000000000,0.2877085058
0.0000000000,0.4976951170
0.0000000000,0.4534330889
0.0000000000,0.4978993208
0.0000000000,0.2005017582
0.0000000000,0.4048605031
0.0000000000,0.2083067833
0.0000000000,-0.3024008898
0.0000000000,-0.0590878234
0.0000000000,-0.2903807622
0.0000000000,-0.4950485423
0.0000000000,-0.4624136683
0.0000000000,-0.4975887560
0.0000000000,-0.1797900064
0.0000000000,-0.3913158080
0.0000000000,-0.2053251373
0.0000000000,0.3199281310
0.0000000000,0.0812613084
0.0000000000,0.2930405610
0.0000000000,0.4914088055
0.0000000000,0.4704665574
0.0000000000,0.4972568443
0.0000000000,0.1587175615
0.0000000000,0.3769860584
0.0000000000,0.2023346827
0.0000000000,-0.3368135352
0.0000000000,-0.1032717677
0.0000000000,-0.2956877881
0.0000000000,-0.4867832086
0.0000000000,-0.4775756006
0.0000000000,-0.4969035997
0.0000000000,-0.1373266987
0.0000000000,-0.3619000027
0.0000000000,-0.1993355477
0.0000000000,0.3530232269
0.0000000000,0.1250750441
0.0000000000,0.2983223300
0.0000000000,0.4811810315
0.0000000000,0.4837265358
0.0000000000,0.4965290376
0.0000000000,0.1156603323
0.0000000000,0.3460879064
0.0000000000,0.1963278611
0.0000000000,-0.3685246866
0.0000000000,-0.1466273960
0.0000000000,-0.3009440735
0.0000000000,-0.4746135131
0.0000000000,-0.4889070230
0.0000000000,-0.4961331739
0.0000000000,-0.0937619292
0.0000000000,-0.3295814916
0.0000000000,-0.1933117518
0.0000000000,0.3832868152
0.0000000000,0.1678855853
0.0000000000,0.3035529063
0.0000000000,0.4670938293
0.0000000000,0.4931066692
0.0000000000,0.4957160257
0.0000000000,0.0716754217
0.0000000000,0.3124138732
0.0000000000,0.1902873492
0.0000000000,-0.3972799972
0.0000000000,-0.1888069640
0.0000000000,-0.3061487164
0.0000000000,-0.4586370659
0.0000000000,-0.4963170491
0.0000000000,-0.4952776108
0.0000000000,-0.0494451196
0.0000000000,-0.2946194928
0.0000000000,-0.1872547832
0.0000000000,0.4104761595
0.0000000000,0.2093495598
0.0000000000,0.3087313924
0.0000000000,0.4492601889
0.0000000000,0.4985317221
0.0000000000,0.4948179480
0.0000000000,0.0271156211
0.0000000000,0.2762340494
0.0000000000,0.1842141837
0.0000000000,-0.2294721603
0.0000000000,0.3571719809
0.0000000000,0.4742971410
0.0000000000,0.4905036026
0.0000000000,-0.1112181881
0.0000000000,0.1063234883
0.0000000000,0.3340021590
0.0000000000,-0.4735878096
0.0000000000,-0.3656405167
0.0000000000,-0.1491721840
0.0000000000,-0.3845021452
0.0000000000,-0.4799875288
0.0000000000,-0.4864477400
0.0000000000,0.0711164457
0.0000000000,-0.1248797380
0.0000000000,-0.3479500431
0.0000000000,0.4589421276
0.0000000000,0.3523674611
0.0000000000,0.1308623684
0.0000000000,0.4092737584
0.0000000000,0.4849794623
0.0000000000,0.4816840225
0.0000000000,-0.0305414807
0.0000000000,0.1432542688
0.0000000000,0.3613916075
0.0000000000,-0.4412425564
0.0000000000,-0.3385816577
0.0000000000,-0.1123621282
0.0000000000,-0.4313219852
0.0000000000,-0.4892656775
0.0000000000,-0.4762193820
0.0000000000,-0.0102367131
0.0000000000,-0.1614203431
0.0000000000,-0.3743072925
0.0000000000,0.4206068723
0.0000000000,0.3243031669
0.0000000000,0.0936983842
0.0000000000,0.4505001125
0.0000000000,0.4928399374
0.0000000000,0.4700617706
0.0000000000,0.0509467899
0.0000000000,0.1793515264
0.0000000000,0.3866783039
0.0000000000,-0.3971723892
0.0000000000,-0.3095527660
0.0000000000,-0.0748982949
0.0000000000,-0.4666805254
0.0000000000,-0.4956970407
0.0000000000,-0.4632201483
0.0000000000,-0.0913178569
0.0000000000,-0.1970217262
0.0000000000,-0.3984866400
0.0000000000,0.3710950447
0.0000000000,0.2943519192
0.0000000000,0.0559892173
0.0000000000,0.4797555564
0.0000000000,0.4978328300
0.0000000000,0.4557044707
0.0000000000,0.1310812773
0.0000000000,0.2144052296
0.0000000000,0.4097151180
0.0000000000,-0.3425483623
0.0000000000,-0.2787227459
0.0000000000,-0.0369986670
0.0000000000,-0.4896382016
0.0000000000,-0.4992441975
0.0000000000,-0.4475256744
0.0000000000,-0.1699724577
0.0000000000,-0.2314767410
0.0000000000,-0.4203473986
0.0000000000,0.3117222973
0.0000000000,0.2626879889
0.0000000000,0.0179542780
0.0000000000,0.4962627000
0.0000000000,0.4999290893
0.0000000000,0.4386956607
0.0000000000,0.2077326087
0.0000000000,0.2482114189
0.0000000000,0.4303680103
0.0000000000,-0.2788219721
0.0000000000,-0.2462709813
0.0000000000,0.0011162372
0.0000000000,-0.4995849710
0.0000000000,-0.4998865088
0.0000000000,-0.4292272786
0.0000000000,-0.2441104670
0.0000000000,-0.2645849117
0.0000000000,-0.4397623716
0.0000000000,0.2440663119
0.0000000000,0.2294956122
0.0000000000,-0.0201851281
0.0000000000,0.4995829075
0.0000000000,0.4991165180
0.0000000000,0.4191343061
0.0000000000,0.2788639672
0.0000000000,0.2805733935
0.0000000000,0.4485168123
0.0000000000,-0.2076865875
0.0000000000,-0.2123862924
0.0000000000,0.0392246466
0.0000000000,-0.4962565232
0.0000000000,-0.4976202374
0.0000000000,-0.4084314299
0.0000000000,-0.3117618530
0.0000000000,-0.2961535987
0.0000000000,-0.4566185933
0.0000000000,0.1699248766
0.0000000000,0.1949679184
0.0000000000,-0.0582070873
0.0000000000,0.4896279525
0.0000000000,0.4953998442
0.0000000000,0.3971342243
0.0000000000,0.3425852154
0.0000000000,0.3113028557
0.0000000000,0.4640559254
0.0000000000,-0.1310324529
0.0000000000,-0.1772658367
0.0000000000,0.0771048279
0.0000000000,-0.4797413033
0.0000000000,-0.4924585695
0.0000000000,-0.3852591285
0.0000000000,-0.3711289499
0.0000000000,-0.3259991200
0.0000000000,-0.4708179860
0.0000000000,0.0912681140
0.0000000000,0.1593058065
0.0000000000,-0.0958903694
0.0000000000,0.4666623631
0.0000000000,0.4888006932
0.0000000000,0.3728234225
0.0000000000,0.3972031210
0.0000000000,0.3402210065
0.0000000000,0.4768949355
0.0000000000,-0.0508964596
0.0000000000,-0.1411139623
0.0000000000,0.1145363759
0.0000000000,-0.4504781619
0.0000000000,-0.4844315382
0.0000000000,-0.3598452021
0.0000000000,-0.4206342261
0.0000000000,-0.3539478200
0.0000000000,-0.4822779308
0.0000000000,0.0101861303
0.0000000000,0.1227167760
0.0000000000,-0.1330157146
0.0000000000,0.4312963923
0.0000000000,0.4793574622
0.0000000000,0.3463433527
0.0000000000,0.4412663502
0.0000000000,0.3671595861
0.0000000000,0.4869591390
0.0000000000,0.0305919795
0.0000000000,-0.1041410182
0.0000000000,0.1513014955
0.0000000000,-0.4092446935
0.0000000000,-0.4735858487
0.0000000000,-0.3323375215
0.0000000000,-0.4589622031
0.0000000000,-0.3798370795
0.0000000000,-0.4909317482
0.0000000000,-0.0711665243
0.0000000000,0.0854137196
0.0000000000,-0.1693671098
0.0000000000,0.3844698018
0.0000000000,0.4671250963
0.0000000000,0.3178480890
0.0000000000,0.4736040332
0.0000000000,0.3919618527
0.0000000000,0.4941899775
0.0000000000,0.1112675134
0.0000000000,-0.0665621311
0.0000000000,0.1871862694
0.0000000000,-0.3571365741
0.0000000000,-0.4599846065
0.0000000000,-0.3028961395
0.0000000000,-0.4850944110
0.0000000000,-0.4035162622
0.0000000000,-0.4967290859
0.0000000000,-0.1506281070
0.0000000000,0.0476136846
0.0000000000,-0.2047330448
0.0000000000,0.3274268910
0.0000000000,0.4521747696
0.0000000000,0.2875034305
0.0000000000,0.4933568772
0.0000000000,0.4144834947
0.0000000000,0.4985453785
0.0000000000,0.1889863923
0.0000000000,-0.0285959531
0.0000000000,0.2219819027
0.0000000000,-0.2955384463
0.0000000000,-0.4437069502
0.0000000000,-0.2716923606
0.0000000000,-0.4983364519
0.0000000000,-0.4248475911
0.0000000000,-0.4996362123
0.0000000000,-0.2260871257
0.0000000000,0.0095366101
0.0000000000,-0.2389077434
0.0000000000,0.2616834320
0.0000000000,0.4345934702
0.0000000000,0.2554859373
0.0000000000,0.5000000000
0.0000000000,0.4345934702
0.0000000000,0.5000000000
0.0000000000,0.2616834320
0.0000000000,0.0095366101
0.0000000000,0.2554859373
0.0000000000,-0.2260871257
0.0000000000,-0.4248475911
0.0000000000,-0.2389077434
0.0000000000,-0.4983364519
0.0000000000,-0.4437069502
0.0000000000,-0.4996362123
0.0000000000,-0.2955384463
0.0000000000,-0.0285959531
0.0000000000,-0.2716923606
0.0000000000,0.1889863923
0.0000000000,0.4144834947
0.0000000000,0.2219819027
0.0000000000,0.4933568772
0.0000000000,0.4521747696
0.0000000000,0.4985453785
0.0000000000,0.3274268910
0.0000000000,0.0476136846
0.0000000000,0.2875034305
0.0000000000,-0.1506281070
0.0000000000,-0.4035162622
0.0000000000,-0.2047330448
0.0000000000,-0.4850944110
0.0000000000,-0.4599846065
0.0000000000,-0.4967290859
0.0000000000,-0.3571365741
0.0000000000,-0.0665621311
0.0000000000,-0.3028961395
0.0000000000,0.1112675134
0.0000000000,0.3919618527
0.0000000000,0.1871862694
0.0000000000,0.4736040332
0.0000000000,0.4671250963
0.0000000000,0.4941899775
0.0000000000,0.3844698018
0.0000000000,0.0854137196
0.0000000000,0.3178480890
0.0000000000,-0.0711665243
0.0000000000,-0.3798370795
0.0000000000,-0.1693671098
0.0000000000,-0.4589622031
0.0000000000,-0.4735858487
0.0000000000,-0.4909317481
0.0000000000,-0.4092446935
0.0000000000,-0.1041410182
0.0000000000,-0.3323375215
0.0000000000,0.0305919794
0.0000000000,0.3671595861
0.0000000000,0.1513014955
0.0000000000,0.4412663502
0.0000000000,0.4793574622
0.0000000000,0.4869591390
0.0000000000,0.4312963923
0.0000000000,0.1227167760
0.0000000000,0.3463433527
0.0000000000,0.0101861303
0.0000000000,-0.3539478200
0.0000000000,-0.1330157146
0.0000000000,-0.4206342261
0.0000000000,-0.4844315382
0.0000000000,-0.4822779308
0.0000000000,-0.4504781619
0.0000000000,-0.1411139623
0.0000000000,-0.3598452021
0.0000000000,-0.0508964596
0.0000000000,0.3402210065
0.0000000000,0.1145363759
0.0000000000,0.3972031210
0.0000000000,0.4888006932
0.0000000000,0.4768949355
0.0000000000,0.4666623631
0.0000000000,0.1593058065
0.0000000000,0.3728234225
0.0000000000,0.0912681140
0.0000000000,-0.3259991200
0.0000000000,-0.0958903694
0.0000000000,-0.3711289499
0.0000000000,-0.4924585695
0.0000000000,-0.4708179860
0.0000000000,-0.4797413033
0.0000000000,-0.1772658368
0.0000000000,-0.3852591285
0.0000000000,-0.1310324529
0.0000000000,0.3113028557
0.0000000000,0.0771048279
0.0000000000,0.3425852154
0.0000000000,0.4953998442
0.0000000000,0.4640559254
0.0000000000,0.4896279525
0.0000000000,0.1949679184
0.0000000000,0.3971342243
0.0000000000,0.1699248766
0.0000000000,-0.2961535987
0.0000000000,-0.0582070873
0.0000000000,-0.3117618530
0.0000000000,-0.4976202374
0.0000000000,-0.4566185933
0.0000000000,-0.4962565232
0.0000000000,-0.2123862924
0.0000000000,-0.4084314299
0.0000000000,-0.2076865875
0.0000000000,0.2805733935
0.0000000000,0.0392246466
0.0000000000,0.2788639672
0.0000000000,0.4991165180
0.0000000000,0.4485168123
0.0000000000,0.4995829075
0.0000000000,0.2294956122
0.0000000000,0.4191343061
0.0000000000,0.2440663119
0.0000000000,-0.2645849117
0.0000000000,-0.0201851281
0.0000000000,-0.2441104670
0.0000000000,-0.4998865088
0.0000000000,-0.4397623716
0.0000000000,-0.4995849710
0.0000000000,-0.2462709813
0.0000000000,-0.4292272786
0.0000000000,-0.2788219721
0.0000000000,0.2482114189
0.0000000000,0.0011162372
0.0000000000,0.2077326087
0.0000000000,0.4999290893
0.0000000000,0.4303680103
0.0000000000,0.4962627000
0.0000000000,0.2626879889
0.0000000000,0.4386956607
0.0000000000,0.3117222973
0.0000000000,-0.2314767410
0.0000000000,0.0179542780
0.0000000000,-0.1699724577
0.0000000000,-0.4992441975
0.0000000000,-0.4203473986
0.0000000000,-0.4896382016
0.0000000000,-0.2787227459
0.0000000000,-0.4475256744
0.0000000000,-0.3425483623
0.0000000000,0.2144052296
0.0000000000,-0.0369986670
0.0000000000,0.1310812773
0.0000000000,0.4978328300
0.0000000000,0.4097151180
0.0000000000,0.4797555564
0.0000000000,0.2943519192
0.0000000000,0.4557044707
0.0000000000,0.3710950447
0.0000000000,-0.1970217262
0.0000000000,0.0559892174
0.0000000000,-0.0913178569
0.0000000000,-0.4956970407
0.0000000000,-0.3984866400
0.0000000000,-0.4666805254
0.0000000000,-0.3095527661
0.0000000000,-0.4632201483
0.0000000000,-0.3971723892
0.0000000000,0.1793515264
0.0000000000,-0.0748982950
0.0000000000,0.0509467898
0.0000000000,0.4928399374
0.0000000000,0.3866783039
0.0000000000,0.4505001125
0.0000000000,0.3243031669
0.0000000000,0.4700617706
0.0000000000,0.4206068723
0.0000000000,-0.1614203431
0.0000000000,0.0936983842
0.0000000000,-0.0102367131
0.0000000000,-0.4892656775
0.0000000000,-0.3743072925
0.0000000000,-0.4313219852
0.0000000000,-0.3385816577
0.0000000000,-0.4762193821
0.0000000000,-0.4412425564
0.0000000000,0.1432542688
0.0000000000,-0.1123621282
0.0000000000,-0.0305414808
0.0000000000,0.4849794623
0.0000000000,0.3613916075
0.0000000000,0.4092737584
0.0000000000,0.3523674611
0.0000000000,0.4816840225
0.0000000000,0.4589421276
0.0000000000,-0.1248797380
0.0000000000,0.1308623684
0.0000000000,0.0711164457
0.0000000000,-0.4799875288
0.0000000000,-0.3479500431
0.0000000000,-0.3845021452
0.0000000000,-0.3656405167
0.0000000000,-0.4864477400
0.0000000000,-0.4735878096
0.0000000000,0.1063234883
0.0000000000,-0.1491721840
0.0000000000,-0.1112181881
0.0000000000,0.4742971410
0.0000000000,0.3340021590
0.0000000000,0.3571719809
0.0000000000,0.4905036026
0.0000000000,-0.4947557635
0.0000000000,-0.3706481786
0.0000000000,-0.1636413762
0.0000000000,-0.3330305607
0.0000000000,-0.4822371824
0.0000000000,-0.4863474478
0.0000000000,0.1275380308
0.0000000000,-0.1479033412
0.0000000000,-0.3593299280
0.0000000000,0.4736609773
0.0000000000,0.3231961437
0.0000000000,0.0999585771
0.0000000000,0.3947465001
0.0000000000,0.4954374129
0.0000000000,0.4668157752
0.0000000000,-0.0383918702
0.0000000000,0.2095496353
0.0000000000,0.4020102435
0.0000000000,-0.4370794785
0.0000000000,-0.2701078741
0.0000000000,-0.0345325951
0.0000000000,-0.4435558969
0.0000000000,-0.4999976841
0.0000000000,-0.4391432775
0.0000000000,-0.0520095422
0.0000000000,-0.2675415823
0.0000000000,-0.4376798810
0.0000000000,0.3862073277
0.0000000000,0.2123091790
0.0000000000,-0.0314956026
0.0000000000,0.4778628902
0.0000000000,0.4958384690
0.0000000000,0.4038125368
0.0000000000,0.1407104624
0.0000000000,0.3208678574
0.0000000000,0.4657167957
0.0000000000,-0.3227078291
0.0000000000,-0.1508080127
0.0000000000,0.0969745469
0.0000000000,-0.4965457860
0.0000000000,-0.4830323006
0.0000000000,-0.3614396879
0.0000000000,-0.2248107451
0.0000000000,-0.3685985008
0.0000000000,-0.4856320505
0.0000000000,0.2486571480
0.0000000000,0.0866768975
0.0000000000,-0.1607623468
0.0000000000,0.4989937328
0.0000000000,0.4618025062
0.0000000000,0.3127636730
0.0000000000,0.3015606663
0.0000000000,0.4099011354
0.0000000000,0.4970783422
0.0000000000,-0.1664764289
0.0000000000,-0.0210342193
0.0000000000,0.2217466037
0.0000000000,-0.4851266929
0.0000000000,-0.4325193134
0.0000000000,-0.2586333559
0.0000000000,-0.3684508279
0.0000000000,-0.4440554824
0.0000000000,-0.4998560583
0.0000000000,0.0788526340
0.0000000000,-0.0449752757
0.0000000000,-0.2788638098
0.0000000000,0.4553980600
0.0000000000,0.3956933933
0.0000000000,0.1999927178
0.0000000000,0.4232942042
0.0000000000,0.4704659221
0.0000000000,0.4939167580
0.0000000000,0.0113493088
0.0000000000,0.1102004446
0.0000000000,0.3311178951
0.0000000000,-0.4107798348
0.0000000000,-0.3519669550
0.0000000000,-0.1378643962
0.0000000000,-0.4642976487
0.0000000000,-0.4886718817
0.0000000000,-0.4793640171
0.0000000000,-0.1011801773
0.0000000000,-0.1735038220
0.0000000000,-0.3775975978
0.0000000000,0.3527308447
0.0000000000,0.3021025463
0.0000000000,0.0733318500
0.0000000000,0.4901205219
0.0000000000,0.4983558663
0.0000000000,0.4564516216
0.0000000000,0.1877028814
0.0000000000,0.2337814571
0.0000000000,0.4174923559
0.0000000000,-0.2831490464
0.0000000000,-0.2469697553
0.0000000000,-0.0075204658
0.0000000000,-0.4999185250
0.0000000000,-0.4993489965
0.0000000000,-0.4255791420
0.0000000000,-0.2680884944
0.0000000000,-0.2899821649
0.0000000000,-0.4501064426
0.0000000000,0.2043094707
0.0000000000,0.1875300456
0.0000000000,-0.0584220682
0.0000000000,0.4933713047
0.0000000000,0.4916339531
0.0000000000,0.3872849652
0.0000000000,0.3397087465
0.0000000000,0.3411258583
0.0000000000,0.4748710992
0.0000000000,-0.1187898386
0.0000000000,-0.1248199894
0.0000000000,0.1233457767
0.0000000000,-0.4706929274
0.0000000000,-0.4753452789
0.0000000000,-0.3422369053
0.0000000000,-0.4002219579
0.0000000000,-0.3863206398
0.0000000000,-0.4913544535
0.0000000000,0.0293862807
0.0000000000,0.0599331908
0.0000000000,-0.1861184516
0.0000000000,0.4326248802
0.0000000000,0.4507670332
0.0000000000,0.2912205578
0.0000000000,0.4476496024
0.0000000000,0.4247783551
0.0000000000,0.4992690513
0.0000000000,0.0609780844
0.0000000000,0.0059987858
0.0000000000,0.2456453969
0.0000000000,-0.3804118275
0.0000000000,-0.4183278373
0.0000000000,-0.2351255995
0.0000000000,-0.4804409964
0.0000000000,-0.4558283380
0.0000000000,-0.4984768696
0.0000000000,-0.1493487238
0.0000000000,-0.0718261494
0.0000000000,-0.3008885191
0.0000000000,0.3157609154
0.0000000000,0.3785934000
0.0000000000,0.1749302734
0.0000000000,0.4975239999
0.0000000000,0.4789291064
0.0000000000,0.4889917232
0.0000000000,0.2328362910
0.0000000000,0.1364009329
0.0000000000,0.3508844305
0.0000000000,-0.2407859555
0.0000000000,-0.3322566522
0.0000000000,-0.1116843290
0.0000000000,-0.4983400708
0.0000000000,-0.4936778047
0.0000000000,-0.4709790243
0.0000000000,-0.3087110953
0.0000000000,-0.1985970133
0.0000000000,-0.3947612496
0.0000000000,0.1579383124
0.0000000000,0.2801256631
0.0000000000,0.0464907156
0.0000000000,0.4828625271
0.0000000000,0.4998172294
0.0000000000,0.4447528971
0.0000000000,0.3744923512
0.0000000000,0.2573297498
0.0000000000,0.4317538063
0.0000000000,-0.0699267537
0.0000000000,-0.2231095476
0.0000000000,0.0195136519
0.0000000000,-0.4515974190
0.0000000000,-0.4972403149
0.0000000000,-0.4107707005
0.0000000000,-0.4280292896
0.0000000000,-0.3115748991
0.0000000000,-0.4612169854
0.0000000000,-0.0203711143
0.0000000000,0.1622026128
0.0000000000,-0.0851777197
0.0000000000,0.4055669835
0.0000000000,0.4859920002
0.0000000000,0.3696250518
0.0000000000,0.4675714788
0.0000000000,0.3603864772
0.0000000000,0.4826369770
0.0000000000,0.1100029329
0.0000000000,-0.0984670181
0.0000000000,0.1493563688
0.0000000000,-0.3462762213
0.0000000000,-0.4662684451
0.0000000000,-0.3220334922
0.0000000000,-0.4918260563
0.0000000000,-0.4029132564
0.0000000000,-0.4956402367
0.0000000000,-0.1960381205
0.0000000000,0.0330142518
0.0000000000,-0.2109303842
0.0000000000,0.2756636898
0.0000000000,0.4384136099
0.0000000000,0.2688259734
0.0000000000,0.5000000000
0.0000000000,0.4384136099
0.0000000000,0.5000000000
0.0000000000,0.2756636898
0.0000000000,0.0330142518
0.0000000000,0.2688259734
0.0000000000,-0.1960381205
0.0000000000,-0.4029132564
0.0000000000,-0.2109303841
0.0000000000,-0.4918260563
0.0000000000,-0.4662684452
0.0000000000,-0.4956402367
0.0000000000,-0.3462762213
0.0000000000,-0.0984670181
0.0000000000,-0.3220334922
0.0000000000,0.1100029329
0.0000000000,0.3603864772
0.0000000000,0.1493563687
0.0000000000,0.4675714788
0.0000000000,0.4859920002
0.0000000000,0.4826369770
0.0000000000,0.4055669835
0.0000000000,0.1622026128
0.0000000000,0.3696250518
0.0000000000,-0.0203711143
0.0000000000,-0.3115748991
0.0000000000,-0.0851777197
0.0000000000,-0.4280292896
0.0000000000,-0.4972403149
0.0000000000,-0.4612169854
0.0000000000,-0.4515974190
0.0000000000,-0.2231095476
0.0000000000,-0.4107707005
0.0000000000,-0.0699267538
0.0000000000,0.2573297498
0.0000000000,0.0195136519
0.0000000000,0.3744923512
0.0000000000,0.4998172294
0.0000000000,0.4317538063
0.0000000000,0.4828625271
0.0000000000,0.2801256631
0.0000000000,0.4447528971
0.0000000000,0.1579383124
0.0000000000,-0.1985970133
0.0000000000,0.0464907156
0.0000000000,-0.3087110953
0.0000000000,-0.4936778046
0.0000000000,-0.3947612496
0.0000000000,-0.4983400708
0.0000000000,-0.3322566522
0.0000000000,-0.4709790243
0.0000000000,-0.2407859556
0.0000000000,0.1364009329
0.0000000000,-0.1116843290
0.0000000000,0.2328362910
0.0000000000,0.4789291064
0.0000000000,0.3508844305
0.0000000000,0.4975239999
0.0000000000,0.3785934000
0.0000000000,0.4889917232
0.0000000000,0.3157609154
0.0000000000,-0.0718261494
0.0000000000,0.1749302734
0.0000000000,-0.1493487238
0.0000000000,-0.4558283380
0.0000000000,-0.3008885191
0.0000000000,-0.4804409964
0.0000000000,-0.4183278373
0.0000000000,-0.4984768696
0.0000000000,-0.3804118275
0.0000000000,0.0059987858
0.0000000000,-0.2351255995
0.0000000000,0.0609780844
0.0000000000,0.4247783551
0.0000000000,0.2456453969
0.0000000000,0.4476496024
0.0000000000,0.4507670332
0.0000000000,0.4992690513
0.0000000000,0.4326248802
0.0000000000,0.0599331909
0.0000000000,0.2912205578
0.0000000000,0.0293862807
0.0000000000,-0.3863206398
0.0000000000,-0.1861184516
0.0000000000,-0.4002219579
0.0000000000,-0.4753452789
0.0000000000,-0.4913544535
0.0000000000,-0.4706929274
0.0000000000,-0.1248199894
0.0000000000,-0.3422369053
0.0000000000,-0.1187898386
0.0000000000,0.3411258583
0.0000000000,0.1233457767
0.0000000000,0.3397087465
0.0000000000,0.4916339531
0.0000000000,0.4748710992
0.0000000000,0.4933713047
0.0000000000,0.1875300456
0.0000000000,0.3872849652
0.0000000000,0.2043094707
0.0000000000,-0.2899821649
0.0000000000,-0.0584220682
0.0000000000,-0.2680884944
0.0000000000,-0.4993489965
0.0000000000,-0.4501064426
0.0000000000,-0.4999185250
0.0000000000,-0.2469697553
0.0000000000,-0.4255791420
0.0000000000,-0.2831490464
0.0000000000,0.2337814571
0.0000000000,-0.0075204658
0.0000000000,0.1877028814
0.0000000000,0.4983558663
0.0000000000,0.4174923559
0.0000000000,0.4901205219
0.0000000000,0.3021025463
0.0000000000,0.4564516216
0.0000000000,0.3527308447
0.0000000000,-0.1735038220
0.0000000000,0.0733318500
0.0000000000,-0.1011801772
0.0000000000,-0.4886718817
0.0000000000,-0.3775975978
0.0000000000,-0.4642976487
0.0000000000,-0.3519669550
0.0000000000,-0.4793640171
0.0000000000,-0.4107798348
0.0000000000,0.1102004446
0.0000000000,-0.1378643962
0.0000000000,0.0113493088
0.0000000000,0.4704659221
0.0000000000,0.3311178951
0.0000000000,0.4232942042
0.0000000000,0.3956933933
0.0000000000,0.4939167580
0.0000000000,0.4553980600
0.0000000000,-0.0449752757
0.0000000000,0.1999927179
0.0000000000,0.0788526340
0.0000000000,-0.4440554824
0.0000000000,-0.2788638098
0.0000000000,-0.3684508279
0.0000000000,-0.4325193134
0.0000000000,-0.4998560583
0.0000000000,-0.4851266929
0.0000000000,-0.0210342194
0.0000000000,-0.2586333559
0.0000000000,-0.1664764289
0.0000000000,0.4099011354
0.0000000000,0.2217466037
0.0000000000,0.3015606662
0.0000000000,0.4618025062
0.0000000000,0.4970783422
0.0000000000,0.4989937328
0.0000000000,0.0866768976
0.0000000000,0.3127636730
0.0000000000,0.2486571480
0.0000000000,-0.3685985008
0.0000000000,-0.1607623468
0.0000000000,-0.2248107451
0.0000000000,-0.4830323006
0.0000000000,-0.4856320505
0.0000000000,-0.4965457860
0.0000000000,-0.1508080127
0.0000000000,-0.3614396879
0.0000000000,-0.3227078291
0.0000000000,0.3208678574
0.0000000000,0.0969745469
0.0000000000,0.1407104624
0.0000000000,0.4958384690
0.0000000000,0.4657167957
0.0000000000,0.4778628902
0.0000000000,0.2123091790
0.0000000000,0.4038125369
0.0000000000,0.3862073277
0.0000000000,-0.2675415823
0.0000000000,-0.0314956026
0.0000000000,-0.0520095422
0.0000000000,-0.4999976841
0.0000000000,-0.4376798809
0.0000000000,-0.4435558969
0.0000000000,-0.2701078741
0.0000000000,-0.4391432775
0.0000000000,-0.4370794785
0.0000000000,0.2095496353
0.0000000000,-0.0345325952
0.0000000000,-0.0383918702
0.0000000000,0.4954374129
0.0000000000,0.4020102435
0.0000000000,0.3947465001
0.0000000000,0.3231961437
0.0000000000,0.4668157752
0.0000000000,0.4736609773
0.0000000000,-0.1479033412
0.0000000000,0.0999585771
0.0000000000,0.1275380308
0.0000000000,-0.4822371824
0.0000000000,-0.3593299280
0.0000000000,-0.3330305607
0.0000000000,-0.3706481786
0.0000000000,-0.4863474478
0.0000000000,-0.4947557635
0.0000000000,-0.1636413762
0.0000000000,0.3468374394
0.0000000000,0.0165653089
0.0000000000,-0.2178629559
0.0000000000,0.4947113780
0.0000000000,0.4210322096
0.0000000000,0.2471885029
0.0000000000,0.2288603523
0.0000000000,0.4608675176
0.0000000000,0.4981643269
0.0000000000,-0.2283855862
0.0000000000,0.1015721815
0.0000000000,0.3177089021
0.0000000000,-0.4946336567
0.0000000000,-0.3456889336
0.0000000000,-0.1378957877
0.0000000000,-0.3472217609
0.0000000000,-0.4935689002
0.0000000000,-0.4740769285
0.0000000000,0.0905701767
0.0000000000,-0.2139974507
0.0000000000,-0.3996875202
0.0000000000,0.4526186712
0.0000000000,0.2509047871
0.0000000000,0.0208480826
0.0000000000,0.4361441482
0.0000000000,0.4985129318
0.0000000000,0.4233283694
0.0000000000,0.0549241794
0.0000000000,0.3143879213
0.0000000000,0.4591884926
0.0000000000,-0.3722286407
0.0000000000,-0.1420102453
0.0000000000,0.0973720779
0.0000000000,-0.4880882747
0.0000000000,-0.4754215696
0.0000000000,-0.3487726495
0.0000000000,-0.1957618168
0.0000000000,-0.3970978290
0.0000000000,-0.4928656009
0.0000000000,0.2602793933
0.0000000000,0.0251293246
0.0000000000,-0.2101162229
0.0000000000,0.4986500838
0.0000000000,0.4255934267
0.0000000000,0.2546026369
0.0000000000,0.3200018876
0.0000000000,0.4574757303
0.0000000000,0.4988249102
0.0000000000,-0.1262624893
0.0000000000,0.0931648203
0.0000000000,0.3110438418
0.0000000000,-0.4669340979
0.0000000000,-0.3518307406
0.0000000000,-0.1461142691
0.0000000000,-0.4171107603
0.0000000000,-0.4921260899
0.0000000000,-0.4767312807
0.0000000000,-0.0184595160
0.0000000000,-0.2062195575
0.0000000000,-0.3944789625
0.0000000000,0.3956293409
0.0000000000,0.2582817807
0.0000000000,0.0294087202
0.0000000000,0.4788551083
0.0000000000,0.4991002393
0.0000000000,0.4278272150
0.0000000000,0.1616164406
0.0000000000,0.3076769096
0.0000000000,0.4557293567
0.0000000000,-0.2907813504
0.0000000000,-0.1502075578
0.0000000000,0.0889507177
0.0000000000,-0.4999999683
0.0000000000,-0.4780059658
0.0000000000,-0.3548629821
0.0000000000,-0.2910707970
0.0000000000,-0.3918311131
0.0000000000,-0.4913504218
0.0000000000,0.1612796103
0.0000000000,0.0336859552
0.0000000000,-0.2023077409
0.0000000000,0.4787525841
0.0000000000,0.4300295702
0.0000000000,0.2619419482
0.0000000000,0.3958468632
0.0000000000,0.4539494999
0.0000000000,0.4993388987
0.0000000000,-0.0181038601
0.0000000000,0.0847300797
0.0000000000,0.3042873719
0.0000000000,-0.4169144043
0.0000000000,-0.3578691514
0.0000000000,-0.1542898105
0.0000000000,-0.4670612535
0.0000000000,-0.4905386534
0.0000000000,-0.4792455310
0.0000000000,-0.1266068167
0.0000000000,-0.1983810604
0.0000000000,-0.3891544752
0.0000000000,0.3197283477
0.0000000000,0.2655828704
0.0000000000,0.0379607152
0.0000000000,0.4986760918
0.0000000000,0.4995408709
0.0000000000,0.4322003305
0.0000000000,0.2605831987
0.0000000000,0.3008754777
0.0000000000,0.4521362909
0.0000000000,-0.1954342851
0.0000000000,-0.1583607273
0.0000000000,0.0805032165
0.0000000000,-0.4880109300
0.0000000000,-0.4804498854
0.0000000000,-0.3608490275
0.0000000000,-0.3724661661
0.0000000000,-0.3864492457
0.0000000000,-0.4896908445
0.0000000000,0.0545704254
0.0000000000,0.0422326862
0.0000000000,-0.1944398046
0.0000000000,0.4359700085
0.0000000000,0.4343393365
0.0000000000,0.2692042798
0.0000000000,0.4527697780
0.0000000000,0.4502898627
0.0000000000,0.4997061412
0.0000000000,0.0909201601
0.0000000000,0.0762704387
0.0000000000,0.2974414778
0.0000000000,-0.3469655905
0.0000000000,-0.3638023915
0.0000000000,-0.1624200091
0.0000000000,-0.4946855335
0.0000000000,-0.4888070572
0.0000000000,-0.4816189404
0.0000000000,-0.2287021259
0.0000000000,-0.1904842630
0.0000000000,-0.3837156231
0.0000000000,0.2285438705
0.0000000000,0.2728059104
0.0000000000,0.0465015543
0.0000000000,0.4946596264
0.0000000000,0.4998346973
0.0000000000,0.4364464309
0.0000000000,0.3470936977
0.0000000000,0.2939856244
0.0000000000,0.4484103511
0.0000000000,-0.0907451741
0.0000000000,-0.1664673577
0.0000000000,0.0720320571
0.0000000000,-0.4526942533
0.0000000000,-0.4827526102
0.0000000000,-0.3667290264
0.0000000000,-0.4360571060
0.0000000000,-0.3809538084
0.0000000000,-0.4878873566
0.0000000000,-0.0547473059
0.0000000000,0.0507670059
0.0000000000,-0.1865147263
0.0000000000,0.3723474269
0.0000000000,0.4385214589
0.0000000000,0.2763874976
0.0000000000,0.4880496332
0.0000000000,0.4464978941
0.0000000000,0.4999265299
0.0000000000,0.1955980633
0.0000000000,0.0677883832
0.0000000000,0.2905081715
0.0000000000,-0.2604313125
0.0000000000,-0.3696287172
0.0000000000,-0.1705024757
0.0000000000,-0.4986631194
0.0000000000,-0.4869318102
0.0000000000,-0.4838508114
0.0000000000,-0.3198651379
0.0000000000,-0.1825314860
0.0000000000,-0.3781640045
0.0000000000,0.1264346610
0.0000000000,0.2799487782
0.0000000000,0.0550287275
0.0000000000,0.4669977053
0.0000000000,0.4999816321
0.0000000000,0.4405642682
0.0000000000,0.4170126087
0.0000000000,0.2870093745
0.0000000000,0.4445526323
0.0000000000,0.0182816892
0.0000000000,-0.1745250666
0.0000000000,0.0635397289
0.0000000000,-0.3957381271
0.0000000000,-0.4849134635
0.0000000000,-0.3725012508
0.0000000000,-0.4788038765
0.0000000000,-0.3753464163
0.0000000000,-0.4859404882
0.0000000000,-0.1614480357
0.0000000000,0.0592864061
0.0000000000,-0.1785348349
0.0000000000,0.2909260921
0.0000000000,0.4425747085
0.0000000000,0.2834894906
0.0000000000,0.5000000000
0.0000000000,0.4425747085
0.0000000000,0.5000000000
0.0000000000,0.2909260921
0.0000000000,0.0592864061
0.0000000000,0.2834894906
0.0000000000,-0.1614480357
0.0000000000,-0.3753464163
0.0000000000,-0.1785348349
0.0000000000,-0.4788038765
0.0000000000,-0.4849134635
0.0000000000,-0.4859404882
0.0000000000,-0.3957381271
0.0000000000,-0.1745250666
0.0000000000,-0.3725012508
0.0000000000,0.0182816892
0.0000000000,0.2870093745
0.0000000000,0.0635397288
0.0000000000,0.4170126087
0.0000000000,0.4999816321
0.0000000000,0.4445526323
0.0000000000,0.4669977053
0.0000000000,0.2799487782
0.0000000000,0.4405642682
0.0000000000,0.1264346610
0.0000000000,-0.1825314860
0.0000000000,0.0550287275
0.0000000000,-0.3198651379
0.0000000000,-0.4869318102
0.0000000000,-0.3781640045
0.0000000000,-0.4986631194
0.0000000000,-0.3696287172
0.0000000000,-0.4838508114
0.0000000000,-0.2604313125
0.0000000000,0.0677883832
0.0000000000,-0.1705024757
0.0000000000,0.1955980633
0.0000000000,0.4464978941
0.0000000000,0.2905081715
0.0000000000,0.4880496332
0.0000000000,0.4385214589
0.0000000000,0.4999265299
0.0000000000,0.3723474269
0.0000000000,0.0507670059
0.0000000000,0.2763874976
0.0000000000,-0.0547473059
0.0000000000,-0.3809538084
0.0000000000,-0.1865147263
0.0000000000,-0.4360571060
0.0000000000,-0.4827526102
0.0000000000,-0.4878873566
0.0000000000,-0.4526942533
0.0000000000,-0.1664673577
0.0000000000,-0.3667290264
0.0000000000,-0.0907451742
0.0000000000,0.2939856244
0.0000000000,0.0720320571
0.0000000000,0.3470936977
0.0000000000,0.4998346973
0.0000000000,0.4484103511
0.0000000000,0.4946596264
0.0000000000,0.2728059105
0.0000000000,0.4364464309
0.0000000000,0.2285438705
0.0000000000,-0.1904842630
0.0000000000,0.0465015543
0.0000000000,-0.2287021259
0.0000000000,-0.4888070572
0.0000000000,-0.3837156231
0.0000000000,-0.4946855335
0.0000000000,-0.3638023915
0.0000000000,-0.4816189404
0.0000000000,-0.3469655905
0.0000000000,0.0762704387
0.0000000000,-0.1624200092
0.0000000000,0.0909201601
0.0000000000,0.4502898627
0.0000000000,0.2974414778
0.0000000000,0.4527697780
0.0000000000,0.4343393365
0.0000000000,0.4997061412
0.0000000000,0.4359700085
0.0000000000,0.0422326862
0.0000000000,0.2692042798
0.0000000000,0.0545704254
0.0000000000,-0.3864492457
0.0000000000,-0.1944398046
0.0000000000,-0.3724661661
0.0000000000,-0.4804498854
0.0000000000,-0.4896908445
0.0000000000,-0.4880109300
0.0000000000,-0.1583607273
0.0000000000,-0.3608490275
0.0000000000,-0.1954342851
0.0000000000,0.3008754777
0.0000000000,0.0805032165
0.0000000000,0.2605831987
0.0000000000,0.4995408709
0.0000000000,0.4521362909
0.0000000000,0.4986760918
0.0000000000,0.2655828704
0.0000000000,0.4322003306
0.0000000000,0.3197283478
0.0000000000,-0.1983810604
0.0000000000,0.0379607152
0.0000000000,-0.1266068167
0.0000000000,-0.4905386534
0.0000000000,-0.3891544752
0.0000000000,-0.4670612535
0.0000000000,-0.3578691514
0.0000000000,-0.4792455310
0.0000000000,-0.4169144043
0.0000000000,0.0847300797
0.0000000000,-0.1542898105
0.0000000000,-0.0181038601
0.0000000000,0.4539494999
0.0000000000,0.3042873719
0.0000000000,0.3958468632
0.0000000000,0.4300295702
0.0000000000,0.4993388987
0.0000000000,0.4787525841
0.0000000000,0.0336859552
0.0000000000,0.2619419482
0.0000000000,0.1612796103
0.0000000000,-0.3918311131
0.0000000000,-0.2023077409
0.0000000000,-0.2910707970
0.0000000000,-0.4780059658
0.0000000000,-0.4913504218
0.0000000000,-0.4999999683
0.0000000000,-0.1502075578
0.0000000000,-0.3548629822
0.0000000000,-0.2907813504
0.0000000000,0.3076769096
0.0000000000,0.0889507176
0.0000000000,0.1616164405
0.0000000000,0.4991002393
0.0000000000,0.4557293567
0.0000000000,0.4788551083
0.0000000000,0.2582817807
0.0000000000,0.4278272150
0.0000000000,0.3956293409
0.0000000000,-0.2062195575
0.0000000000,0.0294087203
0.0000000000,-0.0184595160
0.0000000000,-0.4921260899
0.0000000000,-0.3944789625
0.0000000000,-0.4171107603
0.0000000000,-0.3518307406
0.0000000000,-0.4767312807
0.0000000000,-0.4669340979
0.0000000000,0.0931648203
0.0000000000,-0.1461142692
0.0000000000,-0.1262624893
0.0000000000,0.4574757303
0.0000000000,0.3110438418
0.0000000000,0.3200018876
0.0000000000,0.4255934267
0.0000000000,0.4988249102
0.0000000000,0.4986500838
0.0000000000,0.0251293246
0.0000000000,0.2546026369
0.0000000000,0.2602793933
0.0000000000,-0.3970978290
0.0000000000,-0.2101162229
0.0000000000,-0.1957618168
0.0000000000,-0.4754215696
0.0000000000,-0.4928656009
0.0000000000,-0.4880882747
0.0000000000,-0.1420102453
0.0000000000,-0.3487726495
0.0000000000,-0.3722286407
0.0000000000,0.3143879212
0.0000000000,0.0973720779
0.0000000000,0.0549241794
0.0000000000,0.4985129318
0.0000000000,0.4591884926
0.0000000000,0.4361441482
0.0000000000,0.2509047871
0.0000000000,0.4233283694
0.0000000000,0.4526186712
0.0000000000,-0.2139974507
0.0000000000,0.0208480826
0.0000000000,0.0905701767
0.0000000000,-0.4935689002
0.0000000000,-0.3996875202
0.0000000000,-0.3472217609
0.0000000000,-0.3456889336
0.0000000000,-0.4740769285
0.0000000000,-0.4946336567
0.0000000000,0.1015721815
0.0000000000,-0.1378957877
0.0000000000,-0.2283855862
0.0000000000,0.4608675176
0.0000000000,0.3177089021
0.0000000000,0.2288603523
0.0000000000,0.4210322096
0.0000000000,0.4981643269
0.0000000000,0.4947113780
0.0000000000,0.0165653089
0.0000000000,0.2471885029
0.0000000000,0.3468374394
0.0000000000,-0.2178629559
0.0000000000,-0.1800418434
0.0000000000,0.2435106087
0.0000000000,0.4133198955
0.0000000000,-0.4786052090
0.0000000000,-0.2039679985
0.0000000000,0.0221136938
0.0000000000,-0.4083134997
0.0000000000,-0.4877585766
0.0000000000,-0.3868391494
0.0000000000,-0.0233396605
0.0000000000,-0.3801140242
0.0000000000,-0.4853465384
0.0000000000,0.3796217644
0.0000000000,0.0325789471
0.0000000000,-0.1943545015
0.0000000000,0.4900134226
0.0000000000,0.4191267207
0.0000000000,0.2526105583
0.0000000000,0.2227578376
0.0000000000,0.4693176768
0.0000000000,0.4968510499
0.0000000000,-0.2161744390
0.0000000000,0.1428726600
0.0000000000,0.3423595358
0.0000000000,-0.4885037673
0.0000000000,-0.2982302654
0.0000000000,-0.0868817335
0.0000000000,-0.3843493250
0.0000000000,-0.4999979778
0.0000000000,-0.4463988313
0.0000000000,0.0160183561
0.0000000000,-0.3005082176
0.0000000000,-0.4476727466
0.0000000000,0.4040408896
0.0000000000,0.1401448536
0.0000000000,-0.0896811393
0.0000000000,0.4806741407
0.0000000000,0.4683291305
0.0000000000,0.3402812137
0.0000000000,0.1868578169
0.0000000000,0.4206707609
0.0000000000,0.4971617027
0.0000000000,-0.2509674996
0.0000000000,0.0354164533
0.0000000000,0.2550608816
0.0000000000,-0.4953752892
0.0000000000,-0.3782602023
0.0000000000,-0.1917309368
0.0000000000,-0.3580035119
0.0000000000,-0.4883761647
0.0000000000,-0.4846551906
0.0000000000,0.0552771141
0.0000000000,-0.2065613711
0.0000000000,-0.3886348377
0.0000000000,0.4259563566
0.0000000000,0.2410226804
0.0000000000,0.0192720420
0.0000000000,0.4683563391
0.0000000000,0.4951816465
0.0000000000,0.4117127574
0.0000000000,0.1497999230
0.0000000000,0.3519483335
0.0000000000,0.4737464957
0.0000000000,-0.2842054284
0.0000000000,-0.0737299193
0.0000000000,0.1555900534
0.0000000000,-0.4991771951
0.0000000000,-0.4402385706
0.0000000000,-0.2874302371
0.0000000000,-0.3294393134
0.0000000000,-0.4534477608
0.0000000000,-0.4997825337
0.0000000000,0.0941933450
0.0000000000,-0.1027568744
0.0000000000,-0.3110502556
0.0000000000,0.4452323653
0.0000000000,0.3303982730
0.0000000000,0.1273055108
0.0000000000,0.4531363457
0.0000000000,0.4984027961
0.0000000000,0.4634962891
0.0000000000,0.1118137870
0.0000000000,0.2664300090
0.0000000000,0.4277228640
0.0000000000,-0.3156822651
0.0000000000,-0.1793577068
0.0000000000,0.0486940599
0.0000000000,-0.4998859263
0.0000000000,-0.4812076003
0.0000000000,-0.3694126130
0.0000000000,-0.2988337288
0.0000000000,-0.3968796410
0.0000000000,-0.4910589441
0.0000000000,0.1325259024
0.0000000000,0.0059514497
0.0000000000,-0.2186215398
0.0000000000,0.4617494708
0.0000000000,0.4040063938
0.0000000000,0.2292636270
0.0000000000,0.4351084718
0.0000000000,0.4778388577
0.0000000000,0.4931605627
0.0000000000,0.0731347916
0.0000000000,0.1681969460
0.0000000000,0.3612871759
0.0000000000,-0.3452029619
0.0000000000,-0.2764260744
0.0000000000,-0.0605257417
0.0000000000,-0.4974970911
0.0000000000,-0.4992121418
0.0000000000,-0.4337656505
0.0000000000,-0.2663764071
0.0000000000,-0.3213713843
0.0000000000,-0.4589007343
0.0000000000,0.1700372569
0.0000000000,0.1143757551
0.0000000000,-0.1157596311
0.0000000000,0.4754053243
0.0000000000,0.4583342704
0.0000000000,0.3202806819
0.0000000000,0.4143844281
0.0000000000,0.4344711963
0.0000000000,0.4992899215
0.0000000000,0.0340026130
0.0000000000,0.0619370838
0.0000000000,0.2776099166
0.0000000000,-0.3725845925
0.0000000000,-0.3603026651
0.0000000000,-0.1668570962
0.0000000000,-0.4920254920
0.0000000000,-0.4933929711
0.0000000000,-0.4774182541
0.0000000000,-0.2322684716
0.0000000000,-0.2305264426
0.0000000000,-0.4048425785
0.0000000000,0.2064949676
0.0000000000,0.2173417495
0.0000000000,-0.0073733692
0.0000000000,0.4861153066
0.0000000000,0.4907892341
0.0000000000,0.3960131030
0.0000000000,0.3910926319
0.0000000000,0.3703694304
0.0000000000,0.4815918562
0.0000000000,-0.0053402643
0.0000000000,-0.0472785784
0.0000000000,0.1806843844
0.0000000000,-0.3976574853
0.0000000000,-0.4269846681
0.0000000000,-0.2652255927
0.0000000000,-0.4835050341
0.0000000000,-0.4640277944
0.0000000000,-0.4982872070
0.0000000000,-0.1967212737
0.0000000000,-0.1286801747
0.0000000000,-0.3314642735
0.0000000000,0.2416731227
0.0000000000,0.3099356259
0.0000000000,0.1013647691
0.0000000000,0.4938130528
0.0000000000,0.4998224488
0.0000000000,0.4528467406
0.0000000000,0.3653774121
0.0000000000,0.2885926644
0.0000000000,0.4409109651
0.0000000000,-0.0446500504
0.0000000000,-0.1542379829
0.0000000000,0.0751361196
0.0000000000,-0.4202662750
0.0000000000,-0.4732898433
0.0000000000,-0.3509368286
0.0000000000,-0.4719885147
0.0000000000,-0.4125179949
0.0000000000,-0.4953765881
0.0000000000,-0.1599550833
0.0000000000,-0.0206929516
0.0000000000,-0.2422676244
0.0000000000,0.2753537390
0.0000000000,0.3877385618
0.0000000000,0.2052655150
0.0000000000,0.4984508634
0.0000000000,0.4850028261
0.0000000000,0.4880693446
0.0000000000,0.3373981141
0.0000000000,0.1930434999
0.0000000000,0.3791886469
0.0000000000,-0.0836831604
0.0000000000,-0.2538367466
0.0000000000,-0.0339978377
0.0000000000,-0.4402708652
0.0000000000,-0.4970083864
0.0000000000,-0.4199004391
0.0000000000,-0.4575472965
0.0000000000,-0.3413217552
0.0000000000,-0.4688252998
0.0000000000,-0.1221977238
0.0000000000,0.0882817934
0.0000000000,-0.1415093291
0.0000000000,0.3073281130
0.0000000000,0.4470375969
0.0000000000,0.2993704523
0.0000000000,0.5000000000
0.0000000000,0.4470375969
0.0000000000,0.5000000000
0.0000000000,0.3073281130
0.0000000000,0.0882817935
0.0000000000,0.2993704523
0.0000000000,-0.1221977238
0.0000000000,-0.3413217552
0.0000000000,-0.1415093291
0.0000000000,-0.4575472965
0.0000000000,-0.4970083864
0.0000000000,-0.4688252998
0.0000000000,-0.4402708652
0.0000000000,-0.2538367466
0.0000000000,-0.4199004391
0.0000000000,-0.0836831604
0.0000000000,0.1930434999
0.0000000000,-0.0339978377
0.0000000000,0.3373981141
0.0000000000,0.4850028261
0.0000000000,0.3791886469
0.0000000000,0.4984508634
0.0000000000,0.3877385618
0.0000000000,0.4880693446
0.0000000000,0.2753537390
0.0000000000,-0.0206929516
0.0000000000,0.2052655150
0.0000000000,-0.1599550833
0.0000000000,-0.4125179949
0.0000000000,-0.2422676244
0.0000000000,-0.4719885147
0.0000000000,-0.4732898433
0.0000000000,-0.4953765881
0.0000000000,-0.4202662750
0.0000000000,-0.1542379829
0.0000000000,-0.3509368286
0.0000000000,-0.0446500504
0.0000000000,0.2885926644
0.0000000000,0.0751361196
0.0000000000,0.3653774121
0.0000000000,0.4998224488
0.0000000000,0.4409109651
0.0000000000,0.4938130528
0.0000000000,0.3099356260
0.0000000000,0.4528467406
0.0000000000,0.2416731227
0.0000000000,-0.1286801747
0.0000000000,0.1013647691
0.0000000000,-0.1967212737
0.0000000000,-0.4640277944
0.0000000000,-0.3314642735
0.0000000000,-0.4835050341
0.0000000000,-0.4269846681
0.0000000000,-0.4982872070
0.0000000000,-0.3976574853
0.0000000000,-0.0472785784
0.0000000000,-0.2652255927
0.0000000000,-0.0053402643
0.0000000000,0.3703694304
0.0000000000,0.1806843844
0.0000000000,0.3910926319
0.0000000000,0.4907892341
0.0000000000,0.4815918562
0.0000000000,0.4861153066
0.0000000000,0.2173417496
0.0000000000,0.3960131030
0.0000000000,0.2064949676
0.0000000000,-0.2305264426
0.0000000000,-0.0073733692
0.0000000000,-0.2322684716
0.0000000000,-0.4933929711
0.0000000000,-0.4048425785
0.0000000000,-0.4920254920
0.0000000000,-0.3603026651
0.0000000000,-0.4774182541
0.0000000000,-0.3725845925
0.0000000000,0.0619370838
0.0000000000,-0.1668570962
0.0000000000,0.0340026130
0.0000000000,0.4344711963
0.0000000000,0.2776099166
0.0000000000,0.4143844281
0.0000000000,0.4583342704
0.0000000000,0.4992899215
0.0000000000,0.4754053243
0.0000000000,0.1143757551
0.0000000000,0.3202806819
0.0000000000,0.1700372569
0.0000000000,-0.3213713843
0.0000000000,-0.1157596311
0.0000000000,-0.2663764071
0.0000000000,-0.4992121418
0.0000000000,-0.4589007343
0.0000000000,-0.4974970911
0.0000000000,-0.2764260745
0.0000000000,-0.4337656505
0.0000000000,-0.3452029619
0.0000000000,0.1681969460
0.0000000000,-0.0605257417
0.0000000000,0.0731347916
0.0000000000,0.4778388576
0.0000000000,0.3612871759
0.0000000000,0.4351084718
0.0000000000,0.4040063938
0.0000000000,0.4931605627
0.0000000000,0.4617494709
0.0000000000,0.0059514498
0.0000000000,0.2292636270
0.0000000000,0.1325259024
0.0000000000,-0.3968796410
0.0000000000,-0.2186215398
0.0000000000,-0.2988337288
0.0000000000,-0.4812076003
0.0000000000,-0.4910589441
0.0000000000,-0.4998859263
0.0000000000,-0.1793577068
0.0000000000,-0.3694126130
0.0000000000,-0.3156822651
0.0000000000,0.2664300090
0.0000000000,0.0486940599
0.0000000000,0.1118137870
0.0000000000,0.4984027961
0.0000000000,0.4277228640
0.0000000000,0.4531363457
0.0000000000,0.3303982730
0.0000000000,0.4634962891
0.0000000000,0.4452323653
0.0000000000,-0.1027568744
0.0000000000,0.1273055109
0.0000000000,0.0941933450
0.0000000000,-0.4534477608
0.0000000000,-0.3110502556
0.0000000000,-0.3294393134
0.0000000000,-0.4402385706
0.0000000000,-0.4997825337
0.0000000000,-0.4991771951
0.0000000000,-0.0737299193
0.0000000000,-0.2874302371
0.0000000000,-0.2842054284
0.0000000000,0.3519483335
0.0000000000,0.1555900534
0.0000000000,0.1497999230
0.0000000000,0.4951816465
0.0000000000,0.4737464957
0.0000000000,0.4683563391
0.0000000000,0.2410226804
0.0000000000,0.4117127574
0.0000000000,0.4259563566
0.0000000000,-0.2065613711
0.0000000000,0.0192720420
0.0000000000,0.0552771142
0.0000000000,-0.4883761647
0.0000000000,-0.3886348377
0.0000000000,-0.3580035119
0.0000000000,-0.3782602023
0.0000000000,-0.4846551906
0.0000000000,-0.4953752892
0.0000000000,0.0354164533
0.0000000000,-0.1917309368
0.0000000000,-0.2509674996
0.0000000000,0.4206707609
0.0000000000,0.2550608815
0.0000000000,0.1868578169
0.0000000000,0.4683291305
0.0000000000,0.4971617027
0.0000000000,0.4806741407
0.0000000000,0.1401448536
0.0000000000,0.3402812137
0.0000000000,0.4040408896
0.0000000000,-0.3005082176
0.0000000000,-0.0896811393
0.0000000000,0.0160183561
0.0000000000,-0.4999979778
0.0000000000,-0.4476727466
0.0000000000,-0.3843493250
0.0000000000,-0.2982302654
0.0000000000,-0.4463988313
0.0000000000,-0.4885037673
0.0000000000,0.1428726600
0.0000000000,-0.0868817335
0.0000000000,-0.2161744390
0.0000000000,0.4693176768
0.0000000000,0.3423595358
0.0000000000,0.2227578376
0.0000000000,0.4191267207
0.0000000000,0.4968510499
0.0000000000,0.4900134226
0.0000000000,0.0325789471
0.0000000000,0.2526105583
0.0000000000,0.3796217644
0.0000000000,-0.3801140242
0.0000000000,-0.1943545015
0.0000000000,-0.0233396605
0.0000000000,-0.4877585766
0.0000000000,-0.4853465384
0.0000000000,-0.4083134997
0.0000000000,-0.2039679985
0.0000000000,-0.3868391494
0.0000000000,-0.4786052090
0.0000000000,0.2435106087
0.0000000000,0.0221136938
0.0000000000,-0.1800418434
0.0000000000,0.4133198955
0.0000000000,0.1100620357
0.0000000000,-0.3569042109
0.0000000000,-0.4725477162
0.0000000000,0.4424044641
0.0000000000,0.0454419108
0.0000000000,-0.1723672344
0.0000000000,0.4644380316
0.0000000000,0.4143945007
0.0000000000,0.2544793720
0.0000000000,0.1607080766
0.0000000000,0.4788243335
0.0000000000,0.4943187670
0.0000000000,-0.2557448372
0.0000000000,0.1913843757
0.0000000000,0.3709021015
0.0000000000,-0.4928146400
0.0000000000,-0.2366966805
0.0000000000,-0.0250764111
0.0000000000,-0.3842171586
0.0000000000,-0.4908383489
0.0000000000,-0.4026272230
0.0000000000,-0.0061242301
0.0000000000,-0.3842815838
0.0000000000,-0.4843026026
0.0000000000,0.3762643215
0.0000000000,0.0046691011
0.0000000000,-0.2100824201
0.0000000000,0.4947356605
0.0000000000,0.3901886412
0.0000000000,0.2185193425
0.0000000000,0.2661922839
0.0000000000,0.4889733897
0.0000000000,0.4865395517
0.0000000000,-0.1490621934
0.0000000000,0.2284301922
0.0000000000,0.3970203498
0.0000000000,-0.4597623019
0.0000000000,-0.1999776652
0.0000000000,0.0157459936
0.0000000000,-0.4479785122
0.0000000000,-0.4814295426
0.0000000000,-0.3770994944
0.0000000000,-0.1219761439
0.0000000000,-0.4090971603
0.0000000000,-0.4928289070
0.0000000000,0.2895820480
0.0000000000,-0.0361348349
0.0000000000,-0.2463971006
0.0000000000,0.4980232219
0.0000000000,0.3633816063
0.0000000000,0.1811025634
0.0000000000,0.3571437373
0.0000000000,0.4958627262
0.0000000000,0.4755168417
0.0000000000,-0.0342415069
0.0000000000,0.2639531888
0.0000000000,0.4204918794
0.0000000000,-0.4016092651
0.0000000000,-0.1619255076
0.0000000000,0.0564634283
0.0000000000,-0.4872825024
0.0000000000,-0.4688113073
0.0000000000,-0.3490578487
0.0000000000,-0.2311687764
0.0000000000,-0.4311855085
0.0000000000,-0.4980697890
0.0000000000,0.1870900577
0.0000000000,-0.0766978797
0.0000000000,-0.2810691855
0.0000000000,0.4741212316
0.0000000000,0.3341521037
0.0000000000,0.1424784719
0.0000000000,0.4285969471
0.0000000000,0.4994464156
0.0000000000,0.4613241196
0.0000000000,0.0824485929
0.0000000000,0.2977165531
0.0000000000,0.4411602182
0.0000000000,-0.3215303915
0.0000000000,-0.1227938807
0.0000000000,0.0968044520
0.0000000000,-0.4999833298
0.0000000000,-0.4530677620
0.0000000000,-0.3186892240
0.0000000000,-0.3277407617
0.0000000000,-0.4503993774
0.0000000000,-0.4999903106
0.0000000000,0.0743838955
0.0000000000,-0.1167496214
0.0000000000,-0.3138675351
0.0000000000,0.4243346175
0.0000000000,0.3026949909
0.0000000000,0.1029045540
0.0000000000,0.4766509291
0.0000000000,0.4997005673
0.0000000000,0.4440560004
0.0000000000,0.1946374161
0.0000000000,0.3294952030
0.0000000000,0.4588875817
0.0000000000,-0.2238975830
0.0000000000,-0.0828436537
0.0000000000,0.1365001331
0.0000000000,-0.4853875936
0.0000000000,-0.4343038602
0.0000000000,-0.2861960716
0.0000000000,-0.4064197573
0.0000000000,-0.4666106786
0.0000000000,-0.4985776687
0.0000000000,-0.0423832515
0.0000000000,-0.1560230568
0.0000000000,-0.3445735005
0.0000000000,0.3513814771
0.0000000000,0.2692199751
0.0000000000,0.0626446274
0.0000000000,0.4986821785
0.0000000000,0.4966234871
0.0000000000,0.4238276013
0.0000000000,0.2962000197
0.0000000000,0.3590772875
0.0000000000,0.4735557913
0.0000000000,-0.1140410977
0.0000000000,-0.0423411531
0.0000000000,0.1752858420
0.0000000000,-0.4442921471
0.0000000000,-0.4126446908
0.0000000000,-0.2517950056
0.0000000000,-0.4629102876
0.0000000000,-0.4797113401
0.0000000000,-0.4938412806
0.0000000000,-0.1568364872
0.0000000000,-0.1942563714
0.0000000000,-0.3729823817
0.0000000000,0.2592446834
0.0000000000,0.2339502161
0.0000000000,0.0219670831
0.0000000000,0.4934879005
0.0000000000,0.4902356881
0.0000000000,0.4007737741
0.0000000000,0.3815915987
0.0000000000,0.3862655990
0.0000000000,0.4850670619
0.0000000000,0.0020414554
0.0000000000,-0.0015563872
0.0000000000,0.2129030155
0.0000000000,-0.3789405941
0.0000000000,-0.3882346436
0.0000000000,-0.2157153593
0.0000000000,-0.4941282549
0.0000000000,-0.4896140270
0.0000000000,-0.4858127212
0.0000000000,-0.2627272431
0.0000000000,-0.2311946844
0.0000000000,-0.3989047922
0.0000000000,0.1529544398
0.0000000000,0.1971208383
0.0000000000,-0.0188569038
0.0000000000,0.4613516764
0.0000000000,0.4805797544
0.0000000000,0.3750482060
0.0000000000,0.4461502044
0.0000000000,0.4108788879
0.0000000000,0.4933446542
0.0000000000,0.1180125553
0.0000000000,0.0392387544
0.0000000000,0.2491008804
0.0000000000,-0.2929007992
0.0000000000,-0.3612364472
0.0000000000,-0.1781976559
0.0000000000,-0.4983693160
0.0000000000,-0.4962527234
0.0000000000,-0.4745455126
0.0000000000,-0.3542744189
0.0000000000,-0.2665917482
0.0000000000,-0.4221679214
0.0000000000,0.0383136566
0.0000000000,0.1589773630
0.0000000000,-0.0595551819
0.0000000000,0.4040279817
0.0000000000,0.4677200568
0.0000000000,0.3468223955
0.0000000000,0.4863512631
0.0000000000,0.4327530706
0.0000000000,0.4983333859
0.0000000000,0.2275407660
0.0000000000,0.0797723126
0.0000000000,0.2836381251
0.0000000000,-0.1908701006
0.0000000000,-0.3318300838
0.0000000000,-0.1394920057
0.0000000000,-0.4754019304
0.0000000000,-0.4995831727
0.0000000000,-0.4601147671
0.0000000000,-0.4264800013
0.0000000000,-0.3002115897
0.0000000000,-0.4426166866
0.0000000000,-0.0784188587
0.0000000000,0.1197740721
0.0000000000,-0.0998564381
0.0000000000,0.3246464004
0.0000000000,0.4517423239
0.0000000000,0.3162845087
0.0000000000,0.5000000000
0.0000000000,0.4517423239
0.0000000000,0.5000000000
0.0000000000,0.3246464004
0.0000000000,0.1197740721
0.0000000000,0.3162845088
0.0000000000,-0.0784188587
0.0000000000,-0.3002115897
0.0000000000,-0.0998564381
0.0000000000,-0.4264800013
0.0000000000,-0.4995831727
0.0000000000,-0.4426166866
0.0000000000,-0.4754019304
0.0000000000,-0.3318300838
0.0000000000,-0.4601147671
0.0000000000,-0.1908701006
0.0000000000,0.0797723126
0.0000000000,-0.1394920057
0.0000000000,0.2275407660
0.0000000000,0.4327530706
0.0000000000,0.2836381251
0.0000000000,0.4863512631
0.0000000000,0.4677200568
0.0000000000,0.4983333859
0.0000000000,0.4040279817
0.0000000000,0.1589773630
0.0000000000,0.3468223956
0.0000000000,0.0383136566
0.0000000000,-0.2665917481
0.0000000000,-0.0595551819
0.0000000000,-0.3542744188
0.0000000000,-0.4962527234
0.0000000000,-0.4221679214
0.0000000000,-0.4983693160
0.0000000000,-0.3612364472
0.0000000000,-0.4745455126
0.0000000000,-0.2929007992
0.0000000000,0.0392387544
0.0000000000,-0.1781976559
0.0000000000,0.1180125553
0.0000000000,0.4108788879
0.0000000000,0.2491008803
0.0000000000,0.4461502044
0.0000000000,0.4805797544
0.0000000000,0.4933446542
0.0000000000,0.4613516764
0.0000000000,0.1971208383
0.0000000000,0.3750482060
0.0000000000,0.1529544398
0.0000000000,-0.2311946844
0.0000000000,-0.0188569038
0.0000000000,-0.2627272431
0.0000000000,-0.4896140270
0.0000000000,-0.3989047922
0.0000000000,-0.4941282549
0.0000000000,-0.3882346436
0.0000000000,-0.4858127212
0.0000000000,-0.3789405941
0.0000000000,-0.0015563872
0.0000000000,-0.2157153593
0.0000000000,0.0020414554
0.0000000000,0.3862655990
0.0000000000,0.2129030155
0.0000000000,0.3815915987
0.0000000000,0.4902356881
0.0000000000,0.4850670619
0.0000000000,0.4934879005
0.0000000000,0.2339502161
0.0000000000,0.4007737741
0.0000000000,0.2592446834
0.0000000000,-0.1942563714
0.0000000000,0.0219670831
0.0000000000,-0.1568364872
0.0000000000,-0.4797113401
0.0000000000,-0.3729823817
0.0000000000,-0.4629102876
0.0000000000,-0.4126446908
0.0000000000,-0.4938412806
0.0000000000,-0.4442921471
0.0000000000,-0.0423411532
0.0000000000,-0.2517950056
0.0000000000,-0.1140410977
0.0000000000,0.3590772875
0.0000000000,0.1752858419
0.0000000000,0.2962000197
0.0000000000,0.4966234871
0.0000000000,0.4735557913
0.0000000000,0.4986821785
0.0000000000,0.2692199751
0.0000000000,0.4238276013
0.0000000000,0.3513814771
0.0000000000,-0.1560230568
0.0000000000,0.0626446274
0.0000000000,-0.0423832515
0.0000000000,-0.4666106786
0.0000000000,-0.3445735005
0.0000000000,-0.4064197573
0.0000000000,-0.4343038602
0.0000000000,-0.4985776687
0.0000000000,-0.4853875936
0.0000000000,-0.0828436537
0.0000000000,-0.2861960716
0.0000000000,-0.2238975830
0.0000000000,0.3294952030
0.0000000000,0.1365001330
0.0000000000,0.1946374161
0.0000000000,0.4997005673
0.0000000000,0.4588875817
0.0000000000,0.4766509291
0.0000000000,0.3026949909
0.0000000000,0.4440560004
0.0000000000,0.4243346175
0.0000000000,-0.1167496214
0.0000000000,0.1029045540
0.0000000000,0.0743838955
0.0000000000,-0.4503993774
0.0000000000,-0.3138675351
0.0000000000,-0.3277407617
0.0000000000,-0.4530677620
0.0000000000,-0.4999903106
0.0000000000,-0.4999833298
0.0000000000,-0.1227938807
0.0000000000,-0.3186892240
0.0000000000,-0.3215303915
0.0000000000,0.2977165531
0.0000000000,0.0968044520
0.0000000000,0.0824485929
0.0000000000,0.4994464156
0.0000000000,0.4411602182
0.0000000000,0.4285969471
0.0000000000,0.3341521038
0.0000000000,0.4613241196
0.0000000000,0.4741212316
0.0000000000,-0.0766978797
0.0000000000,0.1424784720
0.0000000000,0.1870900577
0.0000000000,-0.4311855085
0.0000000000,-0.2810691855
0.0000000000,-0.2311687764
0.0000000000,-0.4688113073
0.0000000000,-0.4980697890
0.0000000000,-0.4872825024
0.0000000000,-0.1619255076
0.0000000000,-0.3490578487
0.0000000000,-0.4016092651
0.0000000000,0.2639531888
0.0000000000,0.0564634283
0.0000000000,-0.0342415069
0.0000000000,0.4958627262
0.0000000000,0.4204918794
0.0000000000,0.3571437373
0.0000000000,0.3633816063
0.0000000000,0.4755168417
0.0000000000,0.4980232219
0.0000000000,-0.0361348349
0.0000000000,0.1811025634
0.0000000000,0.2895820480
0.0000000000,-0.4090971603
0.0000000000,-0.2463971005
0.0000000000,-0.1219761438
0.0000000000,-0.4814295426
0.0000000000,-0.4928289070
0.0000000000,-0.4479785122
0.0000000000,-0.1999776652
0.0000000000,-0.3770994944
0.0000000000,-0.4597623019
0.0000000000,0.2284301922
0.0000000000,0.0157459936
0.0000000000,-0.1490621934
0.0000000000,0.4889733897
0.0000000000,0.3970203498
0.0000000000,0.2661922839
0.0000000000,0.3901886412
0.0000000000,0.4865395517
0.0000000000,0.4947356605
0.0000000000,0.0046691012
0.0000000000,0.2185193425
0.0000000000,0.3762643215
0.0000000000,-0.3842815838
0.0000000000,-0.2100824201
0.0000000000,-0.0061242301
0.0000000000,-0.4908383489
0.0000000000,-0.4843026026
0.0000000000,-0.3842171586
0.0000000000,-0.2366966805
0.0000000000,-0.4026272230
0.0000000000,-0.4928146400
0.0000000000,0.1913843757
0.0000000000,-0.0250764111
0.0000000000,-0.2557448372
0.0000000000,0.4788243335
0.0000000000,0.3709021015
0.0000000000,0.1607080766
0.0000000000,0.4143945007
0.0000000000,0.4943187670
0.0000000000,0.4644380316
0.0000000000,0.0454419108
0.0000000000,0.2544793720
0.0000000000,0.4424044641
0.0000000000,-0.3569042109
0.0000000000,-0.1723672344
0.0000000000,0.1100620357
0.0000000000,-0.4725477162
0.0000000000,-0.1512427202
0.0000000000,0.3724009612
0.0000000000,0.4760333930
0.0000000000,-0.4507618562
0.0000000000,0.0004339425
0.0000000000,0.2041326270
0.0000000000,-0.4664415226
0.0000000000,-0.3718212733
0.0000000000,-0.2033400595
0.0000000000,-0.1884084167
0.0000000000,-0.4971364244
0.0000000000,-0.4757671984
0.0000000000,0.2082632660
0.0000000000,-0.2922851499
0.0000000000,-0.4322199939
0.0000000000,0.4737940054
0.0000000000,0.1066833497
0.0000000000,-0.1016197321
0.0000000000,0.4409822002
0.0000000000,0.4347995470
0.0000000000,0.2964698989
0.0000000000,0.1304890603
0.0000000000,0.4741495117
0.0000000000,0.4976630604
0.0000000000,-0.2621715149
0.0000000000,0.1985994977
0.0000000000,0.3683400381
0.0000000000,-0.4897457530
0.0000000000,-0.2088476839
0.0000000000,-0.0056110336
0.0000000000,-0.4089328175
0.0000000000,-0.4775915038
0.0000000000,-0.3758356134
0.0000000000,-0.0706196689
0.0000000000,-0.4291493925
0.0000000000,-0.4964540589
0.0000000000,0.3121618595
0.0000000000,-0.0956935223
0.0000000000,-0.2873592626
0.0000000000,0.4983787153
0.0000000000,0.3013159052
0.0000000000,0.1125812975
0.0000000000,0.3707723221
0.0000000000,0.4982104537
0.0000000000,0.4377525130
0.0000000000,0.0096949335
0.0000000000,0.3642252745
0.0000000000,0.4721963237
0.0000000000,-0.3574872414
0.0000000000,-0.0116551895
0.0000000000,0.1930373389
0.0000000000,-0.4995638808
0.0000000000,-0.3797950172
0.0000000000,-0.2143247809
0.0000000000,-0.3270709863
0.0000000000,-0.4956991262
0.0000000000,-0.4793459993
0.0000000000,0.0513746835
0.0000000000,-0.2823913717
0.0000000000,-0.4260160619
0.0000000000,0.3974703158
0.0000000000,0.1184627891
0.0000000000,-0.0897533248
0.0000000000,0.4932835383
0.0000000000,0.4406414924
0.0000000000,0.3061178678
0.0000000000,0.2784818852
0.0000000000,0.4701741142
0.0000000000,0.4986850230
0.0000000000,-0.1116765545
0.0000000000,0.1874469637
0.0000000000,0.3600572718
0.0000000000,-0.4315135738
0.0000000000,-0.2197705499
0.0000000000,-0.0176976418
0.0000000000,-0.4796315417
0.0000000000,-0.4810304283
0.0000000000,-0.3836989061
0.0000000000,-0.2257311366
0.0000000000,-0.4228204603
0.0000000000,-0.4948717368
0.0000000000,0.1703095255
0.0000000000,-0.0838000081
0.0000000000,-0.2773822035
0.0000000000,0.4591082710
0.0000000000,0.3108750849
0.0000000000,0.1243269649
0.0000000000,0.4588119071
0.0000000000,0.4990866992
0.0000000000,0.4434660628
0.0000000000,0.1696070505
0.0000000000,0.3558366392
0.0000000000,0.4680831791
0.0000000000,-0.2263973824
0.0000000000,-0.0237375071
0.0000000000,0.1818291893
0.0000000000,-0.4798420310
0.0000000000,-0.3875467094
0.0000000000,-0.2251841948
0.0000000000,-0.4311357640
0.0000000000,-0.4939720116
0.0000000000,-0.4826445447
0.0000000000,-0.1109483481
0.0000000000,-0.2723324900
0.0000000000,-0.4195630546
0.0000000000,0.2791019452
0.0000000000,0.1301729677
0.0000000000,-0.0778344422
0.0000000000,0.4934050074
0.0000000000,0.4462258114
0.0000000000,0.3155868612
0.0000000000,0.3970167063
0.0000000000,0.4659238237
0.0000000000,0.4994154234
0.0000000000,0.0506316279
0.0000000000,0.1761848366
0.0000000000,0.3515639936
0.0000000000,-0.3276355945
0.0000000000,-0.2305649244
0.0000000000,-0.0297739028
0.0000000000,-0.4995945144
0.0000000000,-0.4841881125
0.0000000000,-0.3913378647
0.0000000000,-0.3569646108
0.0000000000,-0.4162443210
0.0000000000,-0.4930000821
0.0000000000,0.0104417339
0.0000000000,-0.0718574992
0.0000000000,-0.2672429695
0.0000000000,0.3712730409
0.0000000000,0.3202525079
0.0000000000,0.1359999431
0.0000000000,0.4983180556
0.0000000000,0.4996711476
0.0000000000,0.4489203348
0.0000000000,0.3115780181
0.0000000000,0.3472399596
0.0000000000,0.4636963640
0.0000000000,-0.0713590539
0.0000000000,-0.0358059463
0.0000000000,0.1705147309
0.0000000000,-0.4093621641
0.0000000000,-0.3950718178
0.0000000000,-0.2359119521
0.0000000000,-0.4895947066
0.0000000000,-0.4919560903
0.0000000000,-0.4856609061
0.0000000000,-0.2615351877
0.0000000000,-0.2621143859
0.0000000000,-0.4128647446
0.0000000000,0.1312099805
0.0000000000,0.1418070392
0.0000000000,-0.0658700527
0.0000000000,0.4413337584
0.0000000000,0.4515492391
0.0000000000,0.3248713429
0.0000000000,0.4735548295
0.0000000000,0.4614011253
0.0000000000,0.4998538345
0.0000000000,0.2075839622
0.0000000000,0.1648197009
0.0000000000,0.3428651693
0.0000000000,-0.1891000986
0.0000000000,-0.2412244963
0.0000000000,-0.0418327561
0.0000000000,-0.4667100387
0.0000000000,-0.4870627102
0.0000000000,-0.3987480229
0.0000000000,-0.4504381251
0.0000000000,-0.4094248194
0.0000000000,-0.4908401888
0.0000000000,-0.1505305915
0.0000000000,-0.0598729779
0.0000000000,-0.2569474888
0.0000000000,0.2441642952
0.0000000000,0.3294426913
0.0000000000,0.1475934072
0.0000000000,0.4851117805
0.0000000000,0.4999634573
0.0000000000,0.4541121400
0.0000000000,0.4205900505
0.0000000000,0.3384402620
0.0000000000,0.4590384432
0.0000000000,0.0912276840
0.0000000000,-0.0478534512
0.0000000000,0.1591005791
0.0000000000,-0.2955796883
0.0000000000,-0.4023659426
0.0000000000,-0.2465017805
0.0000000000,-0.4962639873
0.0000000000,-0.4896525409
0.0000000000,-0.4883933200
0.0000000000,-0.3844566569
0.0000000000,-0.2517430334
0.0000000000,-0.4059250482
0.0000000000,-0.0305614654
0.0000000000,0.1533582014
0.0000000000,-0.0538671514
0.0000000000,0.3425779235
0.0000000000,0.4566086631
0.0000000000,0.3339658847
0.0000000000,0.5000000000
0.0000000000,0.4566086631
0.0000000000,0.5000000000
0.0000000000,0.3425779235
0.0000000000,0.1533582014
0.0000000000,0.3339658847
0.0000000000,-0.0305614654
0.0000000000,-0.2517430334
0.0000000000,-0.0538671514
0.0000000000,-0.3844566569
0.0000000000,-0.4896525409
0.0000000000,-0.4059250482
0.0000000000,-0.4962639873
0.0000000000,-0.4023659427
0.0000000000,-0.4883933200
0.0000000000,-0.2955796883
0.0000000000,-0.0478534512
0.0000000000,-0.2465017805
0.0000000000,0.0912276840
0.0000000000,0.3384402620
0.0000000000,0.1591005791
0.0000000000,0.4205900505
0.0000000000,0.4999634573
0.0000000000,0.4590384432
0.0000000000,0.4851117805
0.0000000000,0.3294426913
0.0000000000,0.4541121400
0.0000000000,0.2441642952
0.0000000000,-0.0598729779
0.0000000000,0.1475934072
0.0000000000,-0.1505305915
0.0000000000,-0.4094248194
0.0000000000,-0.2569474888
0.0000000000,-0.4504381251
0.0000000000,-0.4870627102
0.0000000000,-0.4908401888
0.0000000000,-0.4667100387
0.0000000000,-0.2412244963
0.0000000000,-0.3987480229
0.0000000000,-0.1891000986
0.0000000000,0.1648197009
0.0000000000,-0.0418327561
0.0000000000,0.2075839622
0.0000000000,0.4614011253
0.0000000000,0.3428651693
0.0000000000,0.4735548295
0.0000000000,0.4515492391
0.0000000000,0.4998538345
0.0000000000,0.4413337584
0.0000000000,0.1418070392
0.0000000000,0.3248713429
0.0000000000,0.1312099805
0.0000000000,-0.2621143859
0.0000000000,-0.0658700527
0.0000000000,-0.2615351877
0.0000000000,-0.4919560903
0.0000000000,-0.4128647446
0.0000000000,-0.4895947066
0.0000000000,-0.3950718178
0.0000000000,-0.4856609061
0.0000000000,-0.4093621641
0.0000000000,-0.0358059463
0.0000000000,-0.2359119521
0.0000000000,-0.0713590539
0.0000000000,0.3472399596
0.0000000000,0.1705147309
0.0000000000,0.3115780181
0.0000000000,0.4996711476
0.0000000000,0.4636963640
0.0000000000,0.4983180556
0.0000000000,0.3202525079
0.0000000000,0.4489203348
0.0000000000,0.3712730409
0.0000000000,-0.0718574991
0.0000000000,0.1359999431
0.0000000000,0.0104417339
0.0000000000,-0.4162443210
0.0000000000,-0.2672429695
0.0000000000,-0.3569646108
0.0000000000,-0.4841881125
0.0000000000,-0.4930000821
0.0000000000,-0.4995945144
0.0000000000,-0.2305649244
0.0000000000,-0.3913378647
0.0000000000,-0.3276355945
0.0000000000,0.1761848366
0.0000000000,-0.0297739028
0.0000000000,0.0506316279
0.0000000000,0.4659238237
0.0000000000,0.3515639936
0.0000000000,0.3970167063
0.0000000000,0.4462258114
0.0000000000,0.4994154234
0.0000000000,0.4934050074
0.0000000000,0.1301729677
0.0000000000,0.3155868612
0.0000000000,0.2791019452
0.0000000000,-0.2723324900
0.0000000000,-0.0778344422
0.0000000000,-0.1109483481
0.0000000000,-0.4939720116
0.0000000000,-0.4195630546
0.0000000000,-0.4311357640
0.0000000000,-0.3875467095
0.0000000000,-0.4826445447
0.0000000000,-0.4798420310
0.0000000000,-0.0237375071
0.0000000000,-0.2251841948
0.0000000000,-0.2263973824
0.0000000000,0.3558366392
0.0000000000,0.1818291892
0.0000000000,0.1696070505
0.0000000000,0.4990866992
0.0000000000,0.4680831790
0.0000000000,0.4588119071
0.0000000000,0.3108750850
0.0000000000,0.4434660628
0.0000000000,0.4591082710
0.0000000000,-0.0838000081
0.0000000000,0.1243269649
0.0000000000,0.1703095255
0.0000000000,-0.4228204603
0.0000000000,-0.2773822035
0.0000000000,-0.2257311366
0.0000000000,-0.4810304283
0.0000000000,-0.4948717368
0.0000000000,-0.4796315417
0.0000000000,-0.2197705499
0.0000000000,-0.3836989061
0.0000000000,-0.4315135738
0.0000000000,0.1874469637
0.0000000000,-0.0176976418
0.0000000000,-0.1116765546
0.0000000000,0.4701741142
0.0000000000,0.3600572718
0.0000000000,0.2784818852
0.0000000000,0.4406414924
0.0000000000,0.4986850230
0.0000000000,0.4932835383
0.0000000000,0.1184627891
0.0000000000,0.3061178678
0.0000000000,0.3974703159
0.0000000000,-0.2823913717
0.0000000000,-0.0897533248
0.0000000000,0.0513746835
0.0000000000,-0.4956991262
0.0000000000,-0.4260160619
0.0000000000,-0.3270709863
0.0000000000,-0.3797950172
0.0000000000,-0.4793459993
0.0000000000,-0.4995638808
0.0000000000,-0.0116551895
0.0000000000,-0.2143247809
0.0000000000,-0.3574872414
0.0000000000,0.3642252745
0.0000000000,0.1930373389
0.0000000000,0.0096949335
0.0000000000,0.4982104537
0.0000000000,0.4721963237
0.0000000000,0.3707723221
0.0000000000,0.3013159052
0.0000000000,0.4377525130
0.0000000000,0.4983787153
0.0000000000,-0.0956935223
0.0000000000,0.1125812975
0.0000000000,0.3121618595
0.0000000000,-0.4291493925
0.0000000000,-0.2873592626
0.0000000000,-0.0706196689
0.0000000000,-0.4775915038
0.0000000000,-0.4964540589
0.0000000000,-0.4089328175
0.0000000000,-0.2088476839
0.0000000000,-0.3758356134
0.0000000000,-0.4897457530
0.0000000000,0.1985994977
0.0000000000,-0.0056110336
0.0000000000,-0.2621715149
0.0000000000,0.4741495117
0.0000000000,0.3683400381
0.0000000000,0.1304890603
0.0000000000,0.4347995470
0.0000000000,0.4976630604
0.0000000000,0.4409822002
0.0000000000,0.1066833497
0.0000000000,0.2964698989
0.0000000000,0.4737940054
0.0000000000,-0.2922851499
0.0000000000,-0.1016197321
0.0000000000,0.2082632660
0.0000000000,-0.4971364244
0.0000000000,-0.4322199939
0.0000000000,-0.1884084167
0.0000000000,-0.3718212733
0.0000000000,-0.4757671985
0.0000000000,-0.4664415226
0.0000000000,0.0004339425
0.0000000000,-0.2033400595
0.0000000000,-0.4507618562
0.0000000000,0.3724009612
0.0000000000,0.2041326270
0.0000000000,-0.1512427202
0.0000000000,0.4760333930
0.0000000000,0.2794229380
0.0000000000,-0.3106539545
0.0000000000,-0.4374424007
0.0000000000,0.4887029182
0.0000000000,0.0594408426
0.0000000000,-0.1360735433
0.0000000000,0.4257787286
0.0000000000,0.3943642154
0.0000000000,0.2458106654
0.0000000000,0.1256987108
0.0000000000,0.4959404396
0.0000000000,0.4822475550
0.0000000000,-0.2443946259
0.0000000000,0.3040663887
0.0000000000,0.4333363134
0.0000000000,-0.4783618340
0.0000000000,-0.0677251648
0.0000000000,0.1280179506
0.0000000000,-0.4458847852
0.0000000000,-0.3994434220
0.0000000000,-0.2530492315
0.0000000000,-0.1650529727
0.0000000000,-0.4948091402
0.0000000000,-0.4843860012
0.0000000000,0.2077122123
0.0000000000,-0.2973939786
0.0000000000,-0.4291093110
0.0000000000,0.4647831213
0.0000000000,0.0759905896
0.0000000000,-0.1199266368
0.0000000000,0.4629730231
0.0000000000,0.4044111709
0.0000000000,0.2602171887
0.0000000000,0.2032901300
0.0000000000,0.4935397730
0.0000000000,0.4863892880
0.0000000000,-0.1696239697
0.0000000000,0.2906385858
0.0000000000,0.4247625732
0.0000000000,-0.4480586829
0.0000000000,-0.0842348105
0.0000000000,0.1118018595
0.0000000000,-0.4769277863
0.0000000000,-0.4092660759
0.0000000000,-0.2673125368
0.0000000000,-0.2401513875
0.0000000000,-0.4921326921
0.0000000000,-0.4882568563
0.0000000000,0.1303876852
0.0000000000,-0.2838020953
0.0000000000,-0.4202973128
0.0000000000,0.4283017125
0.0000000000,0.0924555271
0.0000000000,-0.1036458859
0.0000000000,0.4876546268
0.0000000000,0.4140067823
0.0000000000,0.2743332960
0.0000000000,0.2753872625
0.0000000000,0.4905882902
0.0000000000,0.4899881850
0.0000000000,-0.0902689162
0.0000000000,0.2768864148
0.0000000000,0.4157147758
0.0000000000,-0.4056459284
0.0000000000,-0.1006504457
0.0000000000,0.0954609916
0.0000000000,-0.4950809437
0.0000000000,-0.4186319673
0.0000000000,-0.2812775072
0.0000000000,-0.3087592729
0.0000000000,-0.4889069981
0.0000000000,-0.4915827910
0.0000000000,0.0495391929
0.0000000000,-0.2698934740
0.0000000000,-0.4110162408
0.0000000000,0.3802446684
0.0000000000,0.1088172795
0.0000000000,-0.0872494607
0.0000000000,0.4991564745
0.0000000000,0.4231403404
0.0000000000,0.2881432329
0.0000000000,0.3400415517
0.0000000000,0.4870892850
0.0000000000,0.4930402294
0.0000000000,-0.0084741806
0.0000000000,0.2628252242
0.0000000000,0.4062030188
0.0000000000,-0.3522698524
0.0000000000,-0.1169537497
0.0000000000,0.0790135843
0.0000000000,-0.4998536353
0.0000000000,-0.4275306435
0.0000000000,-0.2949285572
0.0000000000,-0.3690223755
0.0000000000,-0.4851356582
0.0000000000,-0.4943600936
0.0000000000,-0.0326481864
0.0000000000,-0.2556836375
0.0000000000,-0.4012764530
0.0000000000,0.3219108184
0.0000000000,0.1250575860
0.0000000000,-0.0707556605
0.0000000000,0.4971677077
0.0000000000,0.4318016516
0.0000000000,0.3016315868
0.0000000000,0.3955055975
0.0000000000,0.4830466627
0.0000000000,0.4955420151
0.0000000000,0.0735495853
0.0000000000,0.2484707068
0.0000000000,0.3962379180
0.0000000000,-0.2893730410
0.0000000000,-0.1331265272
0.0000000000,0.0624779937
0.0000000000,-0.4911168703
0.0000000000,-0.4359521730
0.0000000000,-0.3082504514
0.0000000000,-0.4193119751
0.0000000000,-0.4808228814
0.0000000000,-0.4965856643
0.0000000000,-0.1139531889
0.0000000000,-0.2411884446
0.0000000000,-0.3910888197
0.0000000000,0.2548767410
0.0000000000,0.1411583217
0.0000000000,-0.0541828934
0.0000000000,0.4817420764
0.0000000000,0.4399810496
0.0000000000,0.3147833041
0.0000000000,0.4402803830
0.0000000000,0.4784649349
0.0000000000,0.4974907499
0.0000000000,0.1535855394
0.0000000000,0.2338388830
0.0000000000,0.3858305948
0.0000000000,-0.2186553950
0.0000000000,-0.1491507285
0.0000000000,0.0458726743
0.0000000000,-0.4691067758
0.0000000000,-0.4438871571
0.0000000000,-0.3212283220
0.0000000000,-0.4582689035
0.0000000000,-0.4759734811
0.0000000000,-0.4982570194
0.0000000000,-0.1921783986
0.0000000000,-0.2264240727
0.0000000000,-0.3804647107
0.0000000000,0.1809541547
0.0000000000,0.1571015173
0.0000000000,-0.0375496552
0.0000000000,0.4532964864
0.0000000000,0.4476694056
0.0000000000,0.3275837066
0.0000000000,0.4731557877
0.0000000000,0.4733492152
0.0000000000,0.4988842589
0.0000000000,0.2294705640
0.0000000000,0.2189460827
0.0000000000,0.3749926645
0.0000000000,-0.1420281881
0.0000000000,-0.1650084697
0.0000000000,0.0292161586
0.0000000000,-0.4344182147
0.0000000000,-0.4513267398
0.0000000000,-0.3338476848
0.0000000000,-0.4848402786
0.0000000000,-0.4705928694
0.0000000000,-0.4993722935
0.0000000000,-0.2652096364
0.0000000000,-0.2114069997
0.0000000000,-0.3694159831
0.0000000000,0.1021409522
0.0000000000,0.1728693794
0.0000000000,-0.0208745097
0.0000000000,0.4125997318
0.0000000000,0.4548581391
0.0000000000,0.3400185086
0.0000000000,0.4932432938
0.0000000000,0.4677052128
0.0000000000,0.4997209869
0.0000000000,0.2991537280
0.0000000000,0.2038089272
0.0000000000,0.3637362226
0.0000000000,-0.0615624102
0.0000000000,-0.1806820529
0.0000000000,0.0125270361
0.0000000000,-0.3879887087
0.0000000000,-0.4582626181
0.0000000000,-0.3460944561
0.0000000000,-0.4983079605
0.0000000000,-0.4646870513
0.0000000000,-0.4999302419
0.0000000000,-0.3310730998
0.0000000000,-0.1961539853
0.0000000000,-0.3579549679
0.0000000000,0.0205672041
0.0000000000,0.1884443101
0.0000000000,-0.0041760671
0.0000000000,0.3607517166
0.0000000000,0.4615392269
0.0000000000,0.3520738321
0.0000000000,0.5000000000
0.0000000000,0.4615392270
0.0000000000,0.5000000000
0.0000000000,0.3607517166
0.0000000000,0.1884443102
0.0000000000,0.3520738321
0.0000000000,0.0205672041
0.0000000000,-0.1961539853
0.0000000000,-0.0041760671
0.0000000000,-0.3310730998
0.0000000000,-0.4646870513
0.0000000000,-0.3579549679
0.0000000000,-0.4983079605
0.0000000000,-0.4582626181
0.0000000000,-0.4999302419
0.0000000000,-0.3879887087
0.0000000000,-0.1806820529
0.0000000000,-0.3460944561
0.0000000000,-0.0615624102
0.0000000000,0.2038089272
0.0000000000,0.0125270361
0.0000000000,0.2991537280
0.0000000000,0.4677052128
0.0000000000,0.3637362226
0.0000000000,0.4932432938
0.0000000000,0.4548581391
0.0000000000,0.4997209869
0.0000000000,0.4125997318
0.0000000000,0.1728693794
0.0000000000,0.3400185086
0.0000000000,0.1021409522
0.0000000000,-0.2114069997
0.0000000000,-0.0208745097
0.0000000000,-0.2652096364
0.0000000000,-0.4705928694
0.0000000000,-0.3694159831
0.0000000000,-0.4848402786
0.0000000000,-0.4513267398
0.0000000000,-0.4993722935
0.0000000000,-0.4344182147
0.0000000000,-0.1650084697
0.0000000000,-0.3338476848
0.0000000000,-0.1420281881
0.0000000000,0.2189460827
0.0000000000,0.0292161586
0.0000000000,0.2294705640
0.0000000000,0.4733492152
0.0000000000,0.3749926645
0.0000000000,0.4731557876
0.0000000000,0.4476694056
0.0000000000,0.4988842589
0.0000000000,0.4532964864
0.0000000000,0.1571015173
0.0000000000,0.3275837067
0.0000000000,0.1809541547
0.0000000000,-0.2264240727
0.0000000000,-0.0375496552
0.0000000000,-0.1921783986
0.0000000000,-0.4759734811
0.0000000000,-0.3804647107
0.0000000000,-0.4582689035
0.0000000000,-0.4438871571
0.0000000000,-0.4982570194
0.0000000000,-0.4691067758
0.0000000000,-0.1491507285
0.0000000000,-0.3212283220
0.0000000000,-0.2186553950
0.0000000000,0.2338388830
0.0000000000,0.0458726743
0.0000000000,0.1535855394
0.0000000000,0.4784649349
0.0000000000,0.3858305948
0.0000000000,0.4402803830
0.0000000000,0.4399810496
0.0000000000,0.4974907499
0.0000000000,0.4817420764
0.0000000000,0.1411583217
0.0000000000,0.3147833041
0.0000000000,0.2548767411
0.0000000000,-0.2411884446
0.0000000000,-0.0541828934
0.0000000000,-0.1139531889
0.0000000000,-0.4808228814
0.0000000000,-0.3910888197
0.0000000000,-0.4193119751
0.0000000000,-0.4359521730
0.0000000000,-0.4965856643
0.0000000000,-0.4911168703
0.0000000000,-0.1331265272
0.0000000000,-0.3082504514
0.0000000000,-0.2893730410
0.0000000000,0.2484707067
0.0000000000,0.0624779936
0.0000000000,0.0735495853
0.0000000000,0.4830466627
0.0000000000,0.3962379180
0.0000000000,0.3955055975
0.0000000000,0.4318016516
0.0000000000,0.4955420151
0.0000000000,0.4971677077
0.0000000000,0.1250575860
0.0000000000,0.3016315868
0.0000000000,0.3219108184
0.0000000000,-0.2556836375
0.0000000000,-0.0707556605
0.0000000000,-0.0326481864
0.0000000000,-0.4851356582
0.0000000000,-0.4012764530
0.0000000000,-0.3690223755
0.0000000000,-0.4275306435
0.0000000000,-0.4943600936
0.0000000000,-0.4998536353
0.0000000000,-0.1169537497
0.0000000000,-0.2949285572
0.0000000000,-0.3522698524
0.0000000000,0.2628252242
0.0000000000,0.0790135843
0.0000000000,-0.0084741806
0.0000000000,0.4870892850
0.0000000000,0.4062030188
0.0000000000,0.3400415517
0.0000000000,0.4231403404
0.0000000000,0.4930402294
0.0000000000,0.4991564745
0.0000000000,0.1088172795
0.0000000000,0.2881432329
0.0000000000,0.3802446684
0.0000000000,-0.2698934740
0.0000000000,-0.0872494607
0.0000000000,0.0495391929
0.0000000000,-0.4889069981
0.0000000000,-0.4110162408
0.0000000000,-0.3087592729
0.0000000000,-0.4186319673
0.0000000000,-0.4915827910
0.0000000000,-0.4950809437
0.0000000000,-0.1006504457
0.0000000000,-0.2812775072
0.0000000000,-0.4056459284
0.0000000000,0.2768864148
0.0000000000,0.0954609916
0.0000000000,-0.0902689162
0.0000000000,0.4905882902
0.0000000000,0.4157147758
0.0000000000,0.2753872624
0.0000000000,0.4140067823
0.0000000000,0.4899881850
0.0000000000,0.4876546268
0.0000000000,0.0924555272
0.0000000000,0.2743332960
0.0000000000,0.4283017125
0.0000000000,-0.2838020953
0.0000000000,-0.1036458859
0.0000000000,0.1303876852
0.0000000000,-0.4921326921
0.0000000000,-0.4202973128
0.0000000000,-0.2401513875
0.0000000000,-0.4092660759
0.0000000000,-0.4882568563
0.0000000000,-0.4769277863
0.0000000000,-0.0842348105
0.0000000000,-0.2673125368
0.0000000000,-0.4480586829
0.0000000000,0.2906385857
0.0000000000,0.1118018595
0.0000000000,-0.1696239697
0.0000000000,0.4935397730
0.0000000000,0.4247625732
0.0000000000,0.2032901299
0.0000000000,0.4044111709
0.0000000000,0.4863892880
0.0000000000,0.4629730231
0.0000000000,0.0759905896
0.0000000000,0.2602171887
0.0000000000,0.4647831213
0.0000000000,-0.2973939785
0.0000000000,-0.1199266368
0.0000000000,0.2077122123
0.0000000000,-0.4948091402
0.0000000000,-0.4291093110
0.0000000000,-0.1650529727
0.0000000000,-0.3994434220
0.0000000000,-0.4843860012
0.0000000000,-0.4458847852
0.0000000000,-0.0677251649
0.0000000000,-0.2530492316
0.0000000000,-0.4783618340
0.0000000000,0.3040663887
0.0000000000,0.1280179506
0.0000000000,-0.2443946259
0.0000000000,0.4959404396
0.0000000000,0.4333363134
0.0000000000,0.1256987107
0.0000000000,0.3943642154
0.0000000000,0.4822475550
0.0000000000,0.4257787286
0.0000000000,0.0594408426
0.0000000000,0.2458106654
0.0000000000,0.4887029182
0.0000000000,-0.3106539545
0.0000000000,-0.1360735433
0.0000000000,0.2794229380
0.0000000000,-0.4374424007
0.0000000000,-0.4303416202
0.0000000000,0.1584513251
0.0000000000,0.3186586845
0.0000000000,-0.4921768735
0.0000000000,-0.2014292899
0.0000000000,-0.0230358214
0.0000000000,-0.3153106167
0.0000000000,-0.4567362391
0.0000000000,-0.3527710919
0.0000000000,0.0144785514
0.0000000000,-0.4749248284
0.0000000000,-0.4993623603
0.0000000000,0.3372457478
0.0000000000,-0.2465523027
0.0000000000,-0.3867055689
0.0000000000,0.4964516848
0.0000000000,0.1098198705
0.0000000000,-0.0732874137
0.0000000000,0.4148828653
0.0000000000,0.4091781584
0.0000000000,0.2781785027
0.0000000000,0.1320994584
0.0000000000,0.4961082536
0.0000000000,0.4852257707
0.0000000000,-0.2147510387
0.0000000000,0.3254796850
0.0000000000,0.4403641051
0.0000000000,-0.4574491468
0.0000000000,-0.0141243281
0.0000000000,0.1668838072
0.0000000000,-0.4782883906
0.0000000000,-0.3463955806
0.0000000000,-0.1932355863
0.0000000000,-0.2671619179
0.0000000000,-0.4988327300
0.0000000000,-0.4530351422
0.0000000000,0.0735357653
0.0000000000,-0.3922967814
0.0000000000,-0.4776377931
0.0000000000,0.3785692407
0.0000000000,-0.0820967453
0.0000000000,-0.2542708711
0.0000000000,0.4999999215
0.0000000000,0.2707244887
0.0000000000,0.1011028565
0.0000000000,0.3789349818
0.0000000000,0.4829968867
0.0000000000,0.4039882079
0.0000000000,0.0740898661
0.0000000000,0.4445174945
0.0000000000,0.4971397720
0.0000000000,-0.2666881913
0.0000000000,0.1752632038
0.0000000000,0.3321971511
0.0000000000,-0.4781247916
0.0000000000,-0.1849804148
0.0000000000,-0.0052083419
0.0000000000,-0.4576750194
0.0000000000,-0.4491899358
0.0000000000,-0.3399098816
0.0000000000,-0.2152568368
0.0000000000,-0.4801988221
0.0000000000,-0.4981444219
0.0000000000,0.1315590427
0.0000000000,-0.2619085564
0.0000000000,-0.3977632050
0.0000000000,0.4145699287
0.0000000000,0.0923536817
0.0000000000,-0.0908799620
0.0000000000,0.4965179990
0.0000000000,0.3986697495
0.0000000000,0.2631843577
0.0000000000,0.3376591510
0.0000000000,0.4980131512
0.0000000000,0.4806143623
0.0000000000,0.0150385466
0.0000000000,0.3388089459
0.0000000000,0.4485294837
0.0000000000,-0.3148756223
0.0000000000,0.0037093011
0.0000000000,0.1835868496
0.0000000000,-0.4920778484
0.0000000000,-0.3333160578
0.0000000000,-0.1766664013
0.0000000000,-0.4306265907
0.0000000000,-0.4972976550
0.0000000000,-0.4452018429
0.0000000000,-0.1603251755
0.0000000000,-0.4031031009
0.0000000000,-0.4826071008
0.0000000000,0.1877325577
0.0000000000,-0.0996342700
0.0000000000,-0.2694629291
0.0000000000,0.4447416305
0.0000000000,0.2555605083
0.0000000000,0.0835751295
0.0000000000,0.4860548741
0.0000000000,0.4780789553
0.0000000000,0.3932244751
0.0000000000,0.2916357241
0.0000000000,0.4523987965
0.0000000000,0.4987281133
0.0000000000,-0.0442242198
0.0000000000,0.1918520967
0.0000000000,0.3453129662
0.0000000000,-0.3586358011
0.0000000000,-0.1682961906
0.0000000000,0.0126257641
0.0000000000,-0.4991121329
0.0000000000,-0.4410721320
0.0000000000,-0.3266162069
0.0000000000,-0.3975234139
0.0000000000,-0.4848618631
0.0000000000,-0.4962926986
0.0000000000,-0.1031392908
0.0000000000,-0.2769315862
0.0000000000,-0.4083147705
0.0000000000,0.2412664928
0.0000000000,0.0747699922
0.0000000000,-0.1083568846
0.0000000000,0.4686601222
0.0000000000,0.3876541166
0.0000000000,0.2478553655
0.0000000000,0.4687576618
0.0000000000,0.4992844310
0.0000000000,0.4753914723
0.0000000000,0.2415118055
0.0000000000,0.3517071431
0.0000000000,0.4561242021
0.0000000000,-0.1028651795
0.0000000000,0.0215382109
0.0000000000,0.2000563161
0.0000000000,-0.3973534455
0.0000000000,-0.3198124599
0.0000000000,-0.1598724452
0.0000000000,-0.4991287407
0.0000000000,-0.4951298724
0.0000000000,-0.4368021170
0.0000000000,-0.3588309304
0.0000000000,-0.4133965559
0.0000000000,-0.4869623917
0.0000000000,-0.0445032346
0.0000000000,-0.1170450310
0.0000000000,-0.2843121518
0.0000000000,0.2914081435
0.0000000000,0.2400713805
0.0000000000,0.0659410706
0.0000000000,0.4859891024
0.0000000000,0.4725527682
0.0000000000,0.3819604461
0.0000000000,0.4448695663
0.0000000000,0.4597045155
0.0000000000,0.4996819272
0.0000000000,0.1879921533
0.0000000000,0.2081968979
0.0000000000,0.3579894426
0.0000000000,-0.1600598217
0.0000000000,-0.1513978447
0.0000000000,0.0304438065
0.0000000000,-0.4304841730
0.0000000000,-0.4323931560
0.0000000000,-0.3129069811
0.0000000000,-0.4921274382
0.0000000000,-0.4889080185
0.0000000000,-0.4938095464
0.0000000000,-0.3150931690
0.0000000000,-0.2916022783
0.0000000000,-0.4183468406
0.0000000000,0.0147585513
0.0000000000,0.0570911733
0.0000000000,-0.1256959456
0.0000000000,0.3374525023
0.0000000000,0.3761452747
0.0000000000,0.2322110291
0.0000000000,0.4964849198
0.0000000000,0.4999204755
0.0000000000,0.4695637460
0.0000000000,0.4147264621
0.0000000000,0.3641578664
0.0000000000,0.4631385977
0.0000000000,0.1318292712
0.0000000000,0.0393397179
0.0000000000,0.2162712526
0.0000000000,-0.2150039715
0.0000000000,-0.3059019673
0.0000000000,-0.1428750848
0.0000000000,-0.4575621549
0.0000000000,-0.4923321404
0.0000000000,-0.4278466516
0.0000000000,-0.4782066661
0.0000000000,-0.4231640499
0.0000000000,-0.4906981245
0.0000000000,-0.2669250965
0.0000000000,-0.1343068766
0.0000000000,-0.2987996466
0.0000000000,0.0738128273
0.0000000000,0.2242768119
0.0000000000,0.0482231155
0.0000000000,0.3787521707
0.0000000000,0.4664253563
0.0000000000,0.3702104521
0.0000000000,0.5000000000
0.0000000000,0.4664253563
0.0000000000,0.5000000000
0.0000000000,0.3787521707
0.0000000000,0.2242768119
0.0000000000,0.3702104521
0.0000000000,0.0738128273
0.0000000000,-0.1343068766
0.0000000000,0.0482231155
0.0000000000,-0.2669250965
0.0000000000,-0.4231640499
0.0000000000,-0.2987996466
0.0000000000,-0.4782066661
0.0000000000,-0.4923321404
0.0000000000,-0.4906981245
0.0000000000,-0.4575621549
0.0000000000,-0.3059019673
0.0000000000,-0.4278466516
0.0000000000,-0.2150039715
0.0000000000,0.0393397179
0.0000000000,-0.1428750848
0.0000000000,0.1318292712
0.0000000000,0.3641578663
0.0000000000,0.2162712526
0.0000000000,0.4147264621
0.0000000000,0.4999204755
0.0000000000,0.4631385977
0.0000000000,0.4964849198
0.0000000000,0.3761452747
0.0000000000,0.4695637460
0.0000000000,0.3374525023
0.0000000000,0.0570911734
0.0000000000,0.2322110291
0.0000000000,0.0147585513
0.0000000000,-0.2916022783
0.0000000000,-0.1256959456
0.0000000000,-0.3150931690
0.0000000000,-0.4889080185
0.0000000000,-0.4183468406
0.0000000000,-0.4921274382
0.0000000000,-0.4323931560
0.0000000000,-0.4938095464
0.0000000000,-0.4304841730
0.0000000000,-0.1513978447
0.0000000000,-0.3129069812
0.0000000000,-0.1600598217
0.0000000000,0.2081968979
0.0000000000,0.0304438065
0.0000000000,0.1879921533
0.0000000000,0.4597045155
0.0000000000,0.3579894426
0.0000000000,0.4448695663
0.0000000000,0.4725527682
0.0000000000,0.4996819272
0.0000000000,0.4859891024
0.0000000000,0.2400713805
0.0000000000,0.3819604461
0.0000000000,0.2914081435
0.0000000000,-0.1170450310
0.0000000000,0.0659410706
0.0000000000,-0.0445032346
0.0000000000,-0.4133965559
0.0000000000,-0.2843121518
0.0000000000,-0.3588309304
0.0000000000,-0.4951298724
0.0000000000,-0.4869623917
0.0000000000,-0.4991287407
0.0000000000,-0.3198124599
0.0000000000,-0.4368021170
0.0000000000,-0.3973534455
0.0000000000,0.0215382109
0.0000000000,-0.1598724452
0.0000000000,-0.1028651795
0.0000000000,0.3517071431
0.0000000000,0.2000563161
0.0000000000,0.2415118055
0.0000000000,0.4992844310
0.0000000000,0.4561242021
0.0000000000,0.4687576618
0.0000000000,0.3876541166
0.0000000000,0.4753914723
0.0000000000,0.4686601223
0.0000000000,0.0747699922
0.0000000000,0.2478553655
0.0000000000,0.2412664928
0.0000000000,-0.2769315862
0.0000000000,-0.1083568846
0.0000000000,-0.1031392908
0.0000000000,-0.4848618631
0.0000000000,-0.4083147705
0.0000000000,-0.3975234139
0.0000000000,-0.4410721320
0.0000000000,-0.4962926986
0.0000000000,-0.4991121329
0.0000000000,-0.1682961906
0.0000000000,-0.3266162069
0.0000000000,-0.3586358011
0.0000000000,0.1918520967
0.0000000000,0.0126257641
0.0000000000,-0.0442242198
0.0000000000,0.4523987965
0.0000000000,0.3453129662
0.0000000000,0.2916357241
0.0000000000,0.4780789553
0.0000000000,0.4987281133
0.0000000000,0.4860548741
0.0000000000,0.2555605083
0.0000000000,0.3932244751
0.0000000000,0.4447416305
0.0000000000,-0.0996342700
0.0000000000,0.0835751295
0.0000000000,0.1877325577
0.0000000000,-0.4031031009
0.0000000000,-0.2694629291
0.0000000000,-0.1603251755
0.0000000000,-0.4972976550
0.0000000000,-0.4826071008
0.0000000000,-0.4306265907
0.0000000000,-0.3333160578
0.0000000000,-0.4452018429
0.0000000000,-0.4920778484
0.0000000000,0.0037093011
0.0000000000,-0.1766664013
0.0000000000,-0.3148756223
0.0000000000,0.3388089459
0.0000000000,0.1835868496
0.0000000000,0.0150385466
0.0000000000,0.4980131512
0.0000000000,0.4485294837
0.0000000000,0.3376591510
0.0000000000,0.3986697495
0.0000000000,0.4806143623
0.0000000000,0.4965179990
0.0000000000,0.0923536818
0.0000000000,0.2631843577
0.0000000000,0.4145699287
0.0000000000,-0.2619085564
0.0000000000,-0.0908799620
0.0000000000,0.1315590427
0.0000000000,-0.4801988221
0.0000000000,-0.3977632050
0.0000000000,-0.2152568368
0.0000000000,-0.4491899358
0.0000000000,-0.4981444219
0.0000000000,-0.4576750194
0.0000000000,-0.1849804148
0.0000000000,-0.3399098816
0.0000000000,-0.4781247916
0.0000000000,0.1752632038
0.0000000000,-0.0052083419
0.0000000000,-0.2666881913
0.0000000000,0.4445174945
0.0000000000,0.3321971511
0.0000000000,0.0740898661
0.0000000000,0.4829968867
0.0000000000,0.4971397720
0.0000000000,0.3789349818
0.0000000000,0.2707244887
0.0000000000,0.4039882079
0.0000000000,0.4999999215
0.0000000000,-0.0820967453
0.0000000000,0.1011028565
0.0000000000,0.3785692408
0.0000000000,-0.3922967814
0.0000000000,-0.2542708711
0.0000000000,0.0735357653
0.0000000000,-0.4988327300
0.0000000000,-0.4776377931
0.0000000000,-0.2671619179
0.0000000000,-0.3463955806
0.0000000000,-0.4530351422
0.0000000000,-0.4782883906
0.0000000000,-0.0141243281
0.0000000000,-0.1932355863
0.0000000000,-0.4574491468
0.0000000000,0.3254796850
0.0000000000,0.1668838072
0.0000000000,-0.2147510387
0.0000000000,0.4961082536
0.0000000000,0.4403641051
0.0000000000,0.1320994584
0.0000000000,0.4091781584
0.0000000000,0.4852257707
0.0000000000,0.4148828652
0.0000000000,0.1098198706
0.0000000000,0.2781785027
0.0000000000,0.4964516848
0.0000000000,-0.2465523027
0.0000000000,-0.0732874137
0.0000000000,0.3372457478
0.0000000000,-0.4749248284
0.0000000000,-0.3867055689
0.0000000000,0.0144785514
0.0000000000,-0.4567362391
0.0000000000,-0.4993623603
0.0000000000,-0.3153106167
0.0000000000,-0.2014292899
0.0000000000,-0.3527710919
0.0000000000,-0.4921768735
0.0000000000,0.1584513251
0.0000000000,-0.0230358214
0.0000000000,-0.4303416202
0.0000000000,0.3186586845
0.0000000000,0.4999395246
0.0000000000,0.0778665311
0.0000000000,-0.0919532270
0.0000000000,0.3913595904
0.0000000000,0.3719966730
0.0000000000,0.2387021597
0.0000000000,0.1202121142
0.0000000000,0.4993971291
0.0000000000,0.4623707399
0.0000000000,-0.2008704815
0.0000000000,0.4029667488
0.0000000000,0.4788037887
0.0000000000,-0.4385131380
0.0000000000,0.1259258300
0.0000000000,0.2806359793
0.0000000000,-0.4940010583
0.0000000000,-0.2075553088
0.0000000000,-0.0433134622
0.0000000000,-0.3442850186
0.0000000000,-0.4480097247
0.0000000000,-0.3478497195
0.0000000000,-0.0515558253
0.0000000000,-0.4876652462
0.0000000000,-0.4964790059
0.0000000000,0.2625892321
0.0000000000,-0.3087481857
0.0000000000,-0.4225853648
0.0000000000,0.4676568909
0.0000000000,0.0085504565
0.0000000000,-0.1592880806
0.0000000000,0.4784637393
0.0000000000,0.3220167662
0.0000000000,0.1754024541
0.0000000000,0.2905207016
0.0000000000,0.4911544888
0.0000000000,0.4314772424
0.0000000000,-0.0181022363
0.0000000000,0.4401557435
0.0000000000,0.4941630295
0.0000000000,-0.3192056548
0.0000000000,0.1918782747
0.0000000000,0.3353639146
0.0000000000,-0.4877136803
0.0000000000,-0.1423994377
0.0000000000,0.0262539926
0.0000000000,-0.4536294707
0.0000000000,-0.4128534246
0.0000000000,-0.2946230236
0.0000000000,-0.2311113251
0.0000000000,-0.4982656443
0.0000000000,-0.4834493853
0.0000000000,0.0874085564
0.0000000000,-0.3603541615
0.0000000000,-0.4555927227
0.0000000000,0.3696196454
0.0000000000,-0.0609311908
0.0000000000,-0.2235384502
0.0000000000,0.4982937861
0.0000000000,0.2658012669
0.0000000000,0.1087062227
0.0000000000,0.4199808031
0.0000000000,0.4734010416
0.0000000000,0.3922285394
0.0000000000,0.1672112628
0.0000000000,0.4688214806
0.0000000000,0.4999532056
0.0000000000,-0.1550164552
0.0000000000,0.2541151528
0.0000000000,0.3835978007
0.0000000000,-0.4128516179
0.0000000000,-0.0744861173
0.0000000000,0.0953130603
0.0000000000,-0.4991916279
0.0000000000,-0.3697025540
0.0000000000,-0.2356911928
0.0000000000,-0.3781715581
0.0000000000,-0.4992175338
0.0000000000,-0.4610581610
0.0000000000,-0.1000621461
0.0000000000,-0.4049821722
0.0000000000,-0.4797778984
0.0000000000,0.2196122551
0.0000000000,-0.1292329551
0.0000000000,-0.2834601796
0.0000000000,0.4480615391
0.0000000000,0.2044387424
0.0000000000,0.0399049838
0.0000000000,0.4903897599
0.0000000000,0.4464805685
0.0000000000,0.3453846500
0.0000000000,0.3290141242
0.0000000000,0.4884088713
0.0000000000,0.4960621948
0.0000000000,0.0309687384
0.0000000000,0.3114312977
0.0000000000,0.4244036276
0.0000000000,-0.2799408056
0.0000000000,-0.0051304339
0.0000000000,0.1625264681
0.0000000000,-0.4745652508
0.0000000000,-0.3193926944
0.0000000000,-0.1721953939
0.0000000000,-0.4720592098
0.0000000000,-0.4905024821
0.0000000000,-0.4297389207
0.0000000000,-0.2734636715
0.0000000000,-0.4417680328
0.0000000000,-0.4946725656
0.0000000000,0.0387264177
0.0000000000,-0.1950322285
0.0000000000,-0.3378929334
0.0000000000,0.3348298727
0.0000000000,0.1391174281
0.0000000000,-0.0296689827
0.0000000000,0.4918477638
0.0000000000,0.4109143628
0.0000000000,0.2918526681
0.0000000000,0.4445561555
0.0000000000,0.4985386218
0.0000000000,0.4825653434
0.0000000000,0.2125995915
0.0000000000,0.3627168292
0.0000000000,0.4569912238
0.0000000000,-0.1076690871
0.0000000000,0.0643245961
0.0000000000,0.2265926832
0.0000000000,-0.3832129161
0.0000000000,-0.2628980553
0.0000000000,-0.1053651713
0.0000000000,-0.4995732644
0.0000000000,-0.4722892491
0.0000000000,-0.3900981359
0.0000000000,-0.4084150042
0.0000000000,-0.4699994151
0.0000000000,-0.4999883013
0.0000000000,-0.1476045241
0.0000000000,-0.2570548615
0.0000000000,-0.3857826656
0.0000000000,0.1745196564
0.0000000000,0.0711022180
0.0000000000,-0.0986684334
0.0000000000,0.4241498129
0.0000000000,0.3673911348
0.0000000000,0.2326691967
0.0000000000,0.4975916398
0.0000000000,0.4990145776
0.0000000000,0.4597240069
0.0000000000,0.3643380087
0.0000000000,0.4069786444
0.0000000000,0.4807295569
0.0000000000,0.0797413776
0.0000000000,0.1325340327
0.0000000000,0.2862711154
0.0000000000,-0.2379791632
0.0000000000,-0.2013126093
0.0000000000,-0.0364946379
0.0000000000,-0.4568451249
0.0000000000,-0.4449305193
0.0000000000,-0.3429034184
0.0000000000,-0.4859413945
0.0000000000,-0.4891296413
0.0000000000,-0.4956221704
0.0000000000,-0.3131816218
0.0000000000,-0.3140998363
0.0000000000,-0.4262020305
0.0000000000,-0.0103287897
0.0000000000,0.0017101713
0.0000000000,-0.1657572503
0.0000000000,0.2968145363
0.0000000000,0.3167536766
0.0000000000,0.1689802758
0.0000000000,0.4806635551
0.0000000000,0.4898275224
0.0000000000,0.4279804892
0.0000000000,0.4648489025
0.0000000000,0.4433596496
0.0000000000,0.4951589535
0.0000000000,0.2559398546
0.0000000000,0.1981770557
0.0000000000,0.3404061405
0.0000000000,-0.0592844953
0.0000000000,-0.1358289085
0.0000000000,0.0330825844
0.0000000000,-0.3498825554
0.0000000000,-0.4089560721
0.0000000000,-0.2890686552
0.0000000000,-0.4951422914
0.0000000000,-0.4987882701
0.0000000000,-0.4816587198
0.0000000000,-0.4347240086
0.0000000000,-0.3650625235
0.0000000000,-0.4583683400
0.0000000000,-0.1937249626
0.0000000000,-0.0677149914
0.0000000000,-0.2296363129
0.0000000000,0.1277458330
0.0000000000,0.2599825413
0.0000000000,0.1020191893
0.0000000000,0.3961520646
0.0000000000,0.4711553560
0.0000000000,0.3879494778
0.0000000000,0.5000000000
0.0000000000,0.4711553560
0.0000000000,0.5000000000
0.0000000000,0.3961520646
0.0000000000,0.2599825413
0.0000000000,0.3879494778
0.0000000000,0.1277458330
0.0000000000,-0.0677149914
0.0000000000,0.1020191893
0.0000000000,-0.1937249626
0.0000000000,-0.3650625235
0.0000000000,-0.2296363129
0.0000000000,-0.4347240086
0.0000000000,-0.4987882701
0.0000000000,-0.4583683400
0.0000000000,-0.4951422914
0.0000000000,-0.4089560721
0.0000000000,-0.4816587198
0.0000000000,-0.3498825554
0.0000000000,-0.1358289085
0.0000000000,-0.2890686552
0.0000000000,-0.0592844953
0.0000000000,0.1981770557
0.0000000000,0.0330825844
0.0000000000,0.2559398546
0.0000000000,0.4433596496
0.0000000000,0.3404061405
0.0000000000,0.4648489025
0.0000000000,0.4898275224
0.0000000000,0.4951589535
0.0000000000,0.4806635551
0.0000000000,0.3167536766
0.0000000000,0.4279804893
0.0000000000,0.2968145363
0.0000000000,0.0017101713
0.0000000000,0.1689802758
0.0000000000,-0.0103287897
0.0000000000,-0.3140998363
0.0000000000,-0.1657572503
0.0000000000,-0.3131816218
0.0000000000,-0.4891296413
0.0000000000,-0.4262020305
0.0000000000,-0.4859413945
0.0000000000,-0.4449305193
0.0000000000,-0.4956221704
0.0000000000,-0.4568451249
0.0000000000,-0.2013126093
0.0000000000,-0.3429034184
0.0000000000,-0.2379791632
0.0000000000,0.1325340327
0.0000000000,-0.0364946379
0.0000000000,0.0797413776
0.0000000000,0.4069786444
0.0000000000,0.2862711154
0.0000000000,0.3643380087
0.0000000000,0.4990145776
0.0000000000,0.4807295569
0.0000000000,0.4975916398
0.0000000000,0.3673911348
0.0000000000,0.4597240069
0.0000000000,0.4241498129
0.0000000000,0.0711022180
0.0000000000,0.2326691967
0.0000000000,0.1745196564
0.0000000000,-0.2570548615
0.0000000000,-0.0986684334
0.0000000000,-0.1476045241
0.0000000000,-0.4699994151
0.0000000000,-0.3857826656
0.0000000000,-0.4084150042
0.0000000000,-0.4722892491
0.0000000000,-0.4999883013
0.0000000000,-0.4995732644
0.0000000000,-0.2628980553
0.0000000000,-0.3900981359
0.0000000000,-0.3832129161
0.0000000000,0.0643245961
0.0000000000,-0.1053651713
0.0000000000,-0.1076690871
0.0000000000,0.3627168292
0.0000000000,0.2265926832
0.0000000000,0.2125995915
0.0000000000,0.4985386218
0.0000000000,0.4569912238
0.0000000000,0.4445561555
0.0000000000,0.4109143628
0.0000000000,0.4825653434
0.0000000000,0.4918477638
0.0000000000,0.1391174281
0.0000000000,0.2918526681
0.0000000000,0.3348298727
0.0000000000,-0.1950322284
0.0000000000,-0.0296689827
0.0000000000,0.0387264177
0.0000000000,-0.4417680328
0.0000000000,-0.3378929334
0.0000000000,-0.2734636715
0.0000000000,-0.4905024821
0.0000000000,-0.4946725656
0.0000000000,-0.4720592098
0.0000000000,-0.3193926944
0.0000000000,-0.4297389207
0.0000000000,-0.4745652508
0.0000000000,-0.0051304339
0.0000000000,-0.1721953939
0.0000000000,-0.2799408056
0.0000000000,0.3114312977
0.0000000000,0.1625264681
0.0000000000,0.0309687384
0.0000000000,0.4884088713
0.0000000000,0.4244036276
0.0000000000,0.3290141242
0.0000000000,0.4464805685
0.0000000000,0.4960621948
0.0000000000,0.4903897599
0.0000000000,0.2044387424
0.0000000000,0.3453846501
0.0000000000,0.4480615391
0.0000000000,-0.1292329551
0.0000000000,0.0399049838
0.0000000000,0.2196122551
0.0000000000,-0.4049821722
0.0000000000,-0.2834601796
0.0000000000,-0.1000621461
0.0000000000,-0.4992175338
0.0000000000,-0.4797778984
0.0000000000,-0.3781715581
0.0000000000,-0.3697025540
0.0000000000,-0.4610581610
0.0000000000,-0.4991916279
0.0000000000,-0.0744861173
0.0000000000,-0.2356911928
0.0000000000,-0.4128516179
0.0000000000,0.2541151527
0.0000000000,0.0953130603
0.0000000000,-0.1550164552
0.0000000000,0.4688214806
0.0000000000,0.3835978007
0.0000000000,0.1672112627
0.0000000000,0.4734010416
0.0000000000,0.4999532056
0.0000000000,0.4199808031
0.0000000000,0.2658012669
0.0000000000,0.3922285394
0.0000000000,0.4982937861
0.0000000000,-0.0609311908
0.0000000000,0.1087062227
0.0000000000,0.3696196454
0.0000000000,-0.3603541615
0.0000000000,-0.2235384502
0.0000000000,0.0874085564
0.0000000000,-0.4982656443
0.0000000000,-0.4555927227
0.0000000000,-0.2311113251
0.0000000000,-0.4128534246
0.0000000000,-0.4834493853
0.0000000000,-0.4536294707
0.0000000000,-0.1423994377
0.0000000000,-0.2946230236
0.0000000000,-0.4877136803
0.0000000000,0.1918782747
0.0000000000,0.0262539926
0.0000000000,-0.3192056548
0.0000000000,0.4401557435
0.0000000000,0.3353639146
0.0000000000,-0.0181022363
0.0000000000,0.4911544888
0.0000000000,0.4941630295
0.0000000000,0.2905207016
0.0000000000,0.3220167663
0.0000000000,0.4314772424
0.0000000000,0.4784637393
0.0000000000,0.0085504565
0.0000000000,0.1754024541
0.0000000000,0.4676568909
0.0000000000,-0.3087481857
0.0000000000,-0.1592880806
0.0000000000,0.2625892321
0.0000000000,-0.4876652462
0.0000000000,-0.4225853648
0.0000000000,-0.0515558253
0.0000000000,-0.4480097247
0.0000000000,-0.4964790059
0.0000000000,-0.3442850186
0.0000000000,-0.2075553088
0.0000000000,-0.3478497195
0.0000000000,-0.4940010583
0.0000000000,0.1259258300
0.0000000000,-0.0433134622
0.0000000000,-0.4385131380
0.0000000000,0.4029667488
0.0000000000,0.2806359793
0.0000000000,-0.2008704815
0.0000000000,0.4993971291
0.0000000000,0.4788037887
0.0000000000,0.1202121142
0.0000000000,0.3719966730
0.0000000000,0.4623707399
0.0000000000,0.3913595904
0.0000000000,0.0778665311
0.0000000000,0.2387021597
0.0000000000,0.4999395246
0.0000000000,-0.0919532270
0.0000000000,-0.4089785113
0.0000000000,-0.3262241396
0.0000000000,-0.1934519219
0.0000000000,-0.1749369109
0.0000000000,-0.4864996965
0.0000000000,-0.4271881978
0.0000000000,0.1202970591
0.0000000000,-0.4616577489
0.0000000000,-0.4983755272
0.0000000000,0.3734515042
0.0000000000,-0.2611508811
0.0000000000,-0.3799264920
0.0000000000,0.4959738127
0.0000000000,0.0387262427
0.0000000000,-0.1169120139
0.0000000000,0.4450060746
0.0000000000,0.3238676833
0.0000000000,0.1905885356
0.0000000000,0.2383766410
0.0000000000,0.4857745613
0.0000000000,0.4255684353
0.0000000000,-0.0516361759
0.0000000000,0.4628398554
0.0000000000,0.4986157229
0.0000000000,-0.3235868243
0.0000000000,0.2637904271
0.0000000000,0.3819352491
0.0000000000,-0.4823478410
0.0000000000,-0.0356336281
0.0000000000,0.1199249824
0.0000000000,-0.4723851323
0.0000000000,-0.3214987678
0.0000000000,-0.1877178173
0.0000000000,-0.2971836216
0.0000000000,-0.4850307385
0.0000000000,-0.4239323014
0.0000000000,-0.0180282346
0.0000000000,-0.4640041565
0.0000000000,-0.4988367369
0.0000000000,0.2674333709
0.0000000000,-0.2664198251
0.0000000000,-0.3839293133
0.0000000000,0.4593476423
0.0000000000,0.0325396428
0.0000000000,-0.1229333374
0.0000000000,0.4905835838
0.0000000000,0.3191174844
0.0000000000,0.1848398776
0.0000000000,0.3502149636
0.0000000000,0.4842682567
0.0000000000,0.4222798589
0.0000000000,0.0873422740
0.0000000000,0.4651506075
0.0000000000,0.4990385608
0.0000000000,-0.2060824625
0.0000000000,0.2690389740
0.0000000000,0.3859086078
0.0000000000,-0.4274202156
0.0000000000,-0.0294444057
0.0000000000,0.1259369632
0.0000000000,-0.4992477501
0.0000000000,-0.3167239245
0.0000000000,-0.1819548271
0.0000000000,-0.3964400253
0.0000000000,-0.4834871452
0.0000000000,-0.4206111714
0.0000000000,-0.1549588531
0.0000000000,-0.4662791643
0.0000000000,-0.4992211868
0.0000000000,0.1407264283
0.0000000000,-0.2716477731
0.0000000000,-0.3878730565
0.0000000000,0.3871860570
0.0000000000,0.0263480358
0.0000000000,-0.1289357442
0.0000000000,0.4982092467
0.0000000000,0.3143181804
0.0000000000,0.1790627769
0.0000000000,0.4349604422
0.0000000000,0.4826874340
0.0000000000,0.4189263030
0.0000000000,0.2195638721
0.0000000000,0.4673897834
0.0000000000,0.4993846079
0.0000000000,-0.0726354352
0.0000000000,0.2742461219
0.0000000000,0.3898225838
0.0000000000,-0.3394271005
0.0000000000,-0.0232506524
0.0000000000,0.1319295651
0.0000000000,-0.4874882564
0.0000000000,-0.3119003445
0.0000000000,-0.1761638382
0.0000000000,-0.4650275860
0.0000000000,-0.4818691540
0.0000000000,-0.4172253187
0.0000000000,-0.2799017597
0.0000000000,-0.4684824221
0.0000000000,-0.4995288178
0.0000000000,0.0031328030
0.0000000000,-0.2768339205
0.0000000000,-0.3917571148
0.0000000000,0.2850715213
0.0000000000,0.0201523745
0.0000000000,-0.1349183107
0.0000000000,0.4672931372
0.0000000000,0.3094705099
0.0000000000,0.1732581225
0.0000000000,0.4860571146
0.0000000000,0.4810323366
0.0000000000,0.4155082838
0.0000000000,0.3347998746
0.0000000000,0.4695570384
0.0000000000,0.4996538109
0.0000000000,0.0664307139
0.0000000000,0.2794110693
0.0000000000,0.3936765749
0.0000000000,-0.2251756972
0.0000000000,-0.0170533213
0.0000000000,0.1379018660
0.0000000000,-0.4380163727
0.0000000000,-0.3070287701
0.0000000000,-0.1703457416
0.0000000000,-0.4976403279
0.0000000000,-0.4801770139
0.0000000000,-0.4137752644
0.0000000000,-0.3831912949
0.0000000000,-0.4706135909
0.0000000000,-0.4997595824
0.0000000000,-0.1347031778
0.0000000000,-0.2819774693
0.0000000000,-0.3955808903
0.0000000000,0.1609036782
0.0000000000,0.0139536121
0.0000000000,-0.1408801163
0.0000000000,0.4002269445
0.0000000000,0.3045752189
0.0000000000,0.1674268075
0.0000000000,0.4995521111
0.0000000000,0.4793032190
0.0000000000,0.4120263271
0.0000000000,0.4241355538
0.0000000000,0.4716520391
0.0000000000,0.4998461283
0.0000000000,0.2003577422
0.0000000000,0.2845330217
0.0000000000,0.3974699879
0.0000000000,-0.0935045641
0.0000000000,-0.0108533662
0.0000000000,0.1438529469
0.0000000000,-0.3546592742
0.0000000000,-0.3021099507
0.0000000000,-0.1645014325
0.0000000000,-0.4917553094
0.0000000000,-0.4784109854
0.0000000000,-0.4102615393
0.0000000000,-0.4568369169
0.0000000000,-0.4726723429
0.0000000000,-0.4999134452
0.0000000000,-0.2621184383
0.0000000000,-0.2870776282
0.0000000000,-0.3993437949
0.0000000000,0.0242882281
0.0000000000,0.0077527026
0.0000000000,-0.1468202435
0.0000000000,0.3021989503
0.0000000000,0.2996330605
0.0000000000,0.1615697293
0.0000000000,0.4744014504
0.0000000000,0.4775003474
0.0000000000,0.4084809688
0.0000000000,0.4806598469
0.0000000000,0.4736744631
0.0000000000,0.4999615306
0.0000000000,0.3187849730
0.0000000000,0.2896111908
0.0000000000,0.4012022392
0.0000000000,0.0454001394
0.0000000000,-0.0046517409
0.0000000000,0.1497818920
0.0000000000,-0.2438655171
0.0000000000,-0.2971446434
0.0000000000,-0.1586318104
0.0000000000,-0.4478277990
0.0000000000,-0.4765713401
0.0000000000,-0.4066846841
0.0000000000,-0.4951413553
0.0000000000,-0.4746583611
0.0000000000,-0.4999903826
0.0000000000,-0.3692560559
0.0000000000,-0.2921336122
0.0000000000,-0.4030452493
0.0000000000,-0.1142061743
0.0000000000,0.0015506002
0.0000000000,-0.1527377784
0.0000000000,0.1807926603
0.0000000000,0.2946447953
0.0000000000,0.1556877891
0.0000000000,0.4125508030
0.0000000000,0.4756239992
0.0000000000,0.4048727544
0.0000000000,0.5000000000
0.0000000000,0.4756239992
0.0000000000,0.5000000000
0.0000000000,0.4125508030
0.0000000000,0.2946447953
0.0000000000,0.4048727544
0.0000000000,0.1807926603
0.0000000000,0.0015506002
0.0000000000,0.1556877891
0.0000000000,-0.1142061743
0.0000000000,-0.2921336122
0.0000000000,-0.1527377784
0.0000000000,-0.3692560559
0.0000000000,-0.4746583611
0.0000000000,-0.4030452493
0.0000000000,-0.4951413553
0.0000000000,-0.4765713401
0.0000000000,-0.4999903826
0.0000000000,-0.4478277990
0.0000000000,-0.2971446434
0.0000000000,-0.4066846841
0.0000000000,-0.2438655171
0.0000000000,-0.0046517409
0.0000000000,-0.1586318104
0.0000000000,0.0454001394
0.0000000000,0.2896111908
0.0000000000,0.1497818920
0.0000000000,0.3187849730
0.0000000000,0.4736744631
0.0000000000,0.4012022392
0.0000000000,0.4806598469
0.0000000000,0.4775003474
0.0000000000,0.4999615306
0.0000000000,0.4744014504
0.0000000000,0.2996330605
0.0000000000,0.4084809688
0.0000000000,0.3021989503
0.0000000000,0.0077527026
0.0000000000,0.1615697293
0.0000000000,0.0242882281
0.0000000000,-0.2870776282
0.0000000000,-0.1468202435
0.0000000000,-0.2621184383
0.0000000000,-0.4726723429
0.0000000000,-0.3993437949
0.0000000000,-0.4568369169
0.0000000000,-0.4784109854
0.0000000000,-0.4999134452
0.0000000000,-0.4917553094
0.0000000000,-0.3021099507
0.0000000000,-0.4102615393
0.0000000000,-0.3546592742
0.0000000000,-0.0108533662
0.0000000000,-0.1645014325
0.0000000000,-0.0935045641
0.0000000000,0.2845330217
0.0000000000,0.1438529469
0.0000000000,0.2003577422
0.0000000000,0.4716520391
0.0000000000,0.3974699879
0.0000000000,0.4241355538
0.0000000000,0.4793032190
0.0000000000,0.4998461283
0.0000000000,0.4995521111
0.0000000000,0.3045752189
0.0000000000,0.4120263271
0.0000000000,0.4002269445
0.0000000000,0.0139536121
0.0000000000,0.1674268075
0.0000000000,0.1609036782
0.0000000000,-0.2819774693
0.0000000000,-0.1408801163
0.0000000000,-0.1347031778
0.0000000000,-0.4706135909
0.0000000000,-0.3955808903
0.0000000000,-0.3831912949
0.0000000000,-0.4801770139
0.0000000000,-0.4997595824
0.0000000000,-0.4976403279
0.0000000000,-0.3070287701
0.0000000000,-0.4137752644
0.0000000000,-0.4380163727
0.0000000000,-0.0170533213
0.0000000000,-0.1703457416
0.0000000000,-0.2251756972
0.0000000000,0.2794110693
0.0000000000,0.1379018660
0.0000000000,0.0664307139
0.0000000000,0.4695570384
0.0000000000,0.3936765749
0.0000000000,0.3347998746
0.0000000000,0.4810323366
0.0000000000,0.4996538109
0.0000000000,0.4860571146
0.0000000000,0.3094705099
0.0000000000,0.4155082838
0.0000000000,0.4672931372
0.0000000000,0.0201523745
0.0000000000,0.1732581225
0.0000000000,0.2850715213
0.0000000000,-0.2768339205
0.0000000000,-0.1349183107
0.0000000000,0.0031328030
0.0000000000,-0.4684824221
0.0000000000,-0.3917571148
0.0000000000,-0.2799017597
0.0000000000,-0.4818691540
0.0000000000,-0.4995288178
0.0000000000,-0.4650275860
0.0000000000,-0.3119003445
0.0000000000,-0.4172253187
0.0000000000,-0.4874882564
0.0000000000,-0.0232506524
0.0000000000,-0.1761638382
0.0000000000,-0.3394271005
0.0000000000,0.2742461218
0.0000000000,0.1319295651
0.0000000000,-0.0726354352
0.0000000000,0.4673897834
0.0000000000,0.3898225838
0.0000000000,0.2195638721
0.0000000000,0.4826874340
0.0000000000,0.4993846079
0.0000000000,0.4349604422
0.0000000000,0.3143181804
0.0000000000,0.4189263030
0.0000000000,0.4982092467
0.0000000000,0.0263480358
0.0000000000,0.1790627769
0.0000000000,0.3871860570
0.0000000000,-0.2716477730
0.0000000000,-0.1289357442
0.0000000000,0.1407264283
0.0000000000,-0.4662791643
0.0000000000,-0.3878730565
0.0000000000,-0.1549588531
0.0000000000,-0.4834871452
0.0000000000,-0.4992211868
0.0000000000,-0.3964400253
0.0000000000,-0.3167239245
0.0000000000,-0.4206111714
0.0000000000,-0.4992477501
0.0000000000,-0.0294444057
0.0000000000,-0.1819548271
0.0000000000,-0.4274202156
0.0000000000,0.2690389740
0.0000000000,0.1259369632
0.0000000000,-0.2060824625
0.0000000000,0.4651506075
0.0000000000,0.3859086078
0.0000000000,0.0873422740
0.0000000000,0.4842682567
0.0000000000,0.4990385608
0.0000000000,0.3502149636
0.0000000000,0.3191174844
0.0000000000,0.4222798589
0.0000000000,0.4905835838
0.0000000000,0.0325396428
0.0000000000,0.1848398776
0.0000000000,0.4593476423
0.0000000000,-0.2664198251
0.0000000000,-0.1229333374
0.0000000000,0.2674333709
0.0000000000,-0.4640041565
0.0000000000,-0.3839293133
0.0000000000,-0.0180282346
0.0000000000,-0.4850307385
0.0000000000,-0.4988367369
0.0000000000,-0.2971836216
0.0000000000,-0.3214987678
0.0000000000,-0.4239323014
0.0000000000,-0.4723851323
0.0000000000,-0.0356336281
0.0000000000,-0.1877178173
0.0000000000,-0.4823478410
0.0000000000,0.2637904271
0.0000000000,0.1199249824
0.0000000000,-0.3235868243
0.0000000000,0.4628398554
0.0000000000,0.3819352491
0.0000000000,-0.0516361759
0.0000000000,0.4857745613
0.0000000000,0.4986157229
0.0000000000,0.2383766410
0.0000000000,0.3238676833
0.0000000000,0.4255684353
0.0000000000,0.4450060746
0.0000000000,0.0387262427
0.0000000000,0.1905885356
0.0000000000,0.4959738127
0.0000000000,-0.2611508811
0.0000000000,-0.1169120139
0.0000000000,0.3734515042
0.0000000000,-0.4616577489
0.0000000000,-0.3799264920
0.0000000000,0.1202970591
0.0000000000,-0.4864996965
0.0000000000,-0.4983755272
0.0000000000,-0.1749369109
0.0000000000,-0.3262241396
0.0000000000,-0.4271881978
0.0000000000,-0.4089785113
0.0000000000,-0.1934519219
0.0000000000,0.1828404388
0.0000000000,0.4791143841
0.0000000000,0.4194096141
0.0000000000,-0.0848138458
0.0000000000,0.4803597827
0.0000000000,0.4999951159
0.0000000000,-0.3279098751
0.0000000000,0.3290595581
0.0000000000,0.4217994930
0.0000000000,-0.4760580295
0.0000000000,0.0732614193
0.0000000000,0.2096549659
0.0000000000,-0.4863613014
0.0000000000,-0.2058020078
0.0000000000,-0.0690687141
0.0000000000,-0.3558363290
0.0000000000,-0.4195098481
0.0000000000,-0.3258585636
0.0000000000,-0.1222772432
0.0000000000,-0.4999958960
0.0000000000,-0.4791670239
0.0000000000,0.1466878039
0.0000000000,-0.4217005715
0.0000000000,-0.4803086399
0.0000000000,0.3731786949
0.0000000000,-0.2094877569
0.0000000000,-0.3289208739
0.0000000000,0.4916139074
0.0000000000,0.0692511109
0.0000000000,-0.0730792350
0.0000000000,0.4676999584
0.0000000000,0.3259982253
0.0000000000,0.2059698369
0.0000000000,0.3083612464
0.0000000000,0.4792195987
0.0000000000,0.4196100251
0.0000000000,0.0597350585
0.0000000000,0.4802574319
0.0000000000,0.4999966083
0.0000000000,-0.2061877016
0.0000000000,0.3287821450
0.0000000000,0.4216015928
0.0000000000,-0.4124078252
0.0000000000,0.0728970407
0.0000000000,0.2093205194
0.0000000000,-0.4992132878
0.0000000000,-0.2061376380
0.0000000000,-0.0694334983
0.0000000000,-0.4414691519
0.0000000000,-0.4197101452
0.0000000000,-0.3261378427
0.0000000000,-0.2558955086
0.0000000000,-0.4999972527
0.0000000000,-0.4792721085
0.0000000000,0.0037739049
0.0000000000,-0.4215025569
0.0000000000,-0.4802061588
0.0000000000,0.2623505661
0.0000000000,-0.2091532536
0.0000000000,-0.3286433715
0.0000000000,0.4449623643
0.0000000000,0.0696158762
0.0000000000,-0.0727148365
0.0000000000,0.4987331788
0.0000000000,0.3262774158
0.0000000000,0.2063054111
0.0000000000,0.4080934126
0.0000000000,0.4793245533
0.0000000000,0.4198102084
0.0000000000,0.1992882443
0.0000000000,0.4801548205
0.0000000000,0.4999978293
0.0000000000,-0.0672217897
0.0000000000,0.3285045534
0.0000000000,0.4214034639
0.0000000000,-0.3142674325
0.0000000000,0.0725326224
0.0000000000,0.2089859594
0.0000000000,-0.4703154351
0.0000000000,-0.2064731563
0.0000000000,-0.0697982448
0.0000000000,-0.4901813508
0.0000000000,-0.4199102146
0.0000000000,-0.3264169447
0.0000000000,-0.3681129086
0.0000000000,-0.4999983380
0.0000000000,-0.4793769330
0.0000000000,-0.1394556106
0.0000000000,-0.4213043136
0.0000000000,-0.4801034171
0.0000000000,0.1295817273
0.0000000000,-0.2088186368
0.0000000000,-0.3283656908
0.0000000000,0.3610980555
0.0000000000,0.0699806038
0.0000000000,-0.0723503986
0.0000000000,0.4880567122
0.0000000000,0.3265564294
0.0000000000,0.2066408734
0.0000000000,0.4736962103
0.0000000000,0.4794292477
0.0000000000,0.4200101638
0.0000000000,0.3221747019
0.0000000000,0.4800519485
0.0000000000,0.4999987790
0.0000000000,0.0773659655
0.0000000000,0.3282267836
0.0000000000,0.4212051062
0.0000000000,-0.1898444567
0.0000000000,0.0721681649
0.0000000000,0.2086512859
0.0000000000,-0.4020845073
0.0000000000,-0.2068085625
0.0000000000,-0.0701629534
0.0000000000,-0.4978990629
0.0000000000,-0.4201100561
0.0000000000,-0.3266958697
0.0000000000,-0.4495445602
0.0000000000,-0.4999991521
0.0000000000,-0.4794814973
0.0000000000,-0.2710222769
0.0000000000,-0.4211058416
0.0000000000,-0.4800004148
0.0000000000,-0.0140241953
0.0000000000,-0.2084839066
0.0000000000,-0.3280878319
0.0000000000,0.2470346592
0.0000000000,0.0703452934
0.0000000000,-0.0719859214
0.0000000000,0.4365634450
0.0000000000,0.3268352657
0.0000000000,0.2069762236
0.0000000000,0.4996831943
0.0000000000,0.4795336819
0.0000000000,0.4202098913
0.0000000000,0.4181172815
0.0000000000,0.4799488160
0.0000000000,0.4999994573
0.0000000000,0.2154835072
0.0000000000,0.3279488357
0.0000000000,0.4210065199
0.0000000000,-0.0495445487
0.0000000000,0.0718036681
0.0000000000,0.2083164991
0.0000000000,-0.3002267432
0.0000000000,-0.2071438565
0.0000000000,-0.0705276239
0.0000000000,-0.4639768463
0.0000000000,-0.4203096696
0.0000000000,-0.3269746173
0.0000000000,-0.4933802312
0.0000000000,-0.4999996947
0.0000000000,-0.4795858015
0.0000000000,-0.3799230072
0.0000000000,-0.4209071411
0.0000000000,-0.4798971521
0.0000000000,-0.1564572567
0.0000000000,-0.2081490634
0.0000000000,-0.3278097949
0.0000000000,0.1123114418
0.0000000000,0.0707099448
0.0000000000,-0.0716214051
0.0000000000,0.3485598244
0.0000000000,0.3271139246
0.0000000000,0.2073114614
0.0000000000,0.4838810404
0.0000000000,0.4796378559
0.0000000000,0.4204093908
0.0000000000,0.4790921836
0.0000000000,0.4798454230
0.0000000000,0.4999998643
0.0000000000,0.3355798904
0.0000000000,0.3276707097
0.0000000000,0.4208077052
0.0000000000,0.0948988326
0.0000000000,0.0714391324
0.0000000000,0.2079815994
0.0000000000,-0.1732606366
0.0000000000,-0.2074790381
0.0000000000,-0.0708922562
0.0000000000,-0.3912516587
0.0000000000,-0.4205090550
0.0000000000,-0.3272531875
0.0000000000,-0.4959538891
0.0000000000,-0.4999999661
0.0000000000,-0.4796898453
0.0000000000,-0.4570502955
0.0000000000,-0.4207082122
0.0000000000,-0.4797936289
0.0000000000,-0.2858055997
0.0000000000,-0.2078141071
0.0000000000,-0.3275315801
0.0000000000,-0.0318045237
0.0000000000,0.0710745579
0.0000000000,-0.0712568500
0.0000000000,0.2314057045
0.0000000000,0.3273924060
0.0000000000,0.2076465867
0.0000000000,0.4276113026
0.0000000000,0.4797417696
0.0000000000,0.4206086622
0.0000000000,0.5000000000
0.0000000000,0.4797417696
0.0000000000,0.5000000000
0.0000000000,0.4276113026
0.0000000000,0.3273924060
0.0000000000,0.4206086622
0.0000000000,0.2314057045
0.0000000000,0.0710745579
0.0000000000,0.2076465867
0.0000000000,-0.0318045237
0.0000000000,-0.2078141071
0.0000000000,-0.0712568500
0.0000000000,-0.2858055997
0.0000000000,-0.4207082122
0.0000000000,-0.3275315801
0.0000000000,-0.4570502955
0.0000000000,-0.4999999661
0.0000000000,-0.4797936289
0.0000000000,-0.4959538891
0.0000000000,-0.4205090550
0.0000000000,-0.4796898453
0.0000000000,-0.3912516587
0.0000000000,-0.2074790381
0.0000000000,-0.3272531875
0.0000000000,-0.1732606366
0.0000000000,0.0714391324
0.0000000000,-0.0708922562
0.0000000000,0.0948988326
0.0000000000,0.3276707097
0.0000000000,0.2079815994
0.0000000000,0.3355798904
0.0000000000,0.4798454230
0.0000000000,0.4208077052
0.0000000000,0.4790921836
0.0000000000,0.4796378559
0.0000000000,0.4999998643
0.0000000000,0.4838810404
0.0000000000,0.3271139246
0.0000000000,0.4204093908
0.0000000000,0.3485598244
0.0000000000,0.0707099449
0.0000000000,0.2073114614
0.0000000000,0.1123114418
0.0000000000,-0.2081490634
0.0000000000,-0.0716214051
0.0000000000,-0.1564572567
0.0000000000,-0.4209071411
0.0000000000,-0.3278097949
0.0000000000,-0.3799230072
0.0000000000,-0.4999996947
0.0000000000,-0.4798971521
0.0000000000,-0.4933802312
0.0000000000,-0.4203096696
0.0000000000,-0.4795858015
0.0000000000,-0.4639768463
0.0000000000,-0.2071438565
0.0000000000,-0.3269746173
0.0000000000,-0.3002267432
0.0000000000,0.0718036681
0.0000000000,-0.0705276239
0.0000000000,-0.0495445487
0.0000000000,0.3279488357
0.0000000000,0.2083164991
0.0000000000,0.2154835072
0.0000000000,0.4799488160
0.0000000000,0.4210065199
0.0000000000,0.4181172815
0.0000000000,0.4795336819
0.0000000000,0.4999994573
0.0000000000,0.4996831943
0.0000000000,0.3268352657
0.0000000000,0.4202098913
0.0000000000,0.4365634450
0.0000000000,0.0703452934
0.0000000000,0.2069762236
0.0000000000,0.2470346592
0.0000000000,-0.2084839066
0.0000000000,-0.0719859214
0.0000000000,-0.0140241953
0.0000000000,-0.4211058416
0.0000000000,-0.3280878319
0.0000000000,-0.2710222769
0.0000000000,-0.4999991521
0.0000000000,-0.4800004148
0.0000000000,-0.4495445602
0.0000000000,-0.4201100561
0.0000000000,-0.4794814973
0.0000000000,-0.4978990629
0.0000000000,-0.2068085625
0.0000000000,-0.3266958697
0.0000000000,-0.4020845073
0.0000000000,0.0721681649
0.0000000000,-0.0701629534
0.0000000000,-0.1898444567
0.0000000000,0.3282267836
0.0000000000,0.2086512859
0.0000000000,0.0773659655
0.0000000000,0.4800519485
0.0000000000,0.4212051062
0.0000000000,0.3221747019
0.0000000000,0.4794292477
0.0000000000,0.4999987790
0.0000000000,0.4736962103
0.0000000000,0.3265564294
0.0000000000,0.4200101638
0.0000000000,0.4880567122
0.0000000000,0.0699806038
0.0000000000,0.2066408734
0.0000000000,0.3610980555
0.0000000000,-0.2088186368
0.0000000000,-0.0723503986
0.0000000000,0.1295817273
0.0000000000,-0.4213043136
0.0000000000,-0.3283656908
0.0000000000,-0.1394556106
0.0000000000,-0.4999983380
0.0000000000,-0.4801034171
0.0000000000,-0.3681129086
0.0000000000,-0.4199102146
0.0000000000,-0.4793769330
0.0000000000,-0.4901813508
0.0000000000,-0.2064731563
0.0000000000,-0.3264169448
0.0000000000,-0.4703154351
0.0000000000,0.0725326224
0.0000000000,-0.0697982448
0.0000000000,-0.3142674326
0.0000000000,0.3285045534
0.0000000000,0.2089859594
0.0000000000,-0.0672217897
0.0000000000,0.4801548205
0.0000000000,0.4214034638
0.0000000000,0.1992882443
0.0000000000,0.4793245533
0.0000000000,0.4999978293
0.0000000000,0.4080934126
0.0000000000,0.3262774159
0.0000000000,0.4198102084
0.0000000000,0.4987331788
0.0000000000,0.0696158762
0.0000000000,0.2063054111
0.0000000000,0.4449623643
0.0000000000,-0.2091532536
0.0000000000,-0.0727148365
0.0000000000,0.2623505661
0.0000000000,-0.4215025569
0.0000000000,-0.3286433715
0.0000000000,0.0037739049
0.0000000000,-0.4999972527
0.0000000000,-0.4802061588
0.0000000000,-0.2558955086
0.0000000000,-0.4197101452
0.0000000000,-0.4792721085
0.0000000000,-0.4414691518
0.0000000000,-0.2061376380
0.0000000000,-0.3261378427
0.0000000000,-0.4992132878
0.0000000000,0.0728970407
0.0000000000,-0.0694334983
0.0000000000,-0.4124078252
0.0000000000,0.3287821450
0.0000000000,0.2093205194
0.0000000000,-0.2061877016
0.0000000000,0.4802574319
0.0000000000,0.4216015928
0.0000000000,0.0597350585
0.0000000000,0.4792195987
0.0000000000,0.4999966083
0.0000000000,0.3083612464
0.0000000000,0.3259982253
0.0000000000,0.4196100251
0.0000000000,0.4676999584
0.0000000000,0.0692511109
0.0000000000,0.2059698369
0.0000000000,0.4916139074
0.0000000000,-0.2094877569
0.0000000000,-0.0730792350
0.0000000000,0.3731786949
0.0000000000,-0.4217005715
0.0000000000,-0.3289208739
0.0000000000,0.1466878039
0.0000000000,-0.4999958960
0.0000000000,-0.4803086399
0.0000000000,-0.1222772432
0.0000000000,-0.4195098481
0.0000000000,-0.4791670239
0.0000000000,-0.3558363290
0.0000000000,-0.2058020078
0.0000000000,-0.3258585636
0.0000000000,-0.4863613014
0.0000000000,0.0732614193
0.0000000000,-0.0690687141
0.0000000000,-0.4760580295
0.0000000000,0.3290595581
0.0000000000,0.2096549659
0.0000000000,-0.3279098751
0.0000000000,0.4803597827
0.0000000000,0.4217994930
0.0000000000,-0.0848138458
0.0000000000,0.4791143841
0.0000000000,0.4999951159
0.0000000000,0.1828404388
0.0000000000,0.4194096141
0.0000000000,0.0670789984
0.0000000000,-0.4863451831
0.0000000000,-0.4998580761
0.0000000000,0.2925058413
0.0000000000,-0.3657141070
0.0000000000,-0.4406210727
0.0000000000,0.4490049456
0.0000000000,-0.1498005480
0.0000000000,-0.2665854629
0.0000000000,0.4996979729
0.0000000000,0.1051417711
0.0000000000,-0.0230941654
0.0000000000,0.4326393304
0.0000000000,0.3326906459
0.0000000000,0.2264140436
0.0000000000,0.2636310974
0.0000000000,0.4735609099
0.0000000000,0.4169327529
0.0000000000,0.0324993346
0.0000000000,0.4910504827
0.0000000000,0.4988245671
0.0000000000,-0.2062907561
0.0000000000,0.3806026630
0.0000000000,0.4507535433
0.0000000000,-0.3964693208
0.0000000000,0.1709933235
0.0000000000,0.2852440178
0.0000000000,-0.4932216017
0.0000000000,-0.0831663031
0.0000000000,0.0454175389
0.0000000000,-0.4737483416
0.0000000000,-0.3156579335
0.0000000000,-0.2062419423
0.0000000000,-0.3426383302
0.0000000000,-0.4659086247
0.0000000000,-0.4041675260
0.0000000000,-0.1307870755
0.0000000000,-0.4947723371
0.0000000000,-0.4967920436
0.0000000000,0.1118835888
0.0000000000,-0.3947289720
0.0000000000,-0.4599832730
0.0000000000,0.3281893685
0.0000000000,-0.1918436442
0.0000000000,-0.3033313038
0.0000000000,0.4671587404
0.0000000000,0.0610242748
0.0000000000,-0.0676499530
0.0000000000,0.4960441720
0.0000000000,0.2979930412
0.0000000000,0.1856567926
0.0000000000,0.4080389361
0.0000000000,0.4573232470
0.0000000000,0.3905928578
0.0000000000,0.2238810866
0.0000000000,0.4975032926
0.0000000000,0.4937645761
0.0000000000,-0.0130333744
0.0000000000,0.4080647425
0.0000000000,0.4682917770
0.0000000000,-0.2468765770
0.0000000000,0.2123097526
0.0000000000,0.3208110970
0.0000000000,-0.4225443801
0.0000000000,-0.0387600309
0.0000000000,0.0897468820
0.0000000000,-0.4986414243
0.0000000000,-0.2797313471
0.0000000000,-0.1646998211
0.0000000000,-0.4572357697
0.0000000000,-0.4478219710
0.0000000000,-0.3762359348
0.0000000000,-0.3080844800
0.0000000000,-0.4992378797
0.0000000000,-0.4897482278
0.0000000000,-0.0863344127
0.0000000000,-0.4205832666
0.0000000000,-0.4756624156
0.0000000000,0.1557599862
0.0000000000,-0.2323506603
0.0000000000,-0.3376483898
0.0000000000,0.3611502169
0.0000000000,0.0164181609
0.0000000000,-0.1116640716
0.0000000000,0.4814369581
0.0000000000,0.2609094246
0.0000000000,0.1434129991
0.0000000000,0.4882751587
0.0000000000,0.4374238252
0.0000000000,0.3611255100
0.0000000000,0.3800534263
0.0000000000,0.4999726244
0.0000000000,0.4847510426
0.0000000000,0.1822737447
0.0000000000,0.4322594728
0.0000000000,0.4820804274
0.0000000000,-0.0584579578
0.0000000000,0.2519262307
0.0000000000,0.3538094616
0.0000000000,-0.2854142950
0.0000000000,0.0059565904
0.0000000000,0.1333576273
0.0000000000,-0.4451139858
0.0000000000,-0.2415649691
0.0000000000,-0.1218389586
0.0000000000,-0.4999244875
0.0000000000,-0.4261496344
0.0000000000,-0.3452918456
0.0000000000,-0.4369299422
0.0000000000,-0.4997060554
0.0000000000,-0.4787830283
0.0000000000,-0.2709747423
0.0000000000,-0.4430699769
0.0000000000,-0.4875329587
0.0000000000,-0.0411655143
0.0000000000,-0.2709972591
0.0000000000,-0.3692619459
0.0000000000,0.1983441894
0.0000000000,-0.0283194122
0.0000000000,-0.1547841028
0.0000000000,0.3911149412
0.0000000000,0.2217367224
0.0000000000,0.1000209066
0.0000000000,0.4917211457
0.0000000000,0.4140219779
0.0000000000,0.3287666524
0.0000000000,0.4764553851
0.0000000000,0.4984387064
0.0000000000,0.4718561375
0.0000000000,0.3489149701
0.0000000000,0.4529931283
0.0000000000,0.4920090896
0.0000000000,0.1391542488
0.0000000000,0.2895255511
0.0000000000,0.3839748957
0.0000000000,-0.1033975705
0.0000000000,0.0506255177
0.0000000000,0.1759005864
0.0000000000,-0.3215841987
0.0000000000,-0.2014643953
0.0000000000,-0.0780025390
0.0000000000,-0.4639908988
0.0000000000,-0.4010651441
0.0000000000,-0.3115830260
0.0000000000,-0.4970601469
0.0000000000,-0.4961731156
0.0000000000,-0.4639842427
0.0000000000,-0.4129993174
0.0000000000,-0.4620090534
0.0000000000,-0.4954998555
0.0000000000,-0.2316169818
0.0000000000,-0.3074739995
0.0000000000,-0.3979188445
0.0000000000,0.0043448956
0.0000000000,-0.0728302335
0.0000000000,-0.1966647874
0.0000000000,0.2392829171
0.0000000000,0.1807885879
0.0000000000,0.0558279529
0.0000000000,0.4178349523
0.0000000000,0.3873050821
0.0000000000,0.2937753807
0.0000000000,0.4979259849
0.0000000000,0.4929138204
0.0000000000,0.4551831094
0.0000000000,0.4606829089
0.0000000000,0.4700996957
0.0000000000,0.4979982655
0.0000000000,0.3148818943
0.0000000000,0.3248066582
0.0000000000,0.4110658665
0.0000000000,0.0948803209
0.0000000000,0.0948890896
0.0000000000,0.2170351204
0.0000000000,-0.1474793906
0.0000000000,-0.1597507085
0.0000000000,-0.0335415580
0.0000000000,-0.3550862204
0.0000000000,-0.3727693499
0.0000000000,-0.2753793804
0.0000000000,-0.4790185154
0.0000000000,-0.4886673484
0.0000000000,-0.4454703640
0.0000000000,-0.4900721653
0.0000000000,-0.4772488519
0.0000000000,-0.4994993157
0.0000000000,-0.3856424253
0.0000000000,-0.3414888146
0.0000000000,-0.4233896315
0.0000000000,-0.1903377128
0.0000000000,-0.1167579077
0.0000000000,-0.2369707891
0.0000000000,0.0498192600
0.0000000000,0.1383928904
0.0000000000,0.0111879882
0.0000000000,0.2782365393
0.0000000000,0.3574870586
0.0000000000,0.2564318676
0.0000000000,0.4410885793
0.0000000000,0.4834422040
0.0000000000,0.4348654584
0.0000000000,0.5000000000
0.0000000000,0.4834422040
0.0000000000,0.5000000000
0.0000000000,0.4410885793
0.0000000000,0.3574870586
0.0000000000,0.4348654584
0.0000000000,0.2782365393
0.0000000000,0.1383928904
0.0000000000,0.2564318676
0.0000000000,0.0498192600
0.0000000000,-0.1167579077
0.0000000000,0.0111879882
0.0000000000,-0.1903377128
0.0000000000,-0.3414888146
0.0000000000,-0.2369707891
0.0000000000,-0.3856424253
0.0000000000,-0.4772488519
0.0000000000,-0.4233896315
0.0000000000,-0.4900721653
0.0000000000,-0.4886673484
0.0000000000,-0.4994993157
0.0000000000,-0.4790185154
0.0000000000,-0.3727693499
0.0000000000,-0.4454703640
0.0000000000,-0.3550862204
0.0000000000,-0.1597507085
0.0000000000,-0.2753793804
0.0000000000,-0.1474793906
0.0000000000,0.0948890896
0.0000000000,-0.0335415580
0.0000000000,0.0948803209
0.0000000000,0.3248066582
0.0000000000,0.2170351204
0.0000000000,0.3148818943
0.0000000000,0.4700996957
0.0000000000,0.4110658665
0.0000000000,0.4606829089
0.0000000000,0.4929138204
0.0000000000,0.4979982655
0.0000000000,0.4979259849
0.0000000000,0.3873050821
0.0000000000,0.4551831094
0.0000000000,0.4178349523
0.0000000000,0.1807885879
0.0000000000,0.2937753807
0.0000000000,0.2392829171
0.0000000000,-0.0728302335
0.0000000000,0.0558279529
0.0000000000,0.0043448956
0.0000000000,-0.3074739995
0.0000000000,-0.1966647874
0.0000000000,-0.2316169818
0.0000000000,-0.4620090534
0.0000000000,-0.3979188445
0.0000000000,-0.4129993174
0.0000000000,-0.4961731156
0.0000000000,-0.4954998555
0.0000000000,-0.4970601469
0.0000000000,-0.4010651441
0.0000000000,-0.4639842427
0.0000000000,-0.4639908988
0.0000000000,-0.2014643953
0.0000000000,-0.3115830260
0.0000000000,-0.3215841987
0.0000000000,0.0506255177
0.0000000000,-0.0780025391
0.0000000000,-0.1033975705
0.0000000000,0.2895255511
0.0000000000,0.1759005864
0.0000000000,0.1391542488
0.0000000000,0.4529931282
0.0000000000,0.3839748957
0.0000000000,0.3489149701
0.0000000000,0.4984387064
0.0000000000,0.4920090896
0.0000000000,0.4764553851
0.0000000000,0.4140219779
0.0000000000,0.4718561375
0.0000000000,0.4917211457
0.0000000000,0.2217367224
0.0000000000,0.3287666524
0.0000000000,0.3911149412
0.0000000000,-0.0283194122
0.0000000000,0.1000209066
0.0000000000,0.1983441894
0.0000000000,-0.2709972591
0.0000000000,-0.1547841028
0.0000000000,-0.0411655143
0.0000000000,-0.4430699769
0.0000000000,-0.3692619459
0.0000000000,-0.2709747423
0.0000000000,-0.4997060554
0.0000000000,-0.4875329587
0.0000000000,-0.4369299422
0.0000000000,-0.4261496344
0.0000000000,-0.4787830283
0.0000000000,-0.4999244875
0.0000000000,-0.2415649691
0.0000000000,-0.3452918456
0.0000000000,-0.4451139858
0.0000000000,0.0059565904
0.0000000000,-0.1218389586
0.0000000000,-0.2854142950
0.0000000000,0.2519262307
0.0000000000,0.1333576273
0.0000000000,-0.0584579578
0.0000000000,0.4322594728
0.0000000000,0.3538094616
0.0000000000,0.1822737447
0.0000000000,0.4999726244
0.0000000000,0.4820804274
0.0000000000,0.3800534263
0.0000000000,0.4374238252
0.0000000000,0.4847510426
0.0000000000,0.4882751587
0.0000000000,0.2609094246
0.0000000000,0.3611255100
0.0000000000,0.4814369581
0.0000000000,0.0164181609
0.0000000000,0.1434129991
0.0000000000,0.3611502169
0.0000000000,-0.2323506603
0.0000000000,-0.1116640716
0.0000000000,0.1557599862
0.0000000000,-0.4205832666
0.0000000000,-0.3376483898
0.0000000000,-0.0863344127
0.0000000000,-0.4992378797
0.0000000000,-0.4756624156
0.0000000000,-0.3080844800
0.0000000000,-0.4478219710
0.0000000000,-0.4897482278
0.0000000000,-0.4572357697
0.0000000000,-0.2797313471
0.0000000000,-0.3762359348
0.0000000000,-0.4986414243
0.0000000000,-0.0387600309
0.0000000000,-0.1646998211
0.0000000000,-0.4225443801
0.0000000000,0.2123097526
0.0000000000,0.0897468820
0.0000000000,-0.2468765770
0.0000000000,0.4080647425
0.0000000000,0.3208110970
0.0000000000,-0.0130333744
0.0000000000,0.4975032926
0.0000000000,0.4682917770
0.0000000000,0.2238810866
0.0000000000,0.4573232470
0.0000000000,0.4937645761
0.0000000000,0.4080389361
0.0000000000,0.2979930412
0.0000000000,0.3905928578
0.0000000000,0.4960441720
0.0000000000,0.0610242748
0.0000000000,0.1856567926
0.0000000000,0.4671587404
0.0000000000,-0.1918436442
0.0000000000,-0.0676499530
0.0000000000,0.3281893685
0.0000000000,-0.3947289720
0.0000000000,-0.3033313038
0.0000000000,0.1118835888
0.0000000000,-0.4947723371
0.0000000000,-0.4599832730
0.0000000000,-0.1307870755
0.0000000000,-0.4659086247
0.0000000000,-0.4967920436
0.0000000000,-0.3426383302
0.0000000000,-0.3156579335
0.0000000000,-0.4041675260
0.0000000000,-0.4737483416
0.0000000000,-0.0831663031
0.0000000000,-0.2062419423
0.0000000000,-0.4932216017
0.0000000000,0.1709933235
0.0000000000,0.0454175389
0.0000000000,-0.3964693208
0.0000000000,0.3806026630
0.0000000000,0.2852440178
0.0000000000,-0.2062907561
0.0000000000,0.4910504827
0.0000000000,0.4507535433
0.0000000000,0.0324993346
0.0000000000,0.4735609099
0.0000000000,0.4988245671
0.0000000000,0.2636310974
0.0000000000,0.3326906460
0.0000000000,0.4169327529
0.0000000000,0.4326393303
0.0000000000,0.1051417711
0.0000000000,0.2264140436
0.0000000000,0.4996979729
0.0000000000,-0.1498005480
0.0000000000,-0.0230941654
0.0000000000,0.4490049456
0.0000000000,-0.3657141069
0.0000000000,-0.2665854629
0.0000000000,0.2925058413
0.0000000000,-0.4863451831
0.0000000000,-0.4406210727
0.0000000000,0.0670789984
0.0000000000,-0.4998580761
0.0000000000,-0.2454239232
0.0000000000,0.3966055502
0.0000000000,0.4558394130
0.0000000000,-0.4069561812
0.0000000000,0.2190526681
0.0000000000,0.3162501741
0.0000000000,-0.4917282899
0.0000000000,-0.0045421710
0.0000000000,0.1101893551
0.0000000000,-0.4837505188
0.0000000000,-0.2271823063
0.0000000000,-0.1190318006
0.0000000000,-0.3845276365
0.0000000000,-0.4020717426
0.0000000000,-0.3232340552
0.0000000000,-0.2127750812
0.0000000000,-0.4924510466
0.0000000000,-0.4594968108
0.0000000000,-0.0008888512
0.0000000000,-0.4793236909
0.0000000000,-0.4991794486
0.0000000000,0.2111650340
0.0000000000,-0.3654488709
0.0000000000,-0.4339412061
0.0000000000,0.3833889320
0.0000000000,-0.1747615592
0.0000000000,-0.2774942940
0.0000000000,0.4832979396
0.0000000000,0.0526583076
0.0000000000,-0.0627217723
0.0000000000,0.4920472016
0.0000000000,0.2690100987
0.0000000000,0.1652340316
0.0000000000,0.4079864306
0.0000000000,0.4288195452
0.0000000000,0.3584598399
0.0000000000,0.2469711845
0.0000000000,0.4984968271
0.0000000000,0.4763421578
0.0000000000,0.0393721885
0.0000000000,0.4633967066
0.0000000000,0.4941036901
0.0000000000,-0.1756531969
0.0000000000,0.3308967621
0.0000000000,0.4080111989
0.0000000000,-0.3575468442
0.0000000000,0.1288467196
0.0000000000,0.2361601808
0.0000000000,-0.4719999404
0.0000000000,-0.1002851895
0.0000000000,0.0146714339
0.0000000000,-0.4974243218
0.0000000000,-0.3083384858
0.0000000000,-0.2099010533
0.0000000000,-0.4290244367
0.0000000000,-0.4515831336
0.0000000000,-0.3903551310
0.0000000000,-0.2797018840
0.0000000000,-0.4999110133
0.0000000000,-0.4887617524
0.0000000000,-0.0776219109
0.0000000000,-0.4431642475
0.0000000000,-0.4844371546
0.0000000000,0.1390991212
0.0000000000,-0.2932702516
0.0000000000,-0.3782903105
0.0000000000,0.3295832517
0.0000000000,-0.0817347496
0.0000000000,-0.1926318749
0.0000000000,0.4579013291
0.0000000000,0.1469803096
0.0000000000,0.0335152185
0.0000000000,0.4998499741
0.0000000000,0.3448020628
0.0000000000,0.2526178589
0.0000000000,0.4475168258
0.0000000000,0.4701510086
0.0000000000,0.4186235854
0.0000000000,0.3107729720
0.0000000000,0.4966804660
0.0000000000,0.4966402025
0.0000000000,0.1154110635
0.0000000000,0.4188142960
0.0000000000,0.4702696550
0.0000000000,-0.1017197008
0.0000000000,0.2529189317
0.0000000000,0.3450546811
0.0000000000,-0.2996640766
0.0000000000,0.0338633721
0.0000000000,0.1473138030
0.0000000000,-0.4410857596
0.0000000000,-0.1923098179
0.0000000000,-0.0813904771
0.0000000000,-0.4993097660
0.0000000000,-0.3780620421
0.0000000000,-0.2929875614
0.0000000000,-0.4633538732
0.0000000000,-0.4843506538
0.0000000000,-0.4430025575
0.0000000000,-0.3400000882
0.0000000000,-0.4888352005
0.0000000000,-0.4999043085
0.0000000000,-0.1525154245
0.0000000000,-0.3905730902
0.0000000000,-0.4517328232
0.0000000000,0.0637367264
0.0000000000,-0.2102177114
0.0000000000,-0.3086131070
0.0000000000,0.2679668444
0.0000000000,0.0143226341
0.0000000000,-0.1006270208
0.0000000000,0.4216530072
0.0000000000,0.2358525525
0.0000000000,0.1285095268
0.0000000000,0.4958069028
0.0000000000,0.4078094014
0.0000000000,0.3306350812
0.0000000000,0.4764416099
0.0000000000,0.4940501386
0.0000000000,0.4632655394
0.0000000000,0.3672098135
0.0000000000,0.4764481081
0.0000000000,0.4985237432
0.0000000000,0.1887148350
0.0000000000,0.3587030227
0.0000000000,0.4289988872
0.0000000000,-0.0253755701
0.0000000000,0.1655633331
0.0000000000,0.2693041713
0.0000000000,-0.2346796306
0.0000000000,-0.0623755670
0.0000000000,0.0530053007
0.0000000000,-0.3997183762
0.0000000000,-0.2772039525
0.0000000000,-0.1744345791
0.0000000000,-0.4893621688
0.0000000000,-0.4337677544
0.0000000000,-0.3652106305
0.0000000000,-0.4867023797
0.0000000000,-0.4991593439
0.0000000000,-0.4792242652
0.0000000000,-0.3922406989
0.0000000000,-0.4596342788
0.0000000000,-0.4925113336
0.0000000000,-0.2237945058
0.0000000000,-0.3235002021
0.0000000000,-0.4022790707
0.0000000000,-0.0131361522
0.0000000000,-0.1193706858
0.0000000000,-0.2274930980
0.0000000000,0.1999999449
0.0000000000,0.1098489609
0.0000000000,-0.0048911020
0.0000000000,0.3754120158
0.0000000000,0.3159798171
0.0000000000,0.2187389386
0.0000000000,0.4800138038
0.0000000000,0.4556959187
0.0000000000,0.3963929637
0.0000000000,0.4940753004
0.0000000000,0.4996307995
0.0000000000,0.4907304605
0.0000000000,0.4149442237
0.0000000000,0.4385499320
0.0000000000,0.4819229418
0.0000000000,0.2575462917
0.0000000000,0.2852917020
0.0000000000,0.3718216309
0.0000000000,0.0515699311
0.0000000000,0.0720689510
0.0000000000,0.1835683589
0.0000000000,-0.1641335592
0.0000000000,-0.1563017348
0.0000000000,-0.0432685405
0.0000000000,-0.3488781477
0.0000000000,-0.3518198751
0.0000000000,-0.2610109682
0.0000000000,-0.4678172762
0.0000000000,-0.4733901572
0.0000000000,-0.4238923621
0.0000000000,-0.4985166247
0.0000000000,-0.4954601250
0.0000000000,-0.4976772198
0.0000000000,-0.4351856764
0.0000000000,-0.4133909647
0.0000000000,-0.4668569457
0.0000000000,-0.2897699263
0.0000000000,-0.2444325223
0.0000000000,-0.3379095513
0.0000000000,-0.0896977198
0.0000000000,-0.0240976150
0.0000000000,-0.1379380639
0.0000000000,0.1272932870
0.0000000000,0.2013022905
0.0000000000,0.0910261698
0.0000000000,0.3202742107
0.0000000000,0.3843911321
0.0000000000,0.3008579133
0.0000000000,0.4528449543
0.0000000000,0.4866860706
0.0000000000,0.4474533253
0.0000000000,0.5000000000
0.0000000000,0.4866860706
0.0000000000,0.5000000000
0.0000000000,0.4528449543
0.0000000000,0.3843911321
0.0000000000,0.4474533253
0.0000000000,0.3202742107
0.0000000000,0.2013022905
0.0000000000,0.3008579133
0.0000000000,0.1272932870
0.0000000000,-0.0240976150
0.0000000000,0.0910261698
0.0000000000,-0.0896977198
0.0000000000,-0.2444325223
0.0000000000,-0.1379380639
0.0000000000,-0.2897699263
0.0000000000,-0.4133909647
0.0000000000,-0.3379095513
0.0000000000,-0.4351856764
0.0000000000,-0.4954601250
0.0000000000,-0.4668569457
0.0000000000,-0.4985166247
0.0000000000,-0.4733901572
0.0000000000,-0.4976772198
0.0000000000,-0.4678172762
0.0000000000,-0.3518198751
0.0000000000,-0.4238923621
0.0000000000,-0.3488781477
0.0000000000,-0.1563017349
0.0000000000,-0.2610109682
0.0000000000,-0.1641335593
0.0000000000,0.0720689510
0.0000000000,-0.0432685405
0.0000000000,0.0515699311
0.0000000000,0.2852917020
0.0000000000,0.1835683589
0.0000000000,0.2575462917
0.0000000000,0.4385499320
0.0000000000,0.3718216309
0.0000000000,0.4149442237
0.0000000000,0.4996307995
0.0000000000,0.4819229418
0.0000000000,0.4940753004
0.0000000000,0.4556959187
0.0000000000,0.4907304605
0.0000000000,0.4800138038
0.0000000000,0.3159798171
0.0000000000,0.3963929637
0.0000000000,0.3754120158
0.0000000000,0.1098489609
0.0000000000,0.2187389386
0.0000000000,0.1999999449
0.0000000000,-0.1193706858
0.0000000000,-0.0048911020
0.0000000000,-0.0131361522
0.0000000000,-0.3235002021
0.0000000000,-0.2274930980
0.0000000000,-0.2237945058
0.0000000000,-0.4596342788
0.0000000000,-0.4022790707
0.0000000000,-0.3922406989
0.0000000000,-0.4991593439
0.0000000000,-0.4925113336
0.0000000000,-0.4867023797
0.0000000000,-0.4337677544
0.0000000000,-0.4792242652
0.0000000000,-0.4893621688
0.0000000000,-0.2772039525
0.0000000000,-0.3652106305
0.0000000000,-0.3997183762
0.0000000000,-0.0623755670
0.0000000000,-0.1744345791
0.0000000000,-0.2346796306
0.0000000000,0.1655633331
0.0000000000,0.0530053007
0.0000000000,-0.0253755701
0.0000000000,0.3587030227
0.0000000000,0.2693041713
0.0000000000,0.1887148350
0.0000000000,0.4764481081
0.0000000000,0.4289988872
0.0000000000,0.3672098135
0.0000000000,0.4940501386
0.0000000000,0.4985237432
0.0000000000,0.4764416099
0.0000000000,0.4078094014
0.0000000000,0.4632655394
0.0000000000,0.4958069028
0.0000000000,0.2358525525
0.0000000000,0.3306350812
0.0000000000,0.4216530072
0.0000000000,0.0143226341
0.0000000000,0.1285095268
0.0000000000,0.2679668444
0.0000000000,-0.2102177114
0.0000000000,-0.1006270208
0.0000000000,0.0637367264
0.0000000000,-0.3905730902
0.0000000000,-0.3086131070
0.0000000000,-0.1525154245
0.0000000000,-0.4888352005
0.0000000000,-0.4517328232
0.0000000000,-0.3400000882
0.0000000000,-0.4843506538
0.0000000000,-0.4999043085
0.0000000000,-0.4633538732
0.0000000000,-0.3780620421
0.0000000000,-0.4430025575
0.0000000000,-0.4993097660
0.0000000000,-0.1923098179
0.0000000000,-0.2929875614
0.0000000000,-0.4410857596
0.0000000000,0.0338633721
0.0000000000,-0.0813904771
0.0000000000,-0.2996640766
0.0000000000,0.2529189317
0.0000000000,0.1473138030
0.0000000000,-0.1017197008
0.0000000000,0.4188142960
0.0000000000,0.3450546811
0.0000000000,0.1154110635
0.0000000000,0.4966804660
0.0000000000,0.4702696550
0.0000000000,0.3107729720
0.0000000000,0.4701510086
0.0000000000,0.4966402025
0.0000000000,0.4475168258
0.0000000000,0.3448020628
0.0000000000,0.4186235854
0.0000000000,0.4998499741
0.0000000000,0.1469803096
0.0000000000,0.2526178589
0.0000000000,0.4579013291
0.0000000000,-0.0817347495
0.0000000000,0.0335152186
0.0000000000,0.3295832517
0.0000000000,-0.2932702516
0.0000000000,-0.1926318749
0.0000000000,0.1390991212
0.0000000000,-0.4431642475
0.0000000000,-0.3782903105
0.0000000000,-0.0776219109
0.0000000000,-0.4999110133
0.0000000000,-0.4844371546
0.0000000000,-0.2797018840
0.0000000000,-0.4515831336
0.0000000000,-0.4887617524
0.0000000000,-0.4290244367
0.0000000000,-0.3083384858
0.0000000000,-0.3903551310
0.0000000000,-0.4974243218
0.0000000000,-0.1002851895
0.0000000000,-0.2099010533
0.0000000000,-0.4719999405
0.0000000000,0.1288467196
0.0000000000,0.0146714339
0.0000000000,-0.3575468442
0.0000000000,0.3308967621
0.0000000000,0.2361601808
0.0000000000,-0.1756531969
0.0000000000,0.4633967066
0.0000000000,0.4080111989
0.0000000000,0.0393721885
0.0000000000,0.4984968271
0.0000000000,0.4941036901
0.0000000000,0.2469711845
0.0000000000,0.4288195452
0.0000000000,0.4763421578
0.0000000000,0.4079864306
0.0000000000,0.2690100987
0.0000000000,0.3584598399
0.0000000000,0.4920472016
0.0000000000,0.0526583076
0.0000000000,0.1652340316
0.0000000000,0.4832979396
0.0000000000,-0.1747615592
0.0000000000,-0.0627217723
0.0000000000,0.3833889320
0.0000000000,-0.3654488709
0.0000000000,-0.2774942940
0.0000000000,0.2111650340
0.0000000000,-0.4793236909
0.0000000000,-0.4339412061
0.0000000000,-0.0008888512
0.0000000000,-0.4924510466
0.0000000000,-0.4991794486
0.0000000000,-0.2127750812
0.0000000000,-0.4020717426
0.0000000000,-0.4594968108
0.0000000000,-0.3845276365
0.0000000000,-0.2271823063
0.0000000000,-0.3232340552
0.0000000000,-0.4837505188
0.0000000000,-0.0045421711
0.0000000000,-0.1190318007
0.0000000000,-0.4917282899
0.0000000000,0.2190526681
0.0000000000,0.1101893551
0.0000000000,-0.4069561812
0.0000000000,0.3966055502
0.0000000000,0.3162501741
0.0000000000,-0.2454239232
0.0000000000,0.4558394130
0.0000000000,0.3271592575
0.0000000000,-0.3029982791
0.0000000000,-0.3778398877
0.0000000000,0.4458744692
0.0000000000,-0.1186916991
0.0000000000,-0.2153844994
0.0000000000,0.4983327489
0.0000000000,0.0854166482
0.0000000000,-0.0169957328
0.0000000000,0.4767387979
0.0000000000,0.2752746257
0.0000000000,0.1842284937
0.0000000000,0.3843014765
0.0000000000,0.4192075375
0.0000000000,0.3547172114
0.0000000000,0.2347569678
0.0000000000,0.4932025331
0.0000000000,0.4660271681
0.0000000000,0.0503275811
0.0000000000,0.4849147584
0.0000000000,0.4995881196
0.0000000000,-0.1415804826
0.0000000000,0.3957268931
0.0000000000,0.4498009702
0.0000000000,-0.3124496910
0.0000000000,0.2405184728
0.0000000000,0.3249718911
0.0000000000,-0.4368888852
0.0000000000,0.0451834819
0.0000000000,0.1459265709
0.0000000000,-0.4964064048
0.0000000000,-0.1576896334
0.0000000000,-0.0574642092
0.0000000000,-0.4821579483
0.0000000000,-0.3342548143
0.0000000000,-0.2512680266
0.0000000000,-0.3962608359
0.0000000000,-0.4550550504
0.0000000000,-0.4031518863
0.0000000000,-0.2514793758
0.0000000000,-0.4999367994
0.0000000000,-0.4877764523
0.0000000000,-0.0693280884
0.0000000000,-0.4614122761
0.0000000000,-0.4910235010
0.0000000000,0.1231253507
0.0000000000,-0.3459086666
0.0000000000,-0.4123513153
0.0000000000,0.2972823667
0.0000000000,-0.1726958578
0.0000000000,-0.2648850618
0.0000000000,0.4272632323
0.0000000000,0.0293284283
0.0000000000,-0.0732270712
0.0000000000,0.4937527951
0.0000000000,0.2264597462
0.0000000000,0.1306476577
0.0000000000,0.4868707081
0.0000000000,0.3858099620
0.0000000000,0.3127259633
0.0000000000,0.4076396492
0.0000000000,0.4807941003
0.0000000000,0.4426310604
0.0000000000,0.2678333513
0.0000000000,0.4955656124
0.0000000000,0.4986904098
0.0000000000,0.0882270259
0.0000000000,0.4276601132
0.0000000000,0.4715514266
0.0000000000,-0.1044898328
0.0000000000,0.2884065238
0.0000000000,0.3657418060
0.0000000000,-0.2816795057
0.0000000000,0.1010370264
0.0000000000,0.1989141513
0.0000000000,-0.4170116128
0.0000000000,-0.1031888451
0.0000000000,-0.0010990738
0.0000000000,-0.4903758075
0.0000000000,-0.2901993468
0.0000000000,-0.2009289364
0.0000000000,-0.4908701727
0.0000000000,-0.4287948373
0.0000000000,-0.3672370947
0.0000000000,-0.4184212456
0.0000000000,-0.4958529275
0.0000000000,-0.4722777545
0.0000000000,-0.2837949347
0.0000000000,-0.4801860725
0.0000000000,-0.4985266009
0.0000000000,-0.1069967054
0.0000000000,-0.3844080308
0.0000000000,-0.4416044436
0.0000000000,0.0857012309
0.0000000000,-0.2244978009
0.0000000000,-0.3110078127
0.0000000000,0.2656639670
0.0000000000,-0.0271337874
0.0000000000,-0.1285246188
0.0000000000,0.4061490460
0.0000000000,0.1747570545
0.0000000000,0.0754008042
0.0000000000,0.4862803896
0.0000000000,0.3474925421
0.0000000000,0.2667468372
0.0000000000,0.4941504826
0.0000000000,0.4622545866
0.0000000000,0.4135905263
0.0000000000,0.4285898295
0.0000000000,0.4998970193
0.0000000000,0.4914334055
0.0000000000,0.2993407412
0.0000000000,0.4541398163
0.0000000000,0.4872886645
0.0000000000,0.1256096283
0.0000000000,0.3326168181
0.0000000000,0.4018477855
0.0000000000,-0.0667870715
0.0000000000,0.1556021479
0.0000000000,0.2493651807
0.0000000000,-0.2492592146
0.0000000000,-0.0473721939
0.0000000000,0.0552800770
0.0000000000,-0.3946914462
0.0000000000,-0.2424432605
0.0000000000,-0.1480276028
0.0000000000,-0.4814725414
0.0000000000,-0.3970666373
0.0000000000,-0.3266392999
0.0000000000,-0.4967068321
0.0000000000,-0.4854459446
0.0000000000,-0.4507565760
0.0000000000,-0.4381305032
0.0000000000,-0.4928365415
0.0000000000,-0.4996724952
0.0000000000,-0.3144479954
0.0000000000,-0.4180054280
0.0000000000,-0.4652262369
0.0000000000,-0.1440385254
0.0000000000,-0.2734369505
0.0000000000,-0.3531645956
0.0000000000,0.0477750650
0.0000000000,-0.0832499933
0.0000000000,-0.1821832218
0.0000000000,0.2324892822
0.0000000000,0.1208258628
0.0000000000,0.0191924406
0.0000000000,0.3826555994
0.0000000000,0.3047439012
0.0000000000,0.2173661584
0.0000000000,0.4759593066
0.0000000000,0.4378204076
0.0000000000,0.3792758904
0.0000000000,0.4985354758
0.0000000000,0.4978537450
0.0000000000,0.4779096479
0.0000000000,0.4470292891
0.0000000000,0.4748283336
0.0000000000,0.4968120028
0.0000000000,0.3290945641
0.0000000000,0.3725855865
0.0000000000,0.4328294066
0.0000000000,0.1622563973
0.0000000000,0.2081830325
0.0000000000,0.2966363081
0.0000000000,-0.0286930651
0.0000000000,0.0090485470
0.0000000000,0.1109542969
0.0000000000,-0.2153787389
0.0000000000,-0.1915955404
0.0000000000,-0.0932386228
0.0000000000,-0.3700591388
0.0000000000,-0.3602750479
0.0000000000,-0.2818762043
0.0000000000,-0.4697487625
0.0000000000,-0.4688485604
0.0000000000,-0.4234873547
0.0000000000,-0.4996337348
0.0000000000,-0.4992023645
0.0000000000,-0.4944465714
0.0000000000,-0.4552731499
0.0000000000,-0.4462724247
0.0000000000,-0.4829154705
0.0000000000,-0.3432589893
0.0000000000,-0.3188892352
0.0000000000,-0.3908178274
0.0000000000,-0.1802365537
0.0000000000,-0.1383045962
0.0000000000,-0.2335186265
0.0000000000,0.0095690281
0.0000000000,0.0653539010
0.0000000000,-0.0372606649
0.0000000000,0.1979526526
0.0000000000,0.2581091695
0.0000000000,0.1652136288
0.0000000000,0.3569205192
0.0000000000,0.4078031476
0.0000000000,0.3401247327
0.0000000000,0.4628500079
0.0000000000,0.4894618453
0.0000000000,0.4582915919
0.0000000000,0.5000000000
0.0000000000,0.4894618453
0.0000000000,0.5000000000
0.0000000000,0.4628500079
0.0000000000,0.4078031476
0.0000000000,0.4582915919
0.0000000000,0.3569205192
0.0000000000,0.2581091695
0.0000000000,0.3401247327
0.0000000000,0.1979526526
0.0000000000,0.0653539010
0.0000000000,0.1652136288
0.0000000000,0.0095690281
0.0000000000,-0.1383045962
0.0000000000,-0.0372606649
0.0000000000,-0.1802365537
0.0000000000,-0.3188892352
0.0000000000,-0.2335186265
0.0000000000,-0.3432589893
0.0000000000,-0.4462724247
0.0000000000,-0.3908178274
0.0000000000,-0.4552731499
0.0000000000,-0.4992023645
0.0000000000,-0.4829154705
0.0000000000,-0.4996337348
0.0000000000,-0.4688485604
0.0000000000,-0.4944465714
0.0000000000,-0.4697487625
0.0000000000,-0.3602750479
0.0000000000,-0.4234873547
0.0000000000,-0.3700591388
0.0000000000,-0.1915955404
0.0000000000,-0.2818762043
0.0000000000,-0.2153787389
0.0000000000,0.0090485470
0.0000000000,-0.0932386228
0.0000000000,-0.0286930651
0.0000000000,0.2081830325
0.0000000000,0.1109542969
0.0000000000,0.1622563973
0.0000000000,0.3725855865
0.0000000000,0.2966363081
0.0000000000,0.3290945641
0.0000000000,0.4748283336
0.0000000000,0.4328294066
0.0000000000,0.4470292891
0.0000000000,0.4978537450
0.0000000000,0.4968120028
0.0000000000,0.4985354758
0.0000000000,0.4378204076
0.0000000000,0.4779096479
0.0000000000,0.4759593066
0.0000000000,0.3047439012
0.0000000000,0.3792758904
0.0000000000,0.3826555994
0.0000000000,0.1208258628
0.0000000000,0.2173661584
0.0000000000,0.2324892822
0.0000000000,-0.0832499933
0.0000000000,0.0191924406
0.0000000000,0.0477750650
0.0000000000,-0.2734369505
0.0000000000,-0.1821832218
0.0000000000,-0.1440385254
0.0000000000,-0.4180054280
0.0000000000,-0.3531645956
0.0000000000,-0.3144479954
0.0000000000,-0.4928365415
0.0000000000,-0.4652262369
0.0000000000,-0.4381305032
0.0000000000,-0.4854459446
0.0000000000,-0.4996724952
0.0000000000,-0.4967068321
0.0000000000,-0.3970666373
0.0000000000,-0.4507565760
0.0000000000,-0.4814725414
0.0000000000,-0.2424432605
0.0000000000,-0.3266392999
0.0000000000,-0.3946914462
0.0000000000,-0.0473721939
0.0000000000,-0.1480276028
0.0000000000,-0.2492592146
0.0000000000,0.1556021479
0.0000000000,0.0552800770
0.0000000000,-0.0667870715
0.0000000000,0.3326168181
0.0000000000,0.2493651807
0.0000000000,0.1256096283
0.0000000000,0.4541398163
0.0000000000,0.4018477855
0.0000000000,0.2993407412
0.0000000000,0.4998970193
0.0000000000,0.4872886645
0.0000000000,0.4285898295
0.0000000000,0.4622545866
0.0000000000,0.4914334055
0.0000000000,0.4941504826
0.0000000000,0.3474925421
0.0000000000,0.4135905263
0.0000000000,0.4862803896
0.0000000000,0.1747570545
0.0000000000,0.2667468372
0.0000000000,0.4061490460
0.0000000000,-0.0271337874
0.0000000000,0.0754008042
0.0000000000,0.2656639670
0.0000000000,-0.2244978009
0.0000000000,-0.1285246187
0.0000000000,0.0857012309
0.0000000000,-0.3844080308
0.0000000000,-0.3110078127
0.0000000000,-0.1069967054
0.0000000000,-0.4801860725
0.0000000000,-0.4416044435
0.0000000000,-0.2837949347
0.0000000000,-0.4958529275
0.0000000000,-0.4985266009
0.0000000000,-0.4184212456
0.0000000000,-0.4287948373
0.0000000000,-0.4722777545
0.0000000000,-0.4908701727
0.0000000000,-0.2901993468
0.0000000000,-0.3672370947
0.0000000000,-0.4903758075
0.0000000000,-0.1031888452
0.0000000000,-0.2009289364
0.0000000000,-0.4170116128
0.0000000000,0.1010370264
0.0000000000,-0.0010990738
0.0000000000,-0.2816795057
0.0000000000,0.2884065238
0.0000000000,0.1989141513
0.0000000000,-0.1044898328
0.0000000000,0.4276601132
0.0000000000,0.3657418060
0.0000000000,0.0882270259
0.0000000000,0.4955656124
0.0000000000,0.4715514266
0.0000000000,0.2678333513
0.0000000000,0.4807941003
0.0000000000,0.4986904098
0.0000000000,0.4076396492
0.0000000000,0.3858099620
0.0000000000,0.4426310604
0.0000000000,0.4868707081
0.0000000000,0.2264597462
0.0000000000,0.3127259633
0.0000000000,0.4937527951
0.0000000000,0.0293284283
0.0000000000,0.1306476577
0.0000000000,0.4272632323
0.0000000000,-0.1726958578
0.0000000000,-0.0732270712
0.0000000000,0.2972823667
0.0000000000,-0.3459086666
0.0000000000,-0.2648850618
0.0000000000,0.1231253507
0.0000000000,-0.4614122761
0.0000000000,-0.4123513153
0.0000000000,-0.0693280884
0.0000000000,-0.4999367994
0.0000000000,-0.4910235010
0.0000000000,-0.2514793758
0.0000000000,-0.4550550504
0.0000000000,-0.4877764523
0.0000000000,-0.3962608359
0.0000000000,-0.3342548143
0.0000000000,-0.4031518863
0.0000000000,-0.4821579483
0.0000000000,-0.1576896334
0.0000000000,-0.2512680266
0.0000000000,-0.4964064048
0.0000000000,0.0451834819
0.0000000000,-0.0574642092
0.0000000000,-0.4368888852
0.0000000000,0.2405184728
0.0000000000,0.1459265709
0.0000000000,-0.3124496910
0.0000000000,0.3957268931
0.0000000000,0.3249718911
0.0000000000,-0.1415804826
0.0000000000,0.4849147584
0.0000000000,0.4498009702
0.0000000000,0.0503275811
0.0000000000,0.4932025331
0.0000000000,0.4995881196
0.0000000000,0.2347569678
0.0000000000,0.4192075375
0.0000000000,0.4660271681
0.0000000000,0.3843014765
0.0000000000,0.2752746257
0.0000000000,0.3547172114
0.0000000000,0.4767387979
0.0000000000,0.0854166482
0.0000000000,0.1842284937
0.0000000000,0.4983327489
0.0000000000,-0.1186916991
0.0000000000,-0.0169957328
0.0000000000,0.4458744692
0.0000000000,-0.3029982790
0.0000000000,-0.2153844994
0.0000000000,0.3271592575
0.0000000000,-0.3778398877
0.0000000000,-0.3211963122
0.0000000000,0.2755974167
0.0000000000,0.3463920120
0.0000000000,-0.4309170496
0.0000000000,0.1094571916
0.0000000000,0.1957442491
0.0000000000,-0.4909394165
0.0000000000,-0.0709557115
0.0000000000,0.0195724013
0.0000000000,-0.4943409350
0.0000000000,-0.2421163398
0.0000000000,-0.1591515911
0.0000000000,-0.4407293023
0.0000000000,-0.3817061912
0.0000000000,-0.3171230009
0.0000000000,-0.3362876360
0.0000000000,-0.4715234376
0.0000000000,-0.4337431351
0.0000000000,-0.1930613648
0.0000000000,-0.4998563528
0.0000000000,-0.4938053033
0.0000000000,-0.0275690097
0.0000000000,-0.4630104646
0.0000000000,-0.4894776950
0.0000000000,0.1411029246
0.0000000000,-0.3657902949
0.0000000000,-0.4213246090
0.0000000000,0.2935012271
0.0000000000,-0.2208728746
0.0000000000,-0.2982328716
0.0000000000,0.4120495514
0.0000000000,-0.0471547205
0.0000000000,-0.1362530384
0.0000000000,0.4830755249
0.0000000000,0.1327121765
0.0000000000,0.0434935191
0.0000000000,0.4983876054
0.0000000000,0.2952740602
0.0000000000,0.2175687363
0.0000000000,0.4562198256
0.0000000000,0.4193336624
0.0000000000,0.3632740630
0.0000000000,0.3614354647
0.0000000000,0.4887142229
0.0000000000,0.4616102434
0.0000000000,0.2249661587
0.0000000000,0.4943688587
0.0000000000,0.4997547242
0.0000000000,0.0625511363
0.0000000000,0.4355602331
0.0000000000,0.4727336534
0.0000000000,-0.1070780112
0.0000000000,0.3199567009
0.0000000000,0.3840704454
0.0000000000,-0.2643576759
0.0000000000,0.1626323927
0.0000000000,0.2453263451
0.0000000000,-0.3911485362
0.0000000000,-0.0158983776
0.0000000000,0.0745928992
0.0000000000,-0.4728275939
0.0000000000,-0.1923560778
0.0000000000,-0.1058670929
0.0000000000,-0.4999746694
0.0000000000,-0.3437314940
0.0000000000,-0.2725225382
0.0000000000,-0.4694588459
0.0000000000,-0.4502860184
0.0000000000,-0.4036423883
0.0000000000,-0.3847995633
0.0000000000,-0.4981254664
0.0000000000,-0.4821292614
0.0000000000,-0.2557607158
0.0000000000,-0.4810118099
0.0000000000,-0.4977488563
0.0000000000,-0.0972245652
0.0000000000,-0.4011765854
0.0000000000,-0.4484644549
0.0000000000,0.0725246541
0.0000000000,-0.2690299124
0.0000000000,-0.3407024999
0.0000000000,0.2339094859
0.0000000000,-0.1018030655
0.0000000000,-0.1885146191
0.0000000000,0.3683171530
0.0000000000,0.0786983992
0.0000000000,-0.0117453615
0.0000000000,0.4602461984
0.0000000000,0.2489379807
0.0000000000,0.1665554333
0.0000000000,0.4990942946
0.0000000000,0.3867172771
0.0000000000,0.3231382210
0.0000000000,0.4803810268
0.0000000000,0.4740705475
0.0000000000,0.4375853780
0.0000000000,0.4062646270
0.0000000000,0.4996073562
0.0000000000,0.4949735596
0.0000000000,0.2852930611
0.0000000000,0.4599978293
0.0000000000,0.4878196298
0.0000000000,0.1314181784
0.0000000000,0.3604068539
0.0000000000,0.4170564258
0.0000000000,-0.0376133785
0.0000000000,0.2138206019
0.0000000000,0.2919111204
0.0000000000,-0.2023069228
0.0000000000,0.0393531978
0.0000000000,0.1287020444
0.0000000000,-0.3436680776
0.0000000000,-0.1402456693
0.0000000000,-0.0512891435
0.0000000000,-0.4453934292
0.0000000000,-0.3015571926
0.0000000000,-0.2245924800
0.0000000000,-0.4957508257
0.0000000000,-0.4235471450
0.0000000000,-0.3686100647
0.0000000000,-0.4889324661
0.0000000000,-0.4903086384
0.0000000000,-0.4645627146
0.0000000000,-0.4257247229
0.0000000000,-0.4931363030
0.0000000000,-0.4999386773
0.0000000000,-0.3134174488
0.0000000000,-0.4316614255
0.0000000000,-0.4701251018
0.0000000000,-0.1649632261
0.0000000000,-0.3139000267
0.0000000000,-0.3790095313
0.0000000000,0.0025164762
0.0000000000,-0.1552076123
0.0000000000,-0.2384729869
0.0000000000,0.1697059491
0.0000000000,0.0237231093
0.0000000000,-0.0668407409
0.0000000000,0.3173229565
0.0000000000,0.1995604546
0.0000000000,0.1135072081
0.0000000000,0.4283425866
0.0000000000,0.3493761005
0.0000000000,0.2790543768
0.0000000000,0.4899607633
0.0000000000,0.4536348259
0.0000000000,0.4082142309
0.0000000000,0.4950709613
0.0000000000,0.4987418068
0.0000000000,0.4841449623
0.0000000000,0.4430838129
0.0000000000,0.4788153156
0.0000000000,0.4969455779
0.0000000000,0.3399950814
0.0000000000,0.3964536683
0.0000000000,0.4449469408
0.0000000000,0.1976941592
0.0000000000,0.2623964176
0.0000000000,0.3349294166
0.0000000000,0.0325928453
0.0000000000,0.0941239680
0.0000000000,0.1812387481
0.0000000000,-0.1362674550
0.0000000000,-0.0864217828
0.0000000000,0.0039154406
0.0000000000,-0.2894118060
0.0000000000,-0.2556985594
0.0000000000,-0.1739184210
0.0000000000,-0.4091778187
0.0000000000,-0.3916335047
0.0000000000,-0.3290741782
0.0000000000,-0.4817526820
0.0000000000,-0.4765013722
0.0000000000,-0.4413202853
0.0000000000,-0.4987662181
0.0000000000,-0.4992358105
0.0000000000,-0.4960204034
0.0000000000,-0.4582562278
0.0000000000,-0.4568723609
0.0000000000,-0.4860419068
0.0000000000,-0.3648947949
0.0000000000,-0.3549350084
0.0000000000,-0.4126859424
0.0000000000,-0.2294494465
0.0000000000,-0.2067158810
0.0000000000,-0.2855177661
0.0000000000,-0.0675413169
0.0000000000,-0.0315420220
0.0000000000,-0.1211194810
0.0000000000,0.1021564635
0.0000000000,0.1477447610
0.0000000000,0.0590721871
0.0000000000,0.2600723714
0.0000000000,0.3077663558
0.0000000000,0.2315611334
0.0000000000,0.3879937060
0.0000000000,0.4276567354
0.0000000000,0.3738556497
0.0000000000,0.4711670898
0.0000000000,0.4917827856
0.0000000000,0.4674012328
0.0000000000,0.5000000000
0.0000000000,0.4917827856
0.0000000000,0.5000000000
0.0000000000,0.4711670898
0.0000000000,0.4276567354
0.0000000000,0.4674012328
0.0000000000,0.3879937060
0.0000000000,0.3077663558
0.0000000000,0.3738556497
0.0000000000,0.2600723714
0.0000000000,0.1477447610
0.0000000000,0.2315611334
0.0000000000,0.1021564635
0.0000000000,-0.0315420220
0.0000000000,0.0590721871
0.0000000000,-0.0675413169
0.0000000000,-0.2067158810
0.0000000000,-0.1211194810
0.0000000000,-0.2294494465
0.0000000000,-0.3549350084
0.0000000000,-0.2855177661
0.0000000000,-0.3648947949
0.0000000000,-0.4568723609
0.0000000000,-0.4126859424
0.0000000000,-0.4582562278
0.0000000000,-0.4992358105
0.0000000000,-0.4860419068
0.0000000000,-0.4987662181
0.0000000000,-0.4765013722
0.0000000000,-0.4960204034
0.0000000000,-0.4817526820
0.0000000000,-0.3916335047
0.0000000000,-0.4413202853
0.0000000000,-0.4091778187
0.0000000000,-0.2556985594
0.0000000000,-0.3290741782
0.0000000000,-0.2894118060
0.0000000000,-0.0864217828
0.0000000000,-0.1739184210
0.0000000000,-0.1362674550
0.0000000000,0.0941239680
0.0000000000,0.0039154406
0.0000000000,0.0325928453
0.0000000000,0.2623964176
0.0000000000,0.1812387481
0.0000000000,0.1976941592
0.0000000000,0.3964536683
0.0000000000,0.3349294166
0.0000000000,0.3399950814
0.0000000000,0.4788153156
0.0000000000,0.4449469408
0.0000000000,0.4430838129
0.0000000000,0.4987418068
0.0000000000,0.4969455779
0.0000000000,0.4950709613
0.0000000000,0.4536348259
0.0000000000,0.4841449623
0.0000000000,0.4899607633
0.0000000000,0.3493761006
0.0000000000,0.4082142309
0.0000000000,0.4283425866
0.0000000000,0.1995604546
0.0000000000,0.2790543768
0.0000000000,0.3173229565
0.0000000000,0.0237231093
0.0000000000,0.1135072081
0.0000000000,0.1697059491
0.0000000000,-0.1552076123
0.0000000000,-0.0668407409
0.0000000000,0.0025164762
0.0000000000,-0.3139000267
0.0000000000,-0.2384729869
0.0000000000,-0.1649632261
0.0000000000,-0.4316614255
0.0000000000,-0.3790095313
0.0000000000,-0.3134174488
0.0000000000,-0.4931363030
0.0000000000,-0.4701251018
0.0000000000,-0.4257247229
0.0000000000,-0.4903086384
0.0000000000,-0.4999386773
0.0000000000,-0.4889324661
0.0000000000,-0.4235471450
0.0000000000,-0.4645627146
0.0000000000,-0.4957508257
0.0000000000,-0.3015571926
0.0000000000,-0.3686100647
0.0000000000,-0.4453934292
0.0000000000,-0.1402456693
0.0000000000,-0.2245924800
0.0000000000,-0.3436680776
0.0000000000,0.0393531978
0.0000000000,-0.0512891435
0.0000000000,-0.2023069228
0.0000000000,0.2138206019
0.0000000000,0.1287020444
0.0000000000,-0.0376133785
0.0000000000,0.3604068539
0.0000000000,0.2919111204
0.0000000000,0.1314181784
0.0000000000,0.4599978293
0.0000000000,0.4170564258
0.0000000000,0.2852930611
0.0000000000,0.4996073562
0.0000000000,0.4878196298
0.0000000000,0.4062646270
0.0000000000,0.4740705475
0.0000000000,0.4949735596
0.0000000000,0.4803810268
0.0000000000,0.3867172771
0.0000000000,0.4375853780
0.0000000000,0.4990942946
0.0000000000,0.2489379807
0.0000000000,0.3231382210
0.0000000000,0.4602461984
0.0000000000,0.0786983992
0.0000000000,0.1665554334
0.0000000000,0.3683171530
0.0000000000,-0.1018030655
0.0000000000,-0.0117453615
0.0000000000,0.2339094859
0.0000000000,-0.2690299124
0.0000000000,-0.1885146190
0.0000000000,0.0725246541
0.0000000000,-0.4011765854
0.0000000000,-0.3407024999
0.0000000000,-0.0972245652
0.0000000000,-0.4810118099
0.0000000000,-0.4484644549
0.0000000000,-0.2557607158
0.0000000000,-0.4981254664
0.0000000000,-0.4977488563
0.0000000000,-0.3847995633
0.0000000000,-0.4502860184
0.0000000000,-0.4821292614
0.0000000000,-0.4694588459
0.0000000000,-0.3437314940
0.0000000000,-0.4036423883
0.0000000000,-0.4999746694
0.0000000000,-0.1923560778
0.0000000000,-0.2725225382
0.0000000000,-0.4728275939
0.0000000000,-0.0158983776
0.0000000000,-0.1058670929
0.0000000000,-0.3911485362
0.0000000000,0.1626323927
0.0000000000,0.0745928992
0.0000000000,-0.2643576759
0.0000000000,0.3199567009
0.0000000000,0.2453263451
0.0000000000,-0.1070780112
0.0000000000,0.4355602331
0.0000000000,0.3840704454
0.0000000000,0.0625511363
0.0000000000,0.4943688587
0.0000000000,0.4727336534
0.0000000000,0.2249661586
0.0000000000,0.4887142229
0.0000000000,0.4997547242
0.0000000000,0.3614354647
0.0000000000,0.4193336624
0.0000000000,0.4616102434
0.0000000000,0.4562198256
0.0000000000,0.2952740602
0.0000000000,0.3632740630
0.0000000000,0.4983876054
0.0000000000,0.1327121765
0.0000000000,0.2175687363
0.0000000000,0.4830755249
0.0000000000,-0.0471547205
0.0000000000,0.0434935191
0.0000000000,0.4120495514
0.0000000000,-0.2208728745
0.0000000000,-0.1362530384
0.0000000000,0.2935012271
0.0000000000,-0.3657902949
0.0000000000,-0.2982328716
0.0000000000,0.1411029246
0.0000000000,-0.4630104646
0.0000000000,-0.4213246090
0.0000000000,-0.0275690097
0.0000000000,-0.4998563528
0.0000000000,-0.4894776950
0.0000000000,-0.1930613648
0.0000000000,-0.4715234376
0.0000000000,-0.4938053033
0.0000000000,-0.3362876360
0.0000000000,-0.3817061912
0.0000000000,-0.4337431351
0.0000000000,-0.4407293023
0.0000000000,-0.2421163398
0.0000000000,-0.3171230009
0.0000000000,-0.4943409350
0.0000000000,-0.0709557115
0.0000000000,-0.1591515911
0.0000000000,-0.4909394165
0.0000000000,0.1094571916
0.0000000000,0.0195724013
0.0000000000,-0.4309170496
0.0000000000,0.2755974167
0.0000000000,0.1957442491
0.0000000000,-0.3211963122
0.0000000000,0.3463920120
0.0000000000,0.2128675075
0.0000000000,-0.3393196742
0.0000000000,-0.3932290397
0.0000000000,0.3364017149
0.0000000000,-0.2073526204
0.0000000000,-0.2768344577
0.0000000000,0.4302395301
0.0000000000,-0.0545557736
0.0000000000,-0.1326302228
0.0000000000,0.4860972716
0.0000000000,0.1037215221
0.0000000000,0.0248974998
0.0000000000,0.4990440094
0.0000000000,0.2515793797
0.0000000000,0.1799241217
0.0000000000,0.4679368496
0.0000000000,0.3741646057
0.0000000000,0.3168763051
0.0000000000,0.3955218259
0.0000000000,0.4591627917
0.0000000000,0.4219963961
0.0000000000,0.2881914888
0.0000000000,0.4980353690
0.0000000000,0.4847244617
0.0000000000,0.1554205932
0.0000000000,0.4868773581
0.0000000000,0.4987590983
0.0000000000,0.0089296994
0.0000000000,0.4268096469
0.0000000000,0.4626904437
0.0000000000,-0.1383494777
0.0000000000,0.3238663910
0.0000000000,0.3801418069
0.0000000000,-0.2734156363
0.0000000000,0.1883888473
0.0000000000,0.2594056851
0.0000000000,-0.3843455981
0.0000000000,0.0339865335
0.0000000000,0.1126107333
0.0000000000,-0.4613468456
0.0000000000,-0.1238299279
0.0000000000,-0.0454966304
0.0000000000,-0.4976219722
0.0000000000,-0.2692069432
0.0000000000,-0.1990335895
0.0000000000,-0.4899687338
0.0000000000,-0.3875405343
0.0000000000,-0.3325764513
0.0000000000,-0.4390627322
0.0000000000,-0.4669433946
0.0000000000,-0.4327100484
0.0000000000,-0.3493977749
0.0000000000,-0.4994390388
0.0000000000,-0.4893753708
0.0000000000,-0.2288891776
0.0000000000,-0.4817630878
0.0000000000,-0.4968800528
0.0000000000,-0.0881750270
0.0000000000,-0.4156911951
0.0000000000,-0.4544702048
0.0000000000,0.0603229134
0.0000000000,-0.3078606718
0.0000000000,-0.3664061462
0.0000000000,0.2034957534
0.0000000000,-0.1691037295
0.0000000000,-0.2415344305
0.0000000000,0.3287046845
0.0000000000,-0.0133593208
0.0000000000,-0.0923991577
0.0000000000,0.4248966909
0.0000000000,0.1437271103
0.0000000000,0.0660181551
0.0000000000,0.4835802713
0.0000000000,0.2863753061
0.0000000000,0.2178035551
0.0000000000,0.4995750400
0.0000000000,0.4002554145
0.0000000000,0.3477093042
0.0000000000,0.4714690337
0.0000000000,0.4739275074
0.0000000000,0.4426856044
0.0000000000,0.4017433542
0.0000000000,0.4999907889
0.0000000000,0.4931915264
0.0000000000,0.2965531462
0.0000000000,0.4758270486
0.0000000000,0.4941534527
0.0000000000,0.1651842411
0.0000000000,0.4038636768
0.0000000000,0.4454747521
0.0000000000,0.0192334364
0.0000000000,0.2913298183
0.0000000000,0.3520454871
0.0000000000,-0.1284152302
0.0000000000,0.1495301624
0.0000000000,0.2232511779
0.0000000000,-0.2647278397
0.0000000000,-0.0072906796
0.0000000000,0.0720299720
0.0000000000,-0.3776711813
0.0000000000,-0.1633791299
0.0000000000,-0.0864270690
0.0000000000,-0.4572750034
0.0000000000,-0.3030551836
0.0000000000,-0.2362020016
0.0000000000,-0.4965121528
0.0000000000,-0.4122875579
0.0000000000,-0.3622490510
0.0000000000,-0.4919189084
0.0000000000,-0.4801032170
0.0000000000,-0.4519060481
0.0000000000,-0.4439007459
0.0000000000,-0.4996896783
0.0000000000,-0.4961664191
0.0000000000,-0.3566965445
0.0000000000,-0.4690793661
0.0000000000,-0.4905839489
0.0000000000,-0.2380043927
0.0000000000,-0.3913472669
0.0000000000,-0.4357194295
0.0000000000,-0.0983020274
0.0000000000,-0.2743020281
0.0000000000,-0.3370843253
0.0000000000,0.0500781044
0.0000000000,-0.1297015339
0.0000000000,-0.2045871139
0.0000000000,0.1940375125
0.0000000000,0.0279282439
0.0000000000,-0.0515379210
0.0000000000,0.3208679530
0.0000000000,0.1827524650
0.0000000000,0.1066885598
0.0000000000,0.4193732685
0.0000000000,0.3192181238
0.0000000000,0.2541975460
0.0000000000,0.4808577469
0.0000000000,0.4236164406
0.0000000000,0.3761708904
0.0000000000,0.4998937487
0.0000000000,0.4854599892
0.0000000000,0.4603556517
0.0000000000,0.4748008409
0.0000000000,0.4985362205
0.0000000000,0.4982949745
0.0000000000,0.4077941396
0.0000000000,0.4615315501
0.0000000000,0.4861776301
0.0000000000,0.3047887669
0.0000000000,0.3781633153
0.0000000000,0.4252208773
0.0000000000,0.1748776849
0.0000000000,0.2568063465
0.0000000000,0.3215481811
0.0000000000,0.0295289992
0.0000000000,0.1096516666
0.0000000000,0.1855740748
0.0000000000,-0.1184264055
0.0000000000,-0.0485181695
0.0000000000,0.0309579590
0.0000000000,-0.2559275324
0.0000000000,-0.2018140695
0.0000000000,-0.1267680662
0.0000000000,-0.3708362524
0.0000000000,-0.3348365568
0.0000000000,-0.2717594921
0.0000000000,-0.4530088170
0.0000000000,-0.4342227383
0.0000000000,-0.3894510752
0.0000000000,-0.4951913133
0.0000000000,-0.4899886865
0.0000000000,-0.4680200023
0.0000000000,-0.4936600148
0.0000000000,-0.4965323832
0.0000000000,-0.4995735618
0.0000000000,-0.4485500995
0.0000000000,-0.4531964753
0.0000000000,-0.4809420124
0.0000000000,-0.3638437162
0.0000000000,-0.3643343104
0.0000000000,-0.4139970033
0.0000000000,-0.2470184546
0.0000000000,-0.2388726166
0.0000000000,-0.3054635550
0.0000000000,-0.1083872491
0.0000000000,-0.0894147606
0.0000000000,-0.1662444923
0.0000000000,0.0398120119
0.0000000000,0.0690253352
0.0000000000,-0.0103251904
0.0000000000,0.1844968047
0.0000000000,0.2205314292
0.0000000000,0.1466313377
0.0000000000,0.3128948509
0.0000000000,0.3498838413
0.0000000000,0.2888578836
0.0000000000,0.4136716103
0.0000000000,0.4440883593
0.0000000000,0.4020669527
0.0000000000,0.4779308554
0.0000000000,0.4936815842
0.0000000000,0.4748860265
0.0000000000,0.5000000000
0.0000000000,0.4936815842
0.0000000000,0.5000000000
0.0000000000,0.4779308554
0.0000000000,0.4440883593
0.0000000000,0.4748860265
0.0000000000,0.4136716103
0.0000000000,0.3498838413
0.0000000000,0.4020669527
0.0000000000,0.3128948509
0.0000000000,0.2205314292
0.0000000000,0.2888578836
0.0000000000,0.1844968047
0.0000000000,0.0690253352
0.0000000000,0.1466313377
0.0000000000,0.0398120119
0.0000000000,-0.0894147606
0.0000000000,-0.0103251904
0.0000000000,-0.1083872491
0.0000000000,-0.2388726166
0.0000000000,-0.1662444923
0.0000000000,-0.2470184546
0.0000000000,-0.3643343104
0.0000000000,-0.3054635550
0.0000000000,-0.3638437162
0.0000000000,-0.4531964753
0.0000000000,-0.4139970033
0.0000000000,-0.4485500995
0.0000000000,-0.4965323832
0.0000000000,-0.4809420124
0.0000000000,-0.4936600148
0.0000000000,-0.4899886865
0.0000000000,-0.4995735618
0.0000000000,-0.4951913133
0.0000000000,-0.4342227383
0.0000000000,-0.4680200023
0.0000000000,-0.4530088170
0.0000000000,-0.3348365568
0.0000000000,-0.3894510752
0.0000000000,-0.3708362524
0.0000000000,-0.2018140695
0.0000000000,-0.2717594921
0.0000000000,-0.2559275324
0.0000000000,-0.0485181695
0.0000000000,-0.1267680662
0.0000000000,-0.1184264055
0.0000000000,0.1096516666
0.0000000000,0.0309579590
0.0000000000,0.0295289992
0.0000000000,0.2568063465
0.0000000000,0.1855740748
0.0000000000,0.1748776849
0.0000000000,0.3781633153
0.0000000000,0.3215481811
0.0000000000,0.3047887669
0.0000000000,0.4615315501
0.0000000000,0.4252208773
0.0000000000,0.4077941396
0.0000000000,0.4985362205
0.0000000000,0.4861776301
0.0000000000,0.4748008409
0.0000000000,0.4854599892
0.0000000000,0.4982949745
0.0000000000,0.4998937487
0.0000000000,0.4236164406
0.0000000000,0.4603556517
0.0000000000,0.4808577469
0.0000000000,0.3192181238
0.0000000000,0.3761708904
0.0000000000,0.4193732685
0.0000000000,0.1827524650
0.0000000000,0.2541975460
0.0000000000,0.3208679530
0.0000000000,0.0279282439
0.0000000000,0.1066885598
0.0000000000,0.1940375125
0.0000000000,-0.1297015339
0.0000000000,-0.0515379210
0.0000000000,0.0500781044
0.0000000000,-0.2743020281
0.0000000000,-0.2045871139
0.0000000000,-0.0983020274
0.0000000000,-0.3913472669
0.0000000000,-0.3370843253
0.0000000000,-0.2380043927
0.0000000000,-0.4690793661
0.0000000000,-0.4357194295
0.0000000000,-0.3566965445
0.0000000000,-0.4996896783
0.0000000000,-0.4905839489
0.0000000000,-0.4439007459
0.0000000000,-0.4801032170
0.0000000000,-0.4961664191
0.0000000000,-0.4919189084
0.0000000000,-0.4122875579
0.0000000000,-0.4519060481
0.0000000000,-0.4965121528
0.0000000000,-0.3030551836
0.0000000000,-0.3622490510
0.0000000000,-0.4572750034
0.0000000000,-0.1633791299
0.0000000000,-0.2362020016
0.0000000000,-0.3776711813
0.0000000000,-0.0072906796
0.0000000000,-0.0864270690
0.0000000000,-0.2647278397
0.0000000000,0.1495301624
0.0000000000,0.0720299720
0.0000000000,-0.1284152302
0.0000000000,0.2913298183
0.0000000000,0.2232511779
0.0000000000,0.0192334364
0.0000000000,0.4038636768
0.0000000000,0.3520454871
0.0000000000,0.1651842411
0.0000000000,0.4758270486
0.0000000000,0.4454747521
0.0000000000,0.2965531462
0.0000000000,0.4999907889
0.0000000000,0.4941534527
0.0000000000,0.4017433542
0.0000000000,0.4739275074
0.0000000000,0.4931915264
0.0000000000,0.4714690337
0.0000000000,0.4002554145
0.0000000000,0.4426856044
0.0000000000,0.4995750400
0.0000000000,0.2863753061
0.0000000000,0.3477093042
0.0000000000,0.4835802713
0.0000000000,0.1437271103
0.0000000000,0.2178035551
0.0000000000,0.4248966909
0.0000000000,-0.0133593208
0.0000000000,0.0660181551
0.0000000000,0.3287046845
0.0000000000,-0.1691037295
0.0000000000,-0.0923991577
0.0000000000,0.2034957534
0.0000000000,-0.3078606718
0.0000000000,-0.2415344305
0.0000000000,0.0603229134
0.0000000000,-0.4156911951
0.0000000000,-0.3664061462
0.0000000000,-0.0881750270
0.0000000000,-0.4817630878
0.0000000000,-0.4544702048
0.0000000000,-0.2288891776
0.0000000000,-0.4994390388
0.0000000000,-0.4968800528
0.0000000000,-0.3493977749
0.0000000000,-0.4669433946
0.0000000000,-0.4893753708
0.0000000000,-0.4390627322
0.0000000000,-0.3875405343
0.0000000000,-0.4327100484
0.0000000000,-0.4899687338
0.0000000000,-0.2692069432
0.0000000000,-0.3325764513
0.0000000000,-0.4976219722
0.0000000000,-0.1238299279
0.0000000000,-0.1990335895
0.0000000000,-0.4613468456
0.0000000000,0.0339865335
0.0000000000,-0.0454966304
0.0000000000,-0.3843455981
0.0000000000,0.1883888473
0.0000000000,0.1126107333
0.0000000000,-0.2734156363
0.0000000000,0.3238663910
0.0000000000,0.2594056851
0.0000000000,-0.1383494777
0.0000000000,0.4268096469
0.0000000000,0.3801418069
0.0000000000,0.0089296994
0.0000000000,0.4868773581
0.0000000000,0.4626904437
0.0000000000,0.1554205932
0.0000000000,0.4980353690
0.0000000000,0.4987590983
0.0000000000,0.2881914888
0.0000000000,0.4591627917
0.0000000000,0.4847244617
0.0000000000,0.3955218259
0.0000000000,0.3741646057
0.0000000000,0.4219963961
0.0000000000,0.4679368496
0.0000000000,0.2515793797
0.0000000000,0.3168763051
0.0000000000,0.4990440094
0.0000000000,0.1037215221
0.0000000000,0.1799241217
0.0000000000,0.4860972716
0.0000000000,-0.0545557736
0.0000000000,0.0248974998
0.0000000000,0.4302395301
0.0000000000,-0.2073526203
0.0000000000,-0.1326302228
0.0000000000,0.3364017149
0.0000000000,-0.3393196742
0.0000000000,-0.2768344577
0.0000000000,0.2128675075
0.0000000000,-0.3932290397
0.0000000000,0.0376115619
0.0000000000,0.4579106706
0.0000000000,0.4812629307
0.0000000000,-0.0913448410
0.0000000000,0.3854684035
0.0000000000,0.4257736513
0.0000000000,-0.2142071813
0.0000000000,0.2835880254
0.0000000000,0.3377681607
0.0000000000,-0.3227787096
0.0000000000,0.1600501116
0.0000000000,0.2239674131
0.0000000000,-0.4098160867
0.0000000000,0.0242892168
0.0000000000,0.0930623386
0.0000000000,-0.4695126219
0.0000000000,-0.1133266385
0.0000000000,-0.0449498799
0.0000000000,-0.4978856666
0.0000000000,-0.2422877710
0.0000000000,-0.1795292891
0.0000000000,-0.4930423158
0.0000000000,-0.3527454563
0.0000000000,-0.3003980981
0.0000000000,-0.4553056932
0.0000000000,-0.4362640726
0.0000000000,-0.3983255909
0.0000000000,-0.3871933939
0.0000000000,-0.4864653274
0.0000000000,-0.4658330730
0.0000000000,-0.2932495238
0.0000000000,-0.4995153653
0.0000000000,-0.4977650176
0.0000000000,-0.1797415391
0.0000000000,-0.4744175585
0.0000000000,-0.4916827911
0.0000000000,-0.0542421146
0.0000000000,-0.4130886195
0.0000000000,-0.4480508915
0.0000000000,0.0748760676
0.0000000000,-0.3202122216
0.0000000000,-0.3702014743
0.0000000000,0.1989988999
0.0000000000,-0.2028813086
0.0000000000,-0.2640798772
0.0000000000,0.3098455393
0.0000000000,-0.0700564084
0.0000000000,-0.1377905759
0.0000000000,0.4000208626
0.0000000000,0.0681186794
0.0000000000,-0.0009782481
0.0000000000,0.4635088316
0.0000000000,0.2010915634
0.0000000000,0.1359087883
0.0000000000,0.4960738524
0.0000000000,0.3187071425
0.0000000000,0.2624165097
0.0000000000,0.4955433526
0.0000000000,0.4119831490
0.0000000000,0.3688835578
0.0000000000,0.4619527246
0.0000000000,0.4737961211
0.0000000000,0.4471790748
0.0000000000,0.3975429640
0.0000000000,0.4994254199
0.0000000000,0.4913236547
0.0000000000,0.3066111618
0.0000000000,0.4869137432
0.0000000000,0.4979459887
0.0000000000,0.1952238247
0.0000000000,0.4372166041
0.0000000000,0.4665403308
0.0000000000,0.0708121484
0.0000000000,0.3541293590
0.0000000000,0.3995051223
0.0000000000,-0.0583237537
0.0000000000,0.2439973567
0.0000000000,0.3019598227
0.0000000000,-0.1835685920
0.0000000000,0.1152313466
0.0000000000,0.1813539384
0.0000000000,-0.2965666689
0.0000000000,-0.0223348483
0.0000000000,0.0468981060
0.0000000000,-0.3897793284
0.0000000000,-0.1581953373
0.0000000000,-0.0911393212
0.0000000000,-0.4569878965
0.0000000000,-0.2819744939
0.0000000000,-0.2222164647
0.0000000000,-0.4937085600
0.0000000000,-0.3842193396
0.0000000000,-0.3363230008
0.0000000000,-0.4974915032
0.0000000000,-0.4571214651
0.0000000000,-0.4247446462
0.0000000000,-0.4680843475
0.0000000000,-0.4951133559
0.0000000000,-0.4807286653
0.0000000000,-0.4074489885
0.0000000000,-0.4952935823
0.0000000000,-0.4999995747
0.0000000000,-0.3196307084
0.0000000000,-0.4576483805
0.0000000000,-0.4810856606
0.0000000000,-0.2104882956
0.0000000000,-0.3850527037
0.0000000000,-0.4254313732
0.0000000000,-0.0873031759
0.0000000000,-0.2830506628
0.0000000000,-0.3372870143
0.0000000000,0.0417063670
0.0000000000,-0.1594321244
0.0000000000,-0.2233841433
0.0000000000,0.1679334735
0.0000000000,-0.0236378005
0.0000000000,-0.0924214896
0.0000000000,0.2829569141
0.0000000000,0.1139617354
0.0000000000,0.0455993666
0.0000000000,0.3791029107
0.0000000000,0.2428580464
0.0000000000,0.1801378123
0.0000000000,0.4499570922
0.0000000000,0.3532073583
0.0000000000,0.3009191852
0.0000000000,0.4907924285
0.0000000000,0.4365823261
0.0000000000,0.3987194466
0.0000000000,0.4988845940
0.0000000000,0.4866156273
0.0000000000,0.4660696187
0.0000000000,0.4736937207
0.0000000000,0.4994862332
0.0000000000,0.4978261882
0.0000000000,0.4169004152
0.0000000000,0.4742112194
0.0000000000,0.4915639152
0.0000000000,0.3322936376
0.0000000000,0.4127208313
0.0000000000,0.4477610475
0.0000000000,0.2255179212
0.0000000000,0.3197110722
0.0000000000,0.3697627976
0.0000000000,0.1036967978
0.0000000000,0.2022850707
0.0000000000,0.2635258694
0.0000000000,-0.0250424477
0.0000000000,0.0694106165
0.0000000000,0.1371635464
0.0000000000,-0.1521109887
0.0000000000,-0.0687647065
0.0000000000,0.0003260829
0.0000000000,-0.2690314593
0.0000000000,-0.2016884886
0.0000000000,-0.1365362835
0.0000000000,-0.3680035214
0.0000000000,-0.3192093789
0.0000000000,-0.2629714132
0.0000000000,-0.4424242630
0.0000000000,-0.4123523409
0.0000000000,-0.3693234919
0.0000000000,-0.4873287115
0.0000000000,-0.4740040734
0.0000000000,-0.4474704418
0.0000000000,-0.4997210707
0.0000000000,-0.4994562514
0.0000000000,-0.4914442030
0.0000000000,-0.4787745856
0.0000000000,-0.4867650993
0.0000000000,-0.4978865120
0.0000000000,-0.4258866989
0.0000000000,-0.4368998367
0.0000000000,-0.4663053714
0.0000000000,-0.3445858211
0.0000000000,-0.3536686595
0.0000000000,-0.3991126240
0.0000000000,-0.2402959325
0.0000000000,-0.2434279086
0.0000000000,-0.3014397604
0.0000000000,-0.1199747233
0.0000000000,-0.1145966385
0.0000000000,-0.1807460291
0.0000000000,0.0083505882
0.0000000000,0.0229863440
0.0000000000,-0.0462487756
0.0000000000,0.1361187911
0.0000000000,0.1588138659
0.0000000000,0.0917804835
0.0000000000,0.2548058415
0.0000000000,0.2825128187
0.0000000000,0.2228004935
0.0000000000,0.3564935442
0.0000000000,0.3846363489
0.0000000000,0.3368052940
0.0000000000,0.4343978135
0.0000000000,0.4573853119
0.0000000000,0.4250883713
0.0000000000,0.4833212735
0.0000000000,0.4952038903
0.0000000000,0.4809075720
0.0000000000,0.5000000000
0.0000000000,0.4952038903
0.0000000000,0.5000000000
0.0000000000,0.4833212735
0.0000000000,0.4573853119
0.0000000000,0.4809075720
0.0000000000,0.4343978135
0.0000000000,0.3846363489
0.0000000000,0.4250883713
0.0000000000,0.3564935442
0.0000000000,0.2825128187
0.0000000000,0.3368052940
0.0000000000,0.2548058415
0.0000000000,0.1588138659
0.0000000000,0.2228004935
0.0000000000,0.1361187911
0.0000000000,0.0229863440
0.0000000000,0.0917804835
0.0000000000,0.0083505882
0.0000000000,-0.1145966385
0.0000000000,-0.0462487756
0.0000000000,-0.1199747233
0.0000000000,-0.2434279086
0.0000000000,-0.1807460291
0.0000000000,-0.2402959325
0.0000000000,-0.3536686595
0.0000000000,-0.3014397604
0.0000000000,-0.3445858210
0.0000000000,-0.4368998367
0.0000000000,-0.3991126240
0.0000000000,-0.4258866989
0.0000000000,-0.4867650993
0.0000000000,-0.4663053714
0.0000000000,-0.4787745856
0.0000000000,-0.4994562514
0.0000000000,-0.4978865120
0.0000000000,-0.4997210707
0.0000000000,-0.4740040734
0.0000000000,-0.4914442030
0.0000000000,-0.4873287115
0.0000000000,-0.4123523409
0.0000000000,-0.4474704418
0.0000000000,-0.4424242630
0.0000000000,-0.3192093789
0.0000000000,-0.3693234919
0.0000000000,-0.3680035214
0.0000000000,-0.2016884886
0.0000000000,-0.2629714132
0.0000000000,-0.2690314593
0.0000000000,-0.0687647065
0.0000000000,-0.1365362835
0.0000000000,-0.1521109887
0.0000000000,0.0694106165
0.0000000000,0.0003260829
0.0000000000,-0.0250424477
0.0000000000,0.2022850706
0.0000000000,0.1371635464
0.0000000000,0.1036967978
0.0000000000,0.3197110722
0.0000000000,0.2635258694
0.0000000000,0.2255179212
0.0000000000,0.4127208313
0.0000000000,0.3697627976
0.0000000000,0.3322936376
0.0000000000,0.4742112194
0.0000000000,0.4477610475
0.0000000000,0.4169004152
0.0000000000,0.4994862332
0.0000000000,0.4915639152
0.0000000000,0.4736937207
0.0000000000,0.4866156273
0.0000000000,0.4978261882
0.0000000000,0.4988845940
0.0000000000,0.4365823261
0.0000000000,0.4660696187
0.0000000000,0.4907924285
0.0000000000,0.3532073583
0.0000000000,0.3987194466
0.0000000000,0.4499570922
0.0000000000,0.2428580464
0.0000000000,0.3009191852
0.0000000000,0.3791029107
0.0000000000,0.1139617354
0.0000000000,0.1801378123
0.0000000000,0.2829569141
0.0000000000,-0.0236378005
0.0000000000,0.0455993666
0.0000000000,0.1679334735
0.0000000000,-0.1594321244
0.0000000000,-0.0924214896
0.0000000000,0.0417063670
0.0000000000,-0.2830506628
0.0000000000,-0.2233841433
0.0000000000,-0.0873031759
0.0000000000,-0.3850527037
0.0000000000,-0.3372870143
0.0000000000,-0.2104882956
0.0000000000,-0.4576483805
0.0000000000,-0.4254313732
0.0000000000,-0.3196307084
0.0000000000,-0.4952935823
0.0000000000,-0.4810856606
0.0000000000,-0.4074489885
0.0000000000,-0.4951133559
0.0000000000,-0.4999995747
0.0000000000,-0.4680843475
0.0000000000,-0.4571214651
0.0000000000,-0.4807286653
0.0000000000,-0.4974915032
0.0000000000,-0.3842193396
0.0000000000,-0.4247446462
0.0000000000,-0.4937085600
0.0000000000,-0.2819744939
0.0000000000,-0.3363230008
0.0000000000,-0.4569878965
0.0000000000,-0.1581953373
0.0000000000,-0.2222164647
0.0000000000,-0.3897793284
0.0000000000,-0.0223348483
0.0000000000,-0.0911393212
0.0000000000,-0.2965666689
0.0000000000,0.1152313466
0.0000000000,0.0468981060
0.0000000000,-0.1835685920
0.0000000000,0.2439973567
0.0000000000,0.1813539384
0.0000000000,-0.0583237537
0.0000000000,0.3541293590
0.0000000000,0.3019598227
0.0000000000,0.0708121484
0.0000000000,0.4372166041
0.0000000000,0.3995051223
0.0000000000,0.1952238246
0.0000000000,0.4869137432
0.0000000000,0.4665403308
0.0000000000,0.3066111618
0.0000000000,0.4994254199
0.0000000000,0.4979459887
0.0000000000,0.3975429640
0.0000000000,0.4737961211
0.0000000000,0.4913236547
0.0000000000,0.4619527246
0.0000000000,0.4119831490
0.0000000000,0.4471790748
0.0000000000,0.4955433526
0.0000000000,0.3187071426
0.0000000000,0.3688835578
0.0000000000,0.4960738524
0.0000000000,0.2010915634
0.0000000000,0.2624165097
0.0000000000,0.4635088316
0.0000000000,0.0681186794
0.0000000000,0.1359087883
0.0000000000,0.4000208626
0.0000000000,-0.0700564084
0.0000000000,-0.0009782481
0.0000000000,0.3098455393
0.0000000000,-0.2028813086
0.0000000000,-0.1377905759
0.0000000000,0.1989988999
0.0000000000,-0.3202122216
0.0000000000,-0.2640798772
0.0000000000,0.0748760676
0.0000000000,-0.4130886195
0.0000000000,-0.3702014743
0.0000000000,-0.0542421146
0.0000000000,-0.4744175585
0.0000000000,-0.4480508915
0.0000000000,-0.1797415391
0.0000000000,-0.4995153653
0.0000000000,-0.4916827911
0.0000000000,-0.2932495238
0.0000000000,-0.4864653274
0.0000000000,-0.4977650176
0.0000000000,-0.3871933939
0.0000000000,-0.4362640726
0.0000000000,-0.4658330730
0.0000000000,-0.4553056932
0.0000000000,-0.3527454563
0.0000000000,-0.3983255909
0.0000000000,-0.4930423158
0.0000000000,-0.2422877710
0.0000000000,-0.3003980981
0.0000000000,-0.4978856666
0.0000000000,-0.1133266385
0.0000000000,-0.1795292891
0.0000000000,-0.4695126219
0.0000000000,0.0242892168
0.0000000000,-0.0449498799
0.0000000000,-0.4098160867
0.0000000000,0.1600501116
0.0000000000,0.0930623386
0.0000000000,-0.3227787096
0.0000000000,0.2835880254
0.0000000000,0.2239674131
0.0000000000,-0.2142071813
0.0000000000,0.3854684035
0.0000000000,0.3377681607
0.0000000000,-0.0913448410
0.0000000000,0.4579106706
0.0000000000,0.4257736513
0.0000000000,0.0376115619
0.0000000000,0.4812629307
0.0000000000,-0.3764206024
0.0000000000,-0.4835325769
0.0000000000,-0.4648128316
0.0000000000,-0.2940241439
0.0000000000,-0.4999253477
0.0000000000,-0.4952931697
0.0000000000,-0.1969722916
0.0000000000,-0.4876413425
0.0000000000,-0.4973624433
0.0000000000,-0.0901025159
0.0000000000,-0.4473851978
0.0000000000,-0.4709019545
0.0000000000,0.0212583461
0.0000000000,-0.3814660913
0.0000000000,-0.4174295329
0.0000000000,0.1315596033
0.0000000000,-0.2936652824
0.0000000000,-0.3400124699
0.0000000000,0.2353033793
0.0000000000,-0.1890192113
0.0000000000,-0.2430915720
0.0000000000,0.3273186501
0.0000000000,-0.0735305983
0.0000000000,-0.1322264269
0.0000000000,0.4030189896
0.0000000000,0.0461758855
0.0000000000,-0.0137764942
0.0000000000,0.4586311762
0.0000000000,0.1632336227
0.0000000000,0.1054636873
0.0000000000,0.4913832656
0.0000000000,0.2709279339
0.0000000000,0.2186542486
0.0000000000,0.4996427567
0.0000000000,0.3630812454
0.0000000000,0.3193023394
0.0000000000,0.4829979620
0.0000000000,0.4344074482
0.0000000000,0.4016345722
0.0000000000,0.4422785275
0.0000000000,0.4808151203
0.0000000000,0.4609281959
0.0000000000,0.3795140804
0.0000000000,0.4996422196
0.0000000000,0.4937820027
0.0000000000,0.2978330633
0.0000000000,0.4898087836
0.0000000000,0.4983114288
0.0000000000,0.2013067999
0.0000000000,0.4518788791
0.0000000000,0.4742566567
0.0000000000,0.0947465632
0.0000000000,0.3880282457
0.0000000000,0.4229975189
0.0000000000,-0.0165362387
0.0000000000,0.3019194909
0.0000000000,0.3474743483
0.0000000000,-0.1269948052
0.0000000000,0.1984919951
0.0000000000,0.2520193136
0.0000000000,-0.2311234193
0.0000000000,0.0836785784
0.0000000000,0.1421079176
0.0000000000,-0.3237318748
0.0000000000,-0.0359348187
0.0000000000,0.0240449108
0.0000000000,-0.4002041790
0.0000000000,-0.1534869186
0.0000000000,-0.0953973630
0.0000000000,-0.4567286322
0.0000000000,-0.2622346839
0.0000000000,-0.2093674422
0.0000000000,-0.4904878189
0.0000000000,-0.3559401128
0.0000000000,-0.3113277618
0.0000000000,-0.4997990402
0.0000000000,-0.4292280634
0.0000000000,-0.3954296620
0.0000000000,-0.4841981857
0.0000000000,-0.4778945839
0.0000000000,-0.4568488799
0.0000000000,-0.4444628674
0.0000000000,-0.4991480596
0.0000000000,-0.4920622791
0.0000000000,-0.3825736598
0.0000000000,-0.4917693462
0.0000000000,-0.4990499446
0.0000000000,-0.3016153799
0.0000000000,-0.4561817023
0.0000000000,-0.4774110490
0.0000000000,-0.2056233274
0.0000000000,-0.3944265104
0.0000000000,-0.4283868453
0.0000000000,-0.0993821477
0.0000000000,-0.3100461791
0.0000000000,-0.3547894654
0.0000000000,0.0118126542
0.0000000000,-0.2078809427
0.0000000000,-0.2608406108
0.0000000000,0.1224186639
0.0000000000,-0.0937912155
0.0000000000,-0.1519293868
0.0000000000,0.2269228151
0.0000000000,0.0256785743
0.0000000000,-0.0343031716
0.0000000000,0.3201161836
0.0000000000,0.1436753868
0.0000000000,0.0852907461
0.0000000000,0.3973536219
0.0000000000,0.2534306750
0.0000000000,0.1999922062
0.0000000000,0.4547852928
0.0000000000,0.3486486433
0.0000000000,0.3032216900
0.0000000000,0.4895485615
0.0000000000,0.4238673875
0.0000000000,0.3890577359
0.0000000000,0.4999106812
0.0000000000,0.4747722012
0.0000000000,0.4525766066
0.0000000000,0.4853551605
0.0000000000,0.4984430767
0.0000000000,0.4901347253
0.0000000000,0.4466075076
0.0000000000,0.4935222023
0.0000000000,0.4995776788
0.0000000000,0.3855990674
0.0000000000,0.4602918499
0.0000000000,0.4803637994
0.0000000000,0.3053707561
0.0000000000,0.4006581828
0.0000000000,0.4335952357
0.0000000000,0.2099214884
0.0000000000,0.3180419143
0.0000000000,0.3619547316
0.0000000000,0.1040088552
0.0000000000,0.2171820885
0.0000000000,0.2695517380
0.0000000000,-0.0070880146
0.0000000000,0.1038642384
0.0000000000,0.1616866862
0.0000000000,-0.1178315881
0.0000000000,-0.0154114842
0.0000000000,0.0445469439
0.0000000000,-0.2227019421
0.0000000000,-0.1338031714
0.0000000000,-0.0751481054
0.0000000000,-0.3164718994
0.0000000000,-0.2445196256
0.0000000000,-0.1905325003
0.0000000000,-0.3944675728
0.0000000000,-0.3412099165
0.0000000000,-0.2949875477
0.0000000000,-0.4528013316
0.0000000000,-0.4183276844
0.0000000000,-0.3825214851
0.0000000000,-0.4885655772
0.0000000000,-0.4714492910
0.0000000000,-0.4481131804
0.0000000000,-0.4999776698
0.0000000000,-0.4975275684
0.0000000000,-0.4880001554
0.0000000000,-0.4864687831
0.0000000000,-0.4950666115
0.0000000000,-0.4998944086
0.0000000000,-0.4487122564
0.0000000000,-0.4642075860
0.0000000000,-0.4831136605
0.0000000000,-0.3885900331
0.0000000000,-0.4067206308
0.0000000000,-0.4386204903
0.0000000000,-0.3090988563
0.0000000000,-0.3259033195
0.0000000000,-0.3689671205
0.0000000000,-0.2142008991
0.0000000000,-0.2263915040
0.0000000000,-0.2781490157
0.0000000000,-0.1086262726
0.0000000000,-0.1138933926
0.0000000000,-0.1713756947
0.0000000000,0.0023627419
0.0000000000,0.0051378847
0.0000000000,-0.0547719011
0.0000000000,0.1132339874
0.0000000000,0.1238744422
0.0000000000,0.0649737246
0.0000000000,0.2184611771
0.0000000000,0.2355052995
0.0000000000,0.1809923200
0.0000000000,0.3127993476
0.0000000000,0.3336270743
0.0000000000,0.2866288128
0.0000000000,0.3915462895
0.0000000000,0.4126112941
0.0000000000,0.3758236703
0.0000000000,0.4507769259
0.0000000000,0.4679272567
0.0000000000,0.4434604866
0.0000000000,0.4875389538
0.0000000000,0.4964019216
0.0000000000,0.4856594709
0.0000000000,0.5000000000
0.0000000000,0.4964019216
0.0000000000,0.5000000000
0.0000000000,0.4875389538
0.0000000000,0.4679272567
0.0000000000,0.4856594709
0.0000000000,0.4507769259
0.0000000000,0.4126112941
0.0000000000,0.4434604866
0.0000000000,0.3915462895
0.0000000000,0.3336270743
0.0000000000,0.3758236703
0.0000000000,0.3127993476
0.0000000000,0.2355052995
0.0000000000,0.2866288128
0.0000000000,0.2184611771
0.0000000000,0.1238744422
0.0000000000,0.1809923200
0.0000000000,0.1132339874
0.0000000000,0.0051378847
0.0000000000,0.0649737246
0.0000000000,0.0023627419
0.0000000000,-0.1138933926
0.0000000000,-0.0547719011
0.0000000000,-0.1086262726
0.0000000000,-0.2263915040
0.0000000000,-0.1713756947
0.0000000000,-0.2142008991
0.0000000000,-0.3259033195
0.0000000000,-0.2781490157
0.0000000000,-0.3090988563
0.0000000000,-0.4067206308
0.0000000000,-0.3689671205
0.0000000000,-0.3885900331
0.0000000000,-0.4642075860
0.0000000000,-0.4386204903
0.0000000000,-0.4487122564
0.0000000000,-0.4950666115
0.0000000000,-0.4831136605
0.0000000000,-0.4864687831
0.0000000000,-0.4975275684
0.0000000000,-0.4998944086
0.0000000000,-0.4999776698
0.0000000000,-0.4714492910
0.0000000000,-0.4880001554
0.0000000000,-0.4885655772
0.0000000000,-0.4183276844
0.0000000000,-0.4481131804
0.0000000000,-0.4528013316
0.0000000000,-0.3412099165
0.0000000000,-0.3825214851
0.0000000000,-0.3944675728
0.0000000000,-0.2445196256
0.0000000000,-0.2949875477
0.0000000000,-0.3164718994
0.0000000000,-0.1338031714
0.0000000000,-0.1905325003
0.0000000000,-0.2227019421
0.0000000000,-0.0154114842
0.0000000000,-0.0751481054
0.0000000000,-0.1178315881
0.0000000000,0.1038642384
0.0000000000,0.0445469439
0.0000000000,-0.0070880146
0.0000000000,0.2171820885
0.0000000000,0.1616866862
0.0000000000,0.1040088552
0.0000000000,0.3180419143
0.0000000000,0.2695517380
0.0000000000,0.2099214884
0.0000000000,0.4006581828
0.0000000000,0.3619547316
0.0000000000,0.3053707561
0.0000000000,0.4602918499
0.0000000000,0.4335952357
0.0000000000,0.3855990674
0.0000000000,0.4935222023
0.0000000000,0.4803637994
0.0000000000,0.4466075076
0.0000000000,0.4984430767
0.0000000000,0.4995776788
0.0000000000,0.4853551605
0.0000000000,0.4747722012
0.0000000000,0.4901347253
0.0000000000,0.4999106812
0.0000000000,0.4238673875
0.0000000000,0.4525766066
0.0000000000,0.4895485615
0.0000000000,0.3486486433
0.0000000000,0.3890577359
0.0000000000,0.4547852928
0.0000000000,0.2534306750
0.0000000000,0.3032216900
0.0000000000,0.3973536219
0.0000000000,0.1436753868
0.0000000000,0.1999922062
0.0000000000,0.3201161836
0.0000000000,0.0256785743
0.0000000000,0.0852907461
0.0000000000,0.2269228151
0.0000000000,-0.0937912155
0.0000000000,-0.0343031716
0.0000000000,0.1224186639
0.0000000000,-0.2078809427
0.0000000000,-0.1519293868
0.0000000000,0.0118126542
0.0000000000,-0.3100461791
0.0000000000,-0.2608406108
0.0000000000,-0.0993821477
0.0000000000,-0.3944265104
0.0000000000,-0.3547894654
0.0000000000,-0.2056233274
0.0000000000,-0.4561817023
0.0000000000,-0.4283868453
0.0000000000,-0.3016153799
0.0000000000,-0.4917693462
0.0000000000,-0.4774110490
0.0000000000,-0.3825736598
0.0000000000,-0.4991480596
0.0000000000,-0.4990499446
0.0000000000,-0.4444628674
0.0000000000,-0.4778945839
0.0000000000,-0.4920622791
0.0000000000,-0.4841981857
0.0000000000,-0.4292280634
0.0000000000,-0.4568488799
0.0000000000,-0.4997990402
0.0000000000,-0.3559401128
0.0000000000,-0.3954296620
0.0000000000,-0.4904878189
0.0000000000,-0.2622346839
0.0000000000,-0.3113277618
0.0000000000,-0.4567286322
0.0000000000,-0.1534869186
0.0000000000,-0.2093674422
0.0000000000,-0.4002041790
0.0000000000,-0.0359348187
0.0000000000,-0.0953973630
0.0000000000,-0.3237318748
0.0000000000,0.0836785784
0.0000000000,0.0240449108
0.0000000000,-0.2311234193
0.0000000000,0.1984919951
0.0000000000,0.1421079176
0.0000000000,-0.1269948052
0.0000000000,0.3019194909
0.0000000000,0.2520193136
0.0000000000,-0.0165362387
0.0000000000,0.3880282457
0.0000000000,0.3474743483
0.0000000000,0.0947465632
0.0000000000,0.4518788791
0.0000000000,0.4229975189
0.0000000000,0.2013067999
0.0000000000,0.4898087836
0.0000000000,0.4742566567
0.0000000000,0.2978330633
0.0000000000,0.4996422196
0.0000000000,0.4983114288
0.0000000000,0.3795140803
0.0000000000,0.4808151203
0.0000000000,0.4937820027
0.0000000000,0.4422785275
0.0000000000,0.4344074482
0.0000000000,0.4609281959
0.0000000000,0.4829979620
0.0000000000,0.3630812454
0.0000000000,0.4016345722
0.0000000000,0.4996427567
0.0000000000,0.2709279339
0.0000000000,0.3193023394
0.0000000000,0.4913832656
0.0000000000,0.1632336227
0.0000000000,0.2186542486
0.0000000000,0.4586311762
0.0000000000,0.0461758855
0.0000000000,0.1054636873
0.0000000000,0.4030189896
0.0000000000,-0.0735305983
0.0000000000,-0.0137764942
0.0000000000,0.3273186501
0.0000000000,-0.1890192113
0.0000000000,-0.1322264269
0.0000000000,0.2353033793
0.0000000000,-0.2936652824
0.0000000000,-0.2430915719
0.0000000000,0.1315596033
0.0000000000,-0.3814660913
0.0000000000,-0.3400124699
0.0000000000,0.0212583461
0.0000000000,-0.4473851978
0.0000000000,-0.4174295329
0.0000000000,-0.0901025159
0.0000000000,-0.4876413425
0.0000000000,-0.4709019545
0.0000000000,-0.1969722916
0.0000000000,-0.4999253477
0.0000000000,-0.4973624433
0.0000000000,-0.2940241439
0.0000000000,-0.4835325769
0.0000000000,-0.4952931697
0.0000000000,-0.3764206024
0.0000000000,-0.4648128316
0.0000000000,0.4751266016
0.0000000000,0.1872429335
0.0000000000,0.1383862521
0.0000000000,0.4961322269
0.0000000000,0.2784543058
0.0000000000,0.2340991520
0.0000000000,0.4988504783
0.0000000000,0.3577976799
0.0000000000,0.3198345142
0.0000000000,0.4831811613
0.0000000000,0.4218913626
0.0000000000,0.3919382128
0.0000000000,0.4497018451
0.0000000000,0.4680036177
0.0000000000,0.4473371166
0.0000000000,0.3996465732
0.0000000000,0.4941690952
0.0000000000,0.4836700695
0.0000000000,0.3348603770
0.0000000000,0.4992725964
0.0000000000,0.4993885252
0.0000000000,0.2577312677
0.0000000000,0.4830966053
0.0000000000,0.4938225474
0.0000000000,0.1711022150
0.0000000000,0.4463305584
0.0000000000,0.4672093637
0.0000000000,0.0781663554
0.0000000000,0.3905414612
0.0000000000,0.4206832542
0.0000000000,-0.0176507066
0.0000000000,0.3181071002
0.0000000000,0.3562272079
0.0000000000,-0.1128171657
0.0000000000,0.2321146996
0.0000000000,0.2765884052
0.0000000000,-0.2038251977
0.0000000000,0.1362293406
0.0000000000,0.1851611308
0.0000000000,-0.2873202576
0.0000000000,0.0345377523
0.0000000000,0.0858421057
0.0000000000,-0.3602247275
0.0000000000,-0.0686258693
0.0000000000,-0.0171355950
0.0000000000,-0.4198513575
0.0000000000,-0.1688645883
0.0000000000,-0.1193829596
0.0000000000,-0.4640023172
0.0000000000,-0.2619061314
0.0000000000,-0.2165421043
0.0000000000,-0.4910502075
0.0000000000,-0.3437849758
0.0000000000,-0.3044720101
0.0000000000,-0.4999980466
0.0000000000,-0.4110113641
0.0000000000,-0.3794250173
0.0000000000,-0.4905160180
0.0000000000,-0.4607200411
0.0000000000,-0.4382065546
0.0000000000,-0.4629536284
0.0000000000,-0.4907923738
0.0000000000,-0.4783112946
0.0000000000,-0.4183268239
0.0000000000,-0.4999466494
0.0000000000,-0.4980299336
0.0000000000,-0.3582805433
0.0000000000,-0.4877927039
0.0000000000,-0.4965220436
0.0000000000,-0.2850280851
0.0000000000,-0.4548485502
0.0000000000,-0.4738518925
0.0000000000,-0.2012695262
0.0000000000,-0.4025183010
0.0000000000,-0.4309857046
0.0000000000,-0.1100921969
0.0000000000,-0.3330323232
0.0000000000,-0.3697504791
0.0000000000,-0.0148568825
0.0000000000,-0.2493521780
0.0000000000,-0.2927561221
0.0000000000,0.0809260548
0.0000000000,-0.1550443961
0.0000000000,-0.2032842093
0.0000000000,0.1737260675
0.0000000000,-0.0541284684
0.0000000000,-0.1051481221
0.0000000000,0.2601225584
0.0000000000,0.0490944681
0.0000000000,-0.0025305179
0.0000000000,0.3369309632
0.0000000000,0.1502249498
0.0000000000,0.1001949395
0.0000000000,0.4013201334
0.0000000000,0.2449526954
0.0000000000,0.1986499893
0.0000000000,0.4509166919
0.0000000000,0.3292403145
0.0000000000,0.2886383799
0.0000000000,0.4838925158
0.0000000000,0.3994953855
0.0000000000,0.3663247170
0.0000000000,0.4990321199
0.0000000000,0.4527235675
0.0000000000,0.4283979318
0.0000000000,0.4957774605
0.0000000000,0.4866562228
0.0000000000,0.4722124026
0.0000000000,0.4742485037
0.0000000000,0.4998471079
0.0000000000,0.4959007132
0.0000000000,0.4352388045
0.0000000000,0.4917340144
0.0000000000,0.4984532444
0.0000000000,0.3801862555
0.0000000000,0.4626627303
0.0000000000,0.4797612047
0.0000000000,0.3111200871
0.0000000000,0.4138723024
0.0000000000,0.4406212674
0.0000000000,0.2305860698
0.0000000000,0.3474422272
0.0000000000,0.3827016154
0.0000000000,0.1415526779
0.0000000000,0.2662038203
0.0000000000,0.3084708416
0.0000000000,0.0473016714
0.0000000000,0.1736195429
0.0000000000,0.2210927350
0.0000000000,-0.0486928690
0.0000000000,0.0736354287
0.0000000000,0.1242914372
0.0000000000,-0.1428925961
0.0000000000,-0.0294871004
0.0000000000,0.0221927152
0.0000000000,-0.2318253194
0.0000000000,-0.1313528601
0.0000000000,-0.0808518823
0.0000000000,-0.3122129894
0.0000000000,-0.2276202308
0.0000000000,-0.1804504924
0.0000000000,-0.3810925264
0.0000000000,-0.3141862019
0.0000000000,-0.2723581240
0.0000000000,-0.4359250390
0.0000000000,-0.3873612460
0.0000000000,-0.3526575825
0.0000000000,-0.4746894072
0.0000000000,-0.4440265701
0.0000000000,-0.4179264257
0.0000000000,-0.4959567813
0.0000000000,-0.4817670422
0.0000000000,-0.4653828308
0.0000000000,-0.4989432484
0.0000000000,-0.4989741259
0.0000000000,-0.4930041589
0.0000000000,-0.4835387276
0.0000000000,-0.4949144382
0.0000000000,-0.4996131615
0.0000000000,-0.4503110278
0.0000000000,-0.4697610072
0.0000000000,-0.4849281564
0.0000000000,-0.4004849179
0.0000000000,-0.4245858968
0.0000000000,-0.4495750331
0.0000000000,-0.3358969824
0.0000000000,-0.3613145151
0.0000000000,-0.3950605767
0.0000000000,-0.2589279246
0.0000000000,-0.2826435509
0.0000000000,-0.3237082474
0.0000000000,-0.1724148149
0.0000000000,-0.1919260388
0.0000000000,-0.2385591520
0.0000000000,-0.0795465159
0.0000000000,-0.0930284488
0.0000000000,-0.1432424293
0.0000000000,0.0162538580
0.0000000000,0.0098341058
0.0000000000,-0.0418205725
0.0000000000,0.1114551167
0.0000000000,0.1122775210
0.0000000000,0.0613837186
0.0000000000,0.2025481533
0.0000000000,0.2099355571
0.0000000000,0.1619717747
0.0000000000,0.2861752894
0.0000000000,0.2986459319
0.0000000000,0.2556564335
0.0000000000,0.3592540390
0.0000000000,0.3746277214
0.0000000000,0.3384447619
0.0000000000,0.4190907280
0.0000000000,0.4346425064
0.0000000000,0.4068082395
0.0000000000,0.4634797835
0.0000000000,0.4761323974
0.0000000000,0.4578331470
0.0000000000,0.4907850302
0.0000000000,0.4973290542
0.0000000000,0.4893447524
0.0000000000,0.5000000000
0.0000000000,0.4973290542
0.0000000000,0.5000000000
0.0000000000,0.4907850302
0.0000000000,0.4761323974
0.0000000000,0.4893447524
0.0000000000,0.4634797835
0.0000000000,0.4346425064
0.0000000000,0.4578331470
0.0000000000,0.4190907280
0.0000000000,0.3746277214
0.0000000000,0.4068082395
0.0000000000,0.3592540390
0.0000000000,0.2986459319
0.0000000000,0.3384447619
0.0000000000,0.2861752894
0.0000000000,0.2099355571
0.0000000000,0.2556564335
0.0000000000,0.2025481533
0.0000000000,0.1122775210
0.0000000000,0.1619717747
0.0000000000,0.1114551167
0.0000000000,0.0098341058
0.0000000000,0.0613837186
0.0000000000,0.0162538580
0.0000000000,-0.0930284488
0.0000000000,-0.0418205725
0.0000000000,-0.0795465159
0.0000000000,-0.1919260388
0.0000000000,-0.1432424293
0.0000000000,-0.1724148149
0.0000000000,-0.2826435509
0.0000000000,-0.2385591520
0.0000000000,-0.2589279246
0.0000000000,-0.3613145151
0.0000000000,-0.3237082474
0.0000000000,-0.3358969824
0.0000000000,-0.4245858968
0.0000000000,-0.3950605767
0.0000000000,-0.4004849179
0.0000000000,-0.4697610072
0.0000000000,-0.4495750331
0.0000000000,-0.4503110278
0.0000000000,-0.4949144382
0.0000000000,-0.4849281564
0.0000000000,-0.4835387276
0.0000000000,-0.4989741259
0.0000000000,-0.4996131615
0.0000000000,-0.4989432484
0.0000000000,-0.4817670422
0.0000000000,-0.4930041589
0.0000000000,-0.4959567813
0.0000000000,-0.4440265701
0.0000000000,-0.4653828308
0.0000000000,-0.4746894072
0.0000000000,-0.3873612460
0.0000000000,-0.4179264257
0.0000000000,-0.4359250390
0.0000000000,-0.3141862019
0.0000000000,-0.3526575825
0.0000000000,-0.3810925264
0.0000000000,-0.2276202308
0.0000000000,-0.2723581240
0.0000000000,-0.3122129894
0.0000000000,-0.1313528601
0.0000000000,-0.1804504925
0.0000000000,-0.2318253194
0.0000000000,-0.0294871004
0.0000000000,-0.0808518823
0.0000000000,-0.1428925961
0.0000000000,0.0736354287
0.0000000000,0.0221927152
0.0000000000,-0.0486928690
0.0000000000,0.1736195429
0.0000000000,0.1242914372
0.0000000000,0.0473016714
0.0000000000,0.2662038203
0.0000000000,0.2210927350
0.0000000000,0.1415526779
0.0000000000,0.3474422272
0.0000000000,0.3084708416
0.0000000000,0.2305860698
0.0000000000,0.4138723024
0.0000000000,0.3827016154
0.0000000000,0.3111200871
0.0000000000,0.4626627303
0.0000000000,0.4406212674
0.0000000000,0.3801862555
0.0000000000,0.4917340144
0.0000000000,0.4797612047
0.0000000000,0.4352388045
0.0000000000,0.4998471079
0.0000000000,0.4984532444
0.0000000000,0.4742485037
0.0000000000,0.4866562228
0.0000000000,0.4959007132
0.0000000000,0.4957774605
0.0000000000,0.4527235675
0.0000000000,0.4722124026
0.0000000000,0.4990321199
0.0000000000,0.3994953855
0.0000000000,0.4283979318
0.0000000000,0.4838925158
0.0000000000,0.3292403145
0.0000000000,0.3663247170
0.0000000000,0.4509166919
0.0000000000,0.2449526954
0.0000000000,0.2886383799
0.0000000000,0.4013201334
0.0000000000,0.1502249498
0.0000000000,0.1986499893
0.0000000000,0.3369309632
0.0000000000,0.0490944681
0.0000000000,0.1001949395
0.0000000000,0.2601225584
0.0000000000,-0.0541284684
0.0000000000,-0.0025305179
0.0000000000,0.1737260675
0.0000000000,-0.1550443961
0.0000000000,-0.1051481221
0.0000000000,0.0809260548
0.0000000000,-0.2493521780
0.0000000000,-0.2032842092
0.0000000000,-0.0148568825
0.0000000000,-0.3330323232
0.0000000000,-0.2927561221
0.0000000000,-0.1100921969
0.0000000000,-0.4025183010
0.0000000000,-0.3697504791
0.0000000000,-0.2012695262
0.0000000000,-0.4548485502
0.0000000000,-0.4309857046
0.0000000000,-0.2850280851
0.0000000000,-0.4877927039
0.0000000000,-0.4738518925
0.0000000000,-0.3582805433
0.0000000000,-0.4999466494
0.0000000000,-0.4965220436
0.0000000000,-0.4183268239
0.0000000000,-0.4907923738
0.0000000000,-0.4980299336
0.0000000000,-0.4629536284
0.0000000000,-0.4607200411
0.0000000000,-0.4783112946
0.0000000000,-0.4905160180
0.0000000000,-0.4110113641
0.0000000000,-0.4382065546
0.0000000000,-0.4999980466
0.0000000000,-0.3437849758
0.0000000000,-0.3794250173
0.0000000000,-0.4910502075
0.0000000000,-0.2619061314
0.0000000000,-0.3044720101
0.0000000000,-0.4640023172
0.0000000000,-0.1688645883
0.0000000000,-0.2165421043
0.0000000000,-0.4198513575
0.0000000000,-0.0686258693
0.0000000000,-0.1193829596
0.0000000000,-0.3602247275
0.0000000000,0.0345377523
0.0000000000,-0.0171355950
0.0000000000,-0.2873202576
0.0000000000,0.1362293406
0.0000000000,0.0858421057
0.0000000000,-0.2038251977
0.0000000000,0.2321146996
0.0000000000,0.1851611308
0.0000000000,-0.1128171657
0.0000000000,0.3181071002
0.0000000000,0.2765884052
0.0000000000,-0.0176507066
0.0000000000,0.3905414612
0.0000000000,0.3562272079
0.0000000000,0.0781663554
0.0000000000,0.4463305584
0.0000000000,0.4206832542
0.0000000000,0.1711022150
0.0000000000,0.4830966053
0.0000000000,0.4672093637
0.0000000000,0.2577312677
0.0000000000,0.4992725964
0.0000000000,0.4938225474
0.0000000000,0.3348603770
0.0000000000,0.4941690952
0.0000000000,0.4993885252
0.0000000000,0.3996465732
0.0000000000,0.4680036177
0.0000000000,0.4836700695
0.0000000000,0.4497018451
0.0000000000,0.4218913626
0.0000000000,0.4473371166
0.0000000000,0.4831811613
0.0000000000,0.3577976799
0.0000000000,0.3919382128
0.0000000000,0.4988504783
0.0000000000,0.2784543058
0.0000000000,0.3198345142
0.0000000000,0.4961322269
0.0000000000,0.1872429335
0.0000000000,0.2340991520
0.0000000000,0.4751266016
0.0000000000,0.1383862521
0.0000000000,0.0142673411
0.0000000000,0.3576654802
0.0000000000,0.3871993984
0.0000000000,-0.0677907913
0.0000000000,0.2904216167
0.0000000000,0.3253215147
0.0000000000,-0.1480177549
0.0000000000,0.2140687328
0.0000000000,0.2532399819
0.0000000000,-0.2242464544
0.0000000000,0.1310016227
0.0000000000,0.1732156238
0.0000000000,-0.2944177958
0.0000000000,0.0438256710
0.0000000000,0.0877583897
0.0000000000,-0.3566363067
0.0000000000,-0.0447248649
0.0000000000,-0.0004513701
0.0000000000,-0.4092213372
0.0000000000,-0.1318726136
0.0000000000,-0.0886469727
0.0000000000,-0.4507524574
0.0000000000,-0.2148842022
0.0000000000,-0.1740621794
0.0000000000,-0.4801078263
0.0000000000,-0.2911559875
0.0000000000,-0.2540179581
0.0000000000,-0.4964944950
0.0000000000,-0.3582957190
0.0000000000,-0.3260065104
0.0000000000,-0.4994698258
0.0000000000,-0.4141975716
0.0000000000,-0.3877699288
0.0000000000,-0.4889534489
0.0000000000,-0.4571081939
0.0000000000,-0.4373710151
0.0000000000,-0.4652294334
0.0000000000,-0.4856817022
0.0000000000,-0.4732540403
0.0000000000,-0.4289386136
0.0000000000,-0.4990218937
0.0000000000,-0.4942935400
0.0000000000,-0.3810612793
0.0000000000,-0.4967103557
0.0000000000,-0.4998296142
0.0000000000,-0.3228906958
0.0000000000,-0.4788195892
0.0000000000,-0.4896886250
0.0000000000,-0.2559981703
0.0000000000,-0.4459107349
0.0000000000,-0.4641886425
0.0000000000,-0.1821906074
0.0000000000,-0.3990159727
0.0000000000,-0.4241294691
0.0000000000,-0.1034617014
0.0000000000,-0.3396061483
0.0000000000,-0.3707675533
0.0000000000,-0.0219380819
0.0000000000,-0.2695446399
0.0000000000,-0.3057765817
0.0000000000,0.0601781302
0.0000000000,-0.1910289136
0.0000000000,-0.2311949841
0.0000000000,0.1406688073
0.0000000000,-0.1065216008
0.0000000000,-0.1493619986
0.0000000000,0.2173597304
0.0000000000,-0.0186732577
0.0000000000,-0.0628443016
0.0000000000,0.2881793200
0.0000000000,0.0697607687
0.0000000000,0.0256444953
0.0000000000,0.3512145933
0.0000000000,0.1560067615
0.0000000000,0.1133289573
0.0000000000,0.4047628377
0.0000000000,0.2373596311
0.0000000000,0.1974588775
0.0000000000,0.4473776051
0.0000000000,0.3112677597
0.0000000000,0.2753955366
0.0000000000,0.4779077828
0.0000000000,0.3754130325
0.0000000000,0.3446944655
0.0000000000,0.4955286881
0.0000000000,0.4277835450
0.0000000000,0.4031821162
0.0000000000,0.4997643439
0.0000000000,0.4667367057
0.0000000000,0.4490240344
0.0000000000,0.4905003365
0.0000000000,0.4910507559
0.0000000000,0.4807823968
0.0000000000,0.4679869058
0.0000000000,0.4999630898
0.0000000000,0.4974611081
0.0000000000,0.4328321858
0.0000000000,0.4931941739
0.0000000000,0.4985370438
0.0000000000,0.3859857780
0.0000000000,0.4709563139
0.0000000000,0.4839764572
0.0000000000,0.3287131001
0.0000000000,0.4339469962
0.0000000000,0.4542360385
0.0000000000,0.2625612051
0.0000000000,0.3833270111
0.0000000000,0.4102485904
0.0000000000,0.1893169916
0.0000000000,0.3206840452
0.0000000000,0.3533937711
0.0000000000,0.1109589367
0.0000000000,0.2479828834
0.0000000000,0.2854548215
0.0000000000,0.0296036526
0.0000000000,0.1675037844
0.0000000000,0.2085626342
0.0000000000,-0.0525512870
0.0000000000,0.0817709602
0.0000000000,0.1251289184
0.0000000000,-0.1332867083
0.0000000000,-0.0065265951
0.0000000000,0.0377705573
0.0000000000,-0.2104217813
0.0000000000,-0.0946194450
0.0000000000,-0.0507724705
0.0000000000,-0.2818729291
0.0000000000,-0.1797445734
0.0000000000,-0.1377230290
0.0000000000,-0.3457101091
0.0000000000,-0.2592320466
0.0000000000,-0.2203539303
0.0000000000,-0.4002089477
0.0000000000,-0.3305887545
0.0000000000,-0.2960734712
0.0000000000,-0.4438973192
0.0000000000,-0.3915766072
0.0000000000,-0.3625067224
0.0000000000,-0.4755951108
0.0000000000,-0.4402827320
0.0000000000,-0.4175700173
0.0000000000,-0.4944460999
0.0000000000,-0.4751794704
0.0000000000,-0.4595363058
0.0000000000,-0.4999410825
0.0000000000,-0.4951722924
0.0000000000,-0.4870893230
0.0000000000,-0.4919316278
0.0000000000,-0.4996341271
0.0000000000,-0.4993648737
0.0000000000,-0.4706340877
0.0000000000,-0.4884250297
0.0000000000,-0.4959779373
0.0000000000,-0.4366237525
0.0000000000,-0.4618965715
0.0000000000,-0.4770347447
0.0000000000,-0.3908193114
0.0000000000,-0.4208808128
0.0000000000,-0.4431294454
0.0000000000,-0.3344580366
0.0000000000,-0.3666642051
0.0000000000,-0.3953254730
0.0000000000,-0.2690623621
0.0000000000,-0.3009472425
0.0000000000,-0.3351221902
0.0000000000,-0.1963987595
0.0000000000,-0.2257911252
0.0000000000,-0.2644078619
0.0000000000,-0.1184300224
0.0000000000,-0.1435531110
0.0000000000,-0.1854004299
0.0000000000,-0.0372622466
0.0000000000,-0.0568125800
0.0000000000,-0.1005779476
0.0000000000,0.0449120590
0.0000000000,0.0317098671
0.0000000000,-0.0126008566
0.0000000000,0.1258731976
0.0000000000,0.1192377400
0.0000000000,0.0757714579
0.0000000000,0.2034342421
0.0000000000,0.2030257433
0.0000000000,0.1617672147
0.0000000000,0.2755001091
0.0000000000,0.2804458817
0.0000000000,0.2426891727
0.0000000000,0.3401241514
0.0000000000,0.3490698868
0.0000000000,0.3159992296
0.0000000000,0.3955607405
0.0000000000,0.4067453794
0.0000000000,0.3793980291
0.0000000000,0.4403124201
0.0000000000,0.4516633784
0.0000000000,0.4308970795
0.0000000000,0.4731703553
0.0000000000,0.4824150390
0.0000000000,0.4688811228
0.0000000000,0.4932469856
0.0000000000,0.4980358411
0.0000000000,0.4921587962
0.0000000000,0.5000000000
0.0000000000,0.4980358411
0.0000000000,0.5000000000
0.0000000000,0.4932469856
0.0000000000,0.4824150390
0.0000000000,0.4921587962
0.0000000000,0.4731703553
0.0000000000,0.4516633784
0.0000000000,0.4688811228
0.0000000000,0.4403124201
0.0000000000,0.4067453794
0.0000000000,0.4308970796
0.0000000000,0.3955607405
0.0000000000,0.3490698868
0.0000000000,0.3793980291
0.0000000000,0.3401241514
0.0000000000,0.2804458817
0.0000000000,0.3159992296
0.0000000000,0.2755001091
0.0000000000,0.2030257433
0.0000000000,0.2426891727
0.0000000000,0.2034342421
0.0000000000,0.1192377400
0.0000000000,0.1617672147
0.0000000000,0.1258731976
0.0000000000,0.0317098671
0.0000000000,0.0757714579
0.0000000000,0.0449120590
0.0000000000,-0.0568125800
0.0000000000,-0.0126008566
0.0000000000,-0.0372622466
0.0000000000,-0.1435531110
0.0000000000,-0.1005779476
0.0000000000,-0.1184300224
0.0000000000,-0.2257911252
0.0000000000,-0.1854004299
0.0000000000,-0.1963987595
0.0000000000,-0.3009472425
0.0000000000,-0.2644078619
0.0000000000,-0.2690623620
0.0000000000,-0.3666642051
0.0000000000,-0.3351221902
0.0000000000,-0.3344580366
0.0000000000,-0.4208808128
0.0000000000,-0.3953254730
0.0000000000,-0.3908193114
0.0000000000,-0.4618965715
0.0000000000,-0.4431294454
0.0000000000,-0.4366237525
0.0000000000,-0.4884250297
0.0000000000,-0.4770347447
0.0000000000,-0.4706340877
0.0000000000,-0.4996341271
0.0000000000,-0.4959779373
0.0000000000,-0.4919316278
0.0000000000,-0.4951722924
0.0000000000,-0.4993648737
0.0000000000,-0.4999410825
0.0000000000,-0.4751794704
0.0000000000,-0.4870893230
0.0000000000,-0.4944460999
0.0000000000,-0.4402827320
0.0000000000,-0.4595363058
0.0000000000,-0.4755951108
0.0000000000,-0.3915766072
0.0000000000,-0.4175700173
0.0000000000,-0.4438973192
0.0000000000,-0.3305887545
0.0000000000,-0.3625067224
0.0000000000,-0.4002089477
0.0000000000,-0.2592320466
0.0000000000,-0.2960734712
0.0000000000,-0.3457101091
0.0000000000,-0.1797445734
0.0000000000,-0.2203539303
0.0000000000,-0.2818729291
0.0000000000,-0.0946194450
0.0000000000,-0.1377230290
0.0000000000,-0.2104217813
0.0000000000,-0.0065265951
0.0000000000,-0.0507724705
0.0000000000,-0.1332867083
0.0000000000,0.0817709602
0.0000000000,0.0377705573
0.0000000000,-0.0525512870
0.0000000000,0.1675037844
0.0000000000,0.1251289184
0.0000000000,0.0296036526
0.0000000000,0.2479828834
0.0000000000,0.2085626342
0.0000000000,0.1109589367
0.0000000000,0.3206840452
0.0000000000,0.2854548215
0.0000000000,0.1893169916
0.0000000000,0.3833270111
0.0000000000,0.3533937711
0.0000000000,0.2625612051
0.0000000000,0.4339469962
0.0000000000,0.4102485904
0.0000000000,0.3287131001
0.0000000000,0.4709563139
0.0000000000,0.4542360385
0.0000000000,0.3859857780
0.0000000000,0.4931941739
0.0000000000,0.4839764572
0.0000000000,0.4328321858
0.0000000000,0.4999630898
0.0000000000,0.4985370438
0.0000000000,0.4679869058
0.0000000000,0.4910507559
0.0000000000,0.4974611081
0.0000000000,0.4905003365
0.0000000000,0.4667367057
0.0000000000,0.4807823968
0.0000000000,0.4997643439
0.0000000000,0.4277835450
0.0000000000,0.4490240344
0.0000000000,0.4955286881
0.0000000000,0.3754130325
0.0000000000,0.4031821162
0.0000000000,0.4779077828
0.0000000000,0.3112677597
0.0000000000,0.3446944655
0.0000000000,0.4473776051
0.0000000000,0.2373596311
0.0000000000,0.2753955366
0.0000000000,0.4047628377
0.0000000000,0.1560067615
0.0000000000,0.1974588775
0.0000000000,0.3512145933
0.0000000000,0.0697607687
0.0000000000,0.1133289573
0.0000000000,0.2881793200
0.0000000000,-0.0186732577
0.0000000000,0.0256444953
0.0000000000,0.2173597304
0.0000000000,-0.1065216008
0.0000000000,-0.0628443016
0.0000000000,0.1406688073
0.0000000000,-0.1910289136
0.0000000000,-0.1493619986
0.0000000000,0.0601781302
0.0000000000,-0.2695446399
0.0000000000,-0.2311949841
0.0000000000,-0.0219380819
0.0000000000,-0.3396061483
0.0000000000,-0.3057765817
0.0000000000,-0.1034617014
0.0000000000,-0.3990159727
0.0000000000,-0.3707675533
0.0000000000,-0.1821906074
0.0000000000,-0.4459107349
0.0000000000,-0.4241294691
0.0000000000,-0.2559981703
0.0000000000,-0.4788195892
0.0000000000,-0.4641886425
0.0000000000,-0.3228906958
0.0000000000,-0.4967103557
0.0000000000,-0.4896886250
0.0000000000,-0.3810612793
0.0000000000,-0.4990218937
0.0000000000,-0.4998296142
0.0000000000,-0.4289386136
0.0000000000,-0.4856817022
0.0000000000,-0.4942935400
0.0000000000,-0.4652294334
0.0000000000,-0.4571081939
0.0000000000,-0.4732540403
0.0000000000,-0.4889534489
0.0000000000,-0.4141975716
0.0000000000,-0.4373710151
0.0000000000,-0.4994698258
0.0000000000,-0.3582957190
0.0000000000,-0.3877699288
0.0000000000,-0.4964944950
0.0000000000,-0.2911559875
0.0000000000,-0.3260065104
0.0000000000,-0.4801078263
0.0000000000,-0.2148842022
0.0000000000,-0.2540179581
0.0000000000,-0.4507524574
0.0000000000,-0.1318726136
0.0000000000,-0.1740621794
0.0000000000,-0.4092213372
0.0000000000,-0.0447248649
0.0000000000,-0.0886469727
0.0000000000,-0.3566363067
0.0000000000,0.0438256710
0.0000000000,-0.0004513701
0.0000000000,-0.2944177958
0.0000000000,0.1310016227
0.0000000000,0.0877583897
0.0000000000,-0.2242464544
0.0000000000,0.2140687328
0.0000000000,0.1732156238
0.0000000000,-0.1480177549
0.0000000000,0.2904216167
0.0000000000,0.2532399819
0.0000000000,-0.0677907913
0.0000000000,0.3576654802
0.0000000000,0.3253215147
0.0000000000,0.0142673411
0.0000000000,0.3871993984
0.0000000000,-0.4998065466
0.0000000000,-0.3994843106
0.0000000000,-0.3755953077
0.0000000000,-0.4929545986
0.0000000000,-0.4402715225
0.0000000000,-0.4210843043
0.0000000000,-0.4764216556
0.0000000000,-0.4709823237
0.0000000000,-0.4569360244
0.0000000000,-0.4505324031
0.0000000000,-0.4909138418
0.0000000000,-0.4823299364
0.0000000000,-0.4157952730
0.0000000000,-0.4996099081
0.0000000000,-0.4966848548
0.0000000000,-0.3728924578
0.0000000000,-0.4968714972
0.0000000000,-0.4996722412
0.0000000000,-0.3226665137
0.0000000000,-0.4827612827
0.0000000000,-0.4912237239
0.0000000000,-0.2661038138
0.0000000000,-0.4576022024
0.0000000000,-0.4715326625
0.0000000000,-0.2043151768
0.0000000000,-0.4219700673
0.0000000000,-0.4410497226
0.0000000000,-0.1385140521
0.0000000000,-0.3766803835
0.0000000000,-0.4004725614
0.0000000000,-0.0699926894
0.0000000000,-0.3227696872
0.0000000000,-0.3507298607
0.0000000000,-0.0000967602
0.0000000000,-0.2614718223
0.0000000000,-0.2929600722
0.0000000000,0.0698010693
0.0000000000,-0.1941897015
0.0000000000,-0.2284853623
0.0000000000,0.1383280954
0.0000000000,-0.1224631979
0.0000000000,-0.1587813512
0.0000000000,0.2041385355
0.0000000000,-0.0479339023
0.0000000000,-0.0854433415
0.0000000000,0.2659399569
0.0000000000,0.0276924474
0.0000000000,-0.0101498062
0.0000000000,0.3225186591
0.0000000000,0.1026850053
0.0000000000,0.0653760257
0.0000000000,0.3727635092
0.0000000000,0.1753274310
0.0000000000,0.1394056090
0.0000000000,0.4156877627
0.0000000000,0.2439571711
0.0000000000,0.2102446425
0.0000000000,0.4504484426
0.0000000000,0.3070035097
0.0000000000,0.2762718468
0.0000000000,0.4763628937
0.0000000000,0.3630235172
0.0000000000,0.3359760699
0.0000000000,0.4929221894
0.0000000000,0.4107350745
0.0000000000,0.3879908724
0.0000000000,0.4998011264
0.0000000000,0.4490462161
0.0000000000,0.4311258014
0.0000000000,0.4968646114
0.0000000000,0.4770801222
0.0000000000,0.4643936361
0.0000000000,0.4841703136
0.0000000000,0.4941951861
0.0000000000,0.4870329818
0.0000000000,0.4619675328
0.0000000000,0.4999996986
0.0000000000,0.4985256962
0.0000000000,0.4306923030
0.0000000000,0.4943608130
0.0000000000,0.4986087475
0.0000000000,0.3909588296
0.0000000000,0.4774075852
0.0000000000,0.4872802352
0.0000000000,0.3435474270
0.0000000000,0.4495280208
0.0000000000,0.4647994326
0.0000000000,0.2893891943
0.0000000000,0.4113601938
0.0000000000,0.4316808536
0.0000000000,0.2295477294
0.0000000000,0.3637776442
0.0000000000,0.3886824769
0.0000000000,0.1651982421
0.0000000000,0.3078693847
0.0000000000,0.3367883981
0.0000000000,0.0976044734
0.0000000000,0.2449149771
0.0000000000,0.2771863073
0.0000000000,0.0280938783
0.0000000000,0.1763552468
0.0000000000,0.2112403060
0.0000000000,-0.0419684446
0.0000000000,0.1037593076
0.0000000000,0.1404596879
0.0000000000,-0.1112065610
0.0000000000,0.0287886487
0.0000000000,0.0664643957
0.0000000000,-0.1782607235
0.0000000000,-0.0468408905
0.0000000000,-0.0090520546
0.0000000000,-0.2418140743
0.0000000000,-0.1213983911
0.0000000000,-0.0843613322
0.0000000000,-0.3006185074
0.0000000000,-0.1931774698
0.0000000000,-0.1577398480
0.0000000000,-0.3535191790
0.0000000000,-0.2605353324
0.0000000000,-0.2275082019
0.0000000000,-0.3994771882
0.0000000000,-0.3219303723
0.0000000000,-0.2920696188
0.0000000000,-0.4375899784
0.0000000000,-0.3759574529
0.0000000000,-0.3499464937
0.0000000000,-0.4671090636
0.0000000000,-0.4213800667
0.0000000000,-0.3998142097
0.0000000000,-0.4874547268
0.0000000000,-0.4571586349
0.0000000000,-0.4405314537
0.0000000000,-0.4982274053
0.0000000000,-0.4824743002
0.0000000000,-0.4711663380
0.0000000000,-0.4992155375
0.0000000000,-0.4967476678
0.0000000000,-0.4910177278
0.0000000000,-0.4903997178
0.0000000000,-0.4996520658
0.0000000000,-0.4996312881
0.0000000000,-0.4719530775
0.0000000000,-0.4911210219
0.0000000000,-0.4968098819
0.0000000000,-0.4442378851
0.0000000000,-0.4713497844
0.0000000000,-0.4826180823
0.0000000000,-0.4077984312
0.0000000000,-0.4407908538
0.0000000000,-0.4573806943
0.0000000000,-0.3633503400
0.0000000000,-0.4001436267
0.0000000000,-0.4216753212
0.0000000000,-0.3117665148
0.0000000000,-0.3503383883
0.0000000000,-0.3763191450
0.0000000000,-0.2540599957
0.0000000000,-0.2925150218
0.0000000000,-0.3223502240
0.0000000000,-0.1913640646
0.0000000000,-0.2279969195
0.0000000000,-0.2610037347
0.0000000000,-0.1249099892
0.0000000000,-0.1582606950
0.0000000000,-0.1936837024
0.0000000000,-0.0560028420
0.0000000000,-0.0849023880
0.0000000000,-0.1219308680
0.0000000000,0.0140041291
0.0000000000,-0.0096009362
0.0000000000,-0.0473874250
0.0000000000,0.0837360771
0.0000000000,0.0659202504
0.0000000000,0.0282405651
0.0000000000,0.1518235561
0.0000000000,0.1399327328
0.0000000000,0.1032222186
0.0000000000,0.2169294155
0.0000000000,0.2107426013
0.0000000000,0.1758414449
0.0000000000,0.2777750598
0.0000000000,0.2767292438
0.0000000000,0.2444362214
0.0000000000,0.3331655587
0.0000000000,0.3363824368
0.0000000000,0.3074366325
0.0000000000,0.3820131140
0.0000000000,0.3883369087
0.0000000000,0.3634007998
0.0000000000,0.4233584225
0.0000000000,0.4314035875
0.0000000000,0.4110478819
0.0000000000,0.4563895153
0.0000000000,0.4645968144
0.0000000000,0.4492873892
0.0000000000,0.4804577043
0.0000000000,0.4871569021
0.0000000000,0.4772441414
0.0000000000,0.4950903211
0.0000000000,0.4985675224
0.0000000000,0.4942782975
0.0000000000,0.5000000000
0.0000000000,0.4985675224
0.0000000000,0.5000000000
0.0000000000,0.4950903211
0.0000000000,0.4871569021
0.0000000000,0.4942782975
0.0000000000,0.4804577043
0.0000000000,0.4645968144
0.0000000000,0.4772441414
0.0000000000,0.4563895153
0.0000000000,0.4314035875
0.0000000000,0.4492873892
0.0000000000,0.4233584225
0.0000000000,0.3883369087
0.0000000000,0.4110478819
0.0000000000,0.3820131140
0.0000000000,0.3363824368
0.0000000000,0.3634007998
0.0000000000,0.3331655587
0.0000000000,0.2767292438
0.0000000000,0.3074366325
0.0000000000,0.2777750598
0.0000000000,0.2107426013
0.0000000000,0.2444362214
0.0000000000,0.2169294155
0.0000000000,0.1399327328
0.0000000000,0.1758414449
0.0000000000,0.1518235561
0.0000000000,0.0659202504
0.0000000000,0.1032222186
0.0000000000,0.0837360771
0.0000000000,-0.0096009362
0.0000000000,0.0282405651
0.0000000000,0.0140041291
0.0000000000,-0.0849023880
0.0000000000,-0.0473874250
0.0000000000,-0.0560028420
0.0000000000,-0.1582606950
0.0000000000,-0.1219308680
0.0000000000,-0.1249099892
0.0000000000,-0.2279969195
0.0000000000,-0.1936837024
0.0000000000,-0.1913640646
0.0000000000,-0.2925150218
0.0000000000,-0.2610037347
0.0000000000,-0.2540599957
0.0000000000,-0.3503383883
0.0000000000,-0.3223502240
0.0000000000,-0.3117665148
0.0000000000,-0.4001436267
0.0000000000,-0.3763191450
0.0000000000,-0.3633503400
0.0000000000,-0.4407908538
0.0000000000,-0.4216753212
0.0000000000,-0.4077984312
0.0000000000,-0.4713497844
0.0000000000,-0.4573806943
0.0000000000,-0.4442378851
0.0000000000,-0.4911210219
0.0000000000,-0.4826180823
0.0000000000,-0.4719530775
0.0000000000,-0.4996520658
0.0000000000,-0.4968098819
0.0000000000,-0.4903997178
0.0000000000,-0.4967476678
0.0000000000,-0.4996312881
0.0000000000,-0.4992155375
0.0000000000,-0.4824743002
0.0000000000,-0.4910177278
0.0000000000,-0.4982274053
0.0000000000,-0.4571586349
0.0000000000,-0.4711663380
0.0000000000,-0.4874547268
0.0000000000,-0.4213800667
0.0000000000,-0.4405314537
0.0000000000,-0.4671090636
0.0000000000,-0.3759574529
0.0000000000,-0.3998142097
0.0000000000,-0.4375899784
0.0000000000,-0.3219303723
0.0000000000,-0.3499464937
0.0000000000,-0.3994771882
0.0000000000,-0.2605353324
0.0000000000,-0.2920696188
0.0000000000,-0.3535191790
0.0000000000,-0.1931774698
0.0000000000,-0.2275082019
0.0000000000,-0.3006185074
0.0000000000,-0.1213983911
0.0000000000,-0.1577398480
0.0000000000,-0.2418140743
0.0000000000,-0.0468408905
0.0000000000,-0.0843613322
0.0000000000,-0.1782607235
0.0000000000,0.0287886487
0.0000000000,-0.0090520546
0.0000000000,-0.1112065610
0.0000000000,0.1037593076
0.0000000000,0.0664643957
0.0000000000,-0.0419684446
0.0000000000,0.1763552468
0.0000000000,0.1404596879
0.0000000000,0.0280938783
0.0000000000,0.2449149771
0.0000000000,0.2112403060
0.0000000000,0.0976044734
0.0000000000,0.3078693847
0.0000000000,0.2771863072
0.0000000000,0.1651982420
0.0000000000,0.3637776442
0.0000000000,0.3367883981
0.0000000000,0.2295477294
0.0000000000,0.4113601938
0.0000000000,0.3886824769
0.0000000000,0.2893891943
0.0000000000,0.4495280208
0.0000000000,0.4316808536
0.0000000000,0.3435474270
0.0000000000,0.4774075852
0.0000000000,0.4647994326
0.0000000000,0.3909588296
0.0000000000,0.4943608130
0.0000000000,0.4872802352
0.0000000000,0.4306923030
0.0000000000,0.4999996986
0.0000000000,0.4986087475
0.0000000000,0.4619675328
0.0000000000,0.4941951861
0.0000000000,0.4985256962
0.0000000000,0.4841703136
0.0000000000,0.4770801222
0.0000000000,0.4870329818
0.0000000000,0.4968646114
0.0000000000,0.4490462161
0.0000000000,0.4643936361
0.0000000000,0.4998011264
0.0000000000,0.4107350745
0.0000000000,0.4311258014
0.0000000000,0.4929221894
0.0000000000,0.3630235172
0.0000000000,0.3879908724
0.0000000000,0.4763628937
0.0000000000,0.3070035097
0.0000000000,0.3359760699
0.0000000000,0.4504484426
0.0000000000,0.2439571711
0.0000000000,0.2762718468
0.0000000000,0.4156877627
0.0000000000,0.1753274310
0.0000000000,0.2102446425
0.0000000000,0.3727635092
0.0000000000,0.1026850053
0.0000000000,0.1394056090
0.0000000000,0.3225186591
0.0000000000,0.0276924474
0.0000000000,0.0653760257
0.0000000000,0.2659399569
0.0000000000,-0.0479339023
0.0000000000,-0.0101498062
0.0000000000,0.2041385355
0.0000000000,-0.1224631979
0.0000000000,-0.0854433415
0.0000000000,0.1383280954
0.0000000000,-0.1941897015
0.0000000000,-0.1587813512
0.0000000000,0.0698010693
0.0000000000,-0.2614718223
0.0000000000,-0.2284853623
0.0000000000,-0.0000967602
0.0000000000,-0.3227696872
0.0000000000,-0.2929600722
0.0000000000,-0.0699926894
0.0000000000,-0.3766803834
0.0000000000,-0.3507298607
0.0000000000,-0.1385140521
0.0000000000,-0.4219700673
0.0000000000,-0.4004725613
0.0000000000,-0.2043151768
0.0000000000,-0.4576022024
0.0000000000,-0.4410497226
0.0000000000,-0.2661038138
0.0000000000,-0.4827612827
0.0000000000,-0.4715326625
0.0000000000,-0.3226665137
0.0000000000,-0.4968714972
0.0000000000,-0.4912237239
0.0000000000,-0.3728924578
0.0000000000,-0.4996099081
0.0000000000,-0.4996722412
0.0000000000,-0.4157952730
0.0000000000,-0.4909138418
0.0000000000,-0.4966848548
0.0000000000,-0.4505324031
0.0000000000,-0.4709823237
0.0000000000,-0.4823299364
0.0000000000,-0.4764216556
0.0000000000,-0.4402715225
0.0000000000,-0.4569360244
0.0000000000,-0.4929545986
0.0000000000,-0.3994843106
0.0000000000,-0.4210843043
0.0000000000,-0.4998065466
0.0000000000,-0.3755953077
0.0000000000,-0.0643369300
0.0000000000,-0.3274565405
0.0000000000,-0.3511022205
0.0000000000,-0.0049409972
0.0000000000,-0.2761933734
0.0000000000,-0.3024523467
0.0000000000,0.0545249980
0.0000000000,-0.2203516032
0.0000000000,-0.2487885610
0.0000000000,0.1132178393
0.0000000000,-0.1608569484
0.0000000000,-0.1910004762
0.0000000000,0.1703052739
0.0000000000,-0.0986956832
0.0000000000,-0.1300460759
0.0000000000,0.2249778129
0.0000000000,-0.0348982877
0.0000000000,-0.0669358333
0.0000000000,0.2764602106
0.0000000000,0.0294776352
0.0000000000,-0.0027159601
0.0000000000,0.3240224565
0.0000000000,0.0933648917
0.0000000000,0.0615489370
0.0000000000,0.3669901274
0.0000000000,0.1557043893
0.0000000000,0.1247935050
0.0000000000,0.4047539501
0.0000000000,0.2154626932
0.0000000000,0.1859693052
0.0000000000,0.4367784409
0.0000000000,0.2716491584
0.0000000000,0.2440621943
0.0000000000,0.4626094988
0.0000000000,0.3233323524
0.0000000000,0.2981091358
0.0000000000,0.4818808445
0.0000000000,0.3696554957
0.0000000000,0.3472141651
0.0000000000,0.4943192140
0.0000000000,0.4098506650
0.0000000000,0.3905632422
0.0000000000,0.4997482338
0.0000000000,0.4432515239
0.0000000000,0.4274377467
0.0000000000,0.4980909214
0.0000000000,0.4693043688
0.0000000000,0.4572263904
0.0000000000,0.4893707771
0.0000000000,0.4875773078
0.0000000000,0.4794353513
0.0000000000,0.4737114509
0.0000000000,0.4977674209
0.0000000000,0.4936964598
0.0000000000,0.4513349889
0.0000000000,0.4997057812
0.0000000000,0.4997733020
0.0000000000,0.4225586851
0.0000000000,0.4933602555
0.0000000000,0.4975651388
0.0000000000,0.3877905817
0.0000000000,0.4788360368
0.0000000000,0.4871085761
0.0000000000,0.3475236838
0.0000000000,0.4563739009
0.0000000000,0.4685769579
0.0000000000,0.3023289680
0.0000000000,0.4263462143
0.0000000000,0.4422774925
0.0000000000,0.2528472865
0.0000000000,0.3892507619
0.0000000000,0.4086461602
0.0000000000,0.1997802800
0.0000000000,0.3457024946
0.0000000000,0.3682404851
0.0000000000,0.1438804281
0.0000000000,0.2964233348
0.0000000000,0.3217302934
0.0000000000,0.0859403799
0.0000000000,0.2422302092
0.0000000000,0.2698866092
0.0000000000,0.0267817140
0.0000000000,0.1840215058
0.0000000000,0.2135688725
0.0000000000,-0.0327567114
0.0000000000,0.1227621810
0.0000000000,0.1537106920
0.0000000000,-0.0918306531
0.0000000000,0.0594677627
0.0000000000,0.0913043684
0.0000000000,-0.1496024541
0.0000000000,-0.0048124839
0.0000000000,0.0273844441
0.0000000000,-0.2052529215
0.0000000000,-0.0690129515
0.0000000000,-0.0369894465
0.0000000000,-0.2579929426
0.0000000000,-0.1320693550
0.0000000000,-0.1007501435
0.0000000000,-0.3070746743
0.0000000000,-0.1929363752
0.0000000000,-0.1628406524
0.0000000000,-0.3518021471
0.0000000000,-0.2506049875
0.0000000000,-0.2222316659
0.0000000000,-0.3915411343
0.0000000000,-0.3041191888
0.0000000000,-0.2779386280
0.0000000000,-0.4257281447
0.0000000000,-0.3525918462
0.0000000000,-0.3290380551
0.0000000000,-0.4538784134
0.0000000000,-0.3952194027
0.0000000000,-0.3746828449
0.0000000000,-0.4755927749
0.0000000000,-0.4312951989
0.0000000000,-0.4141163198
0.0000000000,-0.4905633238
0.0000000000,-0.4602211873
0.0000000000,-0.4466847702
0.0000000000,-0.4985777808
0.0000000000,-0.4815178467
0.0000000000,-0.4718482919
0.0000000000,-0.4995225023
0.0000000000,-0.4948321310
0.0000000000,-0.4891897358
0.0000000000,-0.4933840925
0.0000000000,-0.4999433223
0.0000000000,-0.4984216237
0.0000000000,-0.4802495927
0.0000000000,-0.4967666897
0.0000000000,-0.4993909137
0.0000000000,-0.4603052476
0.0000000000,-0.4853548940
0.0000000000,-0.4920815374
0.0000000000,-0.4338338641
0.0000000000,-0.4658971145
0.0000000000,-0.4766146662
0.0000000000,-0.4012108012
0.0000000000,-0.4387159130
0.0000000000,-0.4532467025
0.0000000000,-0.3628986477
0.0000000000,-0.4042618866
0.0000000000,-0.4223650295
0.0000000000,-0.3194406623
0.0000000000,-0.3631061980
0.0000000000,-0.3844815888
0.0000000000,-0.2714530708
0.0000000000,-0.3159311066
0.0000000000,-0.3402243942
0.0000000000,-0.2196163278
0.0000000000,-0.2635186588
0.0000000000,-0.2903271205
0.0000000000,-0.1646654682
0.0000000000,-0.2067377233
0.0000000000,-0.2356169412
0.0000000000,-0.1073796845
0.0000000000,-0.1465295876
0.0000000000,-0.1770008158
0.0000000000,-0.0485712779
0.0000000000,-0.0838923538
0.0000000000,-0.1154504545
0.0000000000,0.0109258599
0.0000000000,-0.0198643922
0.0000000000,-0.0519862102
0.0000000000,0.0702680712
0.0000000000,0.0444928719
0.0000000000,0.0123398369
0.0000000000,0.1286138950
0.0000000000,0.1081125542
0.0000000000,0.0764613200
0.0000000000,0.1851359989
0.0000000000,0.1699399977
0.0000000000,0.1393152635
0.0000000000,0.2390329105
0.0000000000,0.2289502563
0.0000000000,0.1998597044
0.0000000000,0.2895403822
0.0000000000,0.2841650859
0.0000000000,0.2570909658
0.0000000000,0.3359422279
0.0000000000,0.3346691612
0.0000000000,0.3100602947
0.0000000000,0.3775804786
0.0000000000,0.3796252494
0.0000000000,0.3578895908
0.0000000000,0.4138647119
0.0000000000,0.4182880898
0.0000000000,0.3997859626
0.0000000000,0.4442804245
0.0000000000,0.4500167482
0.0000000000,0.4350548718
0.0000000000,0.4683963275
0.0000000000,0.4742852419
0.0000000000,0.4631116471
0.0000000000,0.4858704623
0.0000000000,0.4906912591
0.0000000000,0.4834911767
0.0000000000,0.4964550489
0.0000000000,0.4989628288
0.0000000000,0.4958556183
0.0000000000,0.5000000000
0.0000000000,0.4989628288
0.0000000000,0.5000000000
0.0000000000,0.4964550489
0.0000000000,0.4906912591
0.0000000000,0.4958556183
0.0000000000,0.4858704623
0.0000000000,0.4742852419
0.0000000000,0.4834911767
0.0000000000,0.4683963275
0.0000000000,0.4500167482
0.0000000000,0.4631116471
0.0000000000,0.4442804245
0.0000000000,0.4182880899
0.0000000000,0.4350548718
0.0000000000,0.4138647119
0.0000000000,0.3796252494
0.0000000000,0.3997859626
0.0000000000,0.3775804786
0.0000000000,0.3346691612
0.0000000000,0.3578895908
0.0000000000,0.3359422279
0.0000000000,0.2841650859
0.0000000000,0.3100602947
0.0000000000,0.2895403822
0.0000000000,0.2289502563
0.0000000000,0.2570909658
0.0000000000,0.2390329105
0.0000000000,0.1699399977
0.0000000000,0.1998597044
0.0000000000,0.1851359989
0.0000000000,0.1081125542
0.0000000000,0.1393152635
0.0000000000,0.1286138950
0.0000000000,0.0444928719
0.0000000000,0.0764613200
0.0000000000,0.0702680712
0.0000000000,-0.0198643922
0.0000000000,0.0123398369
0.0000000000,0.0109258599
0.0000000000,-0.0838923538
0.0000000000,-0.0519862102
0.0000000000,-0.0485712779
0.0000000000,-0.1465295876
0.0000000000,-0.1154504545
0.0000000000,-0.1073796845
0.0000000000,-0.2067377233
0.0000000000,-0.1770008158
0.0000000000,-0.1646654682
0.0000000000,-0.2635186588
0.0000000000,-0.2356169412
0.0000000000,-0.2196163278
0.0000000000,-0.3159311066
0.0000000000,-0.2903271205
0.0000000000,-0.2714530708
0.0000000000,-0.3631061980
0.0000000000,-0.3402243942
0.0000000000,-0.3194406623
0.0000000000,-0.4042618866
0.0000000000,-0.3844815888
0.0000000000,-0.3628986477
0.0000000000,-0.4387159130
0.0000000000,-0.4223650295
0.0000000000,-0.4012108012
0.0000000000,-0.4658971145
0.0000000000,-0.4532467025
0.0000000000,-0.4338338641
0.0000000000,-0.4853548940
0.0000000000,-0.4766146662
0.0000000000,-0.4603052476
0.0000000000,-0.4967666897
0.0000000000,-0.4920815374
0.0000000000,-0.4802495927
0.0000000000,-0.4999433223
0.0000000000,-0.4993909137
0.0000000000,-0.4933840925
0.0000000000,-0.4948321310
0.0000000000,-0.4984216237
0.0000000000,-0.4995225023
0.0000000000,-0.4815178467
0.0000000000,-0.4891897358
0.0000000000,-0.4985777808
0.0000000000,-0.4602211873
0.0000000000,-0.4718482919
0.0000000000,-0.4905633238
0.0000000000,-0.4312951989
0.0000000000,-0.4466847702
0.0000000000,-0.4755927749
0.0000000000,-0.3952194027
0.0000000000,-0.4141163198
0.0000000000,-0.4538784134
0.0000000000,-0.3525918462
0.0000000000,-0.3746828449
0.0000000000,-0.4257281447
0.0000000000,-0.3041191888
0.0000000000,-0.3290380551
0.0000000000,-0.3915411343
0.0000000000,-0.2506049875
0.0000000000,-0.2779386280
0.0000000000,-0.3518021471
0.0000000000,-0.1929363752
0.0000000000,-0.2222316659
0.0000000000,-0.3070746743
0.0000000000,-0.1320693550
0.0000000000,-0.1628406524
0.0000000000,-0.2579929426
0.0000000000,-0.0690129515
0.0000000000,-0.1007501435
0.0000000000,-0.2052529215
0.0000000000,-0.0048124839
0.0000000000,-0.0369894465
0.0000000000,-0.1496024541
0.0000000000,0.0594677627
0.0000000000,0.0273844441
0.0000000000,-0.0918306531
0.0000000000,0.1227621810
0.0000000000,0.0913043684
0.0000000000,-0.0327567114
0.0000000000,0.1840215058
0.0000000000,0.1537106920
0.0000000000,0.0267817140
0.0000000000,0.2422302092
0.0000000000,0.2135688725
0.0000000000,0.0859403799
0.0000000000,0.2964233348
0.0000000000,0.2698866092
0.0000000000,0.1438804281
0.0000000000,0.3457024946
0.0000000000,0.3217302934
0.0000000000,0.1997802799
0.0000000000,0.3892507619
0.0000000000,0.3682404851
0.0000000000,0.2528472865
0.0000000000,0.4263462143
0.0000000000,0.4086461602
0.0000000000,0.3023289680
0.0000000000,0.4563739009
0.0000000000,0.4422774925
0.0000000000,0.3475236838
0.0000000000,0.4788360368
0.0000000000,0.4685769579
0.0000000000,0.3877905817
0.0000000000,0.4933602555
0.0000000000,0.4871085761
0.0000000000,0.4225586851
0.0000000000,0.4997057812
0.0000000000,0.4975651388
0.0000000000,0.4513349889
0.0000000000,0.4977674209
0.0000000000,0.4997733020
0.0000000000,0.4737114509
0.0000000000,0.4875773078
0.0000000000,0.4936964598
0.0000000000,0.4893707771
0.0000000000,0.4693043688
0.0000000000,0.4794353513
0.0000000000,0.4980909214
0.0000000000,0.4432515239
0.0000000000,0.4572263904
0.0000000000,0.4997482338
0.0000000000,0.4098506650
0.0000000000,0.4274377467
0.0000000000,0.4943192140
0.0000000000,0.3696554957
0.0000000000,0.3905632422
0.0000000000,0.4818808445
0.0000000000,0.3233323524
0.0000000000,0.3472141651
0.0000000000,0.4626094988
0.0000000000,0.2716491584
0.0000000000,0.2981091358
0.0000000000,0.4367784409
0.0000000000,0.2154626932
0.0000000000,0.2440621943
0.0000000000,0.4047539501
0.0000000000,0.1557043893
0.0000000000,0.1859693052
0.0000000000,0.3669901274
0.0000000000,0.0933648917
0.0000000000,0.1247935050
0.0000000000,0.3240224565
0.0000000000,0.0294776352
0.0000000000,0.0615489370
0.0000000000,0.2764602106
0.0000000000,-0.0348982877
0.0000000000,-0.0027159601
0.0000000000,0.2249778129
0.0000000000,-0.0986956832
0.0000000000,-0.0669358333
0.0000000000,0.1703052739
0.0000000000,-0.1608569484
0.0000000000,-0.1300460759
0.0000000000,0.1132178393
0.0000000000,-0.2203516032
0.0000000000,-0.1910004762
0.0000000000,0.0545249980
0.0000000000,-0.2761933734
0.0000000000,-0.2487885610
0.0000000000,-0.0049409972
0.0000000000,-0.3274565405
0.0000000000,-0.3024523467
0.0000000000,-0.0643369300
0.0000000000,-0.3511022205
0.0000000000,0.4437607368
0.0000000000,0.2767855176
0.0000000000,0.2536309164
0.0000000000,0.4647147722
0.0000000000,0.3205494862
0.0000000000,0.2991139240
0.0000000000,0.4809392105
0.0000000000,0.3604889963
0.0000000000,0.3410282197
0.0000000000,0.4922689287
0.0000000000,0.3961275318
0.0000000000,0.3788737263
0.0000000000,0.4985886194
0.0000000000,0.4270398914
0.0000000000,0.4121989111
0.0000000000,0.4998339647
0.0000000000,0.4528572613
0.0000000000,0.4406061731
0.0000000000,0.4959922900
0.0000000000,0.4732716159
0.0000000000,0.4637565870
0.0000000000,0.4871026937
0.0000000000,0.4880393927
0.0000000000,0.4813739462
0.0000000000,0.4732556490
0.0000000000,0.4969843981
0.0000000000,0.4932480592
0.0000000000,0.4545920830
0.0000000000,0.4999999097
0.0000000000,0.4992372565
0.0000000000,0.4313019427
0.0000000000,0.4970499496
0.0000000000,0.4992700812
0.0000000000,0.4036222616
0.0000000000,0.4881697138
0.0000000000,0.4933461419
0.0000000000,0.3718347475
0.0000000000,0.4734651516
0.0000000000,0.4815361166
0.0000000000,0.3362629151
0.0000000000,0.4531117026
0.0000000000,0.4639809102
0.0000000000,0.2972687940
0.0000000000,0.4273522025
0.0000000000,0.4408899729
0.0000000000,0.2552492437
0.0000000000,0.3964939866
0.0000000000,0.4125388013
0.0000000000,0.2106319147
0.0000000000,0.3609052226
0.0000000000,0.3792656517
0.0000000000,0.1638708964
0.0000000000,0.3210105180
0.0000000000,0.3414675044
0.0000000000,0.1154420953
0.0000000000,0.2772858544
0.0000000000,0.2995953268
0.0000000000,0.0658383915
0.0000000000,0.2302529085
0.0000000000,0.2541486938
0.0000000000,0.0155646228
0.0000000000,0.1804728276
0.0000000000,0.2056698265
0.0000000000,-0.0348675536
0.0000000000,0.1285395353
0.0000000000,0.1547371238
0.0000000000,-0.0849448683
0.0000000000,0.0750726447
0.0000000000,0.1019582609
0.0000000000,-0.1341576635
0.0000000000,0.0207100666
0.0000000000,0.0479629395
0.0000000000,-0.1820050798
0.0000000000,-0.0338996023
0.0000000000,-0.0066046251
0.0000000000,-0.2280001540
0.0000000000,-0.0881048168
0.0000000000,-0.0610933903
0.0000000000,-0.2716747751
0.0000000000,-0.1412588575
0.0000000000,-0.1148532536
0.0000000000,-0.3125844480
0.0000000000,-0.1927275466
0.0000000000,-0.1672428089
0.0000000000,-0.3503128179
0.0000000000,-0.2418968138
0.0000000000,-0.2176369995
0.0000000000,-0.3844759072
0.0000000000,-0.2881800232
0.0000000000,-0.2654345748
0.0000000000,-0.4147260240
0.0000000000,-0.3310249726
0.0000000000,-0.3100652647
0.0000000000,-0.4407553001
0.0000000000,-0.3699204810
0.0000000000,-0.3509965828
0.0000000000,-0.4622988246
0.0000000000,-0.4044024884
0.0000000000,-0.3877401799
0.0000000000,-0.4791373400
0.0000000000,-0.4340595917
0.0000000000,-0.4198576700
0.0000000000,-0.4910994737
0.0000000000,-0.4585379536
0.0000000000,-0.4469658611
0.0000000000,-0.4980634821
0.0000000000,-0.4775455243
0.0000000000,-0.4687413269
0.0000000000,-0.4999584895
0.0000000000,-0.4908555253
0.0000000000,-0.4849242655
0.0000000000,-0.4967652096
0.0000000000,-0.4983091558
0.0000000000,-0.4953215991
0.0000000000,-0.4885161418
0.0000000000,-0.4998174870
0.0000000000,-0.4998092777
0.0000000000,-0.4752952403
0.0000000000,-0.4953625230
0.0000000000,-0.4983337591
0.0000000000,-0.4572370597
0.0000000000,-0.4849974157
0.0000000000,-0.4909126476
0.0000000000,-0.4345253858
0.0000000000,-0.4688458307
0.0000000000,-0.4776344840
0.0000000000,-0.4073913648
0.0000000000,-0.4471004716
0.0000000000,-0.4586576894
0.0000000000,-0.3761111510
0.0000000000,-0.4200207812
0.0000000000,-0.4342086750
0.0000000000,-0.3410030962
0.0000000000,-0.3879298457
0.0000000000,-0.4045791405
0.0000000000,-0.3024245098
0.0000000000,-0.3512105404
0.0000000000,-0.3701225944
0.0000000000,-0.2607680224
0.0000000000,-0.3103009613
0.0000000000,-0.3312501357
0.0000000000,-0.2164575894
0.0000000000,-0.2656891984
0.0000000000,-0.2884255498
0.0000000000,-0.1699441767
0.0000000000,-0.2179075121
0.0000000000,-0.2421597743
0.0000000000,-0.1217011708
0.0000000000,-0.1675259831
0.0000000000,-0.1930048038
0.0000000000,-0.0722195611
0.0000000000,-0.1151457108
0.0000000000,-0.1415471035
0.0000000000,-0.0220029426
0.0000000000,-0.0613916413
0.0000000000,-0.0884006124
0.0000000000,0.0284376090
0.0000000000,-0.0069051115
0.0000000000,-0.0341994184
0.0000000000,0.0785887392
0.0000000000,0.0476638029
0.0000000000,0.0204098070
0.0000000000,0.1279400389
0.0000000000,0.1016640430
0.0000000000,0.0747755241
0.0000000000,0.1759892390
0.0000000000,0.1544513350
0.0000000000,0.1282490984
0.0000000000,0.2222473229
0.0000000000,0.2053958765
0.0000000000,0.1801925398
0.0000000000,0.2662435026
0.0000000000,0.2538898510
0.0000000000,0.2299861138
0.0000000000,0.3075300104
0.0000000000,0.2993546795
0.0000000000,0.2770357361
0.0000000000,0.3456866563
0.0000000000,0.3412479237
0.0000000000,0.3207800600
0.0000000000,0.3803251041
0.0000000000,0.3790697575
0.0000000000,0.3606971746
0.0000000000,0.4110928238
0.0000000000,0.4123689306
0.0000000000,0.3963108308
0.0000000000,0.4376766793
0.0000000000,0.4407481526
0.0000000000,0.4271961241
0.0000000000,0.4598061157
0.0000000000,0.4638688324
0.0000000000,0.4529845638
0.0000000000,0.4772559124
0.0000000000,0.4814551184
0.0000000000,0.4733684693
0.0000000000,0.4898484755
0.0000000000,0.4932971897
0.0000000000,0.4881046414
0.0000000000,0.4974556451
0.0000000000,0.4992537590
0.0000000000,0.4970172636
0.0000000000,0.5000000000
0.0000000000,0.4992537590
0.0000000000,0.5000000000
0.0000000000,0.4974556451
0.0000000000,0.4932971897
0.0000000000,0.4970172636
0.0000000000,0.4898484755
0.0000000000,0.4814551184
0.0000000000,0.4881046414
0.0000000000,0.4772559124
0.0000000000,0.4638688324
0.0000000000,0.4733684693
0.0000000000,0.4598061157
0.0000000000,0.4407481526
0.0000000000,0.4529845638
0.0000000000,0.4376766793
0.0000000000,0.4123689306
0.0000000000,0.4271961241
0.0000000000,0.4110928238
0.0000000000,0.3790697575
0.0000000000,0.3963108308
0.0000000000,0.3803251041
0.0000000000,0.3412479237
0.0000000000,0.3606971746
0.0000000000,0.3456866563
0.0000000000,0.2993546795
0.0000000000,0.3207800600
0.0000000000,0.3075300104
0.0000000000,0.2538898510
0.0000000000,0.2770357361
0.0000000000,0.2662435026
0.0000000000,0.2053958765
0.0000000000,0.2299861138
0.0000000000,0.2222473229
0.0000000000,0.1544513350
0.0000000000,0.1801925398
0.0000000000,0.1759892391
0.0000000000,0.1016640430
0.0000000000,0.1282490984
0.0000000000,0.1279400389
0.0000000000,0.0476638029
0.0000000000,0.0747755241
0.0000000000,0.0785887392
0.0000000000,-0.0069051115
0.0000000000,0.0204098070
0.0000000000,0.0284376090
0.0000000000,-0.0613916413
0.0000000000,-0.0341994184
0.0000000000,-0.0220029426
0.0000000000,-0.1151457108
0.0000000000,-0.0884006124
0.0000000000,-0.0722195611
0.0000000000,-0.1675259831
0.0000000000,-0.1415471035
0.0000000000,-0.1217011708
0.0000000000,-0.2179075121
0.0000000000,-0.1930048038
0.0000000000,-0.1699441767
0.0000000000,-0.2656891984
0.0000000000,-0.2421597743
0.0000000000,-0.2164575894
0.0000000000,-0.3103009613
0.0000000000,-0.2884255498
0.0000000000,-0.2607680224
0.0000000000,-0.3512105404
0.0000000000,-0.3312501357
0.0000000000,-0.3024245098
0.0000000000,-0.3879298457
0.0000000000,-0.3701225944
0.0000000000,-0.3410030962
0.0000000000,-0.4200207812
0.0000000000,-0.4045791405
0.0000000000,-0.3761111510
0.0000000000,-0.4471004716
0.0000000000,-0.4342086750
0.0000000000,-0.4073913648
0.0000000000,-0.4688458307
0.0000000000,-0.4586576894
0.0000000000,-0.4345253858
0.0000000000,-0.4849974157
0.0000000000,-0.4776344840
0.0000000000,-0.4572370597
0.0000000000,-0.4953625230
0.0000000000,-0.4909126476
0.0000000000,-0.4752952403
0.0000000000,-0.4998174870
0.0000000000,-0.4983337591
0.0000000000,-0.4885161418
0.0000000000,-0.4983091558
0.0000000000,-0.4998092777
0.0000000000,-0.4967652096
0.0000000000,-0.4908555253
0.0000000000,-0.4953215991
0.0000000000,-0.4999584895
0.0000000000,-0.4775455243
0.0000000000,-0.4849242655
0.0000000000,-0.4980634821
0.0000000000,-0.4585379536
0.0000000000,-0.4687413269
0.0000000000,-0.4910994737
0.0000000000,-0.4340595917
0.0000000000,-0.4469658611
0.0000000000,-0.4791373400
0.0000000000,-0.4044024884
0.0000000000,-0.4198576700
0.0000000000,-0.4622988246
0.0000000000,-0.3699204810
0.0000000000,-0.3877401799
0.0000000000,-0.4407553001
0.0000000000,-0.3310249726
0.0000000000,-0.3509965828
0.0000000000,-0.4147260240
0.0000000000,-0.2881800232
0.0000000000,-0.3100652647
0.0000000000,-0.3844759072
0.0000000000,-0.2418968138
0.0000000000,-0.2654345748
0.0000000000,-0.3503128179
0.0000000000,-0.1927275466
0.0000000000,-0.2176369995
0.0000000000,-0.3125844480
0.0000000000,-0.1412588575
0.0000000000,-0.1672428089
0.0000000000,-0.2716747751
0.0000000000,-0.0881048168
0.0000000000,-0.1148532536
0.0000000000,-0.2280001540
0.0000000000,-0.0338996023
0.0000000000,-0.0610933903
0.0000000000,-0.1820050798
0.0000000000,0.0207100666
0.0000000000,-0.0066046251
0.0000000000,-0.1341576635
0.0000000000,0.0750726447
0.0000000000,0.0479629395
0.0000000000,-0.0849448683
0.0000000000,0.1285395353
0.0000000000,0.1019582609
0.0000000000,-0.0348675536
0.0000000000,0.1804728276
0.0000000000,0.1547371238
0.0000000000,0.0155646228
0.0000000000,0.2302529085
0.0000000000,0.2056698265
0.0000000000,0.0658383915
0.0000000000,0.2772858544
0.0000000000,0.2541486938
0.0000000000,0.1154420953
0.0000000000,0.3210105180
0.0000000000,0.2995953268
0.0000000000,0.1638708964
0.0000000000,0.3609052226
0.0000000000,0.3414675044
0.0000000000,0.2106319147
0.0000000000,0.3964939866
0.0000000000,0.3792656517
0.0000000000,0.2552492437
0.0000000000,0.4273522025
0.0000000000,0.4125388013
0.0000000000,0.2972687940
0.0000000000,0.4531117026
0.0000000000,0.4408899729
0.0000000000,0.3362629151
0.0000000000,0.4734651516
0.0000000000,0.4639809102
0.0000000000,0.3718347475
0.0000000000,0.4881697137
0.0000000000,0.4815361166
0.0000000000,0.4036222616
0.0000000000,0.4970499496
0.0000000000,0.4933461419
0.0000000000,0.4313019427
0.0000000000,0.4999999097
0.0000000000,0.4992700812
0.0000000000,0.4545920830
0.0000000000,0.4969843981
0.0000000000,0.4992372565
0.0000000000,0.4732556490
0.0000000000,0.4880393927
0.0000000000,0.4932480592
0.0000000000,0.4871026937
0.0000000000,0.4732716159
0.0000000000,0.4813739462
0.0000000000,0.4959922900
0.0000000000,0.4528572613
0.0000000000,0.4637565870
0.0000000000,0.4998339647
0.0000000000,0.4270398914
0.0000000000,0.4406061731
0.0000000000,0.4985886194
0.0000000000,0.3961275318
0.0000000000,0.4121989111
0.0000000000,0.4922689287
0.0000000000,0.3604889963
0.0000000000,0.3788737263
0.0000000000,0.4809392105
0.0000000000,0.3205494862
0.0000000000,0.3410282197
0.0000000000,0.4647147722
0.0000000000,0.2767855176
0.0000000000,0.2991139240
0.0000000000,0.4437607368
0.0000000000,0.2536309164
0.0000000000,0.4210161922
0.0000000000,0.4954006930
0.0000000000,0.4979979166
0.0000000000,0.3965143711
0.0000000000,0.4870394719
0.0000000000,0.4917452754
0.0000000000,0.3691309096
0.0000000000,0.4745191368
0.0000000000,0.4812933344
0.0000000000,0.3390648151
0.0000000000,0.4579466060
0.0000000000,0.4667313490
0.0000000000,0.3065345908
0.0000000000,0.4374634021
0.0000000000,0.4481836724
0.0000000000,0.2717766478
0.0000000000,0.4132444430
0.0000000000,0.4258086940
0.0000000000,0.2350435871
0.0000000000,0.3854965486
0.0000000000,0.3997974868
0.0000000000,0.1966023636
0.0000000000,0.3544566744
0.0000000000,0.3703721757
0.0000000000,0.1567323462
0.0000000000,0.3203898878
0.0000000000,0.3377840406
0.0000000000,0.1157232875
0.0000000000,0.2835871052
0.0000000000,0.3023113706
0.0000000000,0.0738732179
0.0000000000,0.2443626069
0.0000000000,0.2642570874
0.0000000000,0.0314862799
0.0000000000,0.2030513537
0.0000000000,0.2239461589
0.0000000000,-0.0111294825
0.0000000000,0.1600061266
0.0000000000,0.1817228234
0.0000000000,-0.0536643622
0.0000000000,0.1155945139
0.0000000000,0.1379476508
0.0000000000,-0.0958092398
0.0000000000,0.0701957722
0.0000000000,0.0929944628
0.0000000000,-0.1372578305
0.0000000000,0.0241975878
0.0000000000,0.0472471408
0.0000000000,-0.1777089096
0.0000000000,-0.0220072338
0.0000000000,0.0010963479
0.0000000000,-0.2168685016
0.0000000000,-0.0680241229
0.0000000000,-0.0450638073
0.0000000000,-0.2544520170
0.0000000000,-0.1134601143
0.0000000000,-0.0908391364
0.0000000000,-0.2901863202
0.0000000000,-0.1579272036
0.0000000000,-0.1358387372
0.0000000000,-0.3238117146
0.0000000000,-0.2010456604
0.0000000000,-0.1796783317
0.0000000000,-0.3550838301
0.0000000000,-0.2424472710
0.0000000000,-0.2219835482
0.0000000000,-0.3837753987
0.0000000000,-0.2817784830
0.0000000000,-0.2623931177
0.0000000000,-0.4096779066
0.0000000000,-0.3187034242
0.0000000000,-0.3005619593
0.0000000000,-0.4326031089
0.0000000000,-0.3529067710
0.0000000000,-0.3361641270
0.0000000000,-0.4523843985
0.0000000000,-0.3840964410
0.0000000000,-0.3688955932
0.0000000000,-0.4688780162
0.0000000000,-0.4120060875
0.0000000000,-0.3984768448
0.0000000000,-0.4819640957
0.0000000000,-0.4363973737
0.0000000000,-0.4246552702
0.0000000000,-0.4915475350
0.0000000000,-0.4570620083
0.0000000000,-0.4472073166
0.0000000000,-0.4975586870
0.0000000000,-0.4738235237
0.0000000000,-0.4659403988
0.0000000000,-0.4999538662
0.0000000000,-0.4865387838
0.0000000000,-0.4806945443
0.0000000000,-0.4987156656
0.0000000000,-0.4950992054
0.0000000000,-0.4913437587
0.0000000000,-0.4938530839
0.0000000000,-0.4994316861
0.0000000000,-0.4977971021
0.0000000000,-0.4854014595
0.0000000000,-0.4994992284
0.0000000000,-0.4999994658
0.0000000000,-0.4734222141
0.0000000000,-0.4953012554
0.0000000000,-0.4979320424
0.0000000000,-0.4580024059
0.0000000000,-0.4868736161
0.0000000000,-0.4916124869
0.0000000000,-0.4392540973
0.0000000000,-0.4742882791
0.0000000000,-0.4810947656
0.0000000000,-0.4173135403
0.0000000000,-0.4576527178
0.0000000000,-0.4664686956
0.0000000000,-0.3923401864
0.0000000000,-0.4371089931
0.0000000000,-0.4478591772
0.0000000000,-0.3645155277
0.0000000000,-0.4128325397
0.0000000000,-0.4254251282
0.0000000000,-0.3340417780
0.0000000000,-0.3850306685
0.0000000000,-0.3993581259
0.0000000000,-0.3011404031
0.0000000000,-0.3539407959
0.0000000000,-0.3698807716
0.0000000000,-0.2660505114
0.0000000000,-0.3198284163
0.0000000000,-0.3372447897
0.0000000000,-0.2290271162
0.0000000000,-0.2829848354
0.0000000000,-0.3017288778
0.0000000000,-0.1903392825
0.0000000000,-0.2437246819
0.0000000000,-0.2636363271
0.0000000000,-0.1502681715
0.0000000000,-0.2023832212
0.0000000000,-0.2232924320
0.0000000000,-0.1091049970
0.0000000000,-0.1593134922
0.0000000000,-0.1810417126
0.0000000000,-0.0671489096
0.0000000000,-0.1148832923
0.0000000000,-0.1372449724
0.0000000000,-0.0247048222
0.0000000000,-0.0694720370
0.0000000000,-0.0922762173
0.0000000000,0.0179188057
0.0000000000,-0.0234675195
0.0000000000,-0.0465194619
0.0000000000,0.0604122100
0.0000000000,0.0227374009
0.0000000000,-0.0003654496
0.0000000000,0.1024665728
0.0000000000,0.0687481534
0.0000000000,0.0457916835
0.0000000000,0.1437762669
0.0000000000,0.1141718253
0.0000000000,0.0915577747
0.0000000000,0.1840410771
0.0000000000,0.1586205174
0.0000000000,0.1365420007
0.0000000000,0.2229683817
0.0000000000,0.2017146563
0.0000000000,0.1803602148
0.0000000000,0.2602752792
0.0000000000,0.2430862362
0.0000000000,0.2226382280
0.0000000000,0.2956906443
0.0000000000,0.2823819609
0.0000000000,0.2630150034
0.0000000000,0.3289570984
0.0000000000,0.3192662614
0.0000000000,0.3011457403
0.0000000000,0.3598328799
0.0000000000,0.3534241610
0.0000000000,0.3367048181
0.0000000000,0.3880936011
0.0000000000,0.3845639657
0.0000000000,0.3693885771
0.0000000000,0.4135338792
0.0000000000,0.4124197543
0.0000000000,0.3989179116
0.0000000000,0.4359688289
0.0000000000,0.4367536501
0.0000000000,0.4250406533
0.0000000000,0.4552354057
0.0000000000,0.4573578517
0.0000000000,0.4475337251
0.0000000000,0.4711935911
0.0000000000,0.4740564079
0.0000000000,0.4662050453
0.0000000000,0.4837274100
0.0000000000,0.4867067200
0.0000000000,0.4808951688
0.0000000000,0.4927457740
0.0000000000,0.4952007595
0.0000000000,0.4914786479
0.0000000000,0.4981831425
0.0000000000,0.4994659909
0.0000000000,0.4978651042
0.0000000000,0.5000000000
0.0000000000,0.4994659909
0.0000000000,0.5000000000
0.0000000000,0.4981831425
0.0000000000,0.4952007595
0.0000000000,0.4978651042
0.0000000000,0.4927457740
0.0000000000,0.4867067200
0.0000000000,0.4914786479
0.0000000000,0.4837274100
0.0000000000,0.4740564079
0.0000000000,0.4808951688
0.0000000000,0.4711935911
0.0000000000,0.4573578517
0.0000000000,0.4662050453
0.0000000000,0.4552354057
0.0000000000,0.4367536501
0.0000000000,0.4475337251
0.0000000000,0.4359688289
0.0000000000,0.4124197543
0.0000000000,0.4250406533
0.0000000000,0.4135338792
0.0000000000,0.3845639657
0.0000000000,0.3989179116
0.0000000000,0.3880936011
0.0000000000,0.3534241610
0.0000000000,0.3693885771
0.0000000000,0.3598328799
0.0000000000,0.3192662614
0.0000000000,0.3367048181
0.0000000000,0.3289570984
0.0000000000,0.2823819609
0.0000000000,0.3011457403
0.0000000000,0.2956906443
0.0000000000,0.2430862362
0.0000000000,0.2630150034
0.0000000000,0.2602752792
0.0000000000,0.2017146563
0.0000000000,0.2226382280
0.0000000000,0.2229683817
0.0000000000,0.1586205174
0.0000000000,0.1803602148
0.0000000000,0.1840410771
0.0000000000,0.1141718253
0.0000000000,0.1365420007
0.0000000000,0.1437762669
0.0000000000,0.0687481534
0.0000000000,0.0915577747
0.0000000000,0.1024665728
0.0000000000,0.0227374009
0.0000000000,0.0457916835
0.0000000000,0.0604122100
0.0000000000,-0.0234675195
0.0000000000,-0.0003654496
0.0000000000,0.0179188057
0.0000000000,-0.0694720370
0.0000000000,-0.0465194619
0.0000000000,-0.0247048222
0.0000000000,-0.1148832923
0.0000000000,-0.0922762173
0.0000000000,-0.0671489096
0.0000000000,-0.1593134922
0.0000000000,-0.1372449724
0.0000000000,-0.1091049970
0.0000000000,-0.2023832212
0.0000000000,-0.1810417126
0.0000000000,-0.1502681715
0.0000000000,-0.2437246819
0.0000000000,-0.2232924320
0.0000000000,-0.1903392825
0.0000000000,-0.2829848354
0.0000000000,-0.2636363271
0.0000000000,-0.2290271162
0.0000000000,-0.3198284163
0.0000000000,-0.3017288778
0.0000000000,-0.2660505114
0.0000000000,-0.3539407959
0.0000000000,-0.3372447897
0.0000000000,-0.3011404031
0.0000000000,-0.3850306685
0.0000000000,-0.3698807716
0.0000000000,-0.3340417780
0.0000000000,-0.4128325397
0.0000000000,-0.3993581259
0.0000000000,-0.3645155277
0.0000000000,-0.4371089931
0.0000000000,-0.4254251282
0.0000000000,-0.3923401864
0.0000000000,-0.4576527178
0.0000000000,-0.4478591772
0.0000000000,-0.4173135403
0.0000000000,-0.4742882791
0.0000000000,-0.4664686956
0.0000000000,-0.4392540973
0.0000000000,-0.4868736161
0.0000000000,-0.4810947656
0.0000000000,-0.4580024059
0.0000000000,-0.4953012554
0.0000000000,-0.4916124869
0.0000000000,-0.4734222141
0.0000000000,-0.4994992284
0.0000000000,-0.4979320424
0.0000000000,-0.4854014595
0.0000000000,-0.4994316861
0.0000000000,-0.4999994658
0.0000000000,-0.4938530839
0.0000000000,-0.4950992054
0.0000000000,-0.4977971021
0.0000000000,-0.4987156656
0.0000000000,-0.4865387838
0.0000000000,-0.4913437587
0.0000000000,-0.4999538662
0.0000000000,-0.4738235237
0.0000000000,-0.4806945443
0.0000000000,-0.4975586870
0.0000000000,-0.4570620083
0.0000000000,-0.4659403988
0.0000000000,-0.4915475350
0.0000000000,-0.4363973737
0.0000000000,-0.4472073166
0.0000000000,-0.4819640957
0.0000000000,-0.4120060875
0.0000000000,-0.4246552702
0.0000000000,-0.4688780162
0.0000000000,-0.3840964410
0.0000000000,-0.3984768448
0.0000000000,-0.4523843985
0.0000000000,-0.3529067710
0.0000000000,-0.3688955932
0.0000000000,-0.4326031089
0.0000000000,-0.3187034242
0.0000000000,-0.3361641270
0.0000000000,-0.4096779066
0.0000000000,-0.2817784830
0.0000000000,-0.3005619593
0.0000000000,-0.3837753987
0.0000000000,-0.2424472710
0.0000000000,-0.2623931177
0.0000000000,-0.3550838301
0.0000000000,-0.2010456604
0.0000000000,-0.2219835482
0.0000000000,-0.3238117146
0.0000000000,-0.1579272036
0.0000000000,-0.1796783317
0.0000000000,-0.2901863202
0.0000000000,-0.1134601143
0.0000000000,-0.1358387372
0.0000000000,-0.2544520170
0.0000000000,-0.0680241229
0.0000000000,-0.0908391364
0.0000000000,-0.2168685016
0.0000000000,-0.0220072338
0.0000000000,-0.0450638073
0.0000000000,-0.1777089096
0.0000000000,0.0241975878
0.0000000000,0.0010963479
0.0000000000,-0.1372578305
0.0000000000,0.0701957722
0.0000000000,0.0472471408
0.0000000000,-0.0958092398
0.0000000000,0.1155945139
0.0000000000,0.0929944628
0.0000000000,-0.0536643622
0.0000000000,0.1600061266
0.0000000000,0.1379476508
0.0000000000,-0.0111294825
0.0000000000,0.2030513537
0.0000000000,0.1817228234
0.0000000000,0.0314862799
0.0000000000,0.2443626069
0.0000000000,0.2239461589
0.0000000000,0.0738732179
0.0000000000,0.2835871052
0.0000000000,0.2642570874
0.0000000000,0.1157232875
0.0000000000,0.3203898878
0.0000000000,0.3023113706
0.0000000000,0.1567323462
0.0000000000,0.3544566744
0.0000000000,0.3377840406
0.0000000000,0.1966023636
0.0000000000,0.3854965486
0.0000000000,0.3703721757
0.0000000000,0.2350435871
0.0000000000,0.4132444430
0.0000000000,0.3997974868
0.0000000000,0.2717766478
0.0000000000,0.4374634021
0.0000000000,0.4258086940
0.0000000000,0.3065345908
0.0000000000,0.4579466060
0.0000000000,0.4481836724
0.0000000000,0.3390648151
0.0000000000,0.4745191368
0.0000000000,0.4667313490
0.0000000000,0.3691309096
0.0000000000,0.4870394719
0.0000000000,0.4812933344
0.0000000000,0.3965143711
0.0000000000,0.4954006930
0.0000000000,0.4917452754
0.0000000000,0.4210161922
0.0000000000,0.4979979166
0.0000000000,0.0522273636
0.0000000000,0.2289725973
0.0000000000,0.2461327159
0.0000000000,0.0163718603
0.0000000000,0.1936338972
0.0000000000,0.2114641118
0.0000000000,-0.0195682334
0.0000000000,0.1571172393
0.0000000000,0.1755090811
0.0000000000,-0.0554072216
0.0000000000,0.1196447702
0.0000000000,0.1384863538
0.0000000000,-0.0909599310
0.0000000000,0.0814444509
0.0000000000,0.1006211548
0.0000000000,-0.1260426674
0.0000000000,0.0427486702
0.0000000000,0.0621438344
0.0000000000,-0.1604741647
0.0000000000,0.0037928310
0.0000000000,0.0232884665
0.0000000000,-0.1940765218
0.0000000000,-0.0351860815
0.0000000000,-0.0157085750
0.0000000000,-0.2266761216
0.0000000000,-0.0739509421
0.0000000000,-0.0546100547
0.0000000000,-0.2581045280
0.0000000000,-0.1122659275
0.0000000000,-0.0931793180
0.0000000000,-0.2881993562
0.0000000000,-0.1498979514
0.0000000000,-0.1311817317
0.0000000000,-0.3168051120
0.0000000000,-0.1866180820
0.0000000000,-0.1683861110
0.0000000000,-0.3437739946
0.0000000000,-0.2222029351
0.0000000000,-0.2045661256
0.0000000000,-0.3689666608
0.0000000000,-0.2564360328
0.0000000000,-0.2395016771
0.0000000000,-0.3922529448
0.0000000000,-0.2891091207
0.0000000000,-0.2729802377
0.0000000000,-0.4135125308
0.0000000000,-0.3200234343
0.0000000000,-0.3047981428
0.0000000000,-0.4326355744
0.0000000000,-0.3489909087
0.0000000000,-0.3347618307
0.0000000000,-0.4495232703
0.0000000000,-0.3758353223
0.0000000000,-0.3626890194
0.0000000000,-0.4640883631
0.0000000000,-0.4003933692
0.0000000000,-0.3884098160
0.0000000000,-0.4762555975
0.0000000000,-0.4225156522
0.0000000000,-0.4117677497
0.0000000000,-0.4859621077
0.0000000000,-0.4420675920
0.0000000000,-0.4326207244
0.0000000000,-0.4931577420
0.0000000000,-0.4589302459
0.0000000000,-0.4508418824
0.0000000000,-0.4978053219
0.0000000000,-0.4730010312
0.0000000000,-0.4663203767
0.0000000000,-0.4998808342
0.0000000000,-0.4841943491
0.0000000000,-0.4789620451
0.0000000000,-0.4993735551
0.0000000000,-0.4924421061
0.0000000000,-0.4886899827
0.0000000000,-0.4962861057
0.0000000000,-0.4976941274
0.0000000000,-0.4954450105
0.0000000000,-0.4906344381
0.0000000000,-0.4999184627
0.0000000000,-0.4991860347
0.0000000000,-0.4824477536
0.0000000000,-0.4991015806
0.0000000000,-0.4998902971
0.0000000000,-0.4717683512
0.0000000000,-0.4952484504
0.0000000000,-0.4975535133
0.0000000000,-0.4586514094
0.0000000000,-0.4883825124
0.0000000000,-0.4921898990
0.0000000000,-0.4431647010
0.0000000000,-0.4785455350
0.0000000000,-0.4838320834
0.0000000000,-0.4253882429
0.0000000000,-0.4657973608
0.0000000000,-0.4725309105
0.0000000000,-0.4054138828
0.0000000000,-0.4502155422
0.0000000000,-0.4583551304
0.0000000000,-0.3833448245
0.0000000000,-0.4318948703
0.0000000000,-0.4413909802
0.0000000000,-0.3592950947
0.0000000000,-0.4109467974
0.0000000000,-0.4217416602
0.0000000000,-0.3333889539
0.0000000000,-0.3874987596
0.0000000000,-0.3995267056
0.0000000000,-0.3057602544
0.0000000000,-0.3616934014
0.0000000000,-0.3748812593
0.0000000000,-0.2765517484
0.0000000000,-0.3336877078
0.0000000000,-0.3479552503
0.0000000000,-0.2459143510
0.0000000000,-0.3036520493
0.0000000000,-0.3189124809
0.0000000000,-0.2140063597
0.0000000000,-0.2717691458
0.0000000000,-0.2879296307
0.0000000000,-0.1809926374
0.0000000000,-0.2382329544
0.0000000000,-0.2551951816
0.0000000000,-0.1470437598
0.0000000000,-0.2032474903
0.0000000000,-0.2209082712
0.0000000000,-0.1123351344
0.0000000000,-0.1670255849
0.0000000000,-0.1852774815
0.0000000000,-0.0770460942
0.0000000000,-0.1297875915
0.0000000000,-0.1485195697
0.0000000000,-0.0413589711
0.0000000000,-0.0917600448
0.0000000000,-0.1108581499
0.0000000000,-0.0054581540
0.0000000000,-0.0531742825
0.0000000000,-0.0725223327
0.0000000000,0.0304708644
0.0000000000,-0.0142650384
0.0000000000,-0.0337453311
0.0000000000,0.0662424456
0.0000000000,0.0247309861
0.0000000000,0.0052369577
0.0000000000,0.1016717643
0.0000000000,0.0635765614
0.0000000000,0.0441873879
0.0000000000,0.1365757639
0.0000000000,0.1020353733
0.0000000000,0.0828690073
0.0000000000,0.1707741019
0.0000000000,0.1398734605
0.0000000000,0.1210464991
0.0000000000,0.2040900819
0.0000000000,0.1768606377
0.0000000000,0.1584876134
0.0000000000,0.2363515663
0.0000000000,0.2127718961
0.0000000000,0.1949645799
0.0000000000,0.2673918661
0.0000000000,0.2473887722
0.0000000000,0.2302554936
0.0000000000,0.2970506018
0.0000000000,0.2805006767
0.0000000000,0.2641456647
0.0000000000,0.3251745323
0.0000000000,0.3119061758
0.0000000000,0.2964289250
0.0000000000,0.3516183464
0.0000000000,0.3414142165
0.0000000000,0.3269088815
0.0000000000,0.3762454138
0.0000000000,0.3688452887
0.0000000000,0.3554001117
0.0000000000,0.3989284911
0.0000000000,0.3940325174
0.0000000000,0.3817292913
0.0000000000,0.4195503789
0.0000000000,0.4168226781
0.0000000000,0.4057362485
0.0000000000,0.4380045280
0.0000000000,0.4370771284
0.0000000000,0.4272749389
0.0000000000,0.4541955890
0.0000000000,0.4546726519
0.0000000000,0.4462143333
0.0000000000,0.4680399058
0.0000000000,0.4695022075
0.0000000000,0.4624392154
0.0000000000,0.4794659474
0.0000000000,0.4814755806
0.0000000000,0.4758508822
0.0000000000,0.4884146776
0.0000000000,0.4905199322
0.0000000000,0.4863677449
0.0000000000,0.4948398598
0.0000000000,0.4965802415
0.0000000000,0.4939258250
0.0000000000,0.4987082965
0.0000000000,0.4996196411
0.0000000000,0.4984791432
0.0000000000,0.5000000000
0.0000000000,0.4996196411
0.0000000000,0.5000000000
0.0000000000,0.4987082965
0.0000000000,0.4965802415
0.0000000000,0.4984791432
0.0000000000,0.4948398598
0.0000000000,0.4905199322
0.0000000000,0.4939258250
0.0000000000,0.4884146776
0.0000000000,0.4814755806
0.0000000000,0.4863677450
0.0000000000,0.4794659474
0.0000000000,0.4695022075
0.0000000000,0.4758508822
0.0000000000,0.4680399058
0.0000000000,0.4546726519
0.0000000000,0.4624392154
0.0000000000,0.4541955890
0.0000000000,0.4370771284
0.0000000000,0.4462143333
0.0000000000,0.4380045280
0.0000000000,0.4168226781
0.0000000000,0.4272749389
0.0000000000,0.4195503789
0.0000000000,0.3940325174
0.0000000000,0.4057362485
0.0000000000,0.3989284911
0.0000000000,0.3688452887
0.0000000000,0.3817292913
0.0000000000,0.3762454138
0.0000000000,0.3414142165
0.0000000000,0.3554001117
0.0000000000,0.3516183464
0.0000000000,0.3119061758
0.0000000000,0.3269088815
0.0000000000,0.3251745323
0.0000000000,0.2805006767
0.0000000000,0.2964289250
0.0000000000,0.2970506018
0.0000000000,0.2473887722
0.0000000000,0.2641456647
0.0000000000,0.2673918661
0.0000000000,0.2127718961
0.0000000000,0.2302554936
0.0000000000,0.2363515663
0.0000000000,0.1768606377
0.0000000000,0.1949645799
0.0000000000,0.2040900819
0.0000000000,0.1398734605
0.0000000000,0.1584876134
0.0000000000,0.1707741019
0.0000000000,0.1020353733
0.0000000000,0.1210464991
0.0000000000,0.1365757639
0.0000000000,0.0635765614
0.0000000000,0.0828690073
0.0000000000,0.1016717643
0.0000000000,0.0247309861
0.0000000000,0.0441873879
0.0000000000,0.0662424456
0.0000000000,-0.0142650384
0.0000000000,0.0052369577
0.0000000000,0.0304708644
0.0000000000,-0.0531742825
0.0000000000,-0.0337453311
0.0000000000,-0.0054581540
0.0000000000,-0.0917600448
0.0000000000,-0.0725223327
0.0000000000,-0.0413589711
0.0000000000,-0.1297875915
0.0000000000,-0.1108581499
0.0000000000,-0.0770460942
0.0000000000,-0.1670255849
0.0000000000,-0.1485195697
0.0000000000,-0.1123351344
0.0000000000,-0.2032474903
0.0000000000,-0.1852774815
0.0000000000,-0.1470437598
0.0000000000,-0.2382329544
0.0000000000,-0.2209082712
0.0000000000,-0.1809926374
0.0000000000,-0.2717691458
0.0000000000,-0.2551951816
0.0000000000,-0.2140063597
0.0000000000,-0.3036520493
0.0000000000,-0.2879296307
0.0000000000,-0.2459143510
0.0000000000,-0.3336877078
0.0000000000,-0.3189124809
0.0000000000,-0.2765517484
0.0000000000,-0.3616934014
0.0000000000,-0.3479552503
0.0000000000,-0.3057602544
0.0000000000,-0.3874987596
0.0000000000,-0.3748812593
0.0000000000,-0.3333889539
0.0000000000,-0.4109467974
0.0000000000,-0.3995267056
0.0000000000,-0.3592950947
0.0000000000,-0.4318948703
0.0000000000,-0.4217416602
0.0000000000,-0.3833448245
0.0000000000,-0.4502155422
0.0000000000,-0.4413909802
0.0000000000,-0.4054138828
0.0000000000,-0.4657973608
0.0000000000,-0.4583551304
0.0000000000,-0.4253882429
0.0000000000,-0.4785455350
0.0000000000,-0.4725309105
0.0000000000,-0.4431647010
0.0000000000,-0.4883825124
0.0000000000,-0.4838320834
0.0000000000,-0.4586514094
0.0000000000,-0.4952484504
0.0000000000,-0.4921898990
0.0000000000,-0.4717683512
0.0000000000,-0.4991015806
0.0000000000,-0.4975535133
0.0000000000,-0.4824477536
0.0000000000,-0.4999184627
0.0000000000,-0.4998902971
0.0000000000,-0.4906344381
0.0000000000,-0.4976941274
0.0000000000,-0.4991860347
0.0000000000,-0.4962861057
0.0000000000,-0.4924421061
0.0000000000,-0.4954450105
0.0000000000,-0.4993735551
0.0000000000,-0.4841943491
0.0000000000,-0.4886899827
0.0000000000,-0.4998808342
0.0000000000,-0.4730010312
0.0000000000,-0.4789620451
0.0000000000,-0.4978053219
0.0000000000,-0.4589302459
0.0000000000,-0.4663203767
0.0000000000,-0.4931577420
0.0000000000,-0.4420675920
0.0000000000,-0.4508418824
0.0000000000,-0.4859621077
0.0000000000,-0.4225156522
0.0000000000,-0.4326207244
0.0000000000,-0.4762555975
0.0000000000,-0.4003933692
0.0000000000,-0.4117677497
0.0000000000,-0.4640883631
0.0000000000,-0.3758353223
0.0000000000,-0.3884098160
0.0000000000,-0.4495232703
0.0000000000,-0.3489909087
0.0000000000,-0.3626890194
0.0000000000,-0.4326355744
0.0000000000,-0.3200234343
0.0000000000,-0.3347618307
0.0000000000,-0.4135125308
0.0000000000,-0.2891091207
0.0000000000,-0.3047981428
0.0000000000,-0.3922529448
0.0000000000,-0.2564360328
0.0000000000,-0.2729802377
0.0000000000,-0.3689666608
0.0000000000,-0.2222029351
0.0000000000,-0.2395016771
0.0000000000,-0.3437739946
0.0000000000,-0.1866180820
0.0000000000,-0.2045661256
0.0000000000,-0.3168051120
0.0000000000,-0.1498979514
0.0000000000,-0.1683861110
0.0000000000,-0.2881993562
0.0000000000,-0.1122659275
0.0000000000,-0.1311817317
0.0000000000,-0.2581045280
0.0000000000,-0.0739509421
0.0000000000,-0.0931793180
0.0000000000,-0.2266761216
0.0000000000,-0.0351860815
0.0000000000,-0.0546100547
0.0000000000,-0.1940765218
0.0000000000,0.0037928310
0.0000000000,-0.0157085750
0.0000000000,-0.1604741647
0.0000000000,0.0427486702
0.0000000000,0.0232884665
0.0000000000,-0.1260426674
0.0000000000,0.0814444509
0.0000000000,0.0621438344
0.0000000000,-0.0909599310
0.0000000000,0.1196447702
0.0000000000,0.1006211548
0.0000000000,-0.0554072216
0.0000000000,0.1571172393
0.0000000000,0.1384863538
0.0000000000,-0.0195682334
0.0000000000,0.1936338972
0.0000000000,0.1755090811
0.0000000000,0.0163718603
0.0000000000,0.2289725973
0.0000000000,0.2114641118
0.0000000000,0.0522273636
0.0000000000,0.2461327159
0.0000000000,-0.1679921274
0.0000000000,-0.1524316336
0.0000000000,-0.1985525403
0.0000000000,-0.1833712962
0.0000000000,-0.2282559413
0.0000000000,-0.2135194736
0.0000000000,-0.2569741216
0.0000000000,-0.2427460373
0.0000000000,-0.2845831250
0.0000000000,-0.2709248368
0.0000000000,-0.3109637829
0.0000000000,-0.2979342440
0.0000000000,-0.3360022284
0.0000000000,-0.3236576782
0.0000000000,-0.3595903882
0.0000000000,-0.3479841094
0.0000000000,-0.3816264487
0.0000000000,-0.3708085375
0.0000000000,-0.4020152957
0.0000000000,-0.3920324454
0.0000000000,-0.4206689250
0.0000000000,-0.4115642245
0.0000000000,-0.4375068218
0.0000000000,-0.4293195698
0.0000000000,-0.4524563087
0.0000000000,-0.4452218439
0.0000000000,-0.4654528595
0.0000000000,-0.4592024078
0.0000000000,-0.4764403770
0.0000000000,-0.4712009173
0.0000000000,-0.4853714358
0.0000000000,-0.4811655832
0.0000000000,-0.4922074869
0.0000000000,-0.4890533951
0.0000000000,-0.4969190238
0.0000000000,-0.4948303068
0.0000000000,-0.4994857102
0.0000000000,-0.4984713835
0.0000000000,-0.4998964673
0.0000000000,-0.4999609091
0.0000000000,-0.4981495224
0.0000000000,-0.4992924544
0.0000000000,-0.4942524157
0.0000000000,-0.4964689048
0.0000000000,-0.4882219682
0.0000000000,-0.4915024474
0.0000000000,-0.4800842093
0.0000000000,-0.4844145190
0.0000000000,-0.4698742639
0.0000000000,-0.4752357132
0.0000000000,-0.4576362011
0.0000000000,-0.4640056484
0.0000000000,-0.4434228441
0.0000000000,-0.4507727970
0.0000000000,-0.4272955420
0.0000000000,-0.4355942758
0.0000000000,-0.4093239050
0.0000000000,-0.4185356000
0.0000000000,-0.3895855041
0.0000000000,-0.3996703998
0.0000000000,-0.3681655360
0.0000000000,-0.3790801031
0.0000000000,-0.3451564558
0.0000000000,-0.3568535837
0.0000000000,-0.3206575774
0.0000000000,-0.3330867778
0.0000000000,-0.2947746454
0.0000000000,-0.3078822702
0.0000000000,-0.2676193782
0.0000000000,-0.2813488510
0.0000000000,-0.2393089860
0.0000000000,-0.2536010463
0.0000000000,-0.2099656650
0.0000000000,-0.2247586239
0.0000000000,-0.1797160695
0.0000000000,-0.1949460763
0.0000000000,-0.1486907659
0.0000000000,-0.1642920833
0.0000000000,-0.1170236687
0.0000000000,-0.1329289568
0.0000000000,-0.0848514625
0.0000000000,-0.1009920693
0.0000000000,-0.0523130120
0.0000000000,-0.0686192699
0.0000000000,-0.0195487630
0.0000000000,-0.0359502893
0.0000000000,0.0132998643
0.0000000000,-0.0031261365
0.0000000000,0.0460910854
0.0000000000,0.0297115096
0.0000000000,0.0786833636
0.0000000000,0.0624209120
0.0000000000,0.1109360210
0.0000000000,0.0948608871
0.0000000000,0.1427098455
0.0000000000,0.1268914144
0.0000000000,0.1738676917
0.0000000000,0.1583742405
0.0000000000,0.2042750732
0.0000000000,0.1891734762
0.0000000000,0.2338007426
0.0000000000,0.2191561828
0.0000000000,0.2623172584
0.0000000000,0.2481929460
0.0000000000,0.2897015346
0.0000000000,0.2761584345
0.0000000000,0.3158353728
0.0000000000,0.3029319409
0.0000000000,0.3406059713
0.0000000000,0.3283979027
0.0000000000,0.3639064130
0.0000000000,0.3524464014
0.0000000000,0.3856361261
0.0000000000,0.3749736364
0.0000000000,0.4057013189
0.0000000000,0.3958823734
0.0000000000,0.4240153838
0.0000000000,0.4150823642
0.0000000000,0.4404992720
0.0000000000,0.4324907357
0.0000000000,0.4550818341
0.0000000000,0.4480323484
0.0000000000,0.4677001273
0.0000000000,0.4616401200
0.0000000000,0.4782996875
0.0000000000,0.4732553152
0.0000000000,0.4868347637
0.0000000000,0.4828277995
0.0000000000,0.4932685159
0.0000000000,0.4903162551
0.0000000000,0.4975731743
0.0000000000,0.4956883596
0.0000000000,0.4997301586
0.0000000000,0.4989209255
0.0000000000,0.4997301586
0.0000000000,0.5000000000
0.0000000000,0.4975731743
0.0000000000,0.4989209255
0.0000000000,0.4932685159
0.0000000000,0.4956883596
0.0000000000,0.4868347637
0.0000000000,0.4903162551
0.0000000000,0.4782996875
0.0000000000,0.4828277995
0.0000000000,0.4677001273
0.0000000000,0.4732553152
0.0000000000,0.4550818341
0.0000000000,0.4616401200
0.0000000000,0.4404992720
0.0000000000,0.4480323484
0.0000000000,0.4240153838
0.0000000000,0.4324907357
0.0000000000,0.4057013189
0.0000000000,0.4150823642
0.0000000000,0.3856361261
0.0000000000,0.3958823734
0.0000000000,0.3639064130
0.0000000000,0.3749736364
0.0000000000,0.3406059713
0.0000000000,0.3524464014
0.0000000000,0.3158353728
0.0000000000,0.3283979027
0.0000000000,0.2897015346
0.0000000000,0.3029319409
0.0000000000,0.2623172584
0.0000000000,0.2761584345
0.0000000000,0.2338007426
0.0000000000,0.2481929460
0.0000000000,0.2042750732
0.0000000000,0.2191561828
0.0000000000,0.1738676917
0.0000000000,0.1891734762
0.0000000000,0.1427098455
0.0000000000,0.1583742405
0.0000000000,0.1109360210
0.0000000000,0.1268914144
0.0000000000,0.0786833636
0.0000000000,0.0948608871
0.0000000000,0.0460910854
0.0000000000,0.0624209120
0.0000000000,0.0132998643
0.0000000000,0.0297115096
0.0000000000,-0.0195487630
0.0000000000,-0.0031261365
0.0000000000,-0.0523130120
0.0000000000,-0.0359502893
0.0000000000,-0.0848514625
0.0000000000,-0.0686192699
0.0000000000,-0.1170236687
0.0000000000,-0.1009920693
0.0000000000,-0.1486907659
0.0000000000,-0.1329289568
0.0000000000,-0.1797160695
0.0000000000,-0.1642920833
0.0000000000,-0.2099656650
0.0000000000,-0.1949460763
0.0000000000,-0.2393089860
0.0000000000,-0.2247586239
0.0000000000,-0.2676193782
0.0000000000,-0.2536010463
0.0000000000,-0.2947746454
0.0000000000,-0.2813488510
0.0000000000,-0.3206575774
0.0000000000,-0.3078822702
0.0000000000,-0.3451564558
0.0000000000,-0.3330867778
0.0000000000,-0.3681655360
0.0000000000,-0.3568535837
0.0000000000,-0.3895855041
0.0000000000,-0.3790801031
0.0000000000,-0.4093239050
0.0000000000,-0.3996703998
0.0000000000,-0.4272955420
0.0000000000,-0.4185356000
0.0000000000,-0.4434228441
0.0000000000,-0.4355942758
0.0000000000,-0.4576362011
0.0000000000,-0.4507727970
0.0000000000,-0.4698742639
0.0000000000,-0.4640056484
0.0000000000,-0.4800842093
0.0000000000,-0.4752357132
0.0000000000,-0.4882219682
0.0000000000,-0.4844145190
0.0000000000,-0.4942524157
0.0000000000,-0.4915024474
0.0000000000,-0.4981495224
0.0000000000,-0.4964689048
0.0000000000,-0.4998964673
0.0000000000,-0.4992924544
0.0000000000,-0.4994857102
0.0000000000,-0.4999609091
0.0000000000,-0.4969190238
0.0000000000,-0.4984713835
0.0000000000,-0.4922074869
0.0000000000,-0.4948303068
0.0000000000,-0.4853714358
0.0000000000,-0.4890533951
0.0000000000,-0.4764403770
0.0000000000,-0.4811655832
0.0000000000,-0.4654528595
0.0000000000,-0.4712009173
0.0000000000,-0.4524563087
0.0000000000,-0.4592024078
0.0000000000,-0.4375068218
0.0000000000,-0.4452218439
0.0000000000,-0.4206689250
0.0000000000,-0.4293195698
0.0000000000,-0.4020152957
0.0000000000,-0.4115642245
0.0000000000,-0.3816264487
0.0000000000,-0.3920324454
0.0000000000,-0.3595903882
0.0000000000,-0.3708085375
0.0000000000,-0.3360022284
0.0000000000,-0.3479841094
0.0000000000,-0.3109637829
0.0000000000,-0.3236576782
0.0000000000,-0.2845831250
0.0000000000,-0.2979342440
0.0000000000,-0.2569741216
0.0000000000,-0.2709248368
0.0000000000,-0.2282559413
0.0000000000,-0.2427460373
0.0000000000,-0.1985525403
0.0000000000,-0.2135194736
0.0000000000,-0.1679921274
0.0000000000,-0.1833712962
0.0000000000,-0.1524316336
