-0.0078125000,-0.0078125000
1.0078125000,-0.0078125000
1.0078125000,1.0078125000
-0.0078125000,1.0078125000
-0.0076742040,-0.0078125000
-0.0075082493,-0.0078125000
-0.0073091027,-0.0078125000
-0.0070701275,-0.0078125000
-0.0067833583,-0.0078125000
-0.0064392349,-0.0078125000
-0.0060262857,-0.0078125000
-0.0055307470,-0.0078125000
-0.0049361014,-0.0078125000
-0.0042225256,-0.0078125000
-0.0033662342,-0.0078125000
-0.0023386853,-0.0078125000
-0.0011056267,-0.0078125000
0.0003740445,-0.0078125000
0.0021496503,-0.0078125000
0.0042803764,-0.0078125000
0.0068372477,-0.0078125000
0.0099054931,-0.0078125000
0.0135873871,-0.0078125000
0.0180056616,-0.0078125000
0.0233075906,-0.0078125000
0.0296699043,-0.0078125000
0.0373046813,-0.0078125000
0.0464664137,-0.0078125000
0.0574604952,-0.0078125000
0.0706533922,-0.0078125000
0.0864848678,-0.0078125000
0.1054826406,-0.0078125000
0.1282799687,-0.0078125000
0.1556367631,-0.0078125000
0.1884649181,-0.0078125000
0.2278587022,-0.0078125000
0.2751312459,-0.0078125000
0.3318582986,-0.0078125000
0.3999307658,-0.0078125000
0.4816177282,-0.0078125000
0.5796420850,-0.0078125000
0.6972713169,-0.0078125000
0.8384263984,-0.0078125000
-0.0077433520,-0.0078125000
-0.0075912267,-0.0078125000
-0.0074086760,-0.0078125000
-0.0071896151,-0.0078125000
-0.0069267429,-0.0078125000
-0.0066112966,-0.0078125000
-0.0062327603,-0.0078125000
-0.0057785164,-0.0078125000
-0.0052334242,-0.0078125000
-0.0045793135,-0.0078125000
-0.0037943799,-0.0078125000
-0.0028524598,-0.0078125000
-0.0017221560,-0.0078125000
-0.0003657911,-0.0078125000
0.0012618474,-0.0078125000
0.0032150133,-0.0078125000
0.0055588120,-0.0078125000
0.0083713704,-0.0078125000
0.0117464401,-0.0078125000
0.0157965244,-0.0078125000
0.0206566261,-0.0078125000
0.0264887474,-0.0078125000
0.0334872928,-0.0078125000
0.0418855475,-0.0078125000
0.0519634544,-0.0078125000
0.0640569437,-0.0078125000
0.0785691300,-0.0078125000
0.0959837542,-0.0078125000
0.1168813046,-0.0078125000
0.1419583659,-0.0078125000
0.1720508406,-0.0078125000
0.2081618101,-0.0078125000
0.2514949741,-0.0078125000
0.3034947723,-0.0078125000
0.3658945322,-0.0078125000
0.4407742470,-0.0078125000
0.5306299066,-0.0078125000
0.6384567010,-0.0078125000
0.7678488577,-0.0078125000
0.9231194492,-0.0078125000
1.0078125000,-0.0002893519
1.0078125000,0.0072337963
1.0078125000,0.0147569444
1.0078125000,0.0222800926
1.0078125000,0.0298032407
1.0078125000,0.0373263889
1.0078125000,0.0448495370
1.0078125000,0.0523726852
1.0078125000,0.0598958333
1.0078125000,0.0674189815
1.0078125000,0.0749421296
1.0078125000,0.0824652778
1.0078125000,0.0899884259
1.0078125000,0.0975115741
1.0078125000,0.1050347222
1.0078125000,0.1125578704
1.0078125000,0.1200810185
1.0078125000,0.1276041667
1.0078125000,0.1351273148
1.0078125000,0.1426504630
1.0078125000,0.1501736111
1.0078125000,0.1576967593
1.0078125000,0.1652199074
1.0078125000,0.1727430556
1.0078125000,0.1802662037
1.0078125000,0.1877893519
1.0078125000,0.1953125000
1.0078125000,0.2028356481
1.0078125000,0.2103587963
1.0078125000,0.2178819444
1.0078125000,0.2254050926
1.0078125000,0.2329282407
1.0078125000,0.2404513889
1.0078125000,0.2479745370
1.0078125000,0.2554976852
1.0078125000,0.2630208333
1.0078125000,0.2705439815
1.0078125000,0.2780671296
1.0078125000,0.2855902778
1.0078125000,0.2931134259
1.0078125000,0.3006365741
1.0078125000,0.3081597222
1.0078125000,0.3156828704
1.0078125000,0.3232060185
1.0078125000,0.3307291667
1.0078125000,0.3382523148
1.0078125000,0.3457754630
1.0078125000,0.3532986111
1.0078125000,0.3608217593
1.0078125000,0.3683449074
1.0078125000,0.3758680556
1.0078125000,0.3833912037
1.0078125000,0.3909143519
1.0078125000,0.3984375000
1.0078125000,0.4059606481
1.0078125000,0.4134837963
1.0078125000,0.4210069444
1.0078125000,0.4285300926
1.0078125000,0.4360532407
1.0078125000,0.4435763889
1.0078125000,0.4510995370
1.0078125000,0.4586226852
1.0078125000,0.4661458333
1.0078125000,0.4736689815
1.0078125000,0.4811921296
1.0078125000,0.4887152778
1.0078125000,0.4962384259
1.0078125000,0.5037615741
1.0078125000,0.5112847222
1.0078125000,0.5188078704
1.0078125000,0.5263310185
1.0078125000,0.5338541667
1.0078125000,0.5413773148
1.0078125000,0.5489004630
1.0078125000,0.5564236111
1.0078125000,0.5639467593
1.0078125000,0.5714699074
1.0078125000,0.5789930556
1.0078125000,0.5865162037
1.0078125000,0.5940393519
1.0078125000,0.6015625000
1.0078125000,0.6090856481
1.0078125000,0.6166087963
1.0078125000,0.6241319444
1.0078125000,0.6316550926
1.0078125000,0.6391782407
1.0078125000,0.6467013889
1.0078125000,0.6542245370
1.0078125000,0.6617476852
1.0078125000,0.6692708333
1.0078125000,0.6767939815
1.0078125000,0.6843171296
1.0078125000,0.6918402778
1.0078125000,0.6993634259
1.0078125000,0.7068865741
1.0078125000,0.7144097222
1.0078125000,0.7219328704
1.0078125000,0.7294560185
1.0078125000,0.7369791667
1.0078125000,0.7445023148
1.0078125000,0.7520254630
1.0078125000,0.7595486111
1.0078125000,0.7670717593
1.0078125000,0.7745949074
1.0078125000,0.7821180556
1.0078125000,0.7896412037
1.0078125000,0.7971643519
1.0078125000,0.8046875000
1.0078125000,0.8122106481
1.0078125000,0.8197337963
1.0078125000,0.8272569444
1.0078125000,0.8347800926
1.0078125000,0.8423032407
1.0078125000,0.8498263889
1.0078125000,0.8573495370
1.0078125000,0.8648726852
1.0078125000,0.8723958333
1.0078125000,0.8799189815
1.0078125000,0.8874421296
1.0078125000,0.8949652778
1.0078125000,0.9024884259
1.0078125000,0.9100115741
1.0078125000,0.9175347222
1.0078125000,0.9250578704
1.0078125000,0.9325810185
1.0078125000,0.9401041667
1.0078125000,0.9476273148
1.0078125000,0.9551504630
1.0078125000,0.9626736111
1.0078125000,0.9701967593
1.0078125000,0.9777199074
1.0078125000,0.9852430556
1.0078125000,0.9927662037
1.0078125000,1.0002893519
1.0078125000,-0.0040509259
1.0078125000,0.0034722222
1.0078125000,0.0109953704
1.0078125000,0.0185185185
1.0078125000,0.0260416667
1.0078125000,0.0335648148
1.0078125000,0.0410879630
1.0078125000,0.0486111111
1.0078125000,0.0561342593
1.0078125000,0.0636574074
1.0078125000,0.0711805556
1.0078125000,0.0787037037
1.0078125000,0.0862268519
1.0078125000,0.0937500000
1.0078125000,0.1012731481
1.0078125000,0.1087962963
1.0078125000,0.1163194444
1.0078125000,0.1238425926
1.0078125000,0.1313657407
1.0078125000,0.1388888889
1.0078125000,0.1464120370
1.0078125000,0.1539351852
1.0078125000,0.1614583333
1.0078125000,0.1689814815
1.0078125000,0.1765046296
1.0078125000,0.1840277778
1.0078125000,0.1915509259
1.0078125000,0.1990740741
1.0078125000,0.2065972222
1.0078125000,0.2141203704
1.0078125000,0.2216435185
1.0078125000,0.2291666667
1.0078125000,0.2366898148
1.0078125000,0.2442129630
1.0078125000,0.2517361111
1.0078125000,0.2592592593
1.0078125000,0.2667824074
1.0078125000,0.2743055556
1.0078125000,0.2818287037
1.0078125000,0.2893518519
1.0078125000,0.2968750000
1.0078125000,0.3043981481
1.0078125000,0.3119212963
1.0078125000,0.3194444444
1.0078125000,0.3269675926
1.0078125000,0.3344907407
1.0078125000,0.3420138889
1.0078125000,0.3495370370
1.0078125000,0.3570601852
1.0078125000,0.3645833333
1.0078125000,0.3721064815
1.0078125000,0.3796296296
1.0078125000,0.3871527778
1.0078125000,0.3946759259
1.0078125000,0.4021990741
1.0078125000,0.4097222222
1.0078125000,0.4172453704
1.0078125000,0.4247685185
1.0078125000,0.4322916667
1.0078125000,0.4398148148
1.0078125000,0.4473379630
1.0078125000,0.4548611111
1.0078125000,0.4623842593
1.0078125000,0.4699074074
1.0078125000,0.4774305556
1.0078125000,0.4849537037
1.0078125000,0.4924768519
1.0078125000,0.5000000000
1.0078125000,0.5075231481
1.0078125000,0.5150462963
1.0078125000,0.5225694444
1.0078125000,0.5300925926
1.0078125000,0.5376157407
1.0078125000,0.5451388889
1.0078125000,0.5526620370
1.0078125000,0.5601851852
1.0078125000,0.5677083333
1.0078125000,0.5752314815
1.0078125000,0.5827546296
1.0078125000,0.5902777778
1.0078125000,0.5978009259
1.0078125000,0.6053240741
1.0078125000,0.6128472222
1.0078125000,0.6203703704
1.0078125000,0.6278935185
1.0078125000,0.6354166667
1.0078125000,0.6429398148
1.0078125000,0.6504629630
1.0078125000,0.6579861111
1.0078125000,0.6655092593
1.0078125000,0.6730324074
1.0078125000,0.6805555556
1.0078125000,0.6880787037
1.0078125000,0.6956018519
1.0078125000,0.7031250000
1.0078125000,0.7106481481
1.0078125000,0.7181712963
1.0078125000,0.7256944444
1.0078125000,0.7332175926
1.0078125000,0.7407407407
1.0078125000,0.7482638889
1.0078125000,0.7557870370
1.0078125000,0.7633101852
1.0078125000,0.7708333333
1.0078125000,0.7783564815
1.0078125000,0.7858796296
1.0078125000,0.7934027778
1.0078125000,0.8009259259
1.0078125000,0.8084490741
1.0078125000,0.8159722222
1.0078125000,0.8234953704
1.0078125000,0.8310185185
1.0078125000,0.8385416667
1.0078125000,0.8460648148
1.0078125000,0.8535879630
1.0078125000,0.8611111111
1.0078125000,0.8686342593
1.0078125000,0.8761574074
1.0078125000,0.8836805556
1.0078125000,0.8912037037
1.0078125000,0.8987268519
1.0078125000,0.9062500000
1.0078125000,0.9137731481
1.0078125000,0.9212962963
1.0078125000,0.9288194444
1.0078125000,0.9363425926
1.0078125000,0.9438657407
1.0078125000,0.9513888889
1.0078125000,0.9589120370
1.0078125000,0.9664351852
1.0078125000,0.9739583333
1.0078125000,0.9814814815
1.0078125000,0.9890046296
1.0078125000,0.9965277778
1.0078125000,1.0040509259
-0.0076742040,1.0078125000
-0.0075082493,1.0078125000
-0.0073091027,1.0078125000
-0.0070701275,1.0078125000
-0.0067833583,1.0078125000
-0.0064392349,1.0078125000
-0.0060262857,1.0078125000
-0.0055307470,1.0078125000
-0.0049361014,1.0078125000
-0.0042225256,1.0078125000
-0.0033662342,1.0078125000
-0.0023386853,1.0078125000
-0.0011056267,1.0078125000
0.0003740445,1.0078125000
0.0021496503,1.0078125000
0.0042803764,1.0078125000
0.0068372477,1.0078125000
0.0099054931,1.0078125000
0.0135873871,1.0078125000
0.0180056616,1.0078125000
0.0233075906,1.0078125000
0.0296699043,1.0078125000
0.0373046813,1.0078125000
0.0464664137,1.0078125000
0.0574604952,1.0078125000
0.0706533922,1.0078125000
0.0864848678,1.0078125000
0.1054826406,1.0078125000
0.1282799687,1.0078125000
0.1556367631,1.0078125000
0.1884649181,1.0078125000
0.2278587022,1.0078125000
0.2751312459,1.0078125000
0.3318582986,1.0078125000
0.3999307658,1.0078125000
0.4816177282,1.0078125000
0.5796420850,1.0078125000
0.6972713169,1.0078125000
0.8384263984,1.0078125000
-0.0077433520,1.0078125000
-0.0075912267,1.0078125000
-0.0074086760,1.0078125000
-0.0071896151,1.0078125000
-0.0069267429,1.0078125000
-0.0066112966,1.0078125000
-0.0062327603,1.0078125000
-0.0057785164,1.0078125000
-0.0052334242,1.0078125000
-0.0045793135,1.0078125000
-0.0037943799,1.0078125000
-0.0028524598,1.0078125000
-0.0017221560,1.0078125000
-0.0003657911,1.0078125000
0.0012618474,1.0078125000
0.0032150133,1.0078125000
0.0055588120,1.0078125000
0.0083713704,1.0078125000
0.0117464401,1.0078125000
0.0157965244,1.0078125000
0.0206566261,1.0078125000
0.0264887474,1.0078125000
0.0334872928,1.0078125000
0.0418855475,1.0078125000
0.0519634544,1.0078125000
0.0640569437,1.0078125000
0.0785691300,1.0078125000
0.0959837542,1.0078125000
0.1168813046,1.0078125000
0.1419583659,1.0078125000
0.1720508406,1.0078125000
0.2081618101,1.0078125000
0.2514949741,1.0078125000
0.3034947723,1.0078125000
0.3658945322,1.0078125000
0.4407742470,1.0078125000
0.5306299066,1.0078125000
0.6384567010,1.0078125000
0.7678488577,1.0078125000
0.9231194492,1.0078125000
-0.0078125000,-0.0002893519
-0.0078125000,0.0072337963
-0.0078125000,0.0147569444
-0.0078125000,0.0222800926
-0.0078125000,0.0298032407
-0.0078125000,0.0373263889
-0.0078125000,0.0448495370
-0.0078125000,0.0523726852
-0.0078125000,0.0598958333
-0.0078125000,0.0674189815
-0.0078125000,0.0749421296
-0.0078125000,0.0824652778
-0.0078125000,0.0899884259
-0.0078125000,0.0975115741
-0.0078125000,0.1050347222
-0.0078125000,0.1125578704
-0.0078125000,0.1200810185
-0.0078125000,0.1276041667
-0.0078125000,0.1351273148
-0.0078125000,0.1426504630
-0.0078125000,0.1501736111
-0.0078125000,0.1576967593
-0.0078125000,0.1652199074
-0.0078125000,0.1727430556
-0.0078125000,0.1802662037
-0.0078125000,0.1877893519
-0.0078125000,0.1953125000
-0.0078125000,0.2028356481
-0.0078125000,0.2103587963
-0.0078125000,0.2178819444
-0.0078125000,0.2254050926
-0.0078125000,0.2329282407
-0.0078125000,0.2404513889
-0.0078125000,0.2479745370
-0.0078125000,0.2554976852
-0.0078125000,0.2630208333
-0.0078125000,0.2705439815
-0.0078125000,0.2780671296
-0.0078125000,0.2855902778
-0.0078125000,0.2931134259
-0.0078125000,0.3006365741
-0.0078125000,0.3081597222
-0.0078125000,0.3156828704
-0.0078125000,0.3232060185
-0.0078125000,0.3307291667
-0.0078125000,0.3382523148
-0.0078125000,0.3457754630
-0.0078125000,0.3532986111
-0.0078125000,0.3608217593
-0.0078125000,0.3683449074
-0.0078125000,0.3758680556
-0.0078125000,0.3833912037
-0.0078125000,0.3909143519
-0.0078125000,0.3984375000
-0.0078125000,0.4059606481
-0.0078125000,0.4134837963
-0.0078125000,0.4210069444
-0.0078125000,0.4285300926
-0.0078125000,0.4360532407
-0.0078125000,0.4435763889
-0.0078125000,0.4510995370
-0.0078125000,0.4586226852
-0.0078125000,0.4661458333
-0.0078125000,0.4736689815
-0.0078125000,0.4811921296
-0.0078125000,0.4887152778
-0.0078125000,0.4962384259
-0.0078125000,0.5037615741
-0.0078125000,0.5112847222
-0.0078125000,0.5188078704
-0.0078125000,0.5263310185
-0.0078125000,0.5338541667
-0.0078125000,0.5413773148
-0.0078125000,0.5489004630
-0.0078125000,0.5564236111
-0.0078125000,0.5639467593
-0.0078125000,0.5714699074
-0.0078125000,0.5789930556
-0.0078125000,0.5865162037
-0.0078125000,0.5940393519
-0.0078125000,0.6015625000
-0.0078125000,0.6090856481
-0.0078125000,0.6166087963
-0.0078125000,0.6241319444
-0.0078125000,0.6316550926
-0.0078125000,0.6391782407
-0.0078125000,0.6467013889
-0.0078125000,0.6542245370
-0.0078125000,0.6617476852
-0.0078125000,0.6692708333
-0.0078125000,0.6767939815
-0.0078125000,0.6843171296
-0.0078125000,0.6918402778
-0.0078125000,0.6993634259
-0.0078125000,0.7068865741
-0.0078125000,0.7144097222
-0.0078125000,0.7219328704
-0.0078125000,0.7294560185
-0.0078125000,0.7369791667
-0.0078125000,0.7445023148
-0.0078125000,0.7520254630
-0.0078125000,0.7595486111
-0.0078125000,0.7670717593
-0.0078125000,0.7745949074
-0.0078125000,0.7821180556
-0.0078125000,0.7896412037
-0.0078125000,0.7971643519
-0.0078125000,0.8046875000
-0.0078125000,0.8122106481
-0.0078125000,0.8197337963
-0.0078125000,0.8272569444
-0.0078125000,0.8347800926
-0.0078125000,0.8423032407
-0.0078125000,0.8498263889
-0.0078125000,0.8573495370
-0.0078125000,0.8648726852
-0.0078125000,0.8723958333
-0.0078125000,0.8799189815
-0.0078125000,0.8874421296
-0.0078125000,0.8949652778
-0.0078125000,0.9024884259
-0.0078125000,0.9100115741
-0.0078125000,0.9175347222
-0.0078125000,0.9250578704
-0.0078125000,0.9325810185
-0.0078125000,0.9401041667
-0.0078125000,0.9476273148
-0.0078125000,0.9551504630
-0.0078125000,0.9626736111
-0.0078125000,0.9701967593
-0.0078125000,0.9777199074
-0.0078125000,0.9852430556
-0.0078125000,0.9927662037
-0.0078125000,1.0002893519
-0.0078125000,-0.0040509259
-0.0078125000,0.0034722222
-0.0078125000,0.0109953704
-0.0078125000,0.0185185185
-0.0078125000,0.0260416667
-0.0078125000,0.0335648148
-0.0078125000,0.0410879630
-0.0078125000,0.0486111111
-0.0078125000,0.0561342593
-0.0078125000,0.0636574074
-0.0078125000,0.0711805556
-0.0078125000,0.0787037037
-0.0078125000,0.0862268519
-0.0078125000,0.0937500000
-0.0078125000,0.1012731481
-0.0078125000,0.1087962963
-0.0078125000,0.1163194444
-0.0078125000,0.1238425926
-0.0078125000,0.1313657407
-0.0078125000,0.1388888889
-0.0078125000,0.1464120370
-0.0078125000,0.1539351852
-0.0078125000,0.1614583333
-0.0078125000,0.1689814815
-0.0078125000,0.1765046296
-0.0078125000,0.1840277778
-0.0078125000,0.1915509259
-0.0078125000,0.1990740741
-0.0078125000,0.2065972222
-0.0078125000,0.2141203704
-0.0078125000,0.2216435185
-0.0078125000,0.2291666667
-0.0078125000,0.2366898148
-0.0078125000,0.2442129630
-0.0078125000,0.2517361111
-0.0078125000,0.2592592593
-0.0078125000,0.2667824074
-0.0078125000,0.2743055556
-0.0078125000,0.2818287037
-0.0078125000,0.2893518519
-0.0078125000,0.2968750000
-0.0078125000,0.3043981481
-0.0078125000,0.3119212963
-0.0078125000,0.3194444444
-0.0078125000,0.3269675926
-0.0078125000,0.3344907407
-0.0078125000,0.3420138889
-0.0078125000,0.3495370370
-0.0078125000,0.3570601852
-0.0078125000,0.3645833333
-0.0078125000,0.3721064815
-0.0078125000,0.3796296296
-0.0078125000,0.3871527778
-0.0078125000,0.3946759259
-0.0078125000,0.4021990741
-0.0078125000,0.4097222222
-0.0078125000,0.4172453704
-0.0078125000,0.4247685185
-0.0078125000,0.4322916667
-0.0078125000,0.4398148148
-0.0078125000,0.4473379630
-0.0078125000,0.4548611111
-0.0078125000,0.4623842593
-0.0078125000,0.4699074074
-0.0078125000,0.4774305556
-0.0078125000,0.4849537037
-0.0078125000,0.4924768519
-0.0078125000,0.5000000000
-0.0078125000,0.5075231481
-0.0078125000,0.5150462963
-0.0078125000,0.5225694444
-0.0078125000,0.5300925926
-0.0078125000,0.5376157407
-0.0078125000,0.5451388889
-0.0078125000,0.5526620370
-0.0078125000,0.5601851852
-0.0078125000,0.5677083333
-0.0078125000,0.5752314815
-0.0078125000,0.5827546296
-0.0078125000,0.5902777778
-0.0078125000,0.5978009259
-0.0078125000,0.6053240741
-0.0078125000,0.6128472222
-0.0078125000,0.6203703704
-0.0078125000,0.6278935185
-0.0078125000,0.6354166667
-0.0078125000,0.6429398148
-0.0078125000,0.6504629630
-0.0078125000,0.6579861111
-0.0078125000,0.6655092593
-0.0078125000,0.6730324074
-0.0078125000,0.6805555556
-0.0078125000,0.6880787037
-0.0078125000,0.6956018519
-0.0078125000,0.7031250000
-0.0078125000,0.7106481481
-0.0078125000,0.7181712963
-0.0078125000,0.7256944444
-0.0078125000,0.7332175926
-0.0078125000,0.7407407407
-0.0078125000,0.7482638889
-0.0078125000,0.7557870370
-0.0078125000,0.7633101852
-0.0078125000,0.7708333333
-0.0078125000,0.7783564815
-0.0078125000,0.7858796296
-0.0078125000,0.7934027778
-0.0078125000,0.8009259259
-0.0078125000,0.8084490741
-0.0078125000,0.8159722222
-0.0078125000,0.8234953704
-0.0078125000,0.8310185185
-0.0078125000,0.8385416667
-0.0078125000,0.8460648148
-0.0078125000,0.8535879630
-0.0078125000,0.8611111111
-0.0078125000,0.8686342593
-0.0078125000,0.8761574074
-0.0078125000,0.8836805556
-0.0078125000,0.8912037037
-0.0078125000,0.8987268519
-0.0078125000,0.9062500000
-0.0078125000,0.9137731481
-0.0078125000,0.9212962963
-0.0078125000,0.9288194444
-0.0078125000,0.9363425926
-0.0078125000,0.9438657407
-0.0078125000,0.9513888889
-0.0078125000,0.9589120370
-0.0078125000,0.9664351852
-0.0078125000,0.9739583333
-0.0078125000,0.9814814815
-0.0078125000,0.9890046296
-0.0078125000,0.9965277778
-0.0078125000,1.0040509259
-0.0076742040,-0.0002893519
-0.0076742040,0.0072337963
-0.0076742040,0.0147569444
-0.0076742040,0.0222800926
-0.0076742040,0.0298032407
-0.0076742040,0.0373263889
-0.0076742040,0.0448495370
-0.0076742040,0.0523726852
-0.0076742040,0.0598958333
-0.0076742040,0.0674189815
-0.0076742040,0.0749421296
-0.0076742040,0.0824652778
-0.0076742040,0.0899884259
-0.0076742040,0.0975115741
-0.0076742040,0.1050347222
-0.0076742040,0.1125578704
-0.0076742040,0.1200810185
-0.0076742040,0.1276041667
-0.0076742040,0.1351273148
-0.0076742040,0.1426504630
-0.0076742040,0.1501736111
-0.0076742040,0.1576967593
-0.0076742040,0.1652199074
-0.0076742040,0.1727430556
-0.0076742040,0.1802662037
-0.0076742040,0.1877893519
-0.0076742040,0.1953125000
-0.0076742040,0.2028356481
-0.0076742040,0.2103587963
-0.0076742040,0.2178819444
-0.0076742040,0.2254050926
-0.0076742040,0.2329282407
-0.0076742040,0.2404513889
-0.0076742040,0.2479745370
-0.0076742040,0.2554976852
-0.0076742040,0.2630208333
-0.0076742040,0.2705439815
-0.0076742040,0.2780671296
-0.0076742040,0.2855902778
-0.0076742040,0.2931134259
-0.0076742040,0.3006365741
-0.0076742040,0.3081597222
-0.0076742040,0.3156828704
-0.0076742040,0.3232060185
-0.0076742040,0.3307291667
-0.0076742040,0.3382523148
-0.0076742040,0.3457754630
-0.0076742040,0.3532986111
-0.0076742040,0.3608217593
-0.0076742040,0.3683449074
-0.0076742040,0.3758680556
-0.0076742040,0.3833912037
-0.0076742040,0.3909143519
-0.0076742040,0.3984375000
-0.0076742040,0.4059606481
-0.0076742040,0.4134837963
-0.0076742040,0.4210069444
-0.0076742040,0.4285300926
-0.0076742040,0.4360532407
-0.0076742040,0.4435763889
-0.0076742040,0.4510995370
-0.0076742040,0.4586226852
-0.0076742040,0.4661458333
-0.0076742040,0.4736689815
-0.0076742040,0.4811921296
-0.0076742040,0.4887152778
-0.0076742040,0.4962384259
-0.0076742040,0.5037615741
-0.0076742040,0.5112847222
-0.0076742040,0.5188078704
-0.0076742040,0.5263310185
-0.0076742040,0.5338541667
-0.0076742040,0.5413773148
-0.0076742040,0.5489004630
-0.0076742040,0.5564236111
-0.0076742040,0.5639467593
-0.0076742040,0.5714699074
-0.0076742040,0.5789930556
-0.0076742040,0.5865162037
-0.0076742040,0.5940393519
-0.0076742040,0.6015625000
-0.0076742040,0.6090856481
-0.0076742040,0.6166087963
-0.0076742040,0.6241319444
-0.0076742040,0.6316550926
-0.0076742040,0.6391782407
-0.0076742040,0.6467013889
-0.0076742040,0.6542245370
-0.0076742040,0.6617476852
-0.0076742040,0.6692708333
-0.0076742040,0.6767939815
-0.0076742040,0.6843171296
-0.0076742040,0.6918402778
-0.0076742040,0.6993634259
-0.0076742040,0.7068865741
-0.0076742040,0.7144097222
-0.0076742040,0.7219328704
-0.0076742040,0.7294560185
-0.0076742040,0.7369791667
-0.0076742040,0.7445023148
-0.0076742040,0.7520254630
-0.0076742040,0.7595486111
-0.0076742040,0.7670717593
-0.0076742040,0.7745949074
-0.0076742040,0.7821180556
-0.0076742040,0.7896412037
-0.0076742040,0.7971643519
-0.0076742040,0.8046875000
-0.0076742040,0.8122106481
-0.0076742040,0.8197337963
-0.0076742040,0.8272569444
-0.0076742040,0.8347800926
-0.0076742040,0.8423032407
-0.0076742040,0.8498263889
-0.0076742040,0.8573495370
-0.0076742040,0.8648726852
-0.0076742040,0.8723958333
-0.0076742040,0.8799189815
-0.0076742040,0.8874421296
-0.0076742040,0.8949652778
-0.0076742040,0.9024884259
-0.0076742040,0.9100115741
-0.0076742040,0.9175347222
-0.0076742040,0.9250578704
-0.0076742040,0.9325810185
-0.0076742040,0.9401041667
-0.0076742040,0.9476273148
-0.0076742040,0.9551504630
-0.0076742040,0.9626736111
-0.0076742040,0.9701967593
-0.0076742040,0.9777199074
-0.0076742040,0.9852430556
-0.0076742040,0.9927662037
-0.0076742040,1.0002893519
-0.0075082493,-0.0002893519
-0.0075082493,0.0072337963
-0.0075082493,0.0147569444
-0.0075082493,0.0222800926
-0.0075082493,0.0298032407
-0.0075082493,0.0373263889
-0.0075082493,0.0448495370
-0.0075082493,0.0523726852
-0.0075082493,0.0598958333
-0.0075082493,0.0674189815
-0.0075082493,0.0749421296
-0.0075082493,0.0824652778
-0.0075082493,0.0899884259
-0.0075082493,0.0975115741
-0.0075082493,0.1050347222
-0.0075082493,0.1125578704
-0.0075082493,0.1200810185
-0.0075082493,0.1276041667
-0.0075082493,0.1351273148
-0.0075082493,0.1426504630
-0.0075082493,0.1501736111
-0.0075082493,0.1576967593
-0.0075082493,0.1652199074
-0.0075082493,0.1727430556
-0.0075082493,0.1802662037
-0.0075082493,0.1877893519
-0.0075082493,0.1953125000
-0.0075082493,0.2028356481
-0.0075082493,0.2103587963
-0.0075082493,0.2178819444
-0.0075082493,0.2254050926
-0.0075082493,0.2329282407
-0.0075082493,0.2404513889
-0.0075082493,0.2479745370
-0.0075082493,0.2554976852
-0.0075082493,0.2630208333
-0.0075082493,0.2705439815
-0.0075082493,0.2780671296
-0.0075082493,0.2855902778
-0.0075082493,0.2931134259
-0.0075082493,0.3006365741
-0.0075082493,0.3081597222
-0.0075082493,0.3156828704
-0.0075082493,0.3232060185
-0.0075082493,0.3307291667
-0.0075082493,0.3382523148
-0.0075082493,0.3457754630
-0.0075082493,0.3532986111
-0.0075082493,0.3608217593
-0.0075082493,0.3683449074
-0.0075082493,0.3758680556
-0.0075082493,0.3833912037
-0.0075082493,0.3909143519
-0.0075082493,0.3984375000
-0.0075082493,0.4059606481
-0.0075082493,0.4134837963
-0.0075082493,0.4210069444
-0.0075082493,0.4285300926
-0.0075082493,0.4360532407
-0.0075082493,0.4435763889
-0.0075082493,0.4510995370
-0.0075082493,0.4586226852
-0.0075082493,0.4661458333
-0.0075082493,0.4736689815
-0.0075082493,0.4811921296
-0.0075082493,0.4887152778
-0.0075082493,0.4962384259
-0.0075082493,0.5037615741
-0.0075082493,0.5112847222
-0.0075082493,0.5188078704
-0.0075082493,0.5263310185
-0.0075082493,0.5338541667
-0.0075082493,0.5413773148
-0.0075082493,0.5489004630
-0.0075082493,0.5564236111
-0.0075082493,0.5639467593
-0.0075082493,0.5714699074
-0.0075082493,0.5789930556
-0.0075082493,0.5865162037
-0.0075082493,0.5940393519
-0.0075082493,0.6015625000
-0.0075082493,0.6090856481
-0.0075082493,0.6166087963
-0.0075082493,0.6241319444
-0.0075082493,0.6316550926
-0.0075082493,0.6391782407
-0.0075082493,0.6467013889
-0.0075082493,0.6542245370
-0.0075082493,0.6617476852
-0.0075082493,0.6692708333
-0.0075082493,0.6767939815
-0.0075082493,0.6843171296
-0.0075082493,0.6918402778
-0.0075082493,0.6993634259
-0.0075082493,0.7068865741
-0.0075082493,0.7144097222
-0.0075082493,0.7219328704
-0.0075082493,0.7294560185
-0.0075082493,0.7369791667
-0.0075082493,0.7445023148
-0.0075082493,0.7520254630
-0.0075082493,0.7595486111
-0.0075082493,0.7670717593
-0.0075082493,0.7745949074
-0.0075082493,0.7821180556
-0.0075082493,0.7896412037
-0.0075082493,0.7971643519
-0.0075082493,0.8046875000
-0.0075082493,0.8122106481
-0.0075082493,0.8197337963
-0.0075082493,0.8272569444
-0.0075082493,0.8347800926
-0.0075082493,0.8423032407
-0.0075082493,0.8498263889
-0.0075082493,0.8573495370
-0.0075082493,0.8648726852
-0.0075082493,0.8723958333
-0.0075082493,0.8799189815
-0.0075082493,0.8874421296
-0.0075082493,0.8949652778
-0.0075082493,0.9024884259
-0.0075082493,0.9100115741
-0.0075082493,0.9175347222
-0.0075082493,0.9250578704
-0.0075082493,0.9325810185
-0.0075082493,0.9401041667
-0.0075082493,0.9476273148
-0.0075082493,0.9551504630
-0.0075082493,0.9626736111
-0.0075082493,0.9701967593
-0.0075082493,0.9777199074
-0.0075082493,0.9852430556
-0.0075082493,0.9927662037
-0.0075082493,1.0002893519
-0.0073091027,-0.0002893519
-0.0073091027,0.0072337963
-0.0073091027,0.0147569444
-0.0073091027,0.0222800926
-0.0073091027,0.0298032407
-0.0073091027,0.0373263889
-0.0073091027,0.0448495370
-0.0073091027,0.0523726852
-0.0073091027,0.0598958333
-0.0073091027,0.0674189815
-0.0073091027,0.0749421296
-0.0073091027,0.0824652778
-0.0073091027,0.0899884259
-0.0073091027,0.0975115741
-0.0073091027,0.1050347222
-0.0073091027,0.1125578704
-0.0073091027,0.1200810185
-0.0073091027,0.1276041667
-0.0073091027,0.1351273148
-0.0073091027,0.1426504630
-0.0073091027,0.1501736111
-0.0073091027,0.1576967593
-0.0073091027,0.1652199074
-0.0073091027,0.1727430556
-0.0073091027,0.1802662037
-0.0073091027,0.1877893519
-0.0073091027,0.1953125000
-0.0073091027,0.2028356481
-0.0073091027,0.2103587963
-0.0073091027,0.2178819444
-0.0073091027,0.2254050926
-0.0073091027,0.2329282407
-0.0073091027,0.2404513889
-0.0073091027,0.2479745370
-0.0073091027,0.2554976852
-0.0073091027,0.2630208333
-0.0073091027,0.2705439815
-0.0073091027,0.2780671296
-0.0073091027,0.2855902778
-0.0073091027,0.2931134259
-0.0073091027,0.3006365741
-0.0073091027,0.3081597222
-0.0073091027,0.3156828704
-0.0073091027,0.3232060185
-0.0073091027,0.3307291667
-0.0073091027,0.3382523148
-0.0073091027,0.3457754630
-0.0073091027,0.3532986111
-0.0073091027,0.3608217593
-0.0073091027,0.3683449074
-0.0073091027,0.3758680556
-0.0073091027,0.3833912037
-0.0073091027,0.3909143519
-0.0073091027,0.3984375000
-0.0073091027,0.4059606481
-0.0073091027,0.4134837963
-0.0073091027,0.4210069444
-0.0073091027,0.4285300926
-0.0073091027,0.4360532407
-0.0073091027,0.4435763889
-0.0073091027,0.4510995370
-0.0073091027,0.4586226852
-0.0073091027,0.4661458333
-0.0073091027,0.4736689815
-0.0073091027,0.4811921296
-0.0073091027,0.4887152778
-0.0073091027,0.4962384259
-0.0073091027,0.5037615741
-0.0073091027,0.5112847222
-0.0073091027,0.5188078704
-0.0073091027,0.5263310185
-0.0073091027,0.5338541667
-0.0073091027,0.5413773148
-0.0073091027,0.5489004630
-0.0073091027,0.5564236111
-0.0073091027,0.5639467593
-0.0073091027,0.5714699074
-0.0073091027,0.5789930556
-0.0073091027,0.5865162037
-0.0073091027,0.5940393519
-0.0073091027,0.6015625000
-0.0073091027,0.6090856481
-0.0073091027,0.6166087963
-0.0073091027,0.6241319444
-0.0073091027,0.6316550926
-0.0073091027,0.6391782407
-0.0073091027,0.6467013889
-0.0073091027,0.6542245370
-0.0073091027,0.6617476852
-0.0073091027,0.6692708333
-0.0073091027,0.6767939815
-0.0073091027,0.6843171296
-0.0073091027,0.6918402778
-0.0073091027,0.6993634259
-0.0073091027,0.7068865741
-0.0073091027,0.7144097222
-0.0073091027,0.7219328704
-0.0073091027,0.7294560185
-0.0073091027,0.7369791667
-0.0073091027,0.7445023148
-0.0073091027,0.7520254630
-0.0073091027,0.7595486111
-0.0073091027,0.7670717593
-0.0073091027,0.7745949074
-0.0073091027,0.7821180556
-0.0073091027,0.7896412037
-0.0073091027,0.7971643519
-0.0073091027,0.8046875000
-0.0073091027,0.8122106481
-0.0073091027,0.8197337963
-0.0073091027,0.8272569444
-0.0073091027,0.8347800926
-0.0073091027,0.8423032407
-0.0073091027,0.8498263889
-0.0073091027,0.8573495370
-0.0073091027,0.8648726852
-0.0073091027,0.8723958333
-0.0073091027,0.8799189815
-0.0073091027,0.8874421296
-0.0073091027,0.8949652778
-0.0073091027,0.9024884259
-0.0073091027,0.9100115741
-0.0073091027,0.9175347222
-0.0073091027,0.9250578704
-0.0073091027,0.9325810185
-0.0073091027,0.9401041667
-0.0073091027,0.9476273148
-0.0073091027,0.9551504630
-0.0073091027,0.9626736111
-0.0073091027,0.9701967593
-0.0073091027,0.9777199074
-0.0073091027,0.9852430556
-0.0073091027,0.9927662037
-0.0073091027,1.0002893519
-0.0070701275,-0.0002893519
-0.0070701275,0.0072337963
-0.0070701275,0.0147569444
-0.0070701275,0.0222800926
-0.0070701275,0.0298032407
-0.0070701275,0.0373263889
-0.0070701275,0.0448495370
-0.0070701275,0.0523726852
-0.0070701275,0.0598958333
-0.0070701275,0.0674189815
-0.0070701275,0.0749421296
-0.0070701275,0.0824652778
-0.0070701275,0.0899884259
-0.0070701275,0.0975115741
-0.0070701275,0.1050347222
-0.0070701275,0.1125578704
-0.0070701275,0.1200810185
-0.0070701275,0.1276041667
-0.0070701275,0.1351273148
-0.0070701275,0.1426504630
-0.0070701275,0.1501736111
-0.0070701275,0.1576967593
-0.0070701275,0.1652199074
-0.0070701275,0.1727430556
-0.0070701275,0.1802662037
-0.0070701275,0.1877893519
-0.0070701275,0.1953125000
-0.0070701275,0.2028356481
-0.0070701275,0.2103587963
-0.0070701275,0.2178819444
-0.0070701275,0.2254050926
-0.0070701275,0.2329282407
-0.0070701275,0.2404513889
-0.0070701275,0.2479745370
-0.0070701275,0.2554976852
-0.0070701275,0.2630208333
-0.0070701275,0.2705439815
-0.0070701275,0.2780671296
-0.0070701275,0.2855902778
-0.0070701275,0.2931134259
-0.0070701275,0.3006365741
-0.0070701275,0.3081597222
-0.0070701275,0.3156828704
-0.0070701275,0.3232060185
-0.0070701275,0.3307291667
-0.0070701275,0.3382523148
-0.0070701275,0.3457754630
-0.0070701275,0.3532986111
-0.0070701275,0.3608217593
-0.0070701275,0.3683449074
-0.0070701275,0.3758680556
-0.0070701275,0.3833912037
-0.0070701275,0.3909143519
-0.0070701275,0.3984375000
-0.0070701275,0.4059606481
-0.0070701275,0.4134837963
-0.0070701275,0.4210069444
-0.0070701275,0.4285300926
-0.0070701275,0.4360532407
-0.0070701275,0.4435763889
-0.0070701275,0.4510995370
-0.0070701275,0.4586226852
-0.0070701275,0.4661458333
-0.0070701275,0.4736689815
-0.0070701275,0.4811921296
-0.0070701275,0.4887152778
-0.0070701275,0.4962384259
-0.0070701275,0.5037615741
-0.0070701275,0.5112847222
-0.0070701275,0.5188078704
-0.0070701275,0.5263310185
-0.0070701275,0.5338541667
-0.0070701275,0.5413773148
-0.0070701275,0.5489004630
-0.0070701275,0.5564236111
-0.0070701275,0.5639467593
-0.0070701275,0.5714699074
-0.0070701275,0.5789930556
-0.0070701275,0.5865162037
-0.0070701275,0.5940393519
-0.0070701275,0.6015625000
-0.0070701275,0.6090856481
-0.0070701275,0.6166087963
-0.0070701275,0.6241319444
-0.0070701275,0.6316550926
-0.0070701275,0.6391782407
-0.0070701275,0.6467013889
-0.0070701275,0.6542245370
-0.0070701275,0.6617476852
-0.0070701275,0.6692708333
-0.0070701275,0.6767939815
-0.0070701275,0.6843171296
-0.0070701275,0.6918402778
-0.0070701275,0.6993634259
-0.0070701275,0.7068865741
-0.0070701275,0.7144097222
-0.0070701275,0.7219328704
-0.0070701275,0.7294560185
-0.0070701275,0.7369791667
-0.0070701275,0.7445023148
-0.0070701275,0.7520254630
-0.0070701275,0.7595486111
-0.0070701275,0.7670717593
-0.0070701275,0.7745949074
-0.0070701275,0.7821180556
-0.0070701275,0.7896412037
-0.0070701275,0.7971643519
-0.0070701275,0.8046875000
-0.0070701275,0.8122106481
-0.0070701275,0.8197337963
-0.0070701275,0.8272569444
-0.0070701275,0.8347800926
-0.0070701275,0.8423032407
-0.0070701275,0.8498263889
-0.0070701275,0.8573495370
-0.0070701275,0.8648726852
-0.0070701275,0.8723958333
-0.0070701275,0.8799189815
-0.0070701275,0.8874421296
-0.0070701275,0.8949652778
-0.0070701275,0.9024884259
-0.0070701275,0.9100115741
-0.0070701275,0.9175347222
-0.0070701275,0.9250578704
-0.0070701275,0.9325810185
-0.0070701275,0.9401041667
-0.0070701275,0.9476273148
-0.0070701275,0.9551504630
-0.0070701275,0.9626736111
-0.0070701275,0.9701967593
-0.0070701275,0.9777199074
-0.0070701275,0.9852430556
-0.0070701275,0.9927662037
-0.0070701275,1.0002893519
-0.0067833583,-0.0002893519
-0.0067833583,0.0072337963
-0.0067833583,0.0147569444
-0.0067833583,0.0222800926
-0.0067833583,0.0298032407
-0.0067833583,0.0373263889
-0.0067833583,0.0448495370
-0.0067833583,0.0523726852
-0.0067833583,0.0598958333
-0.0067833583,0.0674189815
-0.0067833583,0.0749421296
-0.0067833583,0.0824652778
-0.0067833583,0.0899884259
-0.0067833583,0.0975115741
-0.0067833583,0.1050347222
-0.0067833583,0.1125578704
-0.0067833583,0.1200810185
-0.0067833583,0.1276041667
-0.0067833583,0.1351273148
-0.0067833583,0.1426504630
-0.0067833583,0.1501736111
-0.0067833583,0.1576967593
-0.0067833583,0.1652199074
-0.0067833583,0.1727430556
-0.0067833583,0.1802662037
-0.0067833583,0.1877893519
-0.0067833583,0.1953125000
-0.0067833583,0.2028356481
-0.0067833583,0.2103587963
-0.0067833583,0.2178819444
-0.0067833583,0.2254050926
-0.0067833583,0.2329282407
-0.0067833583,0.2404513889
-0.0067833583,0.2479745370
-0.0067833583,0.2554976852
-0.0067833583,0.2630208333
-0.0067833583,0.2705439815
-0.0067833583,0.2780671296
-0.0067833583,0.2855902778
-0.0067833583,0.2931134259
-0.0067833583,0.3006365741
-0.0067833583,0.3081597222
-0.0067833583,0.3156828704
-0.0067833583,0.3232060185
-0.0067833583,0.3307291667
-0.0067833583,0.3382523148
-0.0067833583,0.3457754630
-0.0067833583,0.3532986111
-0.0067833583,0.3608217593
-0.0067833583,0.3683449074
-0.0067833583,0.3758680556
-0.0067833583,0.3833912037
-0.0067833583,0.3909143519
-0.0067833583,0.3984375000
-0.0067833583,0.4059606481
-0.0067833583,0.4134837963
-0.0067833583,0.4210069444
-0.0067833583,0.4285300926
-0.0067833583,0.4360532407
-0.0067833583,0.4435763889
-0.0067833583,0.4510995370
-0.0067833583,0.4586226852
-0.0067833583,0.4661458333
-0.0067833583,0.4736689815
-0.0067833583,0.4811921296
-0.0067833583,0.4887152778
-0.0067833583,0.4962384259
-0.0067833583,0.5037615741
-0.0067833583,0.5112847222
-0.0067833583,0.5188078704
-0.0067833583,0.5263310185
-0.0067833583,0.5338541667
-0.0067833583,0.5413773148
-0.0067833583,0.5489004630
-0.0067833583,0.5564236111
-0.0067833583,0.5639467593
-0.0067833583,0.5714699074
-0.0067833583,0.5789930556
-0.0067833583,0.5865162037
-0.0067833583,0.5940393519
-0.0067833583,0.6015625000
-0.0067833583,0.6090856481
-0.0067833583,0.6166087963
-0.0067833583,0.6241319444
-0.0067833583,0.6316550926
-0.0067833583,0.6391782407
-0.0067833583,0.6467013889
-0.0067833583,0.6542245370
-0.0067833583,0.6617476852
-0.0067833583,0.6692708333
-0.0067833583,0.6767939815
-0.0067833583,0.6843171296
-0.0067833583,0.6918402778
-0.0067833583,0.6993634259
-0.0067833583,0.7068865741
-0.0067833583,0.7144097222
-0.0067833583,0.7219328704
-0.0067833583,0.7294560185
-0.0067833583,0.7369791667
-0.0067833583,0.7445023148
-0.0067833583,0.7520254630
-0.0067833583,0.7595486111
-0.0067833583,0.7670717593
-0.0067833583,0.7745949074
-0.0067833583,0.7821180556
-0.0067833583,0.7896412037
-0.0067833583,0.7971643519
-0.0067833583,0.8046875000
-0.0067833583,0.8122106481
-0.0067833583,0.8197337963
-0.0067833583,0.8272569444
-0.0067833583,0.8347800926
-0.0067833583,0.8423032407
-0.0067833583,0.8498263889
-0.0067833583,0.8573495370
-0.0067833583,0.8648726852
-0.0067833583,0.8723958333
-0.0067833583,0.8799189815
-0.0067833583,0.8874421296
-0.0067833583,0.8949652778
-0.0067833583,0.9024884259
-0.0067833583,0.9100115741
-0.0067833583,0.9175347222
-0.0067833583,0.9250578704
-0.0067833583,0.9325810185
-0.0067833583,0.9401041667
-0.0067833583,0.9476273148
-0.0067833583,0.9551504630
-0.0067833583,0.9626736111
-0.0067833583,0.9701967593
-0.0067833583,0.9777199074
-0.0067833583,0.9852430556
-0.0067833583,0.9927662037
-0.0067833583,1.0002893519
-0.0064392349,-0.0002893519
-0.0064392349,0.0072337963
-0.0064392349,0.0147569444
-0.0064392349,0.0222800926
-0.0064392349,0.0298032407
-0.0064392349,0.0373263889
-0.0064392349,0.0448495370
-0.0064392349,0.0523726852
-0.0064392349,0.0598958333
-0.0064392349,0.0674189815
-0.0064392349,0.0749421296
-0.0064392349,0.0824652778
-0.0064392349,0.0899884259
-0.0064392349,0.0975115741
-0.0064392349,0.1050347222
-0.0064392349,0.1125578704
-0.0064392349,0.1200810185
-0.0064392349,0.1276041667
-0.0064392349,0.1351273148
-0.0064392349,0.1426504630
-0.0064392349,0.1501736111
-0.0064392349,0.1576967593
-0.0064392349,0.1652199074
-0.0064392349,0.1727430556
-0.0064392349,0.1802662037
-0.0064392349,0.1877893519
-0.0064392349,0.1953125000
-0.0064392349,0.2028356481
-0.0064392349,0.2103587963
-0.0064392349,0.2178819444
-0.0064392349,0.2254050926
-0.0064392349,0.2329282407
-0.0064392349,0.2404513889
-0.0064392349,0.2479745370
-0.0064392349,0.2554976852
-0.0064392349,0.2630208333
-0.0064392349,0.2705439815
-0.0064392349,0.2780671296
-0.0064392349,0.2855902778
-0.0064392349,0.2931134259
-0.0064392349,0.3006365741
-0.0064392349,0.3081597222
-0.0064392349,0.3156828704
-0.0064392349,0.3232060185
-0.0064392349,0.3307291667
-0.0064392349,0.3382523148
-0.0064392349,0.3457754630
-0.0064392349,0.3532986111
-0.0064392349,0.3608217593
-0.0064392349,0.3683449074
-0.0064392349,0.3758680556
-0.0064392349,0.3833912037
-0.0064392349,0.3909143519
-0.0064392349,0.3984375000
-0.0064392349,0.4059606481
-0.0064392349,0.4134837963
-0.0064392349,0.4210069444
-0.0064392349,0.4285300926
-0.0064392349,0.4360532407
-0.0064392349,0.4435763889
-0.0064392349,0.4510995370
-0.0064392349,0.4586226852
-0.0064392349,0.4661458333
-0.0064392349,0.4736689815
-0.0064392349,0.4811921296
-0.0064392349,0.4887152778
-0.0064392349,0.4962384259
-0.0064392349,0.5037615741
-0.0064392349,0.5112847222
-0.0064392349,0.5188078704
-0.0064392349,0.5263310185
-0.0064392349,0.5338541667
-0.0064392349,0.5413773148
-0.0064392349,0.5489004630
-0.0064392349,0.5564236111
-0.0064392349,0.5639467593
-0.0064392349,0.5714699074
-0.0064392349,0.5789930556
-0.0064392349,0.5865162037
-0.0064392349,0.5940393519
-0.0064392349,0.6015625000
-0.0064392349,0.6090856481
-0.0064392349,0.6166087963
-0.0064392349,0.6241319444
-0.0064392349,0.6316550926
-0.0064392349,0.6391782407
-0.0064392349,0.6467013889
-0.0064392349,0.6542245370
-0.0064392349,0.6617476852
-0.0064392349,0.6692708333
-0.0064392349,0.6767939815
-0.0064392349,0.6843171296
-0.0064392349,0.6918402778
-0.0064392349,0.6993634259
-0.0064392349,0.7068865741
-0.0064392349,0.7144097222
-0.0064392349,0.7219328704
-0.0064392349,0.7294560185
-0.0064392349,0.7369791667
-0.0064392349,0.7445023148
-0.0064392349,0.7520254630
-0.0064392349,0.7595486111
-0.0064392349,0.7670717593
-0.0064392349,0.7745949074
-0.0064392349,0.7821180556
-0.0064392349,0.7896412037
-0.0064392349,0.7971643519
-0.0064392349,0.8046875000
-0.0064392349,0.8122106481
-0.0064392349,0.8197337963
-0.0064392349,0.8272569444
-0.0064392349,0.8347800926
-0.0064392349,0.8423032407
-0.0064392349,0.8498263889
-0.0064392349,0.8573495370
-0.0064392349,0.8648726852
-0.0064392349,0.8723958333
-0.0064392349,0.8799189815
-0.0064392349,0.8874421296
-0.0064392349,0.8949652778
-0.0064392349,0.9024884259
-0.0064392349,0.9100115741
-0.0064392349,0.9175347222
-0.0064392349,0.9250578704
-0.0064392349,0.9325810185
-0.0064392349,0.9401041667
-0.0064392349,0.9476273148
-0.0064392349,0.9551504630
-0.0064392349,0.9626736111
-0.0064392349,0.9701967593
-0.0064392349,0.9777199074
-0.0064392349,0.9852430556
-0.0064392349,0.9927662037
-0.0064392349,1.0002893519
-0.0060262857,-0.0002893519
-0.0060262857,0.0072337963
-0.0060262857,0.0147569444
-0.0060262857,0.0222800926
-0.0060262857,0.0298032407
-0.0060262857,0.0373263889
-0.0060262857,0.0448495370
-0.0060262857,0.0523726852
-0.0060262857,0.0598958333
-0.0060262857,0.0674189815
-0.0060262857,0.0749421296
-0.0060262857,0.0824652778
-0.0060262857,0.0899884259
-0.0060262857,0.0975115741
-0.0060262857,0.1050347222
-0.0060262857,0.1125578704
-0.0060262857,0.1200810185
-0.0060262857,0.1276041667
-0.0060262857,0.1351273148
-0.0060262857,0.1426504630
-0.0060262857,0.1501736111
-0.0060262857,0.1576967593
-0.0060262857,0.1652199074
-0.0060262857,0.1727430556
-0.0060262857,0.1802662037
-0.0060262857,0.1877893519
-0.0060262857,0.1953125000
-0.0060262857,0.2028356481
-0.0060262857,0.2103587963
-0.0060262857,0.2178819444
-0.0060262857,0.2254050926
-0.0060262857,0.2329282407
-0.0060262857,0.2404513889
-0.0060262857,0.2479745370
-0.0060262857,0.2554976852
-0.0060262857,0.2630208333
-0.0060262857,0.2705439815
-0.0060262857,0.2780671296
-0.0060262857,0.2855902778
-0.0060262857,0.2931134259
-0.0060262857,0.3006365741
-0.0060262857,0.3081597222
-0.0060262857,0.3156828704
-0.0060262857,0.3232060185
-0.0060262857,0.3307291667
-0.0060262857,0.3382523148
-0.0060262857,0.3457754630
-0.0060262857,0.3532986111
-0.0060262857,0.3608217593
-0.0060262857,0.3683449074
-0.0060262857,0.3758680556
-0.0060262857,0.3833912037
-0.0060262857,0.3909143519
-0.0060262857,0.3984375000
-0.0060262857,0.4059606481
-0.0060262857,0.4134837963
-0.0060262857,0.4210069444
-0.0060262857,0.4285300926
-0.0060262857,0.4360532407
-0.0060262857,0.4435763889
-0.0060262857,0.4510995370
-0.0060262857,0.4586226852
-0.0060262857,0.4661458333
-0.0060262857,0.4736689815
-0.0060262857,0.4811921296
-0.0060262857,0.4887152778
-0.0060262857,0.4962384259
-0.0060262857,0.5037615741
-0.0060262857,0.5112847222
-0.0060262857,0.5188078704
-0.0060262857,0.5263310185
-0.0060262857,0.5338541667
-0.0060262857,0.5413773148
-0.0060262857,0.5489004630
-0.0060262857,0.5564236111
-0.0060262857,0.5639467593
-0.0060262857,0.5714699074
-0.0060262857,0.5789930556
-0.0060262857,0.5865162037
-0.0060262857,0.5940393519
-0.0060262857,0.6015625000
-0.0060262857,0.6090856481
-0.0060262857,0.6166087963
-0.0060262857,0.6241319444
-0.0060262857,0.6316550926
-0.0060262857,0.6391782407
-0.0060262857,0.6467013889
-0.0060262857,0.6542245370
-0.0060262857,0.6617476852
-0.0060262857,0.6692708333
-0.0060262857,0.6767939815
-0.0060262857,0.6843171296
-0.0060262857,0.6918402778
-0.0060262857,0.6993634259
-0.0060262857,0.7068865741
-0.0060262857,0.7144097222
-0.0060262857,0.7219328704
-0.0060262857,0.7294560185
-0.0060262857,0.7369791667
-0.0060262857,0.7445023148
-0.0060262857,0.7520254630
-0.0060262857,0.7595486111
-0.0060262857,0.7670717593
-0.0060262857,0.7745949074
-0.0060262857,0.7821180556
-0.0060262857,0.7896412037
-0.0060262857,0.7971643519
-0.0060262857,0.8046875000
-0.0060262857,0.8122106481
-0.0060262857,0.8197337963
-0.0060262857,0.8272569444
-0.0060262857,0.8347800926
-0.0060262857,0.8423032407
-0.0060262857,0.8498263889
-0.0060262857,0.8573495370
-0.0060262857,0.8648726852
-0.0060262857,0.8723958333
-0.0060262857,0.8799189815
-0.0060262857,0.8874421296
-0.0060262857,0.8949652778
-0.0060262857,0.9024884259
-0.0060262857,0.9100115741
-0.0060262857,0.9175347222
-0.0060262857,0.9250578704
-0.0060262857,0.9325810185
-0.0060262857,0.9401041667
-0.0060262857,0.9476273148
-0.0060262857,0.9551504630
-0.0060262857,0.9626736111
-0.0060262857,0.9701967593
-0.0060262857,0.9777199074
-0.0060262857,0.9852430556
-0.0060262857,0.9927662037
-0.0060262857,1.0002893519
-0.0055307470,-0.0002893519
-0.0055307470,0.0072337963
-0.0055307470,0.0147569444
-0.0055307470,0.0222800926
-0.0055307470,0.0298032407
-0.0055307470,0.0373263889
-0.0055307470,0.0448495370
-0.0055307470,0.0523726852
-0.0055307470,0.0598958333
-0.0055307470,0.0674189815
-0.0055307470,0.0749421296
-0.0055307470,0.0824652778
-0.0055307470,0.0899884259
-0.0055307470,0.0975115741
-0.0055307470,0.1050347222
-0.0055307470,0.1125578704
-0.0055307470,0.1200810185
-0.0055307470,0.1276041667
-0.0055307470,0.1351273148
-0.0055307470,0.1426504630
-0.0055307470,0.1501736111
-0.0055307470,0.1576967593
-0.0055307470,0.1652199074
-0.0055307470,0.1727430556
-0.0055307470,0.1802662037
-0.0055307470,0.1877893519
-0.0055307470,0.1953125000
-0.0055307470,0.2028356481
-0.0055307470,0.2103587963
-0.0055307470,0.2178819444
-0.0055307470,0.2254050926
-0.0055307470,0.2329282407
-0.0055307470,0.2404513889
-0.0055307470,0.2479745370
-0.0055307470,0.2554976852
-0.0055307470,0.2630208333
-0.0055307470,0.2705439815
-0.0055307470,0.2780671296
-0.0055307470,0.2855902778
-0.0055307470,0.2931134259
-0.0055307470,0.3006365741
-0.0055307470,0.3081597222
-0.0055307470,0.3156828704
-0.0055307470,0.3232060185
-0.0055307470,0.3307291667
-0.0055307470,0.3382523148
-0.0055307470,0.3457754630
-0.0055307470,0.3532986111
-0.0055307470,0.3608217593
-0.0055307470,0.3683449074
-0.0055307470,0.3758680556
-0.0055307470,0.3833912037
-0.0055307470,0.3909143519
-0.0055307470,0.3984375000
-0.0055307470,0.4059606481
-0.0055307470,0.4134837963
-0.0055307470,0.4210069444
-0.0055307470,0.4285300926
-0.0055307470,0.4360532407
-0.0055307470,0.4435763889
-0.0055307470,0.4510995370
-0.0055307470,0.4586226852
-0.0055307470,0.4661458333
-0.0055307470,0.4736689815
-0.0055307470,0.4811921296
-0.0055307470,0.4887152778
-0.0055307470,0.4962384259
-0.0055307470,0.5037615741
-0.0055307470,0.5112847222
-0.0055307470,0.5188078704
-0.0055307470,0.5263310185
-0.0055307470,0.5338541667
-0.0055307470,0.5413773148
-0.0055307470,0.5489004630
-0.0055307470,0.5564236111
-0.0055307470,0.5639467593
-0.0055307470,0.5714699074
-0.0055307470,0.5789930556
-0.0055307470,0.5865162037
-0.0055307470,0.5940393519
-0.0055307470,0.6015625000
-0.0055307470,0.6090856481
-0.0055307470,0.6166087963
-0.0055307470,0.6241319444
-0.0055307470,0.6316550926
-0.0055307470,0.6391782407
-0.0055307470,0.6467013889
-0.0055307470,0.6542245370
-0.0055307470,0.6617476852
-0.0055307470,0.6692708333
-0.0055307470,0.6767939815
-0.0055307470,0.6843171296
-0.0055307470,0.6918402778
-0.0055307470,0.6993634259
-0.0055307470,0.7068865741
-0.0055307470,0.7144097222
-0.0055307470,0.7219328704
-0.0055307470,0.7294560185
-0.0055307470,0.7369791667
-0.0055307470,0.7445023148
-0.0055307470,0.7520254630
-0.0055307470,0.7595486111
-0.0055307470,0.7670717593
-0.0055307470,0.7745949074
-0.0055307470,0.7821180556
-0.0055307470,0.7896412037
-0.0055307470,0.7971643519
-0.0055307470,0.8046875000
-0.0055307470,0.8122106481
-0.0055307470,0.8197337963
-0.0055307470,0.8272569444
-0.0055307470,0.8347800926
-0.0055307470,0.8423032407
-0.0055307470,0.8498263889
-0.0055307470,0.8573495370
-0.0055307470,0.8648726852
-0.0055307470,0.8723958333
-0.0055307470,0.8799189815
-0.0055307470,0.8874421296
-0.0055307470,0.8949652778
-0.0055307470,0.9024884259
-0.0055307470,0.9100115741
-0.0055307470,0.9175347222
-0.0055307470,0.9250578704
-0.0055307470,0.9325810185
-0.0055307470,0.9401041667
-0.0055307470,0.9476273148
-0.0055307470,0.9551504630
-0.0055307470,0.9626736111
-0.0055307470,0.9701967593
-0.0055307470,0.9777199074
-0.0055307470,0.9852430556
-0.0055307470,0.9927662037
-0.0055307470,1.0002893519
-0.0049361014,-0.0002893519
-0.0049361014,0.0072337963
-0.0049361014,0.0147569444
-0.0049361014,0.0222800926
-0.0049361014,0.0298032407
-0.0049361014,0.0373263889
-0.0049361014,0.0448495370
-0.0049361014,0.0523726852
-0.0049361014,0.0598958333
-0.0049361014,0.0674189815
-0.0049361014,0.0749421296
-0.0049361014,0.0824652778
-0.0049361014,0.0899884259
-0.0049361014,0.0975115741
-0.0049361014,0.1050347222
-0.0049361014,0.1125578704
-0.0049361014,0.1200810185
-0.0049361014,0.1276041667
-0.0049361014,0.1351273148
-0.0049361014,0.1426504630
-0.0049361014,0.1501736111
-0.0049361014,0.1576967593
-0.0049361014,0.1652199074
-0.0049361014,0.1727430556
-0.0049361014,0.1802662037
-0.0049361014,0.1877893519
-0.0049361014,0.1953125000
-0.0049361014,0.2028356481
-0.0049361014,0.2103587963
-0.0049361014,0.2178819444
-0.0049361014,0.2254050926
-0.0049361014,0.2329282407
-0.0049361014,0.2404513889
-0.0049361014,0.2479745370
-0.0049361014,0.2554976852
-0.0049361014,0.2630208333
-0.0049361014,0.2705439815
-0.0049361014,0.2780671296
-0.0049361014,0.2855902778
-0.0049361014,0.2931134259
-0.0049361014,0.3006365741
-0.0049361014,0.3081597222
-0.0049361014,0.3156828704
-0.0049361014,0.3232060185
-0.0049361014,0.3307291667
-0.0049361014,0.3382523148
-0.0049361014,0.3457754630
-0.0049361014,0.3532986111
-0.0049361014,0.3608217593
-0.0049361014,0.3683449074
-0.0049361014,0.3758680556
-0.0049361014,0.3833912037
-0.0049361014,0.3909143519
-0.0049361014,0.3984375000
-0.0049361014,0.4059606481
-0.0049361014,0.4134837963
-0.0049361014,0.4210069444
-0.0049361014,0.4285300926
-0.0049361014,0.4360532407
-0.0049361014,0.4435763889
-0.0049361014,0.4510995370
-0.0049361014,0.4586226852
-0.0049361014,0.4661458333
-0.0049361014,0.4736689815
-0.0049361014,0.4811921296
-0.0049361014,0.4887152778
-0.0049361014,0.4962384259
-0.0049361014,0.5037615741
-0.0049361014,0.5112847222
-0.0049361014,0.5188078704
-0.0049361014,0.5263310185
-0.0049361014,0.5338541667
-0.0049361014,0.5413773148
-0.0049361014,0.5489004630
-0.0049361014,0.5564236111
-0.0049361014,0.5639467593
-0.0049361014,0.5714699074
-0.0049361014,0.5789930556
-0.0049361014,0.5865162037
-0.0049361014,0.5940393519
-0.0049361014,0.6015625000
-0.0049361014,0.6090856481
-0.0049361014,0.6166087963
-0.0049361014,0.6241319444
-0.0049361014,0.6316550926
-0.0049361014,0.6391782407
-0.0049361014,0.6467013889
-0.0049361014,0.6542245370
-0.0049361014,0.6617476852
-0.0049361014,0.6692708333
-0.0049361014,0.6767939815
-0.0049361014,0.6843171296
-0.0049361014,0.6918402778
-0.0049361014,0.6993634259
-0.0049361014,0.7068865741
-0.0049361014,0.7144097222
-0.0049361014,0.7219328704
-0.0049361014,0.7294560185
-0.0049361014,0.7369791667
-0.0049361014,0.7445023148
-0.0049361014,0.7520254630
-0.0049361014,0.7595486111
-0.0049361014,0.7670717593
-0.0049361014,0.7745949074
-0.0049361014,0.7821180556
-0.0049361014,0.7896412037
-0.0049361014,0.7971643519
-0.0049361014,0.8046875000
-0.0049361014,0.8122106481
-0.0049361014,0.8197337963
-0.0049361014,0.8272569444
-0.0049361014,0.8347800926
-0.0049361014,0.8423032407
-0.0049361014,0.8498263889
-0.0049361014,0.8573495370
-0.0049361014,0.8648726852
-0.0049361014,0.8723958333
-0.0049361014,0.8799189815
-0.0049361014,0.8874421296
-0.0049361014,0.8949652778
-0.0049361014,0.9024884259
-0.0049361014,0.9100115741
-0.0049361014,0.9175347222
-0.0049361014,0.9250578704
-0.0049361014,0.9325810185
-0.0049361014,0.9401041667
-0.0049361014,0.9476273148
-0.0049361014,0.9551504630
-0.0049361014,0.9626736111
-0.0049361014,0.9701967593
-0.0049361014,0.9777199074
-0.0049361014,0.9852430556
-0.0049361014,0.9927662037
-0.0049361014,1.0002893519
-0.0042225256,-0.0002893519
-0.0042225256,0.0072337963
-0.0042225256,0.0147569444
-0.0042225256,0.0222800926
-0.0042225256,0.0298032407
-0.0042225256,0.0373263889
-0.0042225256,0.0448495370
-0.0042225256,0.0523726852
-0.0042225256,0.0598958333
-0.0042225256,0.0674189815
-0.0042225256,0.0749421296
-0.0042225256,0.0824652778
-0.0042225256,0.0899884259
-0.0042225256,0.0975115741
-0.0042225256,0.1050347222
-0.0042225256,0.1125578704
-0.0042225256,0.1200810185
-0.0042225256,0.1276041667
-0.0042225256,0.1351273148
-0.0042225256,0.1426504630
-0.0042225256,0.1501736111
-0.0042225256,0.1576967593
-0.0042225256,0.1652199074
-0.0042225256,0.1727430556
-0.0042225256,0.1802662037
-0.0042225256,0.1877893519
-0.0042225256,0.1953125000
-0.0042225256,0.2028356481
-0.0042225256,0.2103587963
-0.0042225256,0.2178819444
-0.0042225256,0.2254050926
-0.0042225256,0.2329282407
-0.0042225256,0.2404513889
-0.0042225256,0.2479745370
-0.0042225256,0.2554976852
-0.0042225256,0.2630208333
-0.0042225256,0.2705439815
-0.0042225256,0.2780671296
-0.0042225256,0.2855902778
-0.0042225256,0.2931134259
-0.0042225256,0.3006365741
-0.0042225256,0.3081597222
-0.0042225256,0.3156828704
-0.0042225256,0.3232060185
-0.0042225256,0.3307291667
-0.0042225256,0.3382523148
-0.0042225256,0.3457754630
-0.0042225256,0.3532986111
-0.0042225256,0.3608217593
-0.0042225256,0.3683449074
-0.0042225256,0.3758680556
-0.0042225256,0.3833912037
-0.0042225256,0.3909143519
-0.0042225256,0.3984375000
-0.0042225256,0.4059606481
-0.0042225256,0.4134837963
-0.0042225256,0.4210069444
-0.0042225256,0.4285300926
-0.0042225256,0.4360532407
-0.0042225256,0.4435763889
-0.0042225256,0.4510995370
-0.0042225256,0.4586226852
-0.0042225256,0.4661458333
-0.0042225256,0.4736689815
-0.0042225256,0.4811921296
-0.0042225256,0.4887152778
-0.0042225256,0.4962384259
-0.0042225256,0.5037615741
-0.0042225256,0.5112847222
-0.0042225256,0.5188078704
-0.0042225256,0.5263310185
-0.0042225256,0.5338541667
-0.0042225256,0.5413773148
-0.0042225256,0.5489004630
-0.0042225256,0.5564236111
-0.0042225256,0.5639467593
-0.0042225256,0.5714699074
-0.0042225256,0.5789930556
-0.0042225256,0.5865162037
-0.0042225256,0.5940393519
-0.0042225256,0.6015625000
-0.0042225256,0.6090856481
-0.0042225256,0.6166087963
-0.0042225256,0.6241319444
-0.0042225256,0.6316550926
-0.0042225256,0.6391782407
-0.0042225256,0.6467013889
-0.0042225256,0.6542245370
-0.0042225256,0.6617476852
-0.0042225256,0.6692708333
-0.0042225256,0.6767939815
-0.0042225256,0.6843171296
-0.0042225256,0.6918402778
-0.0042225256,0.6993634259
-0.0042225256,0.7068865741
-0.0042225256,0.7144097222
-0.0042225256,0.7219328704
-0.0042225256,0.7294560185
-0.0042225256,0.7369791667
-0.0042225256,0.7445023148
-0.0042225256,0.7520254630
-0.0042225256,0.7595486111
-0.0042225256,0.7670717593
-0.0042225256,0.7745949074
-0.0042225256,0.7821180556
-0.0042225256,0.7896412037
-0.0042225256,0.7971643519
-0.0042225256,0.8046875000
-0.0042225256,0.8122106481
-0.0042225256,0.8197337963
-0.0042225256,0.8272569444
-0.0042225256,0.8347800926
-0.0042225256,0.8423032407
-0.0042225256,0.8498263889
-0.0042225256,0.8573495370
-0.0042225256,0.8648726852
-0.0042225256,0.8723958333
-0.0042225256,0.8799189815
-0.0042225256,0.8874421296
-0.0042225256,0.8949652778
-0.0042225256,0.9024884259
-0.0042225256,0.9100115741
-0.0042225256,0.9175347222
-0.0042225256,0.9250578704
-0.0042225256,0.9325810185
-0.0042225256,0.9401041667
-0.0042225256,0.9476273148
-0.0042225256,0.9551504630
-0.0042225256,0.9626736111
-0.0042225256,0.9701967593
-0.0042225256,0.9777199074
-0.0042225256,0.9852430556
-0.0042225256,0.9927662037
-0.0042225256,1.0002893519
-0.0033662342,-0.0002893519
-0.0033662342,0.0072337963
-0.0033662342,0.0147569444
-0.0033662342,0.0222800926
-0.0033662342,0.0298032407
-0.0033662342,0.0373263889
-0.0033662342,0.0448495370
-0.0033662342,0.0523726852
-0.0033662342,0.0598958333
-0.0033662342,0.0674189815
-0.0033662342,0.0749421296
-0.0033662342,0.0824652778
-0.0033662342,0.0899884259
-0.0033662342,0.0975115741
-0.0033662342,0.1050347222
-0.0033662342,0.1125578704
-0.0033662342,0.1200810185
-0.0033662342,0.1276041667
-0.0033662342,0.1351273148
-0.0033662342,0.1426504630
-0.0033662342,0.1501736111
-0.0033662342,0.1576967593
-0.0033662342,0.1652199074
-0.0033662342,0.1727430556
-0.0033662342,0.1802662037
-0.0033662342,0.1877893519
-0.0033662342,0.1953125000
-0.0033662342,0.2028356481
-0.0033662342,0.2103587963
-0.0033662342,0.2178819444
-0.0033662342,0.2254050926
-0.0033662342,0.2329282407
-0.0033662342,0.2404513889
-0.0033662342,0.2479745370
-0.0033662342,0.2554976852
-0.0033662342,0.2630208333
-0.0033662342,0.2705439815
-0.0033662342,0.2780671296
-0.0033662342,0.2855902778
-0.0033662342,0.2931134259
-0.0033662342,0.3006365741
-0.0033662342,0.3081597222
-0.0033662342,0.3156828704
-0.0033662342,0.3232060185
-0.0033662342,0.3307291667
-0.0033662342,0.3382523148
-0.0033662342,0.3457754630
-0.0033662342,0.3532986111
-0.0033662342,0.3608217593
-0.0033662342,0.3683449074
-0.0033662342,0.3758680556
-0.0033662342,0.3833912037
-0.0033662342,0.3909143519
-0.0033662342,0.3984375000
-0.0033662342,0.4059606481
-0.0033662342,0.4134837963
-0.0033662342,0.4210069444
-0.0033662342,0.4285300926
-0.0033662342,0.4360532407
-0.0033662342,0.4435763889
-0.0033662342,0.4510995370
-0.0033662342,0.4586226852
-0.0033662342,0.4661458333
-0.0033662342,0.4736689815
-0.0033662342,0.4811921296
-0.0033662342,0.4887152778
-0.0033662342,0.4962384259
-0.0033662342,0.5037615741
-0.0033662342,0.5112847222
-0.0033662342,0.5188078704
-0.0033662342,0.5263310185
-0.0033662342,0.5338541667
-0.0033662342,0.5413773148
-0.0033662342,0.5489004630
-0.0033662342,0.5564236111
-0.0033662342,0.5639467593
-0.0033662342,0.5714699074
-0.0033662342,0.5789930556
-0.0033662342,0.5865162037
-0.0033662342,0.5940393519
-0.0033662342,0.6015625000
-0.0033662342,0.6090856481
-0.0033662342,0.6166087963
-0.0033662342,0.6241319444
-0.0033662342,0.6316550926
-0.0033662342,0.6391782407
-0.0033662342,0.6467013889
-0.0033662342,0.6542245370
-0.0033662342,0.6617476852
-0.0033662342,0.6692708333
-0.0033662342,0.6767939815
-0.0033662342,0.6843171296
-0.0033662342,0.6918402778
-0.0033662342,0.6993634259
-0.0033662342,0.7068865741
-0.0033662342,0.7144097222
-0.0033662342,0.7219328704
-0.0033662342,0.7294560185
-0.0033662342,0.7369791667
-0.0033662342,0.7445023148
-0.0033662342,0.7520254630
-0.0033662342,0.7595486111
-0.0033662342,0.7670717593
-0.0033662342,0.7745949074
-0.0033662342,0.7821180556
-0.0033662342,0.7896412037
-0.0033662342,0.7971643519
-0.0033662342,0.8046875000
-0.0033662342,0.8122106481
-0.0033662342,0.8197337963
-0.0033662342,0.8272569444
-0.0033662342,0.8347800926
-0.0033662342,0.8423032407
-0.0033662342,0.8498263889
-0.0033662342,0.8573495370
-0.0033662342,0.8648726852
-0.0033662342,0.8723958333
-0.0033662342,0.8799189815
-0.0033662342,0.8874421296
-0.0033662342,0.8949652778
-0.0033662342,0.9024884259
-0.0033662342,0.9100115741
-0.0033662342,0.9175347222
-0.0033662342,0.9250578704
-0.0033662342,0.9325810185
-0.0033662342,0.9401041667
-0.0033662342,0.9476273148
-0.0033662342,0.9551504630
-0.0033662342,0.9626736111
-0.0033662342,0.9701967593
-0.0033662342,0.9777199074
-0.0033662342,0.9852430556
-0.0033662342,0.9927662037
-0.0033662342,1.0002893519
-0.0023386853,-0.0002893519
-0.0023386853,0.0072337963
-0.0023386853,0.0147569444
-0.0023386853,0.0222800926
-0.0023386853,0.0298032407
-0.0023386853,0.0373263889
-0.0023386853,0.0448495370
-0.0023386853,0.0523726852
-0.0023386853,0.0598958333
-0.0023386853,0.0674189815
-0.0023386853,0.0749421296
-0.0023386853,0.0824652778
-0.0023386853,0.0899884259
-0.0023386853,0.0975115741
-0.0023386853,0.1050347222
-0.0023386853,0.1125578704
-0.0023386853,0.1200810185
-0.0023386853,0.1276041667
-0.0023386853,0.1351273148
-0.0023386853,0.1426504630
-0.0023386853,0.1501736111
-0.0023386853,0.1576967593
-0.0023386853,0.1652199074
-0.0023386853,0.1727430556
-0.0023386853,0.1802662037
-0.0023386853,0.1877893519
-0.0023386853,0.1953125000
-0.0023386853,0.2028356481
-0.0023386853,0.2103587963
-0.0023386853,0.2178819444
-0.0023386853,0.2254050926
-0.0023386853,0.2329282407
-0.0023386853,0.2404513889
-0.0023386853,0.2479745370
-0.0023386853,0.2554976852
-0.0023386853,0.2630208333
-0.0023386853,0.2705439815
-0.0023386853,0.2780671296
-0.0023386853,0.2855902778
-0.0023386853,0.2931134259
-0.0023386853,0.3006365741
-0.0023386853,0.3081597222
-0.0023386853,0.3156828704
-0.0023386853,0.3232060185
-0.0023386853,0.3307291667
-0.0023386853,0.3382523148
-0.0023386853,0.3457754630
-0.0023386853,0.3532986111
-0.0023386853,0.3608217593
-0.0023386853,0.3683449074
-0.0023386853,0.3758680556
-0.0023386853,0.3833912037
-0.0023386853,0.3909143519
-0.0023386853,0.3984375000
-0.0023386853,0.4059606481
-0.0023386853,0.4134837963
-0.0023386853,0.4210069444
-0.0023386853,0.4285300926
-0.0023386853,0.4360532407
-0.0023386853,0.4435763889
-0.0023386853,0.4510995370
-0.0023386853,0.4586226852
-0.0023386853,0.4661458333
-0.0023386853,0.4736689815
-0.0023386853,0.4811921296
-0.0023386853,0.4887152778
-0.0023386853,0.4962384259
-0.0023386853,0.5037615741
-0.0023386853,0.5112847222
-0.0023386853,0.5188078704
-0.0023386853,0.5263310185
-0.0023386853,0.5338541667
-0.0023386853,0.5413773148
-0.0023386853,0.5489004630
-0.0023386853,0.5564236111
-0.0023386853,0.5639467593
-0.0023386853,0.5714699074
-0.0023386853,0.5789930556
-0.0023386853,0.5865162037
-0.0023386853,0.5940393519
-0.0023386853,0.6015625000
-0.0023386853,0.6090856481
-0.0023386853,0.6166087963
-0.0023386853,0.6241319444
-0.0023386853,0.6316550926
-0.0023386853,0.6391782407
-0.0023386853,0.6467013889
-0.0023386853,0.6542245370
-0.0023386853,0.6617476852
-0.0023386853,0.6692708333
-0.0023386853,0.6767939815
-0.0023386853,0.6843171296
-0.0023386853,0.6918402778
-0.0023386853,0.6993634259
-0.0023386853,0.7068865741
-0.0023386853,0.7144097222
-0.0023386853,0.7219328704
-0.0023386853,0.7294560185
-0.0023386853,0.7369791667
-0.0023386853,0.7445023148
-0.0023386853,0.7520254630
-0.0023386853,0.7595486111
-0.0023386853,0.7670717593
-0.0023386853,0.7745949074
-0.0023386853,0.7821180556
-0.0023386853,0.7896412037
-0.0023386853,0.7971643519
-0.0023386853,0.8046875000
-0.0023386853,0.8122106481
-0.0023386853,0.8197337963
-0.0023386853,0.8272569444
-0.0023386853,0.8347800926
-0.0023386853,0.8423032407
-0.0023386853,0.8498263889
-0.0023386853,0.8573495370
-0.0023386853,0.8648726852
-0.0023386853,0.8723958333
-0.0023386853,0.8799189815
-0.0023386853,0.8874421296
-0.0023386853,0.8949652778
-0.0023386853,0.9024884259
-0.0023386853,0.9100115741
-0.0023386853,0.9175347222
-0.0023386853,0.9250578704
-0.0023386853,0.9325810185
-0.0023386853,0.9401041667
-0.0023386853,0.9476273148
-0.0023386853,0.9551504630
-0.0023386853,0.9626736111
-0.0023386853,0.9701967593
-0.0023386853,0.9777199074
-0.0023386853,0.9852430556
-0.0023386853,0.9927662037
-0.0023386853,1.0002893519
-0.0011056267,-0.0002893519
-0.0011056267,0.0072337963
-0.0011056267,0.0147569444
-0.0011056267,0.0222800926
-0.0011056267,0.0298032407
-0.0011056267,0.0373263889
-0.0011056267,0.0448495370
-0.0011056267,0.0523726852
-0.0011056267,0.0598958333
-0.0011056267,0.0674189815
-0.0011056267,0.0749421296
-0.0011056267,0.0824652778
-0.0011056267,0.0899884259
-0.0011056267,0.0975115741
-0.0011056267,0.1050347222
-0.0011056267,0.1125578704
-0.0011056267,0.1200810185
-0.0011056267,0.1276041667
-0.0011056267,0.1351273148
-0.0011056267,0.1426504630
-0.0011056267,0.1501736111
-0.0011056267,0.1576967593
-0.0011056267,0.1652199074
-0.0011056267,0.1727430556
-0.0011056267,0.1802662037
-0.0011056267,0.1877893519
-0.0011056267,0.1953125000
-0.0011056267,0.2028356481
-0.0011056267,0.2103587963
-0.0011056267,0.2178819444
-0.0011056267,0.2254050926
-0.0011056267,0.2329282407
-0.0011056267,0.2404513889
-0.0011056267,0.2479745370
-0.0011056267,0.2554976852
-0.0011056267,0.2630208333
-0.0011056267,0.2705439815
-0.0011056267,0.2780671296
-0.0011056267,0.2855902778
-0.0011056267,0.2931134259
-0.0011056267,0.3006365741
-0.0011056267,0.3081597222
-0.0011056267,0.3156828704
-0.0011056267,0.3232060185
-0.0011056267,0.3307291667
-0.0011056267,0.3382523148
-0.0011056267,0.3457754630
-0.0011056267,0.3532986111
-0.0011056267,0.3608217593
-0.0011056267,0.3683449074
-0.0011056267,0.3758680556
-0.0011056267,0.3833912037
-0.0011056267,0.3909143519
-0.0011056267,0.3984375000
-0.0011056267,0.4059606481
-0.0011056267,0.4134837963
-0.0011056267,0.4210069444
-0.0011056267,0.4285300926
-0.0011056267,0.4360532407
-0.0011056267,0.4435763889
-0.0011056267,0.4510995370
-0.0011056267,0.4586226852
-0.0011056267,0.4661458333
-0.0011056267,0.4736689815
-0.0011056267,0.4811921296
-0.0011056267,0.4887152778
-0.0011056267,0.4962384259
-0.0011056267,0.5037615741
-0.0011056267,0.5112847222
-0.0011056267,0.5188078704
-0.0011056267,0.5263310185
-0.0011056267,0.5338541667
-0.0011056267,0.5413773148
-0.0011056267,0.5489004630
-0.0011056267,0.5564236111
-0.0011056267,0.5639467593
-0.0011056267,0.5714699074
-0.0011056267,0.5789930556
-0.0011056267,0.5865162037
-0.0011056267,0.5940393519
-0.0011056267,0.6015625000
-0.0011056267,0.6090856481
-0.0011056267,0.6166087963
-0.0011056267,0.6241319444
-0.0011056267,0.6316550926
-0.0011056267,0.6391782407
-0.0011056267,0.6467013889
-0.0011056267,0.6542245370
-0.0011056267,0.6617476852
-0.0011056267,0.6692708333
-0.0011056267,0.6767939815
-0.0011056267,0.6843171296
-0.0011056267,0.6918402778
-0.0011056267,0.6993634259
-0.0011056267,0.7068865741
-0.0011056267,0.7144097222
-0.0011056267,0.7219328704
-0.0011056267,0.7294560185
-0.0011056267,0.7369791667
-0.0011056267,0.7445023148
-0.0011056267,0.7520254630
-0.0011056267,0.7595486111
-0.0011056267,0.7670717593
-0.0011056267,0.7745949074
-0.0011056267,0.7821180556
-0.0011056267,0.7896412037
-0.0011056267,0.7971643519
-0.0011056267,0.8046875000
-0.0011056267,0.8122106481
-0.0011056267,0.8197337963
-0.0011056267,0.8272569444
-0.0011056267,0.8347800926
-0.0011056267,0.8423032407
-0.0011056267,0.8498263889
-0.0011056267,0.8573495370
-0.0011056267,0.8648726852
-0.0011056267,0.8723958333
-0.0011056267,0.8799189815
-0.0011056267,0.8874421296
-0.0011056267,0.8949652778
-0.0011056267,0.9024884259
-0.0011056267,0.9100115741
-0.0011056267,0.9175347222
-0.0011056267,0.9250578704
-0.0011056267,0.9325810185
-0.0011056267,0.9401041667
-0.0011056267,0.9476273148
-0.0011056267,0.9551504630
-0.0011056267,0.9626736111
-0.0011056267,0.9701967593
-0.0011056267,0.9777199074
-0.0011056267,0.9852430556
-0.0011056267,0.9927662037
-0.0011056267,1.0002893519
0.0003740445,-0.0002893519
0.0003740445,0.0072337963
0.0003740445,0.0147569444
0.0003740445,0.0222800926
0.0003740445,0.0298032407
0.0003740445,0.0373263889
0.0003740445,0.0448495370
0.0003740445,0.0523726852
0.0003740445,0.0598958333
0.0003740445,0.0674189815
0.0003740445,0.0749421296
0.0003740445,0.0824652778
0.0003740445,0.0899884259
0.0003740445,0.0975115741
0.0003740445,0.1050347222
0.0003740445,0.1125578704
0.0003740445,0.1200810185
0.0003740445,0.1276041667
0.0003740445,0.1351273148
0.0003740445,0.1426504630
0.0003740445,0.1501736111
0.0003740445,0.1576967593
0.0003740445,0.1652199074
0.0003740445,0.1727430556
0.0003740445,0.1802662037
0.0003740445,0.1877893519
0.0003740445,0.1953125000
0.0003740445,0.2028356481
0.0003740445,0.2103587963
0.0003740445,0.2178819444
0.0003740445,0.2254050926
0.0003740445,0.2329282407
0.0003740445,0.2404513889
0.0003740445,0.2479745370
0.0003740445,0.2554976852
0.0003740445,0.2630208333
0.0003740445,0.2705439815
0.0003740445,0.2780671296
0.0003740445,0.2855902778
0.0003740445,0.2931134259
0.0003740445,0.3006365741
0.0003740445,0.3081597222
0.0003740445,0.3156828704
0.0003740445,0.3232060185
0.0003740445,0.3307291667
0.0003740445,0.3382523148
0.0003740445,0.3457754630
0.0003740445,0.3532986111
0.0003740445,0.3608217593
0.0003740445,0.3683449074
0.0003740445,0.3758680556
0.0003740445,0.3833912037
0.0003740445,0.3909143519
0.0003740445,0.3984375000
0.0003740445,0.4059606481
0.0003740445,0.4134837963
0.0003740445,0.4210069444
0.0003740445,0.4285300926
0.0003740445,0.4360532407
0.0003740445,0.4435763889
0.0003740445,0.4510995370
0.0003740445,0.4586226852
0.0003740445,0.4661458333
0.0003740445,0.4736689815
0.0003740445,0.4811921296
0.0003740445,0.4887152778
0.0003740445,0.4962384259
0.0003740445,0.5037615741
0.0003740445,0.5112847222
0.0003740445,0.5188078704
0.0003740445,0.5263310185
0.0003740445,0.5338541667
0.0003740445,0.5413773148
0.0003740445,0.5489004630
0.0003740445,0.5564236111
0.0003740445,0.5639467593
0.0003740445,0.5714699074
0.0003740445,0.5789930556
0.0003740445,0.5865162037
0.0003740445,0.5940393519
0.0003740445,0.6015625000
0.0003740445,0.6090856481
0.0003740445,0.6166087963
0.0003740445,0.6241319444
0.0003740445,0.6316550926
0.0003740445,0.6391782407
0.0003740445,0.6467013889
0.0003740445,0.6542245370
0.0003740445,0.6617476852
0.0003740445,0.6692708333
0.0003740445,0.6767939815
0.0003740445,0.6843171296
0.0003740445,0.6918402778
0.0003740445,0.6993634259
0.0003740445,0.7068865741
0.0003740445,0.7144097222
0.0003740445,0.7219328704
0.0003740445,0.7294560185
0.0003740445,0.7369791667
0.0003740445,0.7445023148
0.0003740445,0.7520254630
0.0003740445,0.7595486111
0.0003740445,0.7670717593
0.0003740445,0.7745949074
0.0003740445,0.7821180556
0.0003740445,0.7896412037
0.0003740445,0.7971643519
0.0003740445,0.8046875000
0.0003740445,0.8122106481
0.0003740445,0.8197337963
0.0003740445,0.8272569444
0.0003740445,0.8347800926
0.0003740445,0.8423032407
0.0003740445,0.8498263889
0.0003740445,0.8573495370
0.0003740445,0.8648726852
0.0003740445,0.8723958333
0.0003740445,0.8799189815
0.0003740445,0.8874421296
0.0003740445,0.8949652778
0.0003740445,0.9024884259
0.0003740445,0.9100115741
0.0003740445,0.9175347222
0.0003740445,0.9250578704
0.0003740445,0.9325810185
0.0003740445,0.9401041667
0.0003740445,0.9476273148
0.0003740445,0.9551504630
0.0003740445,0.9626736111
0.0003740445,0.9701967593
0.0003740445,0.9777199074
0.0003740445,0.9852430556
0.0003740445,0.9927662037
0.0003740445,1.0002893519
0.0021496503,-0.0002893519
0.0021496503,0.0072337963
0.0021496503,0.0147569444
0.0021496503,0.0222800926
0.0021496503,0.0298032407
0.0021496503,0.0373263889
0.0021496503,0.0448495370
0.0021496503,0.0523726852
0.0021496503,0.0598958333
0.0021496503,0.0674189815
0.0021496503,0.0749421296
0.0021496503,0.0824652778
0.0021496503,0.0899884259
0.0021496503,0.0975115741
0.0021496503,0.1050347222
0.0021496503,0.1125578704
0.0021496503,0.1200810185
0.0021496503,0.1276041667
0.0021496503,0.1351273148
0.0021496503,0.1426504630
0.0021496503,0.1501736111
0.0021496503,0.1576967593
0.0021496503,0.1652199074
0.0021496503,0.1727430556
0.0021496503,0.1802662037
0.0021496503,0.1877893519
0.0021496503,0.1953125000
0.0021496503,0.2028356481
0.0021496503,0.2103587963
0.0021496503,0.2178819444
0.0021496503,0.2254050926
0.0021496503,0.2329282407
0.0021496503,0.2404513889
0.0021496503,0.2479745370
0.0021496503,0.2554976852
0.0021496503,0.2630208333
0.0021496503,0.2705439815
0.0021496503,0.2780671296
0.0021496503,0.2855902778
0.0021496503,0.2931134259
0.0021496503,0.3006365741
0.0021496503,0.3081597222
0.0021496503,0.3156828704
0.0021496503,0.3232060185
0.0021496503,0.3307291667
0.0021496503,0.3382523148
0.0021496503,0.3457754630
0.0021496503,0.3532986111
0.0021496503,0.3608217593
0.0021496503,0.3683449074
0.0021496503,0.3758680556
0.0021496503,0.3833912037
0.0021496503,0.3909143519
0.0021496503,0.3984375000
0.0021496503,0.4059606481
0.0021496503,0.4134837963
0.0021496503,0.4210069444
0.0021496503,0.4285300926
0.0021496503,0.4360532407
0.0021496503,0.4435763889
0.0021496503,0.4510995370
0.0021496503,0.4586226852
0.0021496503,0.4661458333
0.0021496503,0.4736689815
0.0021496503,0.4811921296
0.0021496503,0.4887152778
0.0021496503,0.4962384259
0.0021496503,0.5037615741
0.0021496503,0.5112847222
0.0021496503,0.5188078704
0.0021496503,0.5263310185
0.0021496503,0.5338541667
0.0021496503,0.5413773148
0.0021496503,0.5489004630
0.0021496503,0.5564236111
0.0021496503,0.5639467593
0.0021496503,0.5714699074
0.0021496503,0.5789930556
0.0021496503,0.5865162037
0.0021496503,0.5940393519
0.0021496503,0.6015625000
0.0021496503,0.6090856481
0.0021496503,0.6166087963
0.0021496503,0.6241319444
0.0021496503,0.6316550926
0.0021496503,0.6391782407
0.0021496503,0.6467013889
0.0021496503,0.6542245370
0.0021496503,0.6617476852
0.0021496503,0.6692708333
0.0021496503,0.6767939815
0.0021496503,0.6843171296
0.0021496503,0.6918402778
0.0021496503,0.6993634259
0.0021496503,0.7068865741
0.0021496503,0.7144097222
0.0021496503,0.7219328704
0.0021496503,0.7294560185
0.0021496503,0.7369791667
0.0021496503,0.7445023148
0.0021496503,0.7520254630
0.0021496503,0.7595486111
0.0021496503,0.7670717593
0.0021496503,0.7745949074
0.0021496503,0.7821180556
0.0021496503,0.7896412037
0.0021496503,0.7971643519
0.0021496503,0.8046875000
0.0021496503,0.8122106481
0.0021496503,0.8197337963
0.0021496503,0.8272569444
0.0021496503,0.8347800926
0.0021496503,0.8423032407
0.0021496503,0.8498263889
0.0021496503,0.8573495370
0.0021496503,0.8648726852
0.0021496503,0.8723958333
0.0021496503,0.8799189815
0.0021496503,0.8874421296
0.0021496503,0.8949652778
0.0021496503,0.9024884259
0.0021496503,0.9100115741
0.0021496503,0.9175347222
0.0021496503,0.9250578704
0.0021496503,0.9325810185
0.0021496503,0.9401041667
0.0021496503,0.9476273148
0.0021496503,0.9551504630
0.0021496503,0.9626736111
0.0021496503,0.9701967593
0.0021496503,0.9777199074
0.0021496503,0.9852430556
0.0021496503,0.9927662037
0.0021496503,1.0002893519
0.0042803764,-0.0002893519
0.0042803764,0.0072337963
0.0042803764,0.0147569444
0.0042803764,0.0222800926
0.0042803764,0.0298032407
0.0042803764,0.0373263889
0.0042803764,0.0448495370
0.0042803764,0.0523726852
0.0042803764,0.0598958333
0.0042803764,0.0674189815
0.0042803764,0.0749421296
0.0042803764,0.0824652778
0.0042803764,0.0899884259
0.0042803764,0.0975115741
0.0042803764,0.1050347222
0.0042803764,0.1125578704
0.0042803764,0.1200810185
0.0042803764,0.1276041667
0.0042803764,0.1351273148
0.0042803764,0.1426504630
0.0042803764,0.1501736111
0.0042803764,0.1576967593
0.0042803764,0.1652199074
0.0042803764,0.1727430556
0.0042803764,0.1802662037
0.0042803764,0.1877893519
0.0042803764,0.1953125000
0.0042803764,0.2028356481
0.0042803764,0.2103587963
0.0042803764,0.2178819444
0.0042803764,0.2254050926
0.0042803764,0.2329282407
0.0042803764,0.2404513889
0.0042803764,0.2479745370
0.0042803764,0.2554976852
0.0042803764,0.2630208333
0.0042803764,0.2705439815
0.0042803764,0.2780671296
0.0042803764,0.2855902778
0.0042803764,0.2931134259
0.0042803764,0.3006365741
0.0042803764,0.3081597222
0.0042803764,0.3156828704
0.0042803764,0.3232060185
0.0042803764,0.3307291667
0.0042803764,0.3382523148
0.0042803764,0.3457754630
0.0042803764,0.3532986111
0.0042803764,0.3608217593
0.0042803764,0.3683449074
0.0042803764,0.3758680556
0.0042803764,0.3833912037
0.0042803764,0.3909143519
0.0042803764,0.3984375000
0.0042803764,0.4059606481
0.0042803764,0.4134837963
0.0042803764,0.4210069444
0.0042803764,0.4285300926
0.0042803764,0.4360532407
0.0042803764,0.4435763889
0.0042803764,0.4510995370
0.0042803764,0.4586226852
0.0042803764,0.4661458333
0.0042803764,0.4736689815
0.0042803764,0.4811921296
0.0042803764,0.4887152778
0.0042803764,0.4962384259
0.0042803764,0.5037615741
0.0042803764,0.5112847222
0.0042803764,0.5188078704
0.0042803764,0.5263310185
0.0042803764,0.5338541667
0.0042803764,0.5413773148
0.0042803764,0.5489004630
0.0042803764,0.5564236111
0.0042803764,0.5639467593
0.0042803764,0.5714699074
0.0042803764,0.5789930556
0.0042803764,0.5865162037
0.0042803764,0.5940393519
0.0042803764,0.6015625000
0.0042803764,0.6090856481
0.0042803764,0.6166087963
0.0042803764,0.6241319444
0.0042803764,0.6316550926
0.0042803764,0.6391782407
0.0042803764,0.6467013889
0.0042803764,0.6542245370
0.0042803764,0.6617476852
0.0042803764,0.6692708333
0.0042803764,0.6767939815
0.0042803764,0.6843171296
0.0042803764,0.6918402778
0.0042803764,0.6993634259
0.0042803764,0.7068865741
0.0042803764,0.7144097222
0.0042803764,0.7219328704
0.0042803764,0.7294560185
0.0042803764,0.7369791667
0.0042803764,0.7445023148
0.0042803764,0.7520254630
0.0042803764,0.7595486111
0.0042803764,0.7670717593
0.0042803764,0.7745949074
0.0042803764,0.7821180556
0.0042803764,0.7896412037
0.0042803764,0.7971643519
0.0042803764,0.8046875000
0.0042803764,0.8122106481
0.0042803764,0.8197337963
0.0042803764,0.8272569444
0.0042803764,0.8347800926
0.0042803764,0.8423032407
0.0042803764,0.8498263889
0.0042803764,0.8573495370
0.0042803764,0.8648726852
0.0042803764,0.8723958333
0.0042803764,0.8799189815
0.0042803764,0.8874421296
0.0042803764,0.8949652778
0.0042803764,0.9024884259
0.0042803764,0.9100115741
0.0042803764,0.9175347222
0.0042803764,0.9250578704
0.0042803764,0.9325810185
0.0042803764,0.9401041667
0.0042803764,0.9476273148
0.0042803764,0.9551504630
0.0042803764,0.9626736111
0.0042803764,0.9701967593
0.0042803764,0.9777199074
0.0042803764,0.9852430556
0.0042803764,0.9927662037
0.0042803764,1.0002893519
0.0068372477,-0.0002893519
0.0068372477,0.0072337963
0.0068372477,0.0147569444
0.0068372477,0.0222800926
0.0068372477,0.0298032407
0.0068372477,0.0373263889
0.0068372477,0.0448495370
0.0068372477,0.0523726852
0.0068372477,0.0598958333
0.0068372477,0.0674189815
0.0068372477,0.0749421296
0.0068372477,0.0824652778
0.0068372477,0.0899884259
0.0068372477,0.0975115741
0.0068372477,0.1050347222
0.0068372477,0.1125578704
0.0068372477,0.1200810185
0.0068372477,0.1276041667
0.0068372477,0.1351273148
0.0068372477,0.1426504630
0.0068372477,0.1501736111
0.0068372477,0.1576967593
0.0068372477,0.1652199074
0.0068372477,0.1727430556
0.0068372477,0.1802662037
0.0068372477,0.1877893519
0.0068372477,0.1953125000
0.0068372477,0.2028356481
0.0068372477,0.2103587963
0.0068372477,0.2178819444
0.0068372477,0.2254050926
0.0068372477,0.2329282407
0.0068372477,0.2404513889
0.0068372477,0.2479745370
0.0068372477,0.2554976852
0.0068372477,0.2630208333
0.0068372477,0.2705439815
0.0068372477,0.2780671296
0.0068372477,0.2855902778
0.0068372477,0.2931134259
0.0068372477,0.3006365741
0.0068372477,0.3081597222
0.0068372477,0.3156828704
0.0068372477,0.3232060185
0.0068372477,0.3307291667
0.0068372477,0.3382523148
0.0068372477,0.3457754630
0.0068372477,0.3532986111
0.0068372477,0.3608217593
0.0068372477,0.3683449074
0.0068372477,0.3758680556
0.0068372477,0.3833912037
0.0068372477,0.3909143519
0.0068372477,0.3984375000
0.0068372477,0.4059606481
0.0068372477,0.4134837963
0.0068372477,0.4210069444
0.0068372477,0.4285300926
0.0068372477,0.4360532407
0.0068372477,0.4435763889
0.0068372477,0.4510995370
0.0068372477,0.4586226852
0.0068372477,0.4661458333
0.0068372477,0.4736689815
0.0068372477,0.4811921296
0.0068372477,0.4887152778
0.0068372477,0.4962384259
0.0068372477,0.5037615741
0.0068372477,0.5112847222
0.0068372477,0.5188078704
0.0068372477,0.5263310185
0.0068372477,0.5338541667
0.0068372477,0.5413773148
0.0068372477,0.5489004630
0.0068372477,0.5564236111
0.0068372477,0.5639467593
0.0068372477,0.5714699074
0.0068372477,0.5789930556
0.0068372477,0.5865162037
0.0068372477,0.5940393519
0.0068372477,0.6015625000
0.0068372477,0.6090856481
0.0068372477,0.6166087963
0.0068372477,0.6241319444
0.0068372477,0.6316550926
0.0068372477,0.6391782407
0.0068372477,0.6467013889
0.0068372477,0.6542245370
0.0068372477,0.6617476852
0.0068372477,0.6692708333
0.0068372477,0.6767939815
0.0068372477,0.6843171296
0.0068372477,0.6918402778
0.0068372477,0.6993634259
0.0068372477,0.7068865741
0.0068372477,0.7144097222
0.0068372477,0.7219328704
0.0068372477,0.7294560185
0.0068372477,0.7369791667
0.0068372477,0.7445023148
0.0068372477,0.7520254630
0.0068372477,0.7595486111
0.0068372477,0.7670717593
0.0068372477,0.7745949074
0.0068372477,0.7821180556
0.0068372477,0.7896412037
0.0068372477,0.7971643519
0.0068372477,0.8046875000
0.0068372477,0.8122106481
0.0068372477,0.8197337963
0.0068372477,0.8272569444
0.0068372477,0.8347800926
0.0068372477,0.8423032407
0.0068372477,0.8498263889
0.0068372477,0.8573495370
0.0068372477,0.8648726852
0.0068372477,0.8723958333
0.0068372477,0.8799189815
0.0068372477,0.8874421296
0.0068372477,0.8949652778
0.0068372477,0.9024884259
0.0068372477,0.9100115741
0.0068372477,0.9175347222
0.0068372477,0.9250578704
0.0068372477,0.9325810185
0.0068372477,0.9401041667
0.0068372477,0.9476273148
0.0068372477,0.9551504630
0.0068372477,0.9626736111
0.0068372477,0.9701967593
0.0068372477,0.9777199074
0.0068372477,0.9852430556
0.0068372477,0.9927662037
0.0068372477,1.0002893519
0.0099054931,-0.0002893519
0.0099054931,0.0072337963
0.0099054931,0.0147569444
0.0099054931,0.0222800926
0.0099054931,0.0298032407
0.0099054931,0.0373263889
0.0099054931,0.0448495370
0.0099054931,0.0523726852
0.0099054931,0.0598958333
0.0099054931,0.0674189815
0.0099054931,0.0749421296
0.0099054931,0.0824652778
0.0099054931,0.0899884259
0.0099054931,0.0975115741
0.0099054931,0.1050347222
0.0099054931,0.1125578704
0.0099054931,0.1200810185
0.0099054931,0.1276041667
0.0099054931,0.1351273148
0.0099054931,0.1426504630
0.0099054931,0.1501736111
0.0099054931,0.1576967593
0.0099054931,0.1652199074
0.0099054931,0.1727430556
0.0099054931,0.1802662037
0.0099054931,0.1877893519
0.0099054931,0.1953125000
0.0099054931,0.2028356481
0.0099054931,0.2103587963
0.0099054931,0.2178819444
0.0099054931,0.2254050926
0.0099054931,0.2329282407
0.0099054931,0.2404513889
0.0099054931,0.2479745370
0.0099054931,0.2554976852
0.0099054931,0.2630208333
0.0099054931,0.2705439815
0.0099054931,0.2780671296
0.0099054931,0.2855902778
0.0099054931,0.2931134259
0.0099054931,0.3006365741
0.0099054931,0.3081597222
0.0099054931,0.3156828704
0.0099054931,0.3232060185
0.0099054931,0.3307291667
0.0099054931,0.3382523148
0.0099054931,0.3457754630
0.0099054931,0.3532986111
0.0099054931,0.3608217593
0.0099054931,0.3683449074
0.0099054931,0.3758680556
0.0099054931,0.3833912037
0.0099054931,0.3909143519
0.0099054931,0.3984375000
0.0099054931,0.4059606481
0.0099054931,0.4134837963
0.0099054931,0.4210069444
0.0099054931,0.4285300926
0.0099054931,0.4360532407
0.0099054931,0.4435763889
0.0099054931,0.4510995370
0.0099054931,0.4586226852
0.0099054931,0.4661458333
0.0099054931,0.4736689815
0.0099054931,0.4811921296
0.0099054931,0.4887152778
0.0099054931,0.4962384259
0.0099054931,0.5037615741
0.0099054931,0.5112847222
0.0099054931,0.5188078704
0.0099054931,0.5263310185
0.0099054931,0.5338541667
0.0099054931,0.5413773148
0.0099054931,0.5489004630
0.0099054931,0.5564236111
0.0099054931,0.5639467593
0.0099054931,0.5714699074
0.0099054931,0.5789930556
0.0099054931,0.5865162037
0.0099054931,0.5940393519
0.0099054931,0.6015625000
0.0099054931,0.6090856481
0.0099054931,0.6166087963
0.0099054931,0.6241319444
0.0099054931,0.6316550926
0.0099054931,0.6391782407
0.0099054931,0.6467013889
0.0099054931,0.6542245370
0.0099054931,0.6617476852
0.0099054931,0.6692708333
0.0099054931,0.6767939815
0.0099054931,0.6843171296
0.0099054931,0.6918402778
0.0099054931,0.6993634259
0.0099054931,0.7068865741
0.0099054931,0.7144097222
0.0099054931,0.7219328704
0.0099054931,0.7294560185
0.0099054931,0.7369791667
0.0099054931,0.7445023148
0.0099054931,0.7520254630
0.0099054931,0.7595486111
0.0099054931,0.7670717593
0.0099054931,0.7745949074
0.0099054931,0.7821180556
0.0099054931,0.7896412037
0.0099054931,0.7971643519
0.0099054931,0.8046875000
0.0099054931,0.8122106481
0.0099054931,0.8197337963
0.0099054931,0.8272569444
0.0099054931,0.8347800926
0.0099054931,0.8423032407
0.0099054931,0.8498263889
0.0099054931,0.8573495370
0.0099054931,0.8648726852
0.0099054931,0.8723958333
0.0099054931,0.8799189815
0.0099054931,0.8874421296
0.0099054931,0.8949652778
0.0099054931,0.9024884259
0.0099054931,0.9100115741
0.0099054931,0.9175347222
0.0099054931,0.9250578704
0.0099054931,0.9325810185
0.0099054931,0.9401041667
0.0099054931,0.9476273148
0.0099054931,0.9551504630
0.0099054931,0.9626736111
0.0099054931,0.9701967593
0.0099054931,0.9777199074
0.0099054931,0.9852430556
0.0099054931,0.9927662037
0.0099054931,1.0002893519
0.0135873871,-0.0002893519
0.0135873871,0.0072337963
0.0135873871,0.0147569444
0.0135873871,0.0222800926
0.0135873871,0.0298032407
0.0135873871,0.0373263889
0.0135873871,0.0448495370
0.0135873871,0.0523726852
0.0135873871,0.0598958333
0.0135873871,0.0674189815
0.0135873871,0.0749421296
0.0135873871,0.0824652778
0.0135873871,0.0899884259
0.0135873871,0.0975115741
0.0135873871,0.1050347222
0.0135873871,0.1125578704
0.0135873871,0.1200810185
0.0135873871,0.1276041667
0.0135873871,0.1351273148
0.0135873871,0.1426504630
0.0135873871,0.1501736111
0.0135873871,0.1576967593
0.0135873871,0.1652199074
0.0135873871,0.1727430556
0.0135873871,0.1802662037
0.0135873871,0.1877893519
0.0135873871,0.1953125000
0.0135873871,0.2028356481
0.0135873871,0.2103587963
0.0135873871,0.2178819444
0.0135873871,0.2254050926
0.0135873871,0.2329282407
0.0135873871,0.2404513889
0.0135873871,0.2479745370
0.0135873871,0.2554976852
0.0135873871,0.2630208333
0.0135873871,0.2705439815
0.0135873871,0.2780671296
0.0135873871,0.2855902778
0.0135873871,0.2931134259
0.0135873871,0.3006365741
0.0135873871,0.3081597222
0.0135873871,0.3156828704
0.0135873871,0.3232060185
0.0135873871,0.3307291667
0.0135873871,0.3382523148
0.0135873871,0.3457754630
0.0135873871,0.3532986111
0.0135873871,0.3608217593
0.0135873871,0.3683449074
0.0135873871,0.3758680556
0.0135873871,0.3833912037
0.0135873871,0.3909143519
0.0135873871,0.3984375000
0.0135873871,0.4059606481
0.0135873871,0.4134837963
0.0135873871,0.4210069444
0.0135873871,0.4285300926
0.0135873871,0.4360532407
0.0135873871,0.4435763889
0.0135873871,0.4510995370
0.0135873871,0.4586226852
0.0135873871,0.4661458333
0.0135873871,0.4736689815
0.0135873871,0.4811921296
0.0135873871,0.4887152778
0.0135873871,0.4962384259
0.0135873871,0.5037615741
0.0135873871,0.5112847222
0.0135873871,0.5188078704
0.0135873871,0.5263310185
0.0135873871,0.5338541667
0.0135873871,0.5413773148
0.0135873871,0.5489004630
0.0135873871,0.5564236111
0.0135873871,0.5639467593
0.0135873871,0.5714699074
0.0135873871,0.5789930556
0.0135873871,0.5865162037
0.0135873871,0.5940393519
0.0135873871,0.6015625000
0.0135873871,0.6090856481
0.0135873871,0.6166087963
0.0135873871,0.6241319444
0.0135873871,0.6316550926
0.0135873871,0.6391782407
0.0135873871,0.6467013889
0.0135873871,0.6542245370
0.0135873871,0.6617476852
0.0135873871,0.6692708333
0.0135873871,0.6767939815
0.0135873871,0.6843171296
0.0135873871,0.6918402778
0.0135873871,0.6993634259
0.0135873871,0.7068865741
0.0135873871,0.7144097222
0.0135873871,0.7219328704
0.0135873871,0.7294560185
0.0135873871,0.7369791667
0.0135873871,0.7445023148
0.0135873871,0.7520254630
0.0135873871,0.7595486111
0.0135873871,0.7670717593
0.0135873871,0.7745949074
0.0135873871,0.7821180556
0.0135873871,0.7896412037
0.0135873871,0.7971643519
0.0135873871,0.8046875000
0.0135873871,0.8122106481
0.0135873871,0.8197337963
0.0135873871,0.8272569444
0.0135873871,0.8347800926
0.0135873871,0.8423032407
0.0135873871,0.8498263889
0.0135873871,0.8573495370
0.0135873871,0.8648726852
0.0135873871,0.8723958333
0.0135873871,0.8799189815
0.0135873871,0.8874421296
0.0135873871,0.8949652778
0.0135873871,0.9024884259
0.0135873871,0.9100115741
0.0135873871,0.9175347222
0.0135873871,0.9250578704
0.0135873871,0.9325810185
0.0135873871,0.9401041667
0.0135873871,0.9476273148
0.0135873871,0.9551504630
0.0135873871,0.9626736111
0.0135873871,0.9701967593
0.0135873871,0.9777199074
0.0135873871,0.9852430556
0.0135873871,0.9927662037
0.0135873871,1.0002893519
0.0180056616,-0.0002893519
0.0180056616,0.0072337963
0.0180056616,0.0147569444
0.0180056616,0.0222800926
0.0180056616,0.0298032407
0.0180056616,0.0373263889
0.0180056616,0.0448495370
0.0180056616,0.0523726852
0.0180056616,0.0598958333
0.0180056616,0.0674189815
0.0180056616,0.0749421296
0.0180056616,0.0824652778
0.0180056616,0.0899884259
0.0180056616,0.0975115741
0.0180056616,0.1050347222
0.0180056616,0.1125578704
0.0180056616,0.1200810185
0.0180056616,0.1276041667
0.0180056616,0.1351273148
0.0180056616,0.1426504630
0.0180056616,0.1501736111
0.0180056616,0.1576967593
0.0180056616,0.1652199074
0.0180056616,0.1727430556
0.0180056616,0.1802662037
0.0180056616,0.1877893519
0.0180056616,0.1953125000
0.0180056616,0.2028356481
0.0180056616,0.2103587963
0.0180056616,0.2178819444
0.0180056616,0.2254050926
0.0180056616,0.2329282407
0.0180056616,0.2404513889
0.0180056616,0.2479745370
0.0180056616,0.2554976852
0.0180056616,0.2630208333
0.0180056616,0.2705439815
0.0180056616,0.2780671296
0.0180056616,0.2855902778
0.0180056616,0.2931134259
0.0180056616,0.3006365741
0.0180056616,0.3081597222
0.0180056616,0.3156828704
0.0180056616,0.3232060185
0.0180056616,0.3307291667
0.0180056616,0.3382523148
0.0180056616,0.3457754630
0.0180056616,0.3532986111
0.0180056616,0.3608217593
0.0180056616,0.3683449074
0.0180056616,0.3758680556
0.0180056616,0.3833912037
0.0180056616,0.3909143519
0.0180056616,0.3984375000
0.0180056616,0.4059606481
0.0180056616,0.4134837963
0.0180056616,0.4210069444
0.0180056616,0.4285300926
0.0180056616,0.4360532407
0.0180056616,0.4435763889
0.0180056616,0.4510995370
0.0180056616,0.4586226852
0.0180056616,0.4661458333
0.0180056616,0.4736689815
0.0180056616,0.4811921296
0.0180056616,0.4887152778
0.0180056616,0.4962384259
0.0180056616,0.5037615741
0.0180056616,0.5112847222
0.0180056616,0.5188078704
0.0180056616,0.5263310185
0.0180056616,0.5338541667
0.0180056616,0.5413773148
0.0180056616,0.5489004630
0.0180056616,0.5564236111
0.0180056616,0.5639467593
0.0180056616,0.5714699074
0.0180056616,0.5789930556
0.0180056616,0.5865162037
0.0180056616,0.5940393519
0.0180056616,0.6015625000
0.0180056616,0.6090856481
0.0180056616,0.6166087963
0.0180056616,0.6241319444
0.0180056616,0.6316550926
0.0180056616,0.6391782407
0.0180056616,0.6467013889
0.0180056616,0.6542245370
0.0180056616,0.6617476852
0.0180056616,0.6692708333
0.0180056616,0.6767939815
0.0180056616,0.6843171296
0.0180056616,0.6918402778
0.0180056616,0.6993634259
0.0180056616,0.7068865741
0.0180056616,0.7144097222
0.0180056616,0.7219328704
0.0180056616,0.7294560185
0.0180056616,0.7369791667
0.0180056616,0.7445023148
0.0180056616,0.7520254630
0.0180056616,0.7595486111
0.0180056616,0.7670717593
0.0180056616,0.7745949074
0.0180056616,0.7821180556
0.0180056616,0.7896412037
0.0180056616,0.7971643519
0.0180056616,0.8046875000
0.0180056616,0.8122106481
0.0180056616,0.8197337963
0.0180056616,0.8272569444
0.0180056616,0.8347800926
0.0180056616,0.8423032407
0.0180056616,0.8498263889
0.0180056616,0.8573495370
0.0180056616,0.8648726852
0.0180056616,0.8723958333
0.0180056616,0.8799189815
0.0180056616,0.8874421296
0.0180056616,0.8949652778
0.0180056616,0.9024884259
0.0180056616,0.9100115741
0.0180056616,0.9175347222
0.0180056616,0.9250578704
0.0180056616,0.9325810185
0.0180056616,0.9401041667
0.0180056616,0.9476273148
0.0180056616,0.9551504630
0.0180056616,0.9626736111
0.0180056616,0.9701967593
0.0180056616,0.9777199074
0.0180056616,0.9852430556
0.0180056616,0.9927662037
0.0180056616,1.0002893519
0.0233075906,-0.0002893519
0.0233075906,0.0072337963
0.0233075906,0.0147569444
0.0233075906,0.0222800926
0.0233075906,0.0298032407
0.0233075906,0.0373263889
0.0233075906,0.0448495370
0.0233075906,0.0523726852
0.0233075906,0.0598958333
0.0233075906,0.0674189815
0.0233075906,0.0749421296
0.0233075906,0.0824652778
0.0233075906,0.0899884259
0.0233075906,0.0975115741
0.0233075906,0.1050347222
0.0233075906,0.1125578704
0.0233075906,0.1200810185
0.0233075906,0.1276041667
0.0233075906,0.1351273148
0.0233075906,0.1426504630
0.0233075906,0.1501736111
0.0233075906,0.1576967593
0.0233075906,0.1652199074
0.0233075906,0.1727430556
0.0233075906,0.1802662037
0.0233075906,0.1877893519
0.0233075906,0.1953125000
0.0233075906,0.2028356481
0.0233075906,0.2103587963
0.0233075906,0.2178819444
0.0233075906,0.2254050926
0.0233075906,0.2329282407
0.0233075906,0.2404513889
0.0233075906,0.2479745370
0.0233075906,0.2554976852
0.0233075906,0.2630208333
0.0233075906,0.2705439815
0.0233075906,0.2780671296
0.0233075906,0.2855902778
0.0233075906,0.2931134259
0.0233075906,0.3006365741
0.0233075906,0.3081597222
0.0233075906,0.3156828704
0.0233075906,0.3232060185
0.0233075906,0.3307291667
0.0233075906,0.3382523148
0.0233075906,0.3457754630
0.0233075906,0.3532986111
0.0233075906,0.3608217593
0.0233075906,0.3683449074
0.0233075906,0.3758680556
0.0233075906,0.3833912037
0.0233075906,0.3909143519
0.0233075906,0.3984375000
0.0233075906,0.4059606481
0.0233075906,0.4134837963
0.0233075906,0.4210069444
0.0233075906,0.4285300926
0.0233075906,0.4360532407
0.0233075906,0.4435763889
0.0233075906,0.4510995370
0.0233075906,0.4586226852
0.0233075906,0.4661458333
0.0233075906,0.4736689815
0.0233075906,0.4811921296
0.0233075906,0.4887152778
0.0233075906,0.4962384259
0.0233075906,0.5037615741
0.0233075906,0.5112847222
0.0233075906,0.5188078704
0.0233075906,0.5263310185
0.0233075906,0.5338541667
0.0233075906,0.5413773148
0.0233075906,0.5489004630
0.0233075906,0.5564236111
0.0233075906,0.5639467593
0.0233075906,0.5714699074
0.0233075906,0.5789930556
0.0233075906,0.5865162037
0.0233075906,0.5940393519
0.0233075906,0.6015625000
0.0233075906,0.6090856481
0.0233075906,0.6166087963
0.0233075906,0.6241319444
0.0233075906,0.6316550926
0.0233075906,0.6391782407
0.0233075906,0.6467013889
0.0233075906,0.6542245370
0.0233075906,0.6617476852
0.0233075906,0.6692708333
0.0233075906,0.6767939815
0.0233075906,0.6843171296
0.0233075906,0.6918402778
0.0233075906,0.6993634259
0.0233075906,0.7068865741
0.0233075906,0.7144097222
0.0233075906,0.7219328704
0.0233075906,0.7294560185
0.0233075906,0.7369791667
0.0233075906,0.7445023148
0.0233075906,0.7520254630
0.0233075906,0.7595486111
0.0233075906,0.7670717593
0.0233075906,0.7745949074
0.0233075906,0.7821180556
0.0233075906,0.7896412037
0.0233075906,0.7971643519
0.0233075906,0.8046875000
0.0233075906,0.8122106481
0.0233075906,0.8197337963
0.0233075906,0.8272569444
0.0233075906,0.8347800926
0.0233075906,0.8423032407
0.0233075906,0.8498263889
0.0233075906,0.8573495370
0.0233075906,0.8648726852
0.0233075906,0.8723958333
0.0233075906,0.8799189815
0.0233075906,0.8874421296
0.0233075906,0.8949652778
0.0233075906,0.9024884259
0.0233075906,0.9100115741
0.0233075906,0.9175347222
0.0233075906,0.9250578704
0.0233075906,0.9325810185
0.0233075906,0.9401041667
0.0233075906,0.9476273148
0.0233075906,0.9551504630
0.0233075906,0.9626736111
0.0233075906,0.9701967593
0.0233075906,0.9777199074
0.0233075906,0.9852430556
0.0233075906,0.9927662037
0.0233075906,1.0002893519
0.0296699043,-0.0002893519
0.0296699043,0.0072337963
0.0296699043,0.0147569444
0.0296699043,0.0222800926
0.0296699043,0.0298032407
0.0296699043,0.0373263889
0.0296699043,0.0448495370
0.0296699043,0.0523726852
0.0296699043,0.0598958333
0.0296699043,0.0674189815
0.0296699043,0.0749421296
0.0296699043,0.0824652778
0.0296699043,0.0899884259
0.0296699043,0.0975115741
0.0296699043,0.1050347222
0.0296699043,0.1125578704
0.0296699043,0.1200810185
0.0296699043,0.1276041667
0.0296699043,0.1351273148
0.0296699043,0.1426504630
0.0296699043,0.1501736111
0.0296699043,0.1576967593
0.0296699043,0.1652199074
0.0296699043,0.1727430556
0.0296699043,0.1802662037
0.0296699043,0.1877893519
0.0296699043,0.1953125000
0.0296699043,0.2028356481
0.0296699043,0.2103587963
0.0296699043,0.2178819444
0.0296699043,0.2254050926
0.0296699043,0.2329282407
0.0296699043,0.2404513889
0.0296699043,0.2479745370
0.0296699043,0.2554976852
0.0296699043,0.2630208333
0.0296699043,0.2705439815
0.0296699043,0.2780671296
0.0296699043,0.2855902778
0.0296699043,0.2931134259
0.0296699043,0.3006365741
0.0296699043,0.3081597222
0.0296699043,0.3156828704
0.0296699043,0.3232060185
0.0296699043,0.3307291667
0.0296699043,0.3382523148
0.0296699043,0.3457754630
0.0296699043,0.3532986111
0.0296699043,0.3608217593
0.0296699043,0.3683449074
0.0296699043,0.3758680556
0.0296699043,0.3833912037
0.0296699043,0.3909143519
0.0296699043,0.3984375000
0.0296699043,0.4059606481
0.0296699043,0.4134837963
0.0296699043,0.4210069444
0.0296699043,0.4285300926
0.0296699043,0.4360532407
0.0296699043,0.4435763889
0.0296699043,0.4510995370
0.0296699043,0.4586226852
0.0296699043,0.4661458333
0.0296699043,0.4736689815
0.0296699043,0.4811921296
0.0296699043,0.4887152778
0.0296699043,0.4962384259
0.0296699043,0.5037615741
0.0296699043,0.5112847222
0.0296699043,0.5188078704
0.0296699043,0.5263310185
0.0296699043,0.5338541667
0.0296699043,0.5413773148
0.0296699043,0.5489004630
0.0296699043,0.5564236111
0.0296699043,0.5639467593
0.0296699043,0.5714699074
0.0296699043,0.5789930556
0.0296699043,0.5865162037
0.0296699043,0.5940393519
0.0296699043,0.6015625000
0.0296699043,0.6090856481
0.0296699043,0.6166087963
0.0296699043,0.6241319444
0.0296699043,0.6316550926
0.0296699043,0.6391782407
0.0296699043,0.6467013889
0.0296699043,0.6542245370
0.0296699043,0.6617476852
0.0296699043,0.6692708333
0.0296699043,0.6767939815
0.0296699043,0.6843171296
0.0296699043,0.6918402778
0.0296699043,0.6993634259
0.0296699043,0.7068865741
0.0296699043,0.7144097222
0.0296699043,0.7219328704
0.0296699043,0.7294560185
0.0296699043,0.7369791667
0.0296699043,0.7445023148
0.0296699043,0.7520254630
0.0296699043,0.7595486111
0.0296699043,0.7670717593
0.0296699043,0.7745949074
0.0296699043,0.7821180556
0.0296699043,0.7896412037
0.0296699043,0.7971643519
0.0296699043,0.8046875000
0.0296699043,0.8122106481
0.0296699043,0.8197337963
0.0296699043,0.8272569444
0.0296699043,0.8347800926
0.0296699043,0.8423032407
0.0296699043,0.8498263889
0.0296699043,0.8573495370
0.0296699043,0.8648726852
0.0296699043,0.8723958333
0.0296699043,0.8799189815
0.0296699043,0.8874421296
0.0296699043,0.8949652778
0.0296699043,0.9024884259
0.0296699043,0.9100115741
0.0296699043,0.9175347222
0.0296699043,0.9250578704
0.0296699043,0.9325810185
0.0296699043,0.9401041667
0.0296699043,0.9476273148
0.0296699043,0.9551504630
0.0296699043,0.9626736111
0.0296699043,0.9701967593
0.0296699043,0.9777199074
0.0296699043,0.9852430556
0.0296699043,0.9927662037
0.0296699043,1.0002893519
0.0373046813,-0.0002893519
0.0373046813,0.0072337963
0.0373046813,0.0147569444
0.0373046813,0.0222800926
0.0373046813,0.0298032407
0.0373046813,0.0373263889
0.0373046813,0.0448495370
0.0373046813,0.0523726852
0.0373046813,0.0598958333
0.0373046813,0.0674189815
0.0373046813,0.0749421296
0.0373046813,0.0824652778
0.0373046813,0.0899884259
0.0373046813,0.0975115741
0.0373046813,0.1050347222
0.0373046813,0.1125578704
0.0373046813,0.1200810185
0.0373046813,0.1276041667
0.0373046813,0.1351273148
0.0373046813,0.1426504630
0.0373046813,0.1501736111
0.0373046813,0.1576967593
0.0373046813,0.1652199074
0.0373046813,0.1727430556
0.0373046813,0.1802662037
0.0373046813,0.1877893519
0.0373046813,0.1953125000
0.0373046813,0.2028356481
0.0373046813,0.2103587963
0.0373046813,0.2178819444
0.0373046813,0.2254050926
0.0373046813,0.2329282407
0.0373046813,0.2404513889
0.0373046813,0.2479745370
0.0373046813,0.2554976852
0.0373046813,0.2630208333
0.0373046813,0.2705439815
0.0373046813,0.2780671296
0.0373046813,0.2855902778
0.0373046813,0.2931134259
0.0373046813,0.3006365741
0.0373046813,0.3081597222
0.0373046813,0.3156828704
0.0373046813,0.3232060185
0.0373046813,0.3307291667
0.0373046813,0.3382523148
0.0373046813,0.3457754630
0.0373046813,0.3532986111
0.0373046813,0.3608217593
0.0373046813,0.3683449074
0.0373046813,0.3758680556
0.0373046813,0.3833912037
0.0373046813,0.3909143519
0.0373046813,0.3984375000
0.0373046813,0.4059606481
0.0373046813,0.4134837963
0.0373046813,0.4210069444
0.0373046813,0.4285300926
0.0373046813,0.4360532407
0.0373046813,0.4435763889
0.0373046813,0.4510995370
0.0373046813,0.4586226852
0.0373046813,0.4661458333
0.0373046813,0.4736689815
0.0373046813,0.4811921296
0.0373046813,0.4887152778
0.0373046813,0.4962384259
0.0373046813,0.5037615741
0.0373046813,0.5112847222
0.0373046813,0.5188078704
0.0373046813,0.5263310185
0.0373046813,0.5338541667
0.0373046813,0.5413773148
0.0373046813,0.5489004630
0.0373046813,0.5564236111
0.0373046813,0.5639467593
0.0373046813,0.5714699074
0.0373046813,0.5789930556
0.0373046813,0.5865162037
0.0373046813,0.5940393519
0.0373046813,0.6015625000
0.0373046813,0.6090856481
0.0373046813,0.6166087963
0.0373046813,0.6241319444
0.0373046813,0.6316550926
0.0373046813,0.6391782407
0.0373046813,0.6467013889
0.0373046813,0.6542245370
0.0373046813,0.6617476852
0.0373046813,0.6692708333
0.0373046813,0.6767939815
0.0373046813,0.6843171296
0.0373046813,0.6918402778
0.0373046813,0.6993634259
0.0373046813,0.7068865741
0.0373046813,0.7144097222
0.0373046813,0.7219328704
0.0373046813,0.7294560185
0.0373046813,0.7369791667
0.0373046813,0.7445023148
0.0373046813,0.7520254630
0.0373046813,0.7595486111
0.0373046813,0.7670717593
0.0373046813,0.7745949074
0.0373046813,0.7821180556
0.0373046813,0.7896412037
0.0373046813,0.7971643519
0.0373046813,0.8046875000
0.0373046813,0.8122106481
0.0373046813,0.8197337963
0.0373046813,0.8272569444
0.0373046813,0.8347800926
0.0373046813,0.8423032407
0.0373046813,0.8498263889
0.0373046813,0.8573495370
0.0373046813,0.8648726852
0.0373046813,0.8723958333
0.0373046813,0.8799189815
0.0373046813,0.8874421296
0.0373046813,0.8949652778
0.0373046813,0.9024884259
0.0373046813,0.9100115741
0.0373046813,0.9175347222
0.0373046813,0.9250578704
0.0373046813,0.9325810185
0.0373046813,0.9401041667
0.0373046813,0.9476273148
0.0373046813,0.9551504630
0.0373046813,0.9626736111
0.0373046813,0.9701967593
0.0373046813,0.9777199074
0.0373046813,0.9852430556
0.0373046813,0.9927662037
0.0373046813,1.0002893519
0.0464664137,-0.0002893519
0.0464664137,0.0072337963
0.0464664137,0.0147569444
0.0464664137,0.0222800926
0.0464664137,0.0298032407
0.0464664137,0.0373263889
0.0464664137,0.0448495370
0.0464664137,0.0523726852
0.0464664137,0.0598958333
0.0464664137,0.0674189815
0.0464664137,0.0749421296
0.0464664137,0.0824652778
0.0464664137,0.0899884259
0.0464664137,0.0975115741
0.0464664137,0.1050347222
0.0464664137,0.1125578704
0.0464664137,0.1200810185
0.0464664137,0.1276041667
0.0464664137,0.1351273148
0.0464664137,0.1426504630
0.0464664137,0.1501736111
0.0464664137,0.1576967593
0.0464664137,0.1652199074
0.0464664137,0.1727430556
0.0464664137,0.1802662037
0.0464664137,0.1877893519
0.0464664137,0.1953125000
0.0464664137,0.2028356481
0.0464664137,0.2103587963
0.0464664137,0.2178819444
0.0464664137,0.2254050926
0.0464664137,0.2329282407
0.0464664137,0.2404513889
0.0464664137,0.2479745370
0.0464664137,0.2554976852
0.0464664137,0.2630208333
0.0464664137,0.2705439815
0.0464664137,0.2780671296
0.0464664137,0.2855902778
0.0464664137,0.2931134259
0.0464664137,0.3006365741
0.0464664137,0.3081597222
0.0464664137,0.3156828704
0.0464664137,0.3232060185
0.0464664137,0.3307291667
0.0464664137,0.3382523148
0.0464664137,0.3457754630
0.0464664137,0.3532986111
0.0464664137,0.3608217593
0.0464664137,0.3683449074
0.0464664137,0.3758680556
0.0464664137,0.3833912037
0.0464664137,0.3909143519
0.0464664137,0.3984375000
0.0464664137,0.4059606481
0.0464664137,0.4134837963
0.0464664137,0.4210069444
0.0464664137,0.4285300926
0.0464664137,0.4360532407
0.0464664137,0.4435763889
0.0464664137,0.4510995370
0.0464664137,0.4586226852
0.0464664137,0.4661458333
0.0464664137,0.4736689815
0.0464664137,0.4811921296
0.0464664137,0.4887152778
0.0464664137,0.4962384259
0.0464664137,0.5037615741
0.0464664137,0.5112847222
0.0464664137,0.5188078704
0.0464664137,0.5263310185
0.0464664137,0.5338541667
0.0464664137,0.5413773148
0.0464664137,0.5489004630
0.0464664137,0.5564236111
0.0464664137,0.5639467593
0.0464664137,0.5714699074
0.0464664137,0.5789930556
0.0464664137,0.5865162037
0.0464664137,0.5940393519
0.0464664137,0.6015625000
0.0464664137,0.6090856481
0.0464664137,0.6166087963
0.0464664137,0.6241319444
0.0464664137,0.6316550926
0.0464664137,0.6391782407
0.0464664137,0.6467013889
0.0464664137,0.6542245370
0.0464664137,0.6617476852
0.0464664137,0.6692708333
0.0464664137,0.6767939815
0.0464664137,0.6843171296
0.0464664137,0.6918402778
0.0464664137,0.6993634259
0.0464664137,0.7068865741
0.0464664137,0.7144097222
0.0464664137,0.7219328704
0.0464664137,0.7294560185
0.0464664137,0.7369791667
0.0464664137,0.7445023148
0.0464664137,0.7520254630
0.0464664137,0.7595486111
0.0464664137,0.7670717593
0.0464664137,0.7745949074
0.0464664137,0.7821180556
0.0464664137,0.7896412037
0.0464664137,0.7971643519
0.0464664137,0.8046875000
0.0464664137,0.8122106481
0.0464664137,0.8197337963
0.0464664137,0.8272569444
0.0464664137,0.8347800926
0.0464664137,0.8423032407
0.0464664137,0.8498263889
0.0464664137,0.8573495370
0.0464664137,0.8648726852
0.0464664137,0.8723958333
0.0464664137,0.8799189815
0.0464664137,0.8874421296
0.0464664137,0.8949652778
0.0464664137,0.9024884259
0.0464664137,0.9100115741
0.0464664137,0.9175347222
0.0464664137,0.9250578704
0.0464664137,0.9325810185
0.0464664137,0.9401041667
0.0464664137,0.9476273148
0.0464664137,0.9551504630
0.0464664137,0.9626736111
0.0464664137,0.9701967593
0.0464664137,0.9777199074
0.0464664137,0.9852430556
0.0464664137,0.9927662037
0.0464664137,1.0002893519
0.0574604952,-0.0002893519
0.0574604952,0.0072337963
0.0574604952,0.0147569444
0.0574604952,0.0222800926
0.0574604952,0.0298032407
0.0574604952,0.0373263889
0.0574604952,0.0448495370
0.0574604952,0.0523726852
0.0574604952,0.0598958333
0.0574604952,0.0674189815
0.0574604952,0.0749421296
0.0574604952,0.0824652778
0.0574604952,0.0899884259
0.0574604952,0.0975115741
0.0574604952,0.1050347222
0.0574604952,0.1125578704
0.0574604952,0.1200810185
0.0574604952,0.1276041667
0.0574604952,0.1351273148
0.0574604952,0.1426504630
0.0574604952,0.1501736111
0.0574604952,0.1576967593
0.0574604952,0.1652199074
0.0574604952,0.1727430556
0.0574604952,0.1802662037
0.0574604952,0.1877893519
0.0574604952,0.1953125000
0.0574604952,0.2028356481
0.0574604952,0.2103587963
0.0574604952,0.2178819444
0.0574604952,0.2254050926
0.0574604952,0.2329282407
0.0574604952,0.2404513889
0.0574604952,0.2479745370
0.0574604952,0.2554976852
0.0574604952,0.2630208333
0.0574604952,0.2705439815
0.0574604952,0.2780671296
0.0574604952,0.2855902778
0.0574604952,0.2931134259
0.0574604952,0.3006365741
0.0574604952,0.3081597222
0.0574604952,0.3156828704
0.0574604952,0.3232060185
0.0574604952,0.3307291667
0.0574604952,0.3382523148
0.0574604952,0.3457754630
0.0574604952,0.3532986111
0.0574604952,0.3608217593
0.0574604952,0.3683449074
0.0574604952,0.3758680556
0.0574604952,0.3833912037
0.0574604952,0.3909143519
0.0574604952,0.3984375000
0.0574604952,0.4059606481
0.0574604952,0.4134837963
0.0574604952,0.4210069444
0.0574604952,0.4285300926
0.0574604952,0.4360532407
0.0574604952,0.4435763889
0.0574604952,0.4510995370
0.0574604952,0.4586226852
0.0574604952,0.4661458333
0.0574604952,0.4736689815
0.0574604952,0.4811921296
0.0574604952,0.4887152778
0.0574604952,0.4962384259
0.0574604952,0.5037615741
0.0574604952,0.5112847222
0.0574604952,0.5188078704
0.0574604952,0.5263310185
0.0574604952,0.5338541667
0.0574604952,0.5413773148
0.0574604952,0.5489004630
0.0574604952,0.5564236111
0.0574604952,0.5639467593
0.0574604952,0.5714699074
0.0574604952,0.5789930556
0.0574604952,0.5865162037
0.0574604952,0.5940393519
0.0574604952,0.6015625000
0.0574604952,0.6090856481
0.0574604952,0.6166087963
0.0574604952,0.6241319444
0.0574604952,0.6316550926
0.0574604952,0.6391782407
0.0574604952,0.6467013889
0.0574604952,0.6542245370
0.0574604952,0.6617476852
0.0574604952,0.6692708333
0.0574604952,0.6767939815
0.0574604952,0.6843171296
0.0574604952,0.6918402778
0.0574604952,0.6993634259
0.0574604952,0.7068865741
0.0574604952,0.7144097222
0.0574604952,0.7219328704
0.0574604952,0.7294560185
0.0574604952,0.7369791667
0.0574604952,0.7445023148
0.0574604952,0.7520254630
0.0574604952,0.7595486111
0.0574604952,0.7670717593
0.0574604952,0.7745949074
0.0574604952,0.7821180556
0.0574604952,0.7896412037
0.0574604952,0.7971643519
0.0574604952,0.8046875000
0.0574604952,0.8122106481
0.0574604952,0.8197337963
0.0574604952,0.8272569444
0.0574604952,0.8347800926
0.0574604952,0.8423032407
0.0574604952,0.8498263889
0.0574604952,0.8573495370
0.0574604952,0.8648726852
0.0574604952,0.8723958333
0.0574604952,0.8799189815
0.0574604952,0.8874421296
0.0574604952,0.8949652778
0.0574604952,0.9024884259
0.0574604952,0.9100115741
0.0574604952,0.9175347222
0.0574604952,0.9250578704
0.0574604952,0.9325810185
0.0574604952,0.9401041667
0.0574604952,0.9476273148
0.0574604952,0.9551504630
0.0574604952,0.9626736111
0.0574604952,0.9701967593
0.0574604952,0.9777199074
0.0574604952,0.9852430556
0.0574604952,0.9927662037
0.0574604952,1.0002893519
0.0706533922,-0.0002893519
0.0706533922,0.0072337963
0.0706533922,0.0147569444
0.0706533922,0.0222800926
0.0706533922,0.0298032407
0.0706533922,0.0373263889
0.0706533922,0.0448495370
0.0706533922,0.0523726852
0.0706533922,0.0598958333
0.0706533922,0.0674189815
0.0706533922,0.0749421296
0.0706533922,0.0824652778
0.0706533922,0.0899884259
0.0706533922,0.0975115741
0.0706533922,0.1050347222
0.0706533922,0.1125578704
0.0706533922,0.1200810185
0.0706533922,0.1276041667
0.0706533922,0.1351273148
0.0706533922,0.1426504630
0.0706533922,0.1501736111
0.0706533922,0.1576967593
0.0706533922,0.1652199074
0.0706533922,0.1727430556
0.0706533922,0.1802662037
0.0706533922,0.1877893519
0.0706533922,0.1953125000
0.0706533922,0.2028356481
0.0706533922,0.2103587963
0.0706533922,0.2178819444
0.0706533922,0.2254050926
0.0706533922,0.2329282407
0.0706533922,0.2404513889
0.0706533922,0.2479745370
0.0706533922,0.2554976852
0.0706533922,0.2630208333
0.0706533922,0.2705439815
0.0706533922,0.2780671296
0.0706533922,0.2855902778
0.0706533922,0.2931134259
0.0706533922,0.3006365741
0.0706533922,0.3081597222
0.0706533922,0.3156828704
0.0706533922,0.3232060185
0.0706533922,0.3307291667
0.0706533922,0.3382523148
0.0706533922,0.3457754630
0.0706533922,0.3532986111
0.0706533922,0.3608217593
0.0706533922,0.3683449074
0.0706533922,0.3758680556
0.0706533922,0.3833912037
0.0706533922,0.3909143519
0.0706533922,0.3984375000
0.0706533922,0.4059606481
0.0706533922,0.4134837963
0.0706533922,0.4210069444
0.0706533922,0.4285300926
0.0706533922,0.4360532407
0.0706533922,0.4435763889
0.0706533922,0.4510995370
0.0706533922,0.4586226852
0.0706533922,0.4661458333
0.0706533922,0.4736689815
0.0706533922,0.4811921296
0.0706533922,0.4887152778
0.0706533922,0.4962384259
0.0706533922,0.5037615741
0.0706533922,0.5112847222
0.0706533922,0.5188078704
0.0706533922,0.5263310185
0.0706533922,0.5338541667
0.0706533922,0.5413773148
0.0706533922,0.5489004630
0.0706533922,0.5564236111
0.0706533922,0.5639467593
0.0706533922,0.5714699074
0.0706533922,0.5789930556
0.0706533922,0.5865162037
0.0706533922,0.5940393519
0.0706533922,0.6015625000
0.0706533922,0.6090856481
0.0706533922,0.6166087963
0.0706533922,0.6241319444
0.0706533922,0.6316550926
0.0706533922,0.6391782407
0.0706533922,0.6467013889
0.0706533922,0.6542245370
0.0706533922,0.6617476852
0.0706533922,0.6692708333
0.0706533922,0.6767939815
0.0706533922,0.6843171296
0.0706533922,0.6918402778
0.0706533922,0.6993634259
0.0706533922,0.7068865741
0.0706533922,0.7144097222
0.0706533922,0.7219328704
0.0706533922,0.7294560185
0.0706533922,0.7369791667
0.0706533922,0.7445023148
0.0706533922,0.7520254630
0.0706533922,0.7595486111
0.0706533922,0.7670717593
0.0706533922,0.7745949074
0.0706533922,0.7821180556
0.0706533922,0.7896412037
0.0706533922,0.7971643519
0.0706533922,0.8046875000
0.0706533922,0.8122106481
0.0706533922,0.8197337963
0.0706533922,0.8272569444
0.0706533922,0.8347800926
0.0706533922,0.8423032407
0.0706533922,0.8498263889
0.0706533922,0.8573495370
0.0706533922,0.8648726852
0.0706533922,0.8723958333
0.0706533922,0.8799189815
0.0706533922,0.8874421296
0.0706533922,0.8949652778
0.0706533922,0.9024884259
0.0706533922,0.9100115741
0.0706533922,0.9175347222
0.0706533922,0.9250578704
0.0706533922,0.9325810185
0.0706533922,0.9401041667
0.0706533922,0.9476273148
0.0706533922,0.9551504630
0.0706533922,0.9626736111
0.0706533922,0.9701967593
0.0706533922,0.9777199074
0.0706533922,0.9852430556
0.0706533922,0.9927662037
0.0706533922,1.0002893519
0.0864848678,-0.0002893519
0.0864848678,0.0072337963
0.0864848678,0.0147569444
0.0864848678,0.0222800926
0.0864848678,0.0298032407
0.0864848678,0.0373263889
0.0864848678,0.0448495370
0.0864848678,0.0523726852
0.0864848678,0.0598958333
0.0864848678,0.0674189815
0.0864848678,0.0749421296
0.0864848678,0.0824652778
0.0864848678,0.0899884259
0.0864848678,0.0975115741
0.0864848678,0.1050347222
0.0864848678,0.1125578704
0.0864848678,0.1200810185
0.0864848678,0.1276041667
0.0864848678,0.1351273148
0.0864848678,0.1426504630
0.0864848678,0.1501736111
0.0864848678,0.1576967593
0.0864848678,0.1652199074
0.0864848678,0.1727430556
0.0864848678,0.1802662037
0.0864848678,0.1877893519
0.0864848678,0.1953125000
0.0864848678,0.2028356481
0.0864848678,0.2103587963
0.0864848678,0.2178819444
0.0864848678,0.2254050926
0.0864848678,0.2329282407
0.0864848678,0.2404513889
0.0864848678,0.2479745370
0.0864848678,0.2554976852
0.0864848678,0.2630208333
0.0864848678,0.2705439815
0.0864848678,0.2780671296
0.0864848678,0.2855902778
0.0864848678,0.2931134259
0.0864848678,0.3006365741
0.0864848678,0.3081597222
0.0864848678,0.3156828704
0.0864848678,0.3232060185
0.0864848678,0.3307291667
0.0864848678,0.3382523148
0.0864848678,0.3457754630
0.0864848678,0.3532986111
0.0864848678,0.3608217593
0.0864848678,0.3683449074
0.0864848678,0.3758680556
0.0864848678,0.3833912037
0.0864848678,0.3909143519
0.0864848678,0.3984375000
0.0864848678,0.4059606481
0.0864848678,0.4134837963
0.0864848678,0.4210069444
0.0864848678,0.4285300926
0.0864848678,0.4360532407
0.0864848678,0.4435763889
0.0864848678,0.4510995370
0.0864848678,0.4586226852
0.0864848678,0.4661458333
0.0864848678,0.4736689815
0.0864848678,0.4811921296
0.0864848678,0.4887152778
0.0864848678,0.4962384259
0.0864848678,0.5037615741
0.0864848678,0.5112847222
0.0864848678,0.5188078704
0.0864848678,0.5263310185
0.0864848678,0.5338541667
0.0864848678,0.5413773148
0.0864848678,0.5489004630
0.0864848678,0.5564236111
0.0864848678,0.5639467593
0.0864848678,0.5714699074
0.0864848678,0.5789930556
0.0864848678,0.5865162037
0.0864848678,0.5940393519
0.0864848678,0.6015625000
0.0864848678,0.6090856481
0.0864848678,0.6166087963
0.0864848678,0.6241319444
0.0864848678,0.6316550926
0.0864848678,0.6391782407
0.0864848678,0.6467013889
0.0864848678,0.6542245370
0.0864848678,0.6617476852
0.0864848678,0.6692708333
0.0864848678,0.6767939815
0.0864848678,0.6843171296
0.0864848678,0.6918402778
0.0864848678,0.6993634259
0.0864848678,0.7068865741
0.0864848678,0.7144097222
0.0864848678,0.7219328704
0.0864848678,0.7294560185
0.0864848678,0.7369791667
0.0864848678,0.7445023148
0.0864848678,0.7520254630
0.0864848678,0.7595486111
0.0864848678,0.7670717593
0.0864848678,0.7745949074
0.0864848678,0.7821180556
0.0864848678,0.7896412037
0.0864848678,0.7971643519
0.0864848678,0.8046875000
0.0864848678,0.8122106481
0.0864848678,0.8197337963
0.0864848678,0.8272569444
0.0864848678,0.8347800926
0.0864848678,0.8423032407
0.0864848678,0.8498263889
0.0864848678,0.8573495370
0.0864848678,0.8648726852
0.0864848678,0.8723958333
0.0864848678,0.8799189815
0.0864848678,0.8874421296
0.0864848678,0.8949652778
0.0864848678,0.9024884259
0.0864848678,0.9100115741
0.0864848678,0.9175347222
0.0864848678,0.9250578704
0.0864848678,0.9325810185
0.0864848678,0.9401041667
0.0864848678,0.9476273148
0.0864848678,0.9551504630
0.0864848678,0.9626736111
0.0864848678,0.9701967593
0.0864848678,0.9777199074
0.0864848678,0.9852430556
0.0864848678,0.9927662037
0.0864848678,1.0002893519
0.1054826406,-0.0002893519
0.1054826406,0.0072337963
0.1054826406,0.0147569444
0.1054826406,0.0222800926
0.1054826406,0.0298032407
0.1054826406,0.0373263889
0.1054826406,0.0448495370
0.1054826406,0.0523726852
0.1054826406,0.0598958333
0.1054826406,0.0674189815
0.1054826406,0.0749421296
0.1054826406,0.0824652778
0.1054826406,0.0899884259
0.1054826406,0.0975115741
0.1054826406,0.1050347222
0.1054826406,0.1125578704
0.1054826406,0.1200810185
0.1054826406,0.1276041667
0.1054826406,0.1351273148
0.1054826406,0.1426504630
0.1054826406,0.1501736111
0.1054826406,0.1576967593
0.1054826406,0.1652199074
0.1054826406,0.1727430556
0.1054826406,0.1802662037
0.1054826406,0.1877893519
0.1054826406,0.1953125000
0.1054826406,0.2028356481
0.1054826406,0.2103587963
0.1054826406,0.2178819444
0.1054826406,0.2254050926
0.1054826406,0.2329282407
0.1054826406,0.2404513889
0.1054826406,0.2479745370
0.1054826406,0.2554976852
0.1054826406,0.2630208333
0.1054826406,0.2705439815
0.1054826406,0.2780671296
0.1054826406,0.2855902778
0.1054826406,0.2931134259
0.1054826406,0.3006365741
0.1054826406,0.3081597222
0.1054826406,0.3156828704
0.1054826406,0.3232060185
0.1054826406,0.3307291667
0.1054826406,0.3382523148
0.1054826406,0.3457754630
0.1054826406,0.3532986111
0.1054826406,0.3608217593
0.1054826406,0.3683449074
0.1054826406,0.3758680556
0.1054826406,0.3833912037
0.1054826406,0.3909143519
0.1054826406,0.3984375000
0.1054826406,0.4059606481
0.1054826406,0.4134837963
0.1054826406,0.4210069444
0.1054826406,0.4285300926
0.1054826406,0.4360532407
0.1054826406,0.4435763889
0.1054826406,0.4510995370
0.1054826406,0.4586226852
0.1054826406,0.4661458333
0.1054826406,0.4736689815
0.1054826406,0.4811921296
0.1054826406,0.4887152778
0.1054826406,0.4962384259
0.1054826406,0.5037615741
0.1054826406,0.5112847222
0.1054826406,0.5188078704
0.1054826406,0.5263310185
0.1054826406,0.5338541667
0.1054826406,0.5413773148
0.1054826406,0.5489004630
0.1054826406,0.5564236111
0.1054826406,0.5639467593
0.1054826406,0.5714699074
0.1054826406,0.5789930556
0.1054826406,0.5865162037
0.1054826406,0.5940393519
0.1054826406,0.6015625000
0.1054826406,0.6090856481
0.1054826406,0.6166087963
0.1054826406,0.6241319444
0.1054826406,0.6316550926
0.1054826406,0.6391782407
0.1054826406,0.6467013889
0.1054826406,0.6542245370
0.1054826406,0.6617476852
0.1054826406,0.6692708333
0.1054826406,0.6767939815
0.1054826406,0.6843171296
0.1054826406,0.6918402778
0.1054826406,0.6993634259
0.1054826406,0.7068865741
0.1054826406,0.7144097222
0.1054826406,0.7219328704
0.1054826406,0.7294560185
0.1054826406,0.7369791667
0.1054826406,0.7445023148
0.1054826406,0.7520254630
0.1054826406,0.7595486111
0.1054826406,0.7670717593
0.1054826406,0.7745949074
0.1054826406,0.7821180556
0.1054826406,0.7896412037
0.1054826406,0.7971643519
0.1054826406,0.8046875000
0.1054826406,0.8122106481
0.1054826406,0.8197337963
0.1054826406,0.8272569444
0.1054826406,0.8347800926
0.1054826406,0.8423032407
0.1054826406,0.8498263889
0.1054826406,0.8573495370
0.1054826406,0.8648726852
0.1054826406,0.8723958333
0.1054826406,0.8799189815
0.1054826406,0.8874421296
0.1054826406,0.8949652778
0.1054826406,0.9024884259
0.1054826406,0.9100115741
0.1054826406,0.9175347222
0.1054826406,0.9250578704
0.1054826406,0.9325810185
0.1054826406,0.9401041667
0.1054826406,0.9476273148
0.1054826406,0.9551504630
0.1054826406,0.9626736111
0.1054826406,0.9701967593
0.1054826406,0.9777199074
0.1054826406,0.9852430556
0.1054826406,0.9927662037
0.1054826406,1.0002893519
0.1282799687,-0.0002893519
0.1282799687,0.0072337963
0.1282799687,0.0147569444
0.1282799687,0.0222800926
0.1282799687,0.0298032407
0.1282799687,0.0373263889
0.1282799687,0.0448495370
0.1282799687,0.0523726852
0.1282799687,0.0598958333
0.1282799687,0.0674189815
0.1282799687,0.0749421296
0.1282799687,0.0824652778
0.1282799687,0.0899884259
0.1282799687,0.0975115741
0.1282799687,0.1050347222
0.1282799687,0.1125578704
0.1282799687,0.1200810185
0.1282799687,0.1276041667
0.1282799687,0.1351273148
0.1282799687,0.1426504630
0.1282799687,0.1501736111
0.1282799687,0.1576967593
0.1282799687,0.1652199074
0.1282799687,0.1727430556
0.1282799687,0.1802662037
0.1282799687,0.1877893519
0.1282799687,0.1953125000
0.1282799687,0.2028356481
0.1282799687,0.2103587963
0.1282799687,0.2178819444
0.1282799687,0.2254050926
0.1282799687,0.2329282407
0.1282799687,0.2404513889
0.1282799687,0.2479745370
0.1282799687,0.2554976852
0.1282799687,0.2630208333
0.1282799687,0.2705439815
0.1282799687,0.2780671296
0.1282799687,0.2855902778
0.1282799687,0.2931134259
0.1282799687,0.3006365741
0.1282799687,0.3081597222
0.1282799687,0.3156828704
0.1282799687,0.3232060185
0.1282799687,0.3307291667
0.1282799687,0.3382523148
0.1282799687,0.3457754630
0.1282799687,0.3532986111
0.1282799687,0.3608217593
0.1282799687,0.3683449074
0.1282799687,0.3758680556
0.1282799687,0.3833912037
0.1282799687,0.3909143519
0.1282799687,0.3984375000
0.1282799687,0.4059606481
0.1282799687,0.4134837963
0.1282799687,0.4210069444
0.1282799687,0.4285300926
0.1282799687,0.4360532407
0.1282799687,0.4435763889
0.1282799687,0.4510995370
0.1282799687,0.4586226852
0.1282799687,0.4661458333
0.1282799687,0.4736689815
0.1282799687,0.4811921296
0.1282799687,0.4887152778
0.1282799687,0.4962384259
0.1282799687,0.5037615741
0.1282799687,0.5112847222
0.1282799687,0.5188078704
0.1282799687,0.5263310185
0.1282799687,0.5338541667
0.1282799687,0.5413773148
0.1282799687,0.5489004630
0.1282799687,0.5564236111
0.1282799687,0.5639467593
0.1282799687,0.5714699074
0.1282799687,0.5789930556
0.1282799687,0.5865162037
0.1282799687,0.5940393519
0.1282799687,0.6015625000
0.1282799687,0.6090856481
0.1282799687,0.6166087963
0.1282799687,0.6241319444
0.1282799687,0.6316550926
0.1282799687,0.6391782407
0.1282799687,0.6467013889
0.1282799687,0.6542245370
0.1282799687,0.6617476852
0.1282799687,0.6692708333
0.1282799687,0.6767939815
0.1282799687,0.6843171296
0.1282799687,0.6918402778
0.1282799687,0.6993634259
0.1282799687,0.7068865741
0.1282799687,0.7144097222
0.1282799687,0.7219328704
0.1282799687,0.7294560185
0.1282799687,0.7369791667
0.1282799687,0.7445023148
0.1282799687,0.7520254630
0.1282799687,0.7595486111
0.1282799687,0.7670717593
0.1282799687,0.7745949074
0.1282799687,0.7821180556
0.1282799687,0.7896412037
0.1282799687,0.7971643519
0.1282799687,0.8046875000
0.1282799687,0.8122106481
0.1282799687,0.8197337963
0.1282799687,0.8272569444
0.1282799687,0.8347800926
0.1282799687,0.8423032407
0.1282799687,0.8498263889
0.1282799687,0.8573495370
0.1282799687,0.8648726852
0.1282799687,0.8723958333
0.1282799687,0.8799189815
0.1282799687,0.8874421296
0.1282799687,0.8949652778
0.1282799687,0.9024884259
0.1282799687,0.9100115741
0.1282799687,0.9175347222
0.1282799687,0.9250578704
0.1282799687,0.9325810185
0.1282799687,0.9401041667
0.1282799687,0.9476273148
0.1282799687,0.9551504630
0.1282799687,0.9626736111
0.1282799687,0.9701967593
0.1282799687,0.9777199074
0.1282799687,0.9852430556
0.1282799687,0.9927662037
0.1282799687,1.0002893519
0.1556367631,-0.0002893519
0.1556367631,0.0072337963
0.1556367631,0.0147569444
0.1556367631,0.0222800926
0.1556367631,0.0298032407
0.1556367631,0.0373263889
0.1556367631,0.0448495370
0.1556367631,0.0523726852
0.1556367631,0.0598958333
0.1556367631,0.0674189815
0.1556367631,0.0749421296
0.1556367631,0.0824652778
0.1556367631,0.0899884259
0.1556367631,0.0975115741
0.1556367631,0.1050347222
0.1556367631,0.1125578704
0.1556367631,0.1200810185
0.1556367631,0.1276041667
0.1556367631,0.1351273148
0.1556367631,0.1426504630
0.1556367631,0.1501736111
0.1556367631,0.1576967593
0.1556367631,0.1652199074
0.1556367631,0.1727430556
0.1556367631,0.1802662037
0.1556367631,0.1877893519
0.1556367631,0.1953125000
0.1556367631,0.2028356481
0.1556367631,0.2103587963
0.1556367631,0.2178819444
0.1556367631,0.2254050926
0.1556367631,0.2329282407
0.1556367631,0.2404513889
0.1556367631,0.2479745370
0.1556367631,0.2554976852
0.1556367631,0.2630208333
0.1556367631,0.2705439815
0.1556367631,0.2780671296
0.1556367631,0.2855902778
0.1556367631,0.2931134259
0.1556367631,0.3006365741
0.1556367631,0.3081597222
0.1556367631,0.3156828704
0.1556367631,0.3232060185
0.1556367631,0.3307291667
0.1556367631,0.3382523148
0.1556367631,0.3457754630
0.1556367631,0.3532986111
0.1556367631,0.3608217593
0.1556367631,0.3683449074
0.1556367631,0.3758680556
0.1556367631,0.3833912037
0.1556367631,0.3909143519
0.1556367631,0.3984375000
0.1556367631,0.4059606481
0.1556367631,0.4134837963
0.1556367631,0.4210069444
0.1556367631,0.4285300926
0.1556367631,0.4360532407
0.1556367631,0.4435763889
0.1556367631,0.4510995370
0.1556367631,0.4586226852
0.1556367631,0.4661458333
0.1556367631,0.4736689815
0.1556367631,0.4811921296
0.1556367631,0.4887152778
0.1556367631,0.4962384259
0.1556367631,0.5037615741
0.1556367631,0.5112847222
0.1556367631,0.5188078704
0.1556367631,0.5263310185
0.1556367631,0.5338541667
0.1556367631,0.5413773148
0.1556367631,0.5489004630
0.1556367631,0.5564236111
0.1556367631,0.5639467593
0.1556367631,0.5714699074
0.1556367631,0.5789930556
0.1556367631,0.5865162037
0.1556367631,0.5940393519
0.1556367631,0.6015625000
0.1556367631,0.6090856481
0.1556367631,0.6166087963
0.1556367631,0.6241319444
0.1556367631,0.6316550926
0.1556367631,0.6391782407
0.1556367631,0.6467013889
0.1556367631,0.6542245370
0.1556367631,0.6617476852
0.1556367631,0.6692708333
0.1556367631,0.6767939815
0.1556367631,0.6843171296
0.1556367631,0.6918402778
0.1556367631,0.6993634259
0.1556367631,0.7068865741
0.1556367631,0.7144097222
0.1556367631,0.7219328704
0.1556367631,0.7294560185
0.1556367631,0.7369791667
0.1556367631,0.7445023148
0.1556367631,0.7520254630
0.1556367631,0.7595486111
0.1556367631,0.7670717593
0.1556367631,0.7745949074
0.1556367631,0.7821180556
0.1556367631,0.7896412037
0.1556367631,0.7971643519
0.1556367631,0.8046875000
0.1556367631,0.8122106481
0.1556367631,0.8197337963
0.1556367631,0.8272569444
0.1556367631,0.8347800926
0.1556367631,0.8423032407
0.1556367631,0.8498263889
0.1556367631,0.8573495370
0.1556367631,0.8648726852
0.1556367631,0.8723958333
0.1556367631,0.8799189815
0.1556367631,0.8874421296
0.1556367631,0.8949652778
0.1556367631,0.9024884259
0.1556367631,0.9100115741
0.1556367631,0.9175347222
0.1556367631,0.9250578704
0.1556367631,0.9325810185
0.1556367631,0.9401041667
0.1556367631,0.9476273148
0.1556367631,0.9551504630
0.1556367631,0.9626736111
0.1556367631,0.9701967593
0.1556367631,0.9777199074
0.1556367631,0.9852430556
0.1556367631,0.9927662037
0.1556367631,1.0002893519
0.1884649181,-0.0002893519
0.1884649181,0.0072337963
0.1884649181,0.0147569444
0.1884649181,0.0222800926
0.1884649181,0.0298032407
0.1884649181,0.0373263889
0.1884649181,0.0448495370
0.1884649181,0.0523726852
0.1884649181,0.0598958333
0.1884649181,0.0674189815
0.1884649181,0.0749421296
0.1884649181,0.0824652778
0.1884649181,0.0899884259
0.1884649181,0.0975115741
0.1884649181,0.1050347222
0.1884649181,0.1125578704
0.1884649181,0.1200810185
0.1884649181,0.1276041667
0.1884649181,0.1351273148
0.1884649181,0.1426504630
0.1884649181,0.1501736111
0.1884649181,0.1576967593
0.1884649181,0.1652199074
0.1884649181,0.1727430556
0.1884649181,0.1802662037
0.1884649181,0.1877893519
0.1884649181,0.1953125000
0.1884649181,0.2028356481
0.1884649181,0.2103587963
0.1884649181,0.2178819444
0.1884649181,0.2254050926
0.1884649181,0.2329282407
0.1884649181,0.2404513889
0.1884649181,0.2479745370
0.1884649181,0.2554976852
0.1884649181,0.2630208333
0.1884649181,0.2705439815
0.1884649181,0.2780671296
0.1884649181,0.2855902778
0.1884649181,0.2931134259
0.1884649181,0.3006365741
0.1884649181,0.3081597222
0.1884649181,0.3156828704
0.1884649181,0.3232060185
0.1884649181,0.3307291667
0.1884649181,0.3382523148
0.1884649181,0.3457754630
0.1884649181,0.3532986111
0.1884649181,0.3608217593
0.1884649181,0.3683449074
0.1884649181,0.3758680556
0.1884649181,0.3833912037
0.1884649181,0.3909143519
0.1884649181,0.3984375000
0.1884649181,0.4059606481
0.1884649181,0.4134837963
0.1884649181,0.4210069444
0.1884649181,0.4285300926
0.1884649181,0.4360532407
0.1884649181,0.4435763889
0.1884649181,0.4510995370
0.1884649181,0.4586226852
0.1884649181,0.4661458333
0.1884649181,0.4736689815
0.1884649181,0.4811921296
0.1884649181,0.4887152778
0.1884649181,0.4962384259
0.1884649181,0.5037615741
0.1884649181,0.5112847222
0.1884649181,0.5188078704
0.1884649181,0.5263310185
0.1884649181,0.5338541667
0.1884649181,0.5413773148
0.1884649181,0.5489004630
0.1884649181,0.5564236111
0.1884649181,0.5639467593
0.1884649181,0.5714699074
0.1884649181,0.5789930556
0.1884649181,0.5865162037
0.1884649181,0.5940393519
0.1884649181,0.6015625000
0.1884649181,0.6090856481
0.1884649181,0.6166087963
0.1884649181,0.6241319444
0.1884649181,0.6316550926
0.1884649181,0.6391782407
0.1884649181,0.6467013889
0.1884649181,0.6542245370
0.1884649181,0.6617476852
0.1884649181,0.6692708333
0.1884649181,0.6767939815
0.1884649181,0.6843171296
0.1884649181,0.6918402778
0.1884649181,0.6993634259
0.1884649181,0.7068865741
0.1884649181,0.7144097222
0.1884649181,0.7219328704
0.1884649181,0.7294560185
0.1884649181,0.7369791667
0.1884649181,0.7445023148
0.1884649181,0.7520254630
0.1884649181,0.7595486111
0.1884649181,0.7670717593
0.1884649181,0.7745949074
0.1884649181,0.7821180556
0.1884649181,0.7896412037
0.1884649181,0.7971643519
0.1884649181,0.8046875000
0.1884649181,0.8122106481
0.1884649181,0.8197337963
0.1884649181,0.8272569444
0.1884649181,0.8347800926
0.1884649181,0.8423032407
0.1884649181,0.8498263889
0.1884649181,0.8573495370
0.1884649181,0.8648726852
0.1884649181,0.8723958333
0.1884649181,0.8799189815
0.1884649181,0.8874421296
0.1884649181,0.8949652778
0.1884649181,0.9024884259
0.1884649181,0.9100115741
0.1884649181,0.9175347222
0.1884649181,0.9250578704
0.1884649181,0.9325810185
0.1884649181,0.9401041667
0.1884649181,0.9476273148
0.1884649181,0.9551504630
0.1884649181,0.9626736111
0.1884649181,0.9701967593
0.1884649181,0.9777199074
0.1884649181,0.9852430556
0.1884649181,0.9927662037
0.1884649181,1.0002893519
0.2278587022,-0.0002893519
0.2278587022,0.0072337963
0.2278587022,0.0147569444
0.2278587022,0.0222800926
0.2278587022,0.0298032407
0.2278587022,0.0373263889
0.2278587022,0.0448495370
0.2278587022,0.0523726852
0.2278587022,0.0598958333
0.2278587022,0.0674189815
0.2278587022,0.0749421296
0.2278587022,0.0824652778
0.2278587022,0.0899884259
0.2278587022,0.0975115741
0.2278587022,0.1050347222
0.2278587022,0.1125578704
0.2278587022,0.1200810185
0.2278587022,0.1276041667
0.2278587022,0.1351273148
0.2278587022,0.1426504630
0.2278587022,0.1501736111
0.2278587022,0.1576967593
0.2278587022,0.1652199074
0.2278587022,0.1727430556
0.2278587022,0.1802662037
0.2278587022,0.1877893519
0.2278587022,0.1953125000
0.2278587022,0.2028356481
0.2278587022,0.2103587963
0.2278587022,0.2178819444
0.2278587022,0.2254050926
0.2278587022,0.2329282407
0.2278587022,0.2404513889
0.2278587022,0.2479745370
0.2278587022,0.2554976852
0.2278587022,0.2630208333
0.2278587022,0.2705439815
0.2278587022,0.2780671296
0.2278587022,0.2855902778
0.2278587022,0.2931134259
0.2278587022,0.3006365741
0.2278587022,0.3081597222
0.2278587022,0.3156828704
0.2278587022,0.3232060185
0.2278587022,0.3307291667
0.2278587022,0.3382523148
0.2278587022,0.3457754630
0.2278587022,0.3532986111
0.2278587022,0.3608217593
0.2278587022,0.3683449074
0.2278587022,0.3758680556
0.2278587022,0.3833912037
0.2278587022,0.3909143519
0.2278587022,0.3984375000
0.2278587022,0.4059606481
0.2278587022,0.4134837963
0.2278587022,0.4210069444
0.2278587022,0.4285300926
0.2278587022,0.4360532407
0.2278587022,0.4435763889
0.2278587022,0.4510995370
0.2278587022,0.4586226852
0.2278587022,0.4661458333
0.2278587022,0.4736689815
0.2278587022,0.4811921296
0.2278587022,0.4887152778
0.2278587022,0.4962384259
0.2278587022,0.5037615741
0.2278587022,0.5112847222
0.2278587022,0.5188078704
0.2278587022,0.5263310185
0.2278587022,0.5338541667
0.2278587022,0.5413773148
0.2278587022,0.5489004630
0.2278587022,0.5564236111
0.2278587022,0.5639467593
0.2278587022,0.5714699074
0.2278587022,0.5789930556
0.2278587022,0.5865162037
0.2278587022,0.5940393519
0.2278587022,0.6015625000
0.2278587022,0.6090856481
0.2278587022,0.6166087963
0.2278587022,0.6241319444
0.2278587022,0.6316550926
0.2278587022,0.6391782407
0.2278587022,0.6467013889
0.2278587022,0.6542245370
0.2278587022,0.6617476852
0.2278587022,0.6692708333
0.2278587022,0.6767939815
0.2278587022,0.6843171296
0.2278587022,0.6918402778
0.2278587022,0.6993634259
0.2278587022,0.7068865741
0.2278587022,0.7144097222
0.2278587022,0.7219328704
0.2278587022,0.7294560185
0.2278587022,0.7369791667
0.2278587022,0.7445023148
0.2278587022,0.7520254630
0.2278587022,0.7595486111
0.2278587022,0.7670717593
0.2278587022,0.7745949074
0.2278587022,0.7821180556
0.2278587022,0.7896412037
0.2278587022,0.7971643519
0.2278587022,0.8046875000
0.2278587022,0.8122106481
0.2278587022,0.8197337963
0.2278587022,0.8272569444
0.2278587022,0.8347800926
0.2278587022,0.8423032407
0.2278587022,0.8498263889
0.2278587022,0.8573495370
0.2278587022,0.8648726852
0.2278587022,0.8723958333
0.2278587022,0.8799189815
0.2278587022,0.8874421296
0.2278587022,0.8949652778
0.2278587022,0.9024884259
0.2278587022,0.9100115741
0.2278587022,0.9175347222
0.2278587022,0.9250578704
0.2278587022,0.9325810185
0.2278587022,0.9401041667
0.2278587022,0.9476273148
0.2278587022,0.9551504630
0.2278587022,0.9626736111
0.2278587022,0.9701967593
0.2278587022,0.9777199074
0.2278587022,0.9852430556
0.2278587022,0.9927662037
0.2278587022,1.0002893519
0.2751312459,-0.0002893519
0.2751312459,0.0072337963
0.2751312459,0.0147569444
0.2751312459,0.0222800926
0.2751312459,0.0298032407
0.2751312459,0.0373263889
0.2751312459,0.0448495370
0.2751312459,0.0523726852
0.2751312459,0.0598958333
0.2751312459,0.0674189815
0.2751312459,0.0749421296
0.2751312459,0.0824652778
0.2751312459,0.0899884259
0.2751312459,0.0975115741
0.2751312459,0.1050347222
0.2751312459,0.1125578704
0.2751312459,0.1200810185
0.2751312459,0.1276041667
0.2751312459,0.1351273148
0.2751312459,0.1426504630
0.2751312459,0.1501736111
0.2751312459,0.1576967593
0.2751312459,0.1652199074
0.2751312459,0.1727430556
0.2751312459,0.1802662037
0.2751312459,0.1877893519
0.2751312459,0.1953125000
0.2751312459,0.2028356481
0.2751312459,0.2103587963
0.2751312459,0.2178819444
0.2751312459,0.2254050926
0.2751312459,0.2329282407
0.2751312459,0.2404513889
0.2751312459,0.2479745370
0.2751312459,0.2554976852
0.2751312459,0.2630208333
0.2751312459,0.2705439815
0.2751312459,0.2780671296
0.2751312459,0.2855902778
0.2751312459,0.2931134259
0.2751312459,0.3006365741
0.2751312459,0.3081597222
0.2751312459,0.3156828704
0.2751312459,0.3232060185
0.2751312459,0.3307291667
0.2751312459,0.3382523148
0.2751312459,0.3457754630
0.2751312459,0.3532986111
0.2751312459,0.3608217593
0.2751312459,0.3683449074
0.2751312459,0.3758680556
0.2751312459,0.3833912037
0.2751312459,0.3909143519
0.2751312459,0.3984375000
0.2751312459,0.4059606481
0.2751312459,0.4134837963
0.2751312459,0.4210069444
0.2751312459,0.4285300926
0.2751312459,0.4360532407
0.2751312459,0.4435763889
0.2751312459,0.4510995370
0.2751312459,0.4586226852
0.2751312459,0.4661458333
0.2751312459,0.4736689815
0.2751312459,0.4811921296
0.2751312459,0.4887152778
0.2751312459,0.4962384259
0.2751312459,0.5037615741
0.2751312459,0.5112847222
0.2751312459,0.5188078704
0.2751312459,0.5263310185
0.2751312459,0.5338541667
0.2751312459,0.5413773148
0.2751312459,0.5489004630
0.2751312459,0.5564236111
0.2751312459,0.5639467593
0.2751312459,0.5714699074
0.2751312459,0.5789930556
0.2751312459,0.5865162037
0.2751312459,0.5940393519
0.2751312459,0.6015625000
0.2751312459,0.6090856481
0.2751312459,0.6166087963
0.2751312459,0.6241319444
0.2751312459,0.6316550926
0.2751312459,0.6391782407
0.2751312459,0.6467013889
0.2751312459,0.6542245370
0.2751312459,0.6617476852
0.2751312459,0.6692708333
0.2751312459,0.6767939815
0.2751312459,0.6843171296
0.2751312459,0.6918402778
0.2751312459,0.6993634259
0.2751312459,0.7068865741
0.2751312459,0.7144097222
0.2751312459,0.7219328704
0.2751312459,0.7294560185
0.2751312459,0.7369791667
0.2751312459,0.7445023148
0.2751312459,0.7520254630
0.2751312459,0.7595486111
0.2751312459,0.7670717593
0.2751312459,0.7745949074
0.2751312459,0.7821180556
0.2751312459,0.7896412037
0.2751312459,0.7971643519
0.2751312459,0.8046875000
0.2751312459,0.8122106481
0.2751312459,0.8197337963
0.2751312459,0.8272569444
0.2751312459,0.8347800926
0.2751312459,0.8423032407
0.2751312459,0.8498263889
0.2751312459,0.8573495370
0.2751312459,0.8648726852
0.2751312459,0.8723958333
0.2751312459,0.8799189815
0.2751312459,0.8874421296
0.2751312459,0.8949652778
0.2751312459,0.9024884259
0.2751312459,0.9100115741
0.2751312459,0.9175347222
0.2751312459,0.9250578704
0.2751312459,0.9325810185
0.2751312459,0.9401041667
0.2751312459,0.9476273148
0.2751312459,0.9551504630
0.2751312459,0.9626736111
0.2751312459,0.9701967593
0.2751312459,0.9777199074
0.2751312459,0.9852430556
0.2751312459,0.9927662037
0.2751312459,1.0002893519
0.3318582986,-0.0002893519
0.3318582986,0.0072337963
0.3318582986,0.0147569444
0.3318582986,0.0222800926
0.3318582986,0.0298032407
0.3318582986,0.0373263889
0.3318582986,0.0448495370
0.3318582986,0.0523726852
0.3318582986,0.0598958333
0.3318582986,0.0674189815
0.3318582986,0.0749421296
0.3318582986,0.0824652778
0.3318582986,0.0899884259
0.3318582986,0.0975115741
0.3318582986,0.1050347222
0.3318582986,0.1125578704
0.3318582986,0.1200810185
0.3318582986,0.1276041667
0.3318582986,0.1351273148
0.3318582986,0.1426504630
0.3318582986,0.1501736111
0.3318582986,0.1576967593
0.3318582986,0.1652199074
0.3318582986,0.1727430556
0.3318582986,0.1802662037
0.3318582986,0.1877893519
0.3318582986,0.1953125000
0.3318582986,0.2028356481
0.3318582986,0.2103587963
0.3318582986,0.2178819444
0.3318582986,0.2254050926
0.3318582986,0.2329282407
0.3318582986,0.2404513889
0.3318582986,0.2479745370
0.3318582986,0.2554976852
0.3318582986,0.2630208333
0.3318582986,0.2705439815
0.3318582986,0.2780671296
0.3318582986,0.2855902778
0.3318582986,0.2931134259
0.3318582986,0.3006365741
0.3318582986,0.3081597222
0.3318582986,0.3156828704
0.3318582986,0.3232060185
0.3318582986,0.3307291667
0.3318582986,0.3382523148
0.3318582986,0.3457754630
0.3318582986,0.3532986111
0.3318582986,0.3608217593
0.3318582986,0.3683449074
0.3318582986,0.3758680556
0.3318582986,0.3833912037
0.3318582986,0.3909143519
0.3318582986,0.3984375000
0.3318582986,0.4059606481
0.3318582986,0.4134837963
0.3318582986,0.4210069444
0.3318582986,0.4285300926
0.3318582986,0.4360532407
0.3318582986,0.4435763889
0.3318582986,0.4510995370
0.3318582986,0.4586226852
0.3318582986,0.4661458333
0.3318582986,0.4736689815
0.3318582986,0.4811921296
0.3318582986,0.4887152778
0.3318582986,0.4962384259
0.3318582986,0.5037615741
0.3318582986,0.5112847222
0.3318582986,0.5188078704
0.3318582986,0.5263310185
0.3318582986,0.5338541667
0.3318582986,0.5413773148
0.3318582986,0.5489004630
0.3318582986,0.5564236111
0.3318582986,0.5639467593
0.3318582986,0.5714699074
0.3318582986,0.5789930556
0.3318582986,0.5865162037
0.3318582986,0.5940393519
0.3318582986,0.6015625000
0.3318582986,0.6090856481
0.3318582986,0.6166087963
0.3318582986,0.6241319444
0.3318582986,0.6316550926
0.3318582986,0.6391782407
0.3318582986,0.6467013889
0.3318582986,0.6542245370
0.3318582986,0.6617476852
0.3318582986,0.6692708333
0.3318582986,0.6767939815
0.3318582986,0.6843171296
0.3318582986,0.6918402778
0.3318582986,0.6993634259
0.3318582986,0.7068865741
0.3318582986,0.7144097222
0.3318582986,0.7219328704
0.3318582986,0.7294560185
0.3318582986,0.7369791667
0.3318582986,0.7445023148
0.3318582986,0.7520254630
0.3318582986,0.7595486111
0.3318582986,0.7670717593
0.3318582986,0.7745949074
0.3318582986,0.7821180556
0.3318582986,0.7896412037
0.3318582986,0.7971643519
0.3318582986,0.8046875000
0.3318582986,0.8122106481
0.3318582986,0.8197337963
0.3318582986,0.8272569444
0.3318582986,0.8347800926
0.3318582986,0.8423032407
0.3318582986,0.8498263889
0.3318582986,0.8573495370
0.3318582986,0.8648726852
0.3318582986,0.8723958333
0.3318582986,0.8799189815
0.3318582986,0.8874421296
0.3318582986,0.8949652778
0.3318582986,0.9024884259
0.3318582986,0.9100115741
0.3318582986,0.9175347222
0.3318582986,0.9250578704
0.3318582986,0.9325810185
0.3318582986,0.9401041667
0.3318582986,0.9476273148
0.3318582986,0.9551504630
0.3318582986,0.9626736111
0.3318582986,0.9701967593
0.3318582986,0.9777199074
0.3318582986,0.9852430556
0.3318582986,0.9927662037
0.3318582986,1.0002893519
0.3999307658,-0.0002893519
0.3999307658,0.0072337963
0.3999307658,0.0147569444
0.3999307658,0.0222800926
0.3999307658,0.0298032407
0.3999307658,0.0373263889
0.3999307658,0.0448495370
0.3999307658,0.0523726852
0.3999307658,0.0598958333
0.3999307658,0.0674189815
0.3999307658,0.0749421296
0.3999307658,0.0824652778
0.3999307658,0.0899884259
0.3999307658,0.0975115741
0.3999307658,0.1050347222
0.3999307658,0.1125578704
0.3999307658,0.1200810185
0.3999307658,0.1276041667
0.3999307658,0.1351273148
0.3999307658,0.1426504630
0.3999307658,0.1501736111
0.3999307658,0.1576967593
0.3999307658,0.1652199074
0.3999307658,0.1727430556
0.3999307658,0.1802662037
0.3999307658,0.1877893519
0.3999307658,0.1953125000
0.3999307658,0.2028356481
0.3999307658,0.2103587963
0.3999307658,0.2178819444
0.3999307658,0.2254050926
0.3999307658,0.2329282407
0.3999307658,0.2404513889
0.3999307658,0.2479745370
0.3999307658,0.2554976852
0.3999307658,0.2630208333
0.3999307658,0.2705439815
0.3999307658,0.2780671296
0.3999307658,0.2855902778
0.3999307658,0.2931134259
0.3999307658,0.3006365741
0.3999307658,0.3081597222
0.3999307658,0.3156828704
0.3999307658,0.3232060185
0.3999307658,0.3307291667
0.3999307658,0.3382523148
0.3999307658,0.3457754630
0.3999307658,0.3532986111
0.3999307658,0.3608217593
0.3999307658,0.3683449074
0.3999307658,0.3758680556
0.3999307658,0.3833912037
0.3999307658,0.3909143519
0.3999307658,0.3984375000
0.3999307658,0.4059606481
0.3999307658,0.4134837963
0.3999307658,0.4210069444
0.3999307658,0.4285300926
0.3999307658,0.4360532407
0.3999307658,0.4435763889
0.3999307658,0.4510995370
0.3999307658,0.4586226852
0.3999307658,0.4661458333
0.3999307658,0.4736689815
0.3999307658,0.4811921296
0.3999307658,0.4887152778
0.3999307658,0.4962384259
0.3999307658,0.5037615741
0.3999307658,0.5112847222
0.3999307658,0.5188078704
0.3999307658,0.5263310185
0.3999307658,0.5338541667
0.3999307658,0.5413773148
0.3999307658,0.5489004630
0.3999307658,0.5564236111
0.3999307658,0.5639467593
0.3999307658,0.5714699074
0.3999307658,0.5789930556
0.3999307658,0.5865162037
0.3999307658,0.5940393519
0.3999307658,0.6015625000
0.3999307658,0.6090856481
0.3999307658,0.6166087963
0.3999307658,0.6241319444
0.3999307658,0.6316550926
0.3999307658,0.6391782407
0.3999307658,0.6467013889
0.3999307658,0.6542245370
0.3999307658,0.6617476852
0.3999307658,0.6692708333
0.3999307658,0.6767939815
0.3999307658,0.6843171296
0.3999307658,0.6918402778
0.3999307658,0.6993634259
0.3999307658,0.7068865741
0.3999307658,0.7144097222
0.3999307658,0.7219328704
0.3999307658,0.7294560185
0.3999307658,0.7369791667
0.3999307658,0.7445023148
0.3999307658,0.7520254630
0.3999307658,0.7595486111
0.3999307658,0.7670717593
0.3999307658,0.7745949074
0.3999307658,0.7821180556
0.3999307658,0.7896412037
0.3999307658,0.7971643519
0.3999307658,0.8046875000
0.3999307658,0.8122106481
0.3999307658,0.8197337963
0.3999307658,0.8272569444
0.3999307658,0.8347800926
0.3999307658,0.8423032407
0.3999307658,0.8498263889
0.3999307658,0.8573495370
0.3999307658,0.8648726852
0.3999307658,0.8723958333
0.3999307658,0.8799189815
0.3999307658,0.8874421296
0.3999307658,0.8949652778
0.3999307658,0.9024884259
0.3999307658,0.9100115741
0.3999307658,0.9175347222
0.3999307658,0.9250578704
0.3999307658,0.9325810185
0.3999307658,0.9401041667
0.3999307658,0.9476273148
0.3999307658,0.9551504630
0.3999307658,0.9626736111
0.3999307658,0.9701967593
0.3999307658,0.9777199074
0.3999307658,0.9852430556
0.3999307658,0.9927662037
0.3999307658,1.0002893519
0.4816177282,-0.0002893519
0.4816177282,0.0072337963
0.4816177282,0.0147569444
0.4816177282,0.0222800926
0.4816177282,0.0298032407
0.4816177282,0.0373263889
0.4816177282,0.0448495370
0.4816177282,0.0523726852
0.4816177282,0.0598958333
0.4816177282,0.0674189815
0.4816177282,0.0749421296
0.4816177282,0.0824652778
0.4816177282,0.0899884259
0.4816177282,0.0975115741
0.4816177282,0.1050347222
0.4816177282,0.1125578704
0.4816177282,0.1200810185
0.4816177282,0.1276041667
0.4816177282,0.1351273148
0.4816177282,0.1426504630
0.4816177282,0.1501736111
0.4816177282,0.1576967593
0.4816177282,0.1652199074
0.4816177282,0.1727430556
0.4816177282,0.1802662037
0.4816177282,0.1877893519
0.4816177282,0.1953125000
0.4816177282,0.2028356481
0.4816177282,0.2103587963
0.4816177282,0.2178819444
0.4816177282,0.2254050926
0.4816177282,0.2329282407
0.4816177282,0.2404513889
0.4816177282,0.2479745370
0.4816177282,0.2554976852
0.4816177282,0.2630208333
0.4816177282,0.2705439815
0.4816177282,0.2780671296
0.4816177282,0.2855902778
0.4816177282,0.2931134259
0.4816177282,0.3006365741
0.4816177282,0.3081597222
0.4816177282,0.3156828704
0.4816177282,0.3232060185
0.4816177282,0.3307291667
0.4816177282,0.3382523148
0.4816177282,0.3457754630
0.4816177282,0.3532986111
0.4816177282,0.3608217593
0.4816177282,0.3683449074
0.4816177282,0.3758680556
0.4816177282,0.3833912037
0.4816177282,0.3909143519
0.4816177282,0.3984375000
0.4816177282,0.4059606481
0.4816177282,0.4134837963
0.4816177282,0.4210069444
0.4816177282,0.4285300926
0.4816177282,0.4360532407
0.4816177282,0.4435763889
0.4816177282,0.4510995370
0.4816177282,0.4586226852
0.4816177282,0.4661458333
0.4816177282,0.4736689815
0.4816177282,0.4811921296
0.4816177282,0.4887152778
0.4816177282,0.4962384259
0.4816177282,0.5037615741
0.4816177282,0.5112847222
0.4816177282,0.5188078704
0.4816177282,0.5263310185
0.4816177282,0.5338541667
0.4816177282,0.5413773148
0.4816177282,0.5489004630
0.4816177282,0.5564236111
0.4816177282,0.5639467593
0.4816177282,0.5714699074
0.4816177282,0.5789930556
0.4816177282,0.5865162037
0.4816177282,0.5940393519
0.4816177282,0.6015625000
0.4816177282,0.6090856481
0.4816177282,0.6166087963
0.4816177282,0.6241319444
0.4816177282,0.6316550926
0.4816177282,0.6391782407
0.4816177282,0.6467013889
0.4816177282,0.6542245370
0.4816177282,0.6617476852
0.4816177282,0.6692708333
0.4816177282,0.6767939815
0.4816177282,0.6843171296
0.4816177282,0.6918402778
0.4816177282,0.6993634259
0.4816177282,0.7068865741
0.4816177282,0.7144097222
0.4816177282,0.7219328704
0.4816177282,0.7294560185
0.4816177282,0.7369791667
0.4816177282,0.7445023148
0.4816177282,0.7520254630
0.4816177282,0.7595486111
0.4816177282,0.7670717593
0.4816177282,0.7745949074
0.4816177282,0.7821180556
0.4816177282,0.7896412037
0.4816177282,0.7971643519
0.4816177282,0.8046875000
0.4816177282,0.8122106481
0.4816177282,0.8197337963
0.4816177282,0.8272569444
0.4816177282,0.8347800926
0.4816177282,0.8423032407
0.4816177282,0.8498263889
0.4816177282,0.8573495370
0.4816177282,0.8648726852
0.4816177282,0.8723958333
0.4816177282,0.8799189815
0.4816177282,0.8874421296
0.4816177282,0.8949652778
0.4816177282,0.9024884259
0.4816177282,0.9100115741
0.4816177282,0.9175347222
0.4816177282,0.9250578704
0.4816177282,0.9325810185
0.4816177282,0.9401041667
0.4816177282,0.9476273148
0.4816177282,0.9551504630
0.4816177282,0.9626736111
0.4816177282,0.9701967593
0.4816177282,0.9777199074
0.4816177282,0.9852430556
0.4816177282,0.9927662037
0.4816177282,1.0002893519
0.5796420850,-0.0002893519
0.5796420850,0.0072337963
0.5796420850,0.0147569444
0.5796420850,0.0222800926
0.5796420850,0.0298032407
0.5796420850,0.0373263889
0.5796420850,0.0448495370
0.5796420850,0.0523726852
0.5796420850,0.0598958333
0.5796420850,0.0674189815
0.5796420850,0.0749421296
0.5796420850,0.0824652778
0.5796420850,0.0899884259
0.5796420850,0.0975115741
0.5796420850,0.1050347222
0.5796420850,0.1125578704
0.5796420850,0.1200810185
0.5796420850,0.1276041667
0.5796420850,0.1351273148
0.5796420850,0.1426504630
0.5796420850,0.1501736111
0.5796420850,0.1576967593
0.5796420850,0.1652199074
0.5796420850,0.1727430556
0.5796420850,0.1802662037
0.5796420850,0.1877893519
0.5796420850,0.1953125000
0.5796420850,0.2028356481
0.5796420850,0.2103587963
0.5796420850,0.2178819444
0.5796420850,0.2254050926
0.5796420850,0.2329282407
0.5796420850,0.2404513889
0.5796420850,0.2479745370
0.5796420850,0.2554976852
0.5796420850,0.2630208333
0.5796420850,0.2705439815
0.5796420850,0.2780671296
0.5796420850,0.2855902778
0.5796420850,0.2931134259
0.5796420850,0.3006365741
0.5796420850,0.3081597222
0.5796420850,0.3156828704
0.5796420850,0.3232060185
0.5796420850,0.3307291667
0.5796420850,0.3382523148
0.5796420850,0.3457754630
0.5796420850,0.3532986111
0.5796420850,0.3608217593
0.5796420850,0.3683449074
0.5796420850,0.3758680556
0.5796420850,0.3833912037
0.5796420850,0.3909143519
0.5796420850,0.3984375000
0.5796420850,0.4059606481
0.5796420850,0.4134837963
0.5796420850,0.4210069444
0.5796420850,0.4285300926
0.5796420850,0.4360532407
0.5796420850,0.4435763889
0.5796420850,0.4510995370
0.5796420850,0.4586226852
0.5796420850,0.4661458333
0.5796420850,0.4736689815
0.5796420850,0.4811921296
0.5796420850,0.4887152778
0.5796420850,0.4962384259
0.5796420850,0.5037615741
0.5796420850,0.5112847222
0.5796420850,0.5188078704
0.5796420850,0.5263310185
0.5796420850,0.5338541667
0.5796420850,0.5413773148
0.5796420850,0.5489004630
0.5796420850,0.5564236111
0.5796420850,0.5639467593
0.5796420850,0.5714699074
0.5796420850,0.5789930556
0.5796420850,0.5865162037
0.5796420850,0.5940393519
0.5796420850,0.6015625000
0.5796420850,0.6090856481
0.5796420850,0.6166087963
0.5796420850,0.6241319444
0.5796420850,0.6316550926
0.5796420850,0.6391782407
0.5796420850,0.6467013889
0.5796420850,0.6542245370
0.5796420850,0.6617476852
0.5796420850,0.6692708333
0.5796420850,0.6767939815
0.5796420850,0.6843171296
0.5796420850,0.6918402778
0.5796420850,0.6993634259
0.5796420850,0.7068865741
0.5796420850,0.7144097222
0.5796420850,0.7219328704
0.5796420850,0.7294560185
0.5796420850,0.7369791667
0.5796420850,0.7445023148
0.5796420850,0.7520254630
0.5796420850,0.7595486111
0.5796420850,0.7670717593
0.5796420850,0.7745949074
0.5796420850,0.7821180556
0.5796420850,0.7896412037
0.5796420850,0.7971643519
0.5796420850,0.8046875000
0.5796420850,0.8122106481
0.5796420850,0.8197337963
0.5796420850,0.8272569444
0.5796420850,0.8347800926
0.5796420850,0.8423032407
0.5796420850,0.8498263889
0.5796420850,0.8573495370
0.5796420850,0.8648726852
0.5796420850,0.8723958333
0.5796420850,0.8799189815
0.5796420850,0.8874421296
0.5796420850,0.8949652778
0.5796420850,0.9024884259
0.5796420850,0.9100115741
0.5796420850,0.9175347222
0.5796420850,0.9250578704
0.5796420850,0.9325810185
0.5796420850,0.9401041667
0.5796420850,0.9476273148
0.5796420850,0.9551504630
0.5796420850,0.9626736111
0.5796420850,0.9701967593
0.5796420850,0.9777199074
0.5796420850,0.9852430556
0.5796420850,0.9927662037
0.5796420850,1.0002893519
0.6972713169,-0.0002893519
0.6972713169,0.0072337963
0.6972713169,0.0147569444
0.6972713169,0.0222800926
0.6972713169,0.0298032407
0.6972713169,0.0373263889
0.6972713169,0.0448495370
0.6972713169,0.0523726852
0.6972713169,0.0598958333
0.6972713169,0.0674189815
0.6972713169,0.0749421296
0.6972713169,0.0824652778
0.6972713169,0.0899884259
0.6972713169,0.0975115741
0.6972713169,0.1050347222
0.6972713169,0.1125578704
0.6972713169,0.1200810185
0.6972713169,0.1276041667
0.6972713169,0.1351273148
0.6972713169,0.1426504630
0.6972713169,0.1501736111
0.6972713169,0.1576967593
0.6972713169,0.1652199074
0.6972713169,0.1727430556
0.6972713169,0.1802662037
0.6972713169,0.1877893519
0.6972713169,0.1953125000
0.6972713169,0.2028356481
0.6972713169,0.2103587963
0.6972713169,0.2178819444
0.6972713169,0.2254050926
0.6972713169,0.2329282407
0.6972713169,0.2404513889
0.6972713169,0.2479745370
0.6972713169,0.2554976852
0.6972713169,0.2630208333
0.6972713169,0.2705439815
0.6972713169,0.2780671296
0.6972713169,0.2855902778
0.6972713169,0.2931134259
0.6972713169,0.3006365741
0.6972713169,0.3081597222
0.6972713169,0.3156828704
0.6972713169,0.3232060185
0.6972713169,0.3307291667
0.6972713169,0.3382523148
0.6972713169,0.3457754630
0.6972713169,0.3532986111
0.6972713169,0.3608217593
0.6972713169,0.3683449074
0.6972713169,0.3758680556
0.6972713169,0.3833912037
0.6972713169,0.3909143519
0.6972713169,0.3984375000
0.6972713169,0.4059606481
0.6972713169,0.4134837963
0.6972713169,0.4210069444
0.6972713169,0.4285300926
0.6972713169,0.4360532407
0.6972713169,0.4435763889
0.6972713169,0.4510995370
0.6972713169,0.4586226852
0.6972713169,0.4661458333
0.6972713169,0.4736689815
0.6972713169,0.4811921296
0.6972713169,0.4887152778
0.6972713169,0.4962384259
0.6972713169,0.5037615741
0.6972713169,0.5112847222
0.6972713169,0.5188078704
0.6972713169,0.5263310185
0.6972713169,0.5338541667
0.6972713169,0.5413773148
0.6972713169,0.5489004630
0.6972713169,0.5564236111
0.6972713169,0.5639467593
0.6972713169,0.5714699074
0.6972713169,0.5789930556
0.6972713169,0.5865162037
0.6972713169,0.5940393519
0.6972713169,0.6015625000
0.6972713169,0.6090856481
0.6972713169,0.6166087963
0.6972713169,0.6241319444
0.6972713169,0.6316550926
0.6972713169,0.6391782407
0.6972713169,0.6467013889
0.6972713169,0.6542245370
0.6972713169,0.6617476852
0.6972713169,0.6692708333
0.6972713169,0.6767939815
0.6972713169,0.6843171296
0.6972713169,0.6918402778
0.6972713169,0.6993634259
0.6972713169,0.7068865741
0.6972713169,0.7144097222
0.6972713169,0.7219328704
0.6972713169,0.7294560185
0.6972713169,0.7369791667
0.6972713169,0.7445023148
0.6972713169,0.7520254630
0.6972713169,0.7595486111
0.6972713169,0.7670717593
0.6972713169,0.7745949074
0.6972713169,0.7821180556
0.6972713169,0.7896412037
0.6972713169,0.7971643519
0.6972713169,0.8046875000
0.6972713169,0.8122106481
0.6972713169,0.8197337963
0.6972713169,0.8272569444
0.6972713169,0.8347800926
0.6972713169,0.8423032407
0.6972713169,0.8498263889
0.6972713169,0.8573495370
0.6972713169,0.8648726852
0.6972713169,0.8723958333
0.6972713169,0.8799189815
0.6972713169,0.8874421296
0.6972713169,0.8949652778
0.6972713169,0.9024884259
0.6972713169,0.9100115741
0.6972713169,0.9175347222
0.6972713169,0.9250578704
0.6972713169,0.9325810185
0.6972713169,0.9401041667
0.6972713169,0.9476273148
0.6972713169,0.9551504630
0.6972713169,0.9626736111
0.6972713169,0.9701967593
0.6972713169,0.9777199074
0.6972713169,0.9852430556
0.6972713169,0.9927662037
0.6972713169,1.0002893519
0.8384263984,-0.0002893519
0.8384263984,0.0072337963
0.8384263984,0.0147569444
0.8384263984,0.0222800926
0.8384263984,0.0298032407
0.8384263984,0.0373263889
0.8384263984,0.0448495370
0.8384263984,0.0523726852
0.8384263984,0.0598958333
0.8384263984,0.0674189815
0.8384263984,0.0749421296
0.8384263984,0.0824652778
0.8384263984,0.0899884259
0.8384263984,0.0975115741
0.8384263984,0.1050347222
0.8384263984,0.1125578704
0.8384263984,0.1200810185
0.8384263984,0.1276041667
0.8384263984,0.1351273148
0.8384263984,0.1426504630
0.8384263984,0.1501736111
0.8384263984,0.1576967593
0.8384263984,0.1652199074
0.8384263984,0.1727430556
0.8384263984,0.1802662037
0.8384263984,0.1877893519
0.8384263984,0.1953125000
0.8384263984,0.2028356481
0.8384263984,0.2103587963
0.8384263984,0.2178819444
0.8384263984,0.2254050926
0.8384263984,0.2329282407
0.8384263984,0.2404513889
0.8384263984,0.2479745370
0.8384263984,0.2554976852
0.8384263984,0.2630208333
0.8384263984,0.2705439815
0.8384263984,0.2780671296
0.8384263984,0.2855902778
0.8384263984,0.2931134259
0.8384263984,0.3006365741
0.8384263984,0.3081597222
0.8384263984,0.3156828704
0.8384263984,0.3232060185
0.8384263984,0.3307291667
0.8384263984,0.3382523148
0.8384263984,0.3457754630
0.8384263984,0.3532986111
0.8384263984,0.3608217593
0.8384263984,0.3683449074
0.8384263984,0.3758680556
0.8384263984,0.3833912037
0.8384263984,0.3909143519
0.8384263984,0.3984375000
0.8384263984,0.4059606481
0.8384263984,0.4134837963
0.8384263984,0.4210069444
0.8384263984,0.4285300926
0.8384263984,0.4360532407
0.8384263984,0.4435763889
0.8384263984,0.4510995370
0.8384263984,0.4586226852
0.8384263984,0.4661458333
0.8384263984,0.4736689815
0.8384263984,0.4811921296
0.8384263984,0.4887152778
0.8384263984,0.4962384259
0.8384263984,0.5037615741
0.8384263984,0.5112847222
0.8384263984,0.5188078704
0.8384263984,0.5263310185
0.8384263984,0.5338541667
0.8384263984,0.5413773148
0.8384263984,0.5489004630
0.8384263984,0.5564236111
0.8384263984,0.5639467593
0.8384263984,0.5714699074
0.8384263984,0.5789930556
0.8384263984,0.5865162037
0.8384263984,0.5940393519
0.8384263984,0.6015625000
0.8384263984,0.6090856481
0.8384263984,0.6166087963
0.8384263984,0.6241319444
0.8384263984,0.6316550926
0.8384263984,0.6391782407
0.8384263984,0.6467013889
0.8384263984,0.6542245370
0.8384263984,0.6617476852
0.8384263984,0.6692708333
0.8384263984,0.6767939815
0.8384263984,0.6843171296
0.8384263984,0.6918402778
0.8384263984,0.6993634259
0.8384263984,0.7068865741
0.8384263984,0.7144097222
0.8384263984,0.7219328704
0.8384263984,0.7294560185
0.8384263984,0.7369791667
0.8384263984,0.7445023148
0.8384263984,0.7520254630
0.8384263984,0.7595486111
0.8384263984,0.7670717593
0.8384263984,0.7745949074
0.8384263984,0.7821180556
0.8384263984,0.7896412037
0.8384263984,0.7971643519
0.8384263984,0.8046875000
0.8384263984,0.8122106481
0.8384263984,0.8197337963
0.8384263984,0.8272569444
0.8384263984,0.8347800926
0.8384263984,0.8423032407
0.8384263984,0.8498263889
0.8384263984,0.8573495370
0.8384263984,0.8648726852
0.8384263984,0.8723958333
0.8384263984,0.8799189815
0.8384263984,0.8874421296
0.8384263984,0.8949652778
0.8384263984,0.9024884259
0.8384263984,0.9100115741
0.8384263984,0.9175347222
0.8384263984,0.9250578704
0.8384263984,0.9325810185
0.8384263984,0.9401041667
0.8384263984,0.9476273148
0.8384263984,0.9551504630
0.8384263984,0.9626736111
0.8384263984,0.9701967593
0.8384263984,0.9777199074
0.8384263984,0.9852430556
0.8384263984,0.9927662037
0.8384263984,1.0002893519
-0.0076742040,-0.0040509259
-0.0077433520,-0.0002893519
-0.0077433520,-0.0040509259
-0.0076742040,0.0034722222
-0.0077433520,0.0072337963
-0.0077433520,0.0034722222
-0.0076742040,0.0109953704
-0.0077433520,0.0147569444
-0.0077433520,0.0109953704
-0.0076742040,0.0185185185
-0.0077433520,0.0222800926
-0.0077433520,0.0185185185
-0.0076742040,0.0260416667
-0.0077433520,0.0298032407
-0.0077433520,0.0260416667
-0.0076742040,0.0335648148
-0.0077433520,0.0373263889
-0.0077433520,0.0335648148
-0.0076742040,0.0410879630
-0.0077433520,0.0448495370
-0.0077433520,0.0410879630
-0.0076742040,0.0486111111
-0.0077433520,0.0523726852
-0.0077433520,0.0486111111
-0.0076742040,0.0561342593
-0.0077433520,0.0598958333
-0.0077433520,0.0561342593
-0.0076742040,0.0636574074
-0.0077433520,0.0674189815
-0.0077433520,0.0636574074
-0.0076742040,0.0711805556
-0.0077433520,0.0749421296
-0.0077433520,0.0711805556
-0.0076742040,0.0787037037
-0.0077433520,0.0824652778
-0.0077433520,0.0787037037
-0.0076742040,0.0862268519
-0.0077433520,0.0899884259
-0.0077433520,0.0862268519
-0.0076742040,0.0937500000
-0.0077433520,0.0975115741
-0.0077433520,0.0937500000
-0.0076742040,0.1012731481
-0.0077433520,0.1050347222
-0.0077433520,0.1012731481
-0.0076742040,0.1087962963
-0.0077433520,0.1125578704
-0.0077433520,0.1087962963
-0.0076742040,0.1163194444
-0.0077433520,0.1200810185
-0.0077433520,0.1163194444
-0.0076742040,0.1238425926
-0.0077433520,0.1276041667
-0.0077433520,0.1238425926
-0.0076742040,0.1313657407
-0.0077433520,0.1351273148
-0.0077433520,0.1313657407
-0.0076742040,0.1388888889
-0.0077433520,0.1426504630
-0.0077433520,0.1388888889
-0.0076742040,0.1464120370
-0.0077433520,0.1501736111
-0.0077433520,0.1464120370
-0.0076742040,0.1539351852
-0.0077433520,0.1576967593
-0.0077433520,0.1539351852
-0.0076742040,0.1614583333
-0.0077433520,0.1652199074
-0.0077433520,0.1614583333
-0.0076742040,0.1689814815
-0.0077433520,0.1727430556
-0.0077433520,0.1689814815
-0.0076742040,0.1765046296
-0.0077433520,0.1802662037
-0.0077433520,0.1765046296
-0.0076742040,0.1840277778
-0.0077433520,0.1877893519
-0.0077433520,0.1840277778
-0.0076742040,0.1915509259
-0.0077433520,0.1953125000
-0.0077433520,0.1915509259
-0.0076742040,0.1990740741
-0.0077433520,0.2028356481
-0.0077433520,0.1990740741
-0.0076742040,0.2065972222
-0.0077433520,0.2103587963
-0.0077433520,0.2065972222
-0.0076742040,0.2141203704
-0.0077433520,0.2178819444
-0.0077433520,0.2141203704
-0.0076742040,0.2216435185
-0.0077433520,0.2254050926
-0.0077433520,0.2216435185
-0.0076742040,0.2291666667
-0.0077433520,0.2329282407
-0.0077433520,0.2291666667
-0.0076742040,0.2366898148
-0.0077433520,0.2404513889
-0.0077433520,0.2366898148
-0.0076742040,0.2442129630
-0.0077433520,0.2479745370
-0.0077433520,0.2442129630
-0.0076742040,0.2517361111
-0.0077433520,0.2554976852
-0.0077433520,0.2517361111
-0.0076742040,0.2592592593
-0.0077433520,0.2630208333
-0.0077433520,0.2592592593
-0.0076742040,0.2667824074
-0.0077433520,0.2705439815
-0.0077433520,0.2667824074
-0.0076742040,0.2743055556
-0.0077433520,0.2780671296
-0.0077433520,0.2743055556
-0.0076742040,0.2818287037
-0.0077433520,0.2855902778
-0.0077433520,0.2818287037
-0.0076742040,0.2893518519
-0.0077433520,0.2931134259
-0.0077433520,0.2893518519
-0.0076742040,0.2968750000
-0.0077433520,0.3006365741
-0.0077433520,0.2968750000
-0.0076742040,0.3043981481
-0.0077433520,0.3081597222
-0.0077433520,0.3043981481
-0.0076742040,0.3119212963
-0.0077433520,0.3156828704
-0.0077433520,0.3119212963
-0.0076742040,0.3194444444
-0.0077433520,0.3232060185
-0.0077433520,0.3194444444
-0.0076742040,0.3269675926
-0.0077433520,0.3307291667
-0.0077433520,0.3269675926
-0.0076742040,0.3344907407
-0.0077433520,0.3382523148
-0.0077433520,0.3344907407
-0.0076742040,0.3420138889
-0.0077433520,0.3457754630
-0.0077433520,0.3420138889
-0.0076742040,0.3495370370
-0.0077433520,0.3532986111
-0.0077433520,0.3495370370
-0.0076742040,0.3570601852
-0.0077433520,0.3608217593
-0.0077433520,0.3570601852
-0.0076742040,0.3645833333
-0.0077433520,0.3683449074
-0.0077433520,0.3645833333
-0.0076742040,0.3721064815
-0.0077433520,0.3758680556
-0.0077433520,0.3721064815
-0.0076742040,0.3796296296
-0.0077433520,0.3833912037
-0.0077433520,0.3796296296
-0.0076742040,0.3871527778
-0.0077433520,0.3909143519
-0.0077433520,0.3871527778
-0.0076742040,0.3946759259
-0.0077433520,0.3984375000
-0.0077433520,0.3946759259
-0.0076742040,0.4021990741
-0.0077433520,0.4059606481
-0.0077433520,0.4021990741
-0.0076742040,0.4097222222
-0.0077433520,0.4134837963
-0.0077433520,0.4097222222
-0.0076742040,0.4172453704
-0.0077433520,0.4210069444
-0.0077433520,0.4172453704
-0.0076742040,0.4247685185
-0.0077433520,0.4285300926
-0.0077433520,0.4247685185
-0.0076742040,0.4322916667
-0.0077433520,0.4360532407
-0.0077433520,0.4322916667
-0.0076742040,0.4398148148
-0.0077433520,0.4435763889
-0.0077433520,0.4398148148
-0.0076742040,0.4473379630
-0.0077433520,0.4510995370
-0.0077433520,0.4473379630
-0.0076742040,0.4548611111
-0.0077433520,0.4586226852
-0.0077433520,0.4548611111
-0.0076742040,0.4623842593
-0.0077433520,0.4661458333
-0.0077433520,0.4623842593
-0.0076742040,0.4699074074
-0.0077433520,0.4736689815
-0.0077433520,0.4699074074
-0.0076742040,0.4774305556
-0.0077433520,0.4811921296
-0.0077433520,0.4774305556
-0.0076742040,0.4849537037
-0.0077433520,0.4887152778
-0.0077433520,0.4849537037
-0.0076742040,0.4924768519
-0.0077433520,0.4962384259
-0.0077433520,0.4924768519
-0.0076742040,0.5000000000
-0.0077433520,0.5037615741
-0.0077433520,0.5000000000
-0.0076742040,0.5075231481
-0.0077433520,0.5112847222
-0.0077433520,0.5075231481
-0.0076742040,0.5150462963
-0.0077433520,0.5188078704
-0.0077433520,0.5150462963
-0.0076742040,0.5225694444
-0.0077433520,0.5263310185
-0.0077433520,0.5225694444
-0.0076742040,0.5300925926
-0.0077433520,0.5338541667
-0.0077433520,0.5300925926
-0.0076742040,0.5376157407
-0.0077433520,0.5413773148
-0.0077433520,0.5376157407
-0.0076742040,0.5451388889
-0.0077433520,0.5489004630
-0.0077433520,0.5451388889
-0.0076742040,0.5526620370
-0.0077433520,0.5564236111
-0.0077433520,0.5526620370
-0.0076742040,0.5601851852
-0.0077433520,0.5639467593
-0.0077433520,0.5601851852
-0.0076742040,0.5677083333
-0.0077433520,0.5714699074
-0.0077433520,0.5677083333
-0.0076742040,0.5752314815
-0.0077433520,0.5789930556
-0.0077433520,0.5752314815
-0.0076742040,0.5827546296
-0.0077433520,0.5865162037
-0.0077433520,0.5827546296
-0.0076742040,0.5902777778
-0.0077433520,0.5940393519
-0.0077433520,0.5902777778
-0.0076742040,0.5978009259
-0.0077433520,0.6015625000
-0.0077433520,0.5978009259
-0.0076742040,0.6053240741
-0.0077433520,0.6090856481
-0.0077433520,0.6053240741
-0.0076742040,0.6128472222
-0.0077433520,0.6166087963
-0.0077433520,0.6128472222
-0.0076742040,0.6203703704
-0.0077433520,0.6241319444
-0.0077433520,0.6203703704
-0.0076742040,0.6278935185
-0.0077433520,0.6316550926
-0.0077433520,0.6278935185
-0.0076742040,0.6354166667
-0.0077433520,0.6391782407
-0.0077433520,0.6354166667
-0.0076742040,0.6429398148
-0.0077433520,0.6467013889
-0.0077433520,0.6429398148
-0.0076742040,0.6504629630
-0.0077433520,0.6542245370
-0.0077433520,0.6504629630
-0.0076742040,0.6579861111
-0.0077433520,0.6617476852
-0.0077433520,0.6579861111
-0.0076742040,0.6655092593
-0.0077433520,0.6692708333
-0.0077433520,0.6655092593
-0.0076742040,0.6730324074
-0.0077433520,0.6767939815
-0.0077433520,0.6730324074
-0.0076742040,0.6805555556
-0.0077433520,0.6843171296
-0.0077433520,0.6805555556
-0.0076742040,0.6880787037
-0.0077433520,0.6918402778
-0.0077433520,0.6880787037
-0.0076742040,0.6956018519
-0.0077433520,0.6993634259
-0.0077433520,0.6956018519
-0.0076742040,0.7031250000
-0.0077433520,0.7068865741
-0.0077433520,0.7031250000
-0.0076742040,0.7106481481
-0.0077433520,0.7144097222
-0.0077433520,0.7106481481
-0.0076742040,0.7181712963
-0.0077433520,0.7219328704
-0.0077433520,0.7181712963
-0.0076742040,0.7256944444
-0.0077433520,0.7294560185
-0.0077433520,0.7256944444
-0.0076742040,0.7332175926
-0.0077433520,0.7369791667
-0.0077433520,0.7332175926
-0.0076742040,0.7407407407
-0.0077433520,0.7445023148
-0.0077433520,0.7407407407
-0.0076742040,0.7482638889
-0.0077433520,0.7520254630
-0.0077433520,0.7482638889
-0.0076742040,0.7557870370
-0.0077433520,0.7595486111
-0.0077433520,0.7557870370
-0.0076742040,0.7633101852
-0.0077433520,0.7670717593
-0.0077433520,0.7633101852
-0.0076742040,0.7708333333
-0.0077433520,0.7745949074
-0.0077433520,0.7708333333
-0.0076742040,0.7783564815
-0.0077433520,0.7821180556
-0.0077433520,0.7783564815
-0.0076742040,0.7858796296
-0.0077433520,0.7896412037
-0.0077433520,0.7858796296
-0.0076742040,0.7934027778
-0.0077433520,0.7971643519
-0.0077433520,0.7934027778
-0.0076742040,0.8009259259
-0.0077433520,0.8046875000
-0.0077433520,0.8009259259
-0.0076742040,0.8084490741
-0.0077433520,0.8122106481
-0.0077433520,0.8084490741
-0.0076742040,0.8159722222
-0.0077433520,0.8197337963
-0.0077433520,0.8159722222
-0.0076742040,0.8234953704
-0.0077433520,0.8272569444
-0.0077433520,0.8234953704
-0.0076742040,0.8310185185
-0.0077433520,0.8347800926
-0.0077433520,0.8310185185
-0.0076742040,0.8385416667
-0.0077433520,0.8423032407
-0.0077433520,0.8385416667
-0.0076742040,0.8460648148
-0.0077433520,0.8498263889
-0.0077433520,0.8460648148
-0.0076742040,0.8535879630
-0.0077433520,0.8573495370
-0.0077433520,0.8535879630
-0.0076742040,0.8611111111
-0.0077433520,0.8648726852
-0.0077433520,0.8611111111
-0.0076742040,0.8686342593
-0.0077433520,0.8723958333
-0.0077433520,0.8686342593
-0.0076742040,0.8761574074
-0.0077433520,0.8799189815
-0.0077433520,0.8761574074
-0.0076742040,0.8836805556
-0.0077433520,0.8874421296
-0.0077433520,0.8836805556
-0.0076742040,0.8912037037
-0.0077433520,0.8949652778
-0.0077433520,0.8912037037
-0.0076742040,0.8987268519
-0.0077433520,0.9024884259
-0.0077433520,0.8987268519
-0.0076742040,0.9062500000
-0.0077433520,0.9100115741
-0.0077433520,0.9062500000
-0.0076742040,0.9137731481
-0.0077433520,0.9175347222
-0.0077433520,0.9137731481
-0.0076742040,0.9212962963
-0.0077433520,0.9250578704
-0.0077433520,0.9212962963
-0.0076742040,0.9288194444
-0.0077433520,0.9325810185
-0.0077433520,0.9288194444
-0.0076742040,0.9363425926
-0.0077433520,0.9401041667
-0.0077433520,0.9363425926
-0.0076742040,0.9438657407
-0.0077433520,0.9476273148
-0.0077433520,0.9438657407
-0.0076742040,0.9513888889
-0.0077433520,0.9551504630
-0.0077433520,0.9513888889
-0.0076742040,0.9589120370
-0.0077433520,0.9626736111
-0.0077433520,0.9589120370
-0.0076742040,0.9664351852
-0.0077433520,0.9701967593
-0.0077433520,0.9664351852
-0.0076742040,0.9739583333
-0.0077433520,0.9777199074
-0.0077433520,0.9739583333
-0.0076742040,0.9814814815
-0.0077433520,0.9852430556
-0.0077433520,0.9814814815
-0.0076742040,0.9890046296
-0.0077433520,0.9927662037
-0.0077433520,0.9890046296
-0.0076742040,0.9965277778
-0.0077433520,1.0002893519
-0.0077433520,0.9965277778
-0.0076742040,1.0040509259
-0.0077433520,1.0040509259
-0.0075082493,-0.0040509259
-0.0075912267,-0.0002893519
-0.0075912267,-0.0040509259
-0.0075082493,0.0034722222
-0.0075912267,0.0072337963
-0.0075912267,0.0034722222
-0.0075082493,0.0109953704
-0.0075912267,0.0147569444
-0.0075912267,0.0109953704
-0.0075082493,0.0185185185
-0.0075912267,0.0222800926
-0.0075912267,0.0185185185
-0.0075082493,0.0260416667
-0.0075912267,0.0298032407
-0.0075912267,0.0260416667
-0.0075082493,0.0335648148
-0.0075912267,0.0373263889
-0.0075912267,0.0335648148
-0.0075082493,0.0410879630
-0.0075912267,0.0448495370
-0.0075912267,0.0410879630
-0.0075082493,0.0486111111
-0.0075912267,0.0523726852
-0.0075912267,0.0486111111
-0.0075082493,0.0561342593
-0.0075912267,0.0598958333
-0.0075912267,0.0561342593
-0.0075082493,0.0636574074
-0.0075912267,0.0674189815
-0.0075912267,0.0636574074
-0.0075082493,0.0711805556
-0.0075912267,0.0749421296
-0.0075912267,0.0711805556
-0.0075082493,0.0787037037
-0.0075912267,0.0824652778
-0.0075912267,0.0787037037
-0.0075082493,0.0862268519
-0.0075912267,0.0899884259
-0.0075912267,0.0862268519
-0.0075082493,0.0937500000
-0.0075912267,0.0975115741
-0.0075912267,0.0937500000
-0.0075082493,0.1012731481
-0.0075912267,0.1050347222
-0.0075912267,0.1012731481
-0.0075082493,0.1087962963
-0.0075912267,0.1125578704
-0.0075912267,0.1087962963
-0.0075082493,0.1163194444
-0.0075912267,0.1200810185
-0.0075912267,0.1163194444
-0.0075082493,0.1238425926
-0.0075912267,0.1276041667
-0.0075912267,0.1238425926
-0.0075082493,0.1313657407
-0.0075912267,0.1351273148
-0.0075912267,0.1313657407
-0.0075082493,0.1388888889
-0.0075912267,0.1426504630
-0.0075912267,0.1388888889
-0.0075082493,0.1464120370
-0.0075912267,0.1501736111
-0.0075912267,0.1464120370
-0.0075082493,0.1539351852
-0.0075912267,0.1576967593
-0.0075912267,0.1539351852
-0.0075082493,0.1614583333
-0.0075912267,0.1652199074
-0.0075912267,0.1614583333
-0.0075082493,0.1689814815
-0.0075912267,0.1727430556
-0.0075912267,0.1689814815
-0.0075082493,0.1765046296
-0.0075912267,0.1802662037
-0.0075912267,0.1765046296
-0.0075082493,0.1840277778
-0.0075912267,0.1877893519
-0.0075912267,0.1840277778
-0.0075082493,0.1915509259
-0.0075912267,0.1953125000
-0.0075912267,0.1915509259
-0.0075082493,0.1990740741
-0.0075912267,0.2028356481
-0.0075912267,0.1990740741
-0.0075082493,0.2065972222
-0.0075912267,0.2103587963
-0.0075912267,0.2065972222
-0.0075082493,0.2141203704
-0.0075912267,0.2178819444
-0.0075912267,0.2141203704
-0.0075082493,0.2216435185
-0.0075912267,0.2254050926
-0.0075912267,0.2216435185
-0.0075082493,0.2291666667
-0.0075912267,0.2329282407
-0.0075912267,0.2291666667
-0.0075082493,0.2366898148
-0.0075912267,0.2404513889
-0.0075912267,0.2366898148
-0.0075082493,0.2442129630
-0.0075912267,0.2479745370
-0.0075912267,0.2442129630
-0.0075082493,0.2517361111
-0.0075912267,0.2554976852
-0.0075912267,0.2517361111
-0.0075082493,0.2592592593
-0.0075912267,0.2630208333
-0.0075912267,0.2592592593
-0.0075082493,0.2667824074
-0.0075912267,0.2705439815
-0.0075912267,0.2667824074
-0.0075082493,0.2743055556
-0.0075912267,0.2780671296
-0.0075912267,0.2743055556
-0.0075082493,0.2818287037
-0.0075912267,0.2855902778
-0.0075912267,0.2818287037
-0.0075082493,0.2893518519
-0.0075912267,0.2931134259
-0.0075912267,0.2893518519
-0.0075082493,0.2968750000
-0.0075912267,0.3006365741
-0.0075912267,0.2968750000
-0.0075082493,0.3043981481
-0.0075912267,0.3081597222
-0.0075912267,0.3043981481
-0.0075082493,0.3119212963
-0.0075912267,0.3156828704
-0.0075912267,0.3119212963
-0.0075082493,0.3194444444
-0.0075912267,0.3232060185
-0.0075912267,0.3194444444
-0.0075082493,0.3269675926
-0.0075912267,0.3307291667
-0.0075912267,0.3269675926
-0.0075082493,0.3344907407
-0.0075912267,0.3382523148
-0.0075912267,0.3344907407
-0.0075082493,0.3420138889
-0.0075912267,0.3457754630
-0.0075912267,0.3420138889
-0.0075082493,0.3495370370
-0.0075912267,0.3532986111
-0.0075912267,0.3495370370
-0.0075082493,0.3570601852
-0.0075912267,0.3608217593
-0.0075912267,0.3570601852
-0.0075082493,0.3645833333
-0.0075912267,0.3683449074
-0.0075912267,0.3645833333
-0.0075082493,0.3721064815
-0.0075912267,0.3758680556
-0.0075912267,0.3721064815
-0.0075082493,0.3796296296
-0.0075912267,0.3833912037
-0.0075912267,0.3796296296
-0.0075082493,0.3871527778
-0.0075912267,0.3909143519
-0.0075912267,0.3871527778
-0.0075082493,0.3946759259
-0.0075912267,0.3984375000
-0.0075912267,0.3946759259
-0.0075082493,0.4021990741
-0.0075912267,0.4059606481
-0.0075912267,0.4021990741
-0.0075082493,0.4097222222
-0.0075912267,0.4134837963
-0.0075912267,0.4097222222
-0.0075082493,0.4172453704
-0.0075912267,0.4210069444
-0.0075912267,0.4172453704
-0.0075082493,0.4247685185
-0.0075912267,0.4285300926
-0.0075912267,0.4247685185
-0.0075082493,0.4322916667
-0.0075912267,0.4360532407
-0.0075912267,0.4322916667
-0.0075082493,0.4398148148
-0.0075912267,0.4435763889
-0.0075912267,0.4398148148
-0.0075082493,0.4473379630
-0.0075912267,0.4510995370
-0.0075912267,0.4473379630
-0.0075082493,0.4548611111
-0.0075912267,0.4586226852
-0.0075912267,0.4548611111
-0.0075082493,0.4623842593
-0.0075912267,0.4661458333
-0.0075912267,0.4623842593
-0.0075082493,0.4699074074
-0.0075912267,0.4736689815
-0.0075912267,0.4699074074
-0.0075082493,0.4774305556
-0.0075912267,0.4811921296
-0.0075912267,0.4774305556
-0.0075082493,0.4849537037
-0.0075912267,0.4887152778
-0.0075912267,0.4849537037
-0.0075082493,0.4924768519
-0.0075912267,0.4962384259
-0.0075912267,0.4924768519
-0.0075082493,0.5000000000
-0.0075912267,0.5037615741
-0.0075912267,0.5000000000
-0.0075082493,0.5075231481
-0.0075912267,0.5112847222
-0.0075912267,0.5075231481
-0.0075082493,0.5150462963
-0.0075912267,0.5188078704
-0.0075912267,0.5150462963
-0.0075082493,0.5225694444
-0.0075912267,0.5263310185
-0.0075912267,0.5225694444
-0.0075082493,0.5300925926
-0.0075912267,0.5338541667
-0.0075912267,0.5300925926
-0.0075082493,0.5376157407
-0.0075912267,0.5413773148
-0.0075912267,0.5376157407
-0.0075082493,0.5451388889
-0.0075912267,0.5489004630
-0.0075912267,0.5451388889
-0.0075082493,0.5526620370
-0.0075912267,0.5564236111
-0.0075912267,0.5526620370
-0.0075082493,0.5601851852
-0.0075912267,0.5639467593
-0.0075912267,0.5601851852
-0.0075082493,0.5677083333
-0.0075912267,0.5714699074
-0.0075912267,0.5677083333
-0.0075082493,0.5752314815
-0.0075912267,0.5789930556
-0.0075912267,0.5752314815
-0.0075082493,0.5827546296
-0.0075912267,0.5865162037
-0.0075912267,0.5827546296
-0.0075082493,0.5902777778
-0.0075912267,0.5940393519
-0.0075912267,0.5902777778
-0.0075082493,0.5978009259
-0.0075912267,0.6015625000
-0.0075912267,0.5978009259
-0.0075082493,0.6053240741
-0.0075912267,0.6090856481
-0.0075912267,0.6053240741
-0.0075082493,0.6128472222
-0.0075912267,0.6166087963
-0.0075912267,0.6128472222
-0.0075082493,0.6203703704
-0.0075912267,0.6241319444
-0.0075912267,0.6203703704
-0.0075082493,0.6278935185
-0.0075912267,0.6316550926
-0.0075912267,0.6278935185
-0.0075082493,0.6354166667
-0.0075912267,0.6391782407
-0.0075912267,0.6354166667
-0.0075082493,0.6429398148
-0.0075912267,0.6467013889
-0.0075912267,0.6429398148
-0.0075082493,0.6504629630
-0.0075912267,0.6542245370
-0.0075912267,0.6504629630
-0.0075082493,0.6579861111
-0.0075912267,0.6617476852
-0.0075912267,0.6579861111
-0.0075082493,0.6655092593
-0.0075912267,0.6692708333
-0.0075912267,0.6655092593
-0.0075082493,0.6730324074
-0.0075912267,0.6767939815
-0.0075912267,0.6730324074
-0.0075082493,0.6805555556
-0.0075912267,0.6843171296
-0.0075912267,0.6805555556
-0.0075082493,0.6880787037
-0.0075912267,0.6918402778
-0.0075912267,0.6880787037
-0.0075082493,0.6956018519
-0.0075912267,0.6993634259
-0.0075912267,0.6956018519
-0.0075082493,0.7031250000
-0.0075912267,0.7068865741
-0.0075912267,0.7031250000
-0.0075082493,0.7106481481
-0.0075912267,0.7144097222
-0.0075912267,0.7106481481
-0.0075082493,0.7181712963
-0.0075912267,0.7219328704
-0.0075912267,0.7181712963
-0.0075082493,0.7256944444
-0.0075912267,0.7294560185
-0.0075912267,0.7256944444
-0.0075082493,0.7332175926
-0.0075912267,0.7369791667
-0.0075912267,0.7332175926
-0.0075082493,0.7407407407
-0.0075912267,0.7445023148
-0.0075912267,0.7407407407
-0.0075082493,0.7482638889
-0.0075912267,0.7520254630
-0.0075912267,0.7482638889
-0.0075082493,0.7557870370
-0.0075912267,0.7595486111
-0.0075912267,0.7557870370
-0.0075082493,0.7633101852
-0.0075912267,0.7670717593
-0.0075912267,0.7633101852
-0.0075082493,0.7708333333
-0.0075912267,0.7745949074
-0.0075912267,0.7708333333
-0.0075082493,0.7783564815
-0.0075912267,0.7821180556
-0.0075912267,0.7783564815
-0.0075082493,0.7858796296
-0.0075912267,0.7896412037
-0.0075912267,0.7858796296
-0.0075082493,0.7934027778
-0.0075912267,0.7971643519
-0.0075912267,0.7934027778
-0.0075082493,0.8009259259
-0.0075912267,0.8046875000
-0.0075912267,0.8009259259
-0.0075082493,0.8084490741
-0.0075912267,0.8122106481
-0.0075912267,0.8084490741
-0.0075082493,0.8159722222
-0.0075912267,0.8197337963
-0.0075912267,0.8159722222
-0.0075082493,0.8234953704
-0.0075912267,0.8272569444
-0.0075912267,0.8234953704
-0.0075082493,0.8310185185
-0.0075912267,0.8347800926
-0.0075912267,0.8310185185
-0.0075082493,0.8385416667
-0.0075912267,0.8423032407
-0.0075912267,0.8385416667
-0.0075082493,0.8460648148
-0.0075912267,0.8498263889
-0.0075912267,0.8460648148
-0.0075082493,0.8535879630
-0.0075912267,0.8573495370
-0.0075912267,0.8535879630
-0.0075082493,0.8611111111
-0.0075912267,0.8648726852
-0.0075912267,0.8611111111
-0.0075082493,0.8686342593
-0.0075912267,0.8723958333
-0.0075912267,0.8686342593
-0.0075082493,0.8761574074
-0.0075912267,0.8799189815
-0.0075912267,0.8761574074
-0.0075082493,0.8836805556
-0.0075912267,0.8874421296
-0.0075912267,0.8836805556
-0.0075082493,0.8912037037
-0.0075912267,0.8949652778
-0.0075912267,0.8912037037
-0.0075082493,0.8987268519
-0.0075912267,0.9024884259
-0.0075912267,0.8987268519
-0.0075082493,0.9062500000
-0.0075912267,0.9100115741
-0.0075912267,0.9062500000
-0.0075082493,0.9137731481
-0.0075912267,0.9175347222
-0.0075912267,0.9137731481
-0.0075082493,0.9212962963
-0.0075912267,0.9250578704
-0.0075912267,0.9212962963
-0.0075082493,0.9288194444
-0.0075912267,0.9325810185
-0.0075912267,0.9288194444
-0.0075082493,0.9363425926
-0.0075912267,0.9401041667
-0.0075912267,0.9363425926
-0.0075082493,0.9438657407
-0.0075912267,0.9476273148
-0.0075912267,0.9438657407
-0.0075082493,0.9513888889
-0.0075912267,0.9551504630
-0.0075912267,0.9513888889
-0.0075082493,0.9589120370
-0.0075912267,0.9626736111
-0.0075912267,0.9589120370
-0.0075082493,0.9664351852
-0.0075912267,0.9701967593
-0.0075912267,0.9664351852
-0.0075082493,0.9739583333
-0.0075912267,0.9777199074
-0.0075912267,0.9739583333
-0.0075082493,0.9814814815
-0.0075912267,0.9852430556
-0.0075912267,0.9814814815
-0.0075082493,0.9890046296
-0.0075912267,0.9927662037
-0.0075912267,0.9890046296
-0.0075082493,0.9965277778
-0.0075912267,1.0002893519
-0.0075912267,0.9965277778
-0.0075082493,1.0040509259
-0.0075912267,1.0040509259
-0.0073091027,-0.0040509259
-0.0074086760,-0.0002893519
-0.0074086760,-0.0040509259
-0.0073091027,0.0034722222
-0.0074086760,0.0072337963
-0.0074086760,0.0034722222
-0.0073091027,0.0109953704
-0.0074086760,0.0147569444
-0.0074086760,0.0109953704
-0.0073091027,0.0185185185
-0.0074086760,0.0222800926
-0.0074086760,0.0185185185
-0.0073091027,0.0260416667
-0.0074086760,0.0298032407
-0.0074086760,0.0260416667
-0.0073091027,0.0335648148
-0.0074086760,0.0373263889
-0.0074086760,0.0335648148
-0.0073091027,0.0410879630
-0.0074086760,0.0448495370
-0.0074086760,0.0410879630
-0.0073091027,0.0486111111
-0.0074086760,0.0523726852
-0.0074086760,0.0486111111
-0.0073091027,0.0561342593
-0.0074086760,0.0598958333
-0.0074086760,0.0561342593
-0.0073091027,0.0636574074
-0.0074086760,0.0674189815
-0.0074086760,0.0636574074
-0.0073091027,0.0711805556
-0.0074086760,0.0749421296
-0.0074086760,0.0711805556
-0.0073091027,0.0787037037
-0.0074086760,0.0824652778
-0.0074086760,0.0787037037
-0.0073091027,0.0862268519
-0.0074086760,0.0899884259
-0.0074086760,0.0862268519
-0.0073091027,0.0937500000
-0.0074086760,0.0975115741
-0.0074086760,0.0937500000
-0.0073091027,0.1012731481
-0.0074086760,0.1050347222
-0.0074086760,0.1012731481
-0.0073091027,0.1087962963
-0.0074086760,0.1125578704
-0.0074086760,0.1087962963
-0.0073091027,0.1163194444
-0.0074086760,0.1200810185
-0.0074086760,0.1163194444
-0.0073091027,0.1238425926
-0.0074086760,0.1276041667
-0.0074086760,0.1238425926
-0.0073091027,0.1313657407
-0.0074086760,0.1351273148
-0.0074086760,0.1313657407
-0.0073091027,0.1388888889
-0.0074086760,0.1426504630
-0.0074086760,0.1388888889
-0.0073091027,0.1464120370
-0.0074086760,0.1501736111
-0.0074086760,0.1464120370
-0.0073091027,0.1539351852
-0.0074086760,0.1576967593
-0.0074086760,0.1539351852
-0.0073091027,0.1614583333
-0.0074086760,0.1652199074
-0.0074086760,0.1614583333
-0.0073091027,0.1689814815
-0.0074086760,0.1727430556
-0.0074086760,0.1689814815
-0.0073091027,0.1765046296
-0.0074086760,0.1802662037
-0.0074086760,0.1765046296
-0.0073091027,0.1840277778
-0.0074086760,0.1877893519
-0.0074086760,0.1840277778
-0.0073091027,0.1915509259
-0.0074086760,0.1953125000
-0.0074086760,0.1915509259
-0.0073091027,0.1990740741
-0.0074086760,0.2028356481
-0.0074086760,0.1990740741
-0.0073091027,0.2065972222
-0.0074086760,0.2103587963
-0.0074086760,0.2065972222
-0.0073091027,0.2141203704
-0.0074086760,0.2178819444
-0.0074086760,0.2141203704
-0.0073091027,0.2216435185
-0.0074086760,0.2254050926
-0.0074086760,0.2216435185
-0.0073091027,0.2291666667
-0.0074086760,0.2329282407
-0.0074086760,0.2291666667
-0.0073091027,0.2366898148
-0.0074086760,0.2404513889
-0.0074086760,0.2366898148
-0.0073091027,0.2442129630
-0.0074086760,0.2479745370
-0.0074086760,0.2442129630
-0.0073091027,0.2517361111
-0.0074086760,0.2554976852
-0.0074086760,0.2517361111
-0.0073091027,0.2592592593
-0.0074086760,0.2630208333
-0.0074086760,0.2592592593
-0.0073091027,0.2667824074
-0.0074086760,0.2705439815
-0.0074086760,0.2667824074
-0.0073091027,0.2743055556
-0.0074086760,0.2780671296
-0.0074086760,0.2743055556
-0.0073091027,0.2818287037
-0.0074086760,0.2855902778
-0.0074086760,0.2818287037
-0.0073091027,0.2893518519
-0.0074086760,0.2931134259
-0.0074086760,0.2893518519
-0.0073091027,0.2968750000
-0.0074086760,0.3006365741
-0.0074086760,0.2968750000
-0.0073091027,0.3043981481
-0.0074086760,0.3081597222
-0.0074086760,0.3043981481
-0.0073091027,0.3119212963
-0.0074086760,0.3156828704
-0.0074086760,0.3119212963
-0.0073091027,0.3194444444
-0.0074086760,0.3232060185
-0.0074086760,0.3194444444
-0.0073091027,0.3269675926
-0.0074086760,0.3307291667
-0.0074086760,0.3269675926
-0.0073091027,0.3344907407
-0.0074086760,0.3382523148
-0.0074086760,0.3344907407
-0.0073091027,0.3420138889
-0.0074086760,0.3457754630
-0.0074086760,0.3420138889
-0.0073091027,0.3495370370
-0.0074086760,0.3532986111
-0.0074086760,0.3495370370
-0.0073091027,0.3570601852
-0.0074086760,0.3608217593
-0.0074086760,0.3570601852
-0.0073091027,0.3645833333
-0.0074086760,0.3683449074
-0.0074086760,0.3645833333
-0.0073091027,0.3721064815
-0.0074086760,0.3758680556
-0.0074086760,0.3721064815
-0.0073091027,0.3796296296
-0.0074086760,0.3833912037
-0.0074086760,0.3796296296
-0.0073091027,0.3871527778
-0.0074086760,0.3909143519
-0.0074086760,0.3871527778
-0.0073091027,0.3946759259
-0.0074086760,0.3984375000
-0.0074086760,0.3946759259
-0.0073091027,0.4021990741
-0.0074086760,0.4059606481
-0.0074086760,0.4021990741
-0.0073091027,0.4097222222
-0.0074086760,0.4134837963
-0.0074086760,0.4097222222
-0.0073091027,0.4172453704
-0.0074086760,0.4210069444
-0.0074086760,0.4172453704
-0.0073091027,0.4247685185
-0.0074086760,0.4285300926
-0.0074086760,0.4247685185
-0.0073091027,0.4322916667
-0.0074086760,0.4360532407
-0.0074086760,0.4322916667
-0.0073091027,0.4398148148
-0.0074086760,0.4435763889
-0.0074086760,0.4398148148
-0.0073091027,0.4473379630
-0.0074086760,0.4510995370
-0.0074086760,0.4473379630
-0.0073091027,0.4548611111
-0.0074086760,0.4586226852
-0.0074086760,0.4548611111
-0.0073091027,0.4623842593
-0.0074086760,0.4661458333
-0.0074086760,0.4623842593
-0.0073091027,0.4699074074
-0.0074086760,0.4736689815
-0.0074086760,0.4699074074
-0.0073091027,0.4774305556
-0.0074086760,0.4811921296
-0.0074086760,0.4774305556
-0.0073091027,0.4849537037
-0.0074086760,0.4887152778
-0.0074086760,0.4849537037
-0.0073091027,0.4924768519
-0.0074086760,0.4962384259
-0.0074086760,0.4924768519
-0.0073091027,0.5000000000
-0.0074086760,0.5037615741
-0.0074086760,0.5000000000
-0.0073091027,0.5075231481
-0.0074086760,0.5112847222
-0.0074086760,0.5075231481
-0.0073091027,0.5150462963
-0.0074086760,0.5188078704
-0.0074086760,0.5150462963
-0.0073091027,0.5225694444
-0.0074086760,0.5263310185
-0.0074086760,0.5225694444
-0.0073091027,0.5300925926
-0.0074086760,0.5338541667
-0.0074086760,0.5300925926
-0.0073091027,0.5376157407
-0.0074086760,0.5413773148
-0.0074086760,0.5376157407
-0.0073091027,0.5451388889
-0.0074086760,0.5489004630
-0.0074086760,0.5451388889
-0.0073091027,0.5526620370
-0.0074086760,0.5564236111
-0.0074086760,0.5526620370
-0.0073091027,0.5601851852
-0.0074086760,0.5639467593
-0.0074086760,0.5601851852
-0.0073091027,0.5677083333
-0.0074086760,0.5714699074
-0.0074086760,0.5677083333
-0.0073091027,0.5752314815
-0.0074086760,0.5789930556
-0.0074086760,0.5752314815
-0.0073091027,0.5827546296
-0.0074086760,0.5865162037
-0.0074086760,0.5827546296
-0.0073091027,0.5902777778
-0.0074086760,0.5940393519
-0.0074086760,0.5902777778
-0.0073091027,0.5978009259
-0.0074086760,0.6015625000
-0.0074086760,0.5978009259
-0.0073091027,0.6053240741
-0.0074086760,0.6090856481
-0.0074086760,0.6053240741
-0.0073091027,0.6128472222
-0.0074086760,0.6166087963
-0.0074086760,0.6128472222
-0.0073091027,0.6203703704
-0.0074086760,0.6241319444
-0.0074086760,0.6203703704
-0.0073091027,0.6278935185
-0.0074086760,0.6316550926
-0.0074086760,0.6278935185
-0.0073091027,0.6354166667
-0.0074086760,0.6391782407
-0.0074086760,0.6354166667
-0.0073091027,0.6429398148
-0.0074086760,0.6467013889
-0.0074086760,0.6429398148
-0.0073091027,0.6504629630
-0.0074086760,0.6542245370
-0.0074086760,0.6504629630
-0.0073091027,0.6579861111
-0.0074086760,0.6617476852
-0.0074086760,0.6579861111
-0.0073091027,0.6655092593
-0.0074086760,0.6692708333
-0.0074086760,0.6655092593
-0.0073091027,0.6730324074
-0.0074086760,0.6767939815
-0.0074086760,0.6730324074
-0.0073091027,0.6805555556
-0.0074086760,0.6843171296
-0.0074086760,0.6805555556
-0.0073091027,0.6880787037
-0.0074086760,0.6918402778
-0.0074086760,0.6880787037
-0.0073091027,0.6956018519
-0.0074086760,0.6993634259
-0.0074086760,0.6956018519
-0.0073091027,0.7031250000
-0.0074086760,0.7068865741
-0.0074086760,0.7031250000
-0.0073091027,0.7106481481
-0.0074086760,0.7144097222
-0.0074086760,0.7106481481
-0.0073091027,0.7181712963
-0.0074086760,0.7219328704
-0.0074086760,0.7181712963
-0.0073091027,0.7256944444
-0.0074086760,0.7294560185
-0.0074086760,0.7256944444
-0.0073091027,0.7332175926
-0.0074086760,0.7369791667
-0.0074086760,0.7332175926
-0.0073091027,0.7407407407
-0.0074086760,0.7445023148
-0.0074086760,0.7407407407
-0.0073091027,0.7482638889
-0.0074086760,0.7520254630
-0.0074086760,0.7482638889
-0.0073091027,0.7557870370
-0.0074086760,0.7595486111
-0.0074086760,0.7557870370
-0.0073091027,0.7633101852
-0.0074086760,0.7670717593
-0.0074086760,0.7633101852
-0.0073091027,0.7708333333
-0.0074086760,0.7745949074
-0.0074086760,0.7708333333
-0.0073091027,0.7783564815
-0.0074086760,0.7821180556
-0.0074086760,0.7783564815
-0.0073091027,0.7858796296
-0.0074086760,0.7896412037
-0.0074086760,0.7858796296
-0.0073091027,0.7934027778
-0.0074086760,0.7971643519
-0.0074086760,0.7934027778
-0.0073091027,0.8009259259
-0.0074086760,0.8046875000
-0.0074086760,0.8009259259
-0.0073091027,0.8084490741
-0.0074086760,0.8122106481
-0.0074086760,0.8084490741
-0.0073091027,0.8159722222
-0.0074086760,0.8197337963
-0.0074086760,0.8159722222
-0.0073091027,0.8234953704
-0.0074086760,0.8272569444
-0.0074086760,0.8234953704
-0.0073091027,0.8310185185
-0.0074086760,0.8347800926
-0.0074086760,0.8310185185
-0.0073091027,0.8385416667
-0.0074086760,0.8423032407
-0.0074086760,0.8385416667
-0.0073091027,0.8460648148
-0.0074086760,0.8498263889
-0.0074086760,0.8460648148
-0.0073091027,0.8535879630
-0.0074086760,0.8573495370
-0.0074086760,0.8535879630
-0.0073091027,0.8611111111
-0.0074086760,0.8648726852
-0.0074086760,0.8611111111
-0.0073091027,0.8686342593
-0.0074086760,0.8723958333
-0.0074086760,0.8686342593
-0.0073091027,0.8761574074
-0.0074086760,0.8799189815
-0.0074086760,0.8761574074
-0.0073091027,0.8836805556
-0.0074086760,0.8874421296
-0.0074086760,0.8836805556
-0.0073091027,0.8912037037
-0.0074086760,0.8949652778
-0.0074086760,0.8912037037
-0.0073091027,0.8987268519
-0.0074086760,0.9024884259
-0.0074086760,0.8987268519
-0.0073091027,0.9062500000
-0.0074086760,0.9100115741
-0.0074086760,0.9062500000
-0.0073091027,0.9137731481
-0.0074086760,0.9175347222
-0.0074086760,0.9137731481
-0.0073091027,0.9212962963
-0.0074086760,0.9250578704
-0.0074086760,0.9212962963
-0.0073091027,0.9288194444
-0.0074086760,0.9325810185
-0.0074086760,0.9288194444
-0.0073091027,0.9363425926
-0.0074086760,0.9401041667
-0.0074086760,0.9363425926
-0.0073091027,0.9438657407
-0.0074086760,0.9476273148
-0.0074086760,0.9438657407
-0.0073091027,0.9513888889
-0.0074086760,0.9551504630
-0.0074086760,0.9513888889
-0.0073091027,0.9589120370
-0.0074086760,0.9626736111
-0.0074086760,0.9589120370
-0.0073091027,0.9664351852
-0.0074086760,0.9701967593
-0.0074086760,0.9664351852
-0.0073091027,0.9739583333
-0.0074086760,0.9777199074
-0.0074086760,0.9739583333
-0.0073091027,0.9814814815
-0.0074086760,0.9852430556
-0.0074086760,0.9814814815
-0.0073091027,0.9890046296
-0.0074086760,0.9927662037
-0.0074086760,0.9890046296
-0.0073091027,0.9965277778
-0.0074086760,1.0002893519
-0.0074086760,0.9965277778
-0.0073091027,1.0040509259
-0.0074086760,1.0040509259
-0.0070701275,-0.0040509259
-0.0071896151,-0.0002893519
-0.0071896151,-0.0040509259
-0.0070701275,0.0034722222
-0.0071896151,0.0072337963
-0.0071896151,0.0034722222
-0.0070701275,0.0109953704
-0.0071896151,0.0147569444
-0.0071896151,0.0109953704
-0.0070701275,0.0185185185
-0.0071896151,0.0222800926
-0.0071896151,0.0185185185
-0.0070701275,0.0260416667
-0.0071896151,0.0298032407
-0.0071896151,0.0260416667
-0.0070701275,0.0335648148
-0.0071896151,0.0373263889
-0.0071896151,0.0335648148
-0.0070701275,0.0410879630
-0.0071896151,0.0448495370
-0.0071896151,0.0410879630
-0.0070701275,0.0486111111
-0.0071896151,0.0523726852
-0.0071896151,0.0486111111
-0.0070701275,0.0561342593
-0.0071896151,0.0598958333
-0.0071896151,0.0561342593
-0.0070701275,0.0636574074
-0.0071896151,0.0674189815
-0.0071896151,0.0636574074
-0.0070701275,0.0711805556
-0.0071896151,0.0749421296
-0.0071896151,0.0711805556
-0.0070701275,0.0787037037
-0.0071896151,0.0824652778
-0.0071896151,0.0787037037
-0.0070701275,0.0862268519
-0.0071896151,0.0899884259
-0.0071896151,0.0862268519
-0.0070701275,0.0937500000
-0.0071896151,0.0975115741
-0.0071896151,0.0937500000
-0.0070701275,0.1012731481
-0.0071896151,0.1050347222
-0.0071896151,0.1012731481
-0.0070701275,0.1087962963
-0.0071896151,0.1125578704
-0.0071896151,0.1087962963
-0.0070701275,0.1163194444
-0.0071896151,0.1200810185
-0.0071896151,0.1163194444
-0.0070701275,0.1238425926
-0.0071896151,0.1276041667
-0.0071896151,0.1238425926
-0.0070701275,0.1313657407
-0.0071896151,0.1351273148
-0.0071896151,0.1313657407
-0.0070701275,0.1388888889
-0.0071896151,0.1426504630
-0.0071896151,0.1388888889
-0.0070701275,0.1464120370
-0.0071896151,0.1501736111
-0.0071896151,0.1464120370
-0.0070701275,0.1539351852
-0.0071896151,0.1576967593
-0.0071896151,0.1539351852
-0.0070701275,0.1614583333
-0.0071896151,0.1652199074
-0.0071896151,0.1614583333
-0.0070701275,0.1689814815
-0.0071896151,0.1727430556
-0.0071896151,0.1689814815
-0.0070701275,0.1765046296
-0.0071896151,0.1802662037
-0.0071896151,0.1765046296
-0.0070701275,0.1840277778
-0.0071896151,0.1877893519
-0.0071896151,0.1840277778
-0.0070701275,0.1915509259
-0.0071896151,0.1953125000
-0.0071896151,0.1915509259
-0.0070701275,0.1990740741
-0.0071896151,0.2028356481
-0.0071896151,0.1990740741
-0.0070701275,0.2065972222
-0.0071896151,0.2103587963
-0.0071896151,0.2065972222
-0.0070701275,0.2141203704
-0.0071896151,0.2178819444
-0.0071896151,0.2141203704
-0.0070701275,0.2216435185
-0.0071896151,0.2254050926
-0.0071896151,0.2216435185
-0.0070701275,0.2291666667
-0.0071896151,0.2329282407
-0.0071896151,0.2291666667
-0.0070701275,0.2366898148
-0.0071896151,0.2404513889
-0.0071896151,0.2366898148
-0.0070701275,0.2442129630
-0.0071896151,0.2479745370
-0.0071896151,0.2442129630
-0.0070701275,0.2517361111
-0.0071896151,0.2554976852
-0.0071896151,0.2517361111
-0.0070701275,0.2592592593
-0.0071896151,0.2630208333
-0.0071896151,0.2592592593
-0.0070701275,0.2667824074
-0.0071896151,0.2705439815
-0.0071896151,0.2667824074
-0.0070701275,0.2743055556
-0.0071896151,0.2780671296
-0.0071896151,0.2743055556
-0.0070701275,0.2818287037
-0.0071896151,0.2855902778
-0.0071896151,0.2818287037
-0.0070701275,0.2893518519
-0.0071896151,0.2931134259
-0.0071896151,0.2893518519
-0.0070701275,0.2968750000
-0.0071896151,0.3006365741
-0.0071896151,0.2968750000
-0.0070701275,0.3043981481
-0.0071896151,0.3081597222
-0.0071896151,0.3043981481
-0.0070701275,0.3119212963
-0.0071896151,0.3156828704
-0.0071896151,0.3119212963
-0.0070701275,0.3194444444
-0.0071896151,0.3232060185
-0.0071896151,0.3194444444
-0.0070701275,0.3269675926
-0.0071896151,0.3307291667
-0.0071896151,0.3269675926
-0.0070701275,0.3344907407
-0.0071896151,0.3382523148
-0.0071896151,0.3344907407
-0.0070701275,0.3420138889
-0.0071896151,0.3457754630
-0.0071896151,0.3420138889
-0.0070701275,0.3495370370
-0.0071896151,0.3532986111
-0.0071896151,0.3495370370
-0.0070701275,0.3570601852
-0.0071896151,0.3608217593
-0.0071896151,0.3570601852
-0.0070701275,0.3645833333
-0.0071896151,0.3683449074
-0.0071896151,0.3645833333
-0.0070701275,0.3721064815
-0.0071896151,0.3758680556
-0.0071896151,0.3721064815
-0.0070701275,0.3796296296
-0.0071896151,0.3833912037
-0.0071896151,0.3796296296
-0.0070701275,0.3871527778
-0.0071896151,0.3909143519
-0.0071896151,0.3871527778
-0.0070701275,0.3946759259
-0.0071896151,0.3984375000
-0.0071896151,0.3946759259
-0.0070701275,0.4021990741
-0.0071896151,0.4059606481
-0.0071896151,0.4021990741
-0.0070701275,0.4097222222
-0.0071896151,0.4134837963
-0.0071896151,0.4097222222
-0.0070701275,0.4172453704
-0.0071896151,0.4210069444
-0.0071896151,0.4172453704
-0.0070701275,0.4247685185
-0.0071896151,0.4285300926
-0.0071896151,0.4247685185
-0.0070701275,0.4322916667
-0.0071896151,0.4360532407
-0.0071896151,0.4322916667
-0.0070701275,0.4398148148
-0.0071896151,0.4435763889
-0.0071896151,0.4398148148
-0.0070701275,0.4473379630
-0.0071896151,0.4510995370
-0.0071896151,0.4473379630
-0.0070701275,0.4548611111
-0.0071896151,0.4586226852
-0.0071896151,0.4548611111
-0.0070701275,0.4623842593
-0.0071896151,0.4661458333
-0.0071896151,0.4623842593
-0.0070701275,0.4699074074
-0.0071896151,0.4736689815
-0.0071896151,0.4699074074
-0.0070701275,0.4774305556
-0.0071896151,0.4811921296
-0.0071896151,0.4774305556
-0.0070701275,0.4849537037
-0.0071896151,0.4887152778
-0.0071896151,0.4849537037
-0.0070701275,0.4924768519
-0.0071896151,0.4962384259
-0.0071896151,0.4924768519
-0.0070701275,0.5000000000
-0.0071896151,0.5037615741
-0.0071896151,0.5000000000
-0.0070701275,0.5075231481
-0.0071896151,0.5112847222
-0.0071896151,0.5075231481
-0.0070701275,0.5150462963
-0.0071896151,0.5188078704
-0.0071896151,0.5150462963
-0.0070701275,0.5225694444
-0.0071896151,0.5263310185
-0.0071896151,0.5225694444
-0.0070701275,0.5300925926
-0.0071896151,0.5338541667
-0.0071896151,0.5300925926
-0.0070701275,0.5376157407
-0.0071896151,0.5413773148
-0.0071896151,0.5376157407
-0.0070701275,0.5451388889
-0.0071896151,0.5489004630
-0.0071896151,0.5451388889
-0.0070701275,0.5526620370
-0.0071896151,0.5564236111
-0.0071896151,0.5526620370
-0.0070701275,0.5601851852
-0.0071896151,0.5639467593
-0.0071896151,0.5601851852
-0.0070701275,0.5677083333
-0.0071896151,0.5714699074
-0.0071896151,0.5677083333
-0.0070701275,0.5752314815
-0.0071896151,0.5789930556
-0.0071896151,0.5752314815
-0.0070701275,0.5827546296
-0.0071896151,0.5865162037
-0.0071896151,0.5827546296
-0.0070701275,0.5902777778
-0.0071896151,0.5940393519
-0.0071896151,0.5902777778
-0.0070701275,0.5978009259
-0.0071896151,0.6015625000
-0.0071896151,0.5978009259
-0.0070701275,0.6053240741
-0.0071896151,0.6090856481
-0.0071896151,0.6053240741
-0.0070701275,0.6128472222
-0.0071896151,0.6166087963
-0.0071896151,0.6128472222
-0.0070701275,0.6203703704
-0.0071896151,0.6241319444
-0.0071896151,0.6203703704
-0.0070701275,0.6278935185
-0.0071896151,0.6316550926
-0.0071896151,0.6278935185
-0.0070701275,0.6354166667
-0.0071896151,0.6391782407
-0.0071896151,0.6354166667
-0.0070701275,0.6429398148
-0.0071896151,0.6467013889
-0.0071896151,0.6429398148
-0.0070701275,0.6504629630
-0.0071896151,0.6542245370
-0.0071896151,0.6504629630
-0.0070701275,0.6579861111
-0.0071896151,0.6617476852
-0.0071896151,0.6579861111
-0.0070701275,0.6655092593
-0.0071896151,0.6692708333
-0.0071896151,0.6655092593
-0.0070701275,0.6730324074
-0.0071896151,0.6767939815
-0.0071896151,0.6730324074
-0.0070701275,0.6805555556
-0.0071896151,0.6843171296
-0.0071896151,0.6805555556
-0.0070701275,0.6880787037
-0.0071896151,0.6918402778
-0.0071896151,0.6880787037
-0.0070701275,0.6956018519
-0.0071896151,0.6993634259
-0.0071896151,0.6956018519
-0.0070701275,0.7031250000
-0.0071896151,0.7068865741
-0.0071896151,0.7031250000
-0.0070701275,0.7106481481
-0.0071896151,0.7144097222
-0.0071896151,0.7106481481
-0.0070701275,0.7181712963
-0.0071896151,0.7219328704
-0.0071896151,0.7181712963
-0.0070701275,0.7256944444
-0.0071896151,0.7294560185
-0.0071896151,0.7256944444
-0.0070701275,0.7332175926
-0.0071896151,0.7369791667
-0.0071896151,0.7332175926
-0.0070701275,0.7407407407
-0.0071896151,0.7445023148
-0.0071896151,0.7407407407
-0.0070701275,0.7482638889
-0.0071896151,0.7520254630
-0.0071896151,0.7482638889
-0.0070701275,0.7557870370
-0.0071896151,0.7595486111
-0.0071896151,0.7557870370
-0.0070701275,0.7633101852
-0.0071896151,0.7670717593
-0.0071896151,0.7633101852
-0.0070701275,0.7708333333
-0.0071896151,0.7745949074
-0.0071896151,0.7708333333
-0.0070701275,0.7783564815
-0.0071896151,0.7821180556
-0.0071896151,0.7783564815
-0.0070701275,0.7858796296
-0.0071896151,0.7896412037
-0.0071896151,0.7858796296
-0.0070701275,0.7934027778
-0.0071896151,0.7971643519
-0.0071896151,0.7934027778
-0.0070701275,0.8009259259
-0.0071896151,0.8046875000
-0.0071896151,0.8009259259
-0.0070701275,0.8084490741
-0.0071896151,0.8122106481
-0.0071896151,0.8084490741
-0.0070701275,0.8159722222
-0.0071896151,0.8197337963
-0.0071896151,0.8159722222
-0.0070701275,0.8234953704
-0.0071896151,0.8272569444
-0.0071896151,0.8234953704
-0.0070701275,0.8310185185
-0.0071896151,0.8347800926
-0.0071896151,0.8310185185
-0.0070701275,0.8385416667
-0.0071896151,0.8423032407
-0.0071896151,0.8385416667
-0.0070701275,0.8460648148
-0.0071896151,0.8498263889
-0.0071896151,0.8460648148
-0.0070701275,0.8535879630
-0.0071896151,0.8573495370
-0.0071896151,0.8535879630
-0.0070701275,0.8611111111
-0.0071896151,0.8648726852
-0.0071896151,0.8611111111
-0.0070701275,0.8686342593
-0.0071896151,0.8723958333
-0.0071896151,0.8686342593
-0.0070701275,0.8761574074
-0.0071896151,0.8799189815
-0.0071896151,0.8761574074
-0.0070701275,0.8836805556
-0.0071896151,0.8874421296
-0.0071896151,0.8836805556
-0.0070701275,0.8912037037
-0.0071896151,0.8949652778
-0.0071896151,0.8912037037
-0.0070701275,0.8987268519
-0.0071896151,0.9024884259
-0.0071896151,0.8987268519
-0.0070701275,0.9062500000
-0.0071896151,0.9100115741
-0.0071896151,0.9062500000
-0.0070701275,0.9137731481
-0.0071896151,0.9175347222
-0.0071896151,0.9137731481
-0.0070701275,0.9212962963
-0.0071896151,0.9250578704
-0.0071896151,0.9212962963
-0.0070701275,0.9288194444
-0.0071896151,0.9325810185
-0.0071896151,0.9288194444
-0.0070701275,0.9363425926
-0.0071896151,0.9401041667
-0.0071896151,0.9363425926
-0.0070701275,0.9438657407
-0.0071896151,0.9476273148
-0.0071896151,0.9438657407
-0.0070701275,0.9513888889
-0.0071896151,0.9551504630
-0.0071896151,0.9513888889
-0.0070701275,0.9589120370
-0.0071896151,0.9626736111
-0.0071896151,0.9589120370
-0.0070701275,0.9664351852
-0.0071896151,0.9701967593
-0.0071896151,0.9664351852
-0.0070701275,0.9739583333
-0.0071896151,0.9777199074
-0.0071896151,0.9739583333
-0.0070701275,0.9814814815
-0.0071896151,0.9852430556
-0.0071896151,0.9814814815
-0.0070701275,0.9890046296
-0.0071896151,0.9927662037
-0.0071896151,0.9890046296
-0.0070701275,0.9965277778
-0.0071896151,1.0002893519
-0.0071896151,0.9965277778
-0.0070701275,1.0040509259
-0.0071896151,1.0040509259
-0.0067833583,-0.0040509259
-0.0069267429,-0.0002893519
-0.0069267429,-0.0040509259
-0.0067833583,0.0034722222
-0.0069267429,0.0072337963
-0.0069267429,0.0034722222
-0.0067833583,0.0109953704
-0.0069267429,0.0147569444
-0.0069267429,0.0109953704
-0.0067833583,0.0185185185
-0.0069267429,0.0222800926
-0.0069267429,0.0185185185
-0.0067833583,0.0260416667
-0.0069267429,0.0298032407
-0.0069267429,0.0260416667
-0.0067833583,0.0335648148
-0.0069267429,0.0373263889
-0.0069267429,0.0335648148
-0.0067833583,0.0410879630
-0.0069267429,0.0448495370
-0.0069267429,0.0410879630
-0.0067833583,0.0486111111
-0.0069267429,0.0523726852
-0.0069267429,0.0486111111
-0.0067833583,0.0561342593
-0.0069267429,0.0598958333
-0.0069267429,0.0561342593
-0.0067833583,0.0636574074
-0.0069267429,0.0674189815
-0.0069267429,0.0636574074
-0.0067833583,0.0711805556
-0.0069267429,0.0749421296
-0.0069267429,0.0711805556
-0.0067833583,0.0787037037
-0.0069267429,0.0824652778
-0.0069267429,0.0787037037
-0.0067833583,0.0862268519
-0.0069267429,0.0899884259
-0.0069267429,0.0862268519
-0.0067833583,0.0937500000
-0.0069267429,0.0975115741
-0.0069267429,0.0937500000
-0.0067833583,0.1012731481
-0.0069267429,0.1050347222
-0.0069267429,0.1012731481
-0.0067833583,0.1087962963
-0.0069267429,0.1125578704
-0.0069267429,0.1087962963
-0.0067833583,0.1163194444
-0.0069267429,0.1200810185
-0.0069267429,0.1163194444
-0.0067833583,0.1238425926
-0.0069267429,0.1276041667
-0.0069267429,0.1238425926
-0.0067833583,0.1313657407
-0.0069267429,0.1351273148
-0.0069267429,0.1313657407
-0.0067833583,0.1388888889
-0.0069267429,0.1426504630
-0.0069267429,0.1388888889
-0.0067833583,0.1464120370
-0.0069267429,0.1501736111
-0.0069267429,0.1464120370
-0.0067833583,0.1539351852
-0.0069267429,0.1576967593
-0.0069267429,0.1539351852
-0.0067833583,0.1614583333
-0.0069267429,0.1652199074
-0.0069267429,0.1614583333
-0.0067833583,0.1689814815
-0.0069267429,0.1727430556
-0.0069267429,0.1689814815
-0.0067833583,0.1765046296
-0.0069267429,0.1802662037
-0.0069267429,0.1765046296
-0.0067833583,0.1840277778
-0.0069267429,0.1877893519
-0.0069267429,0.1840277778
-0.0067833583,0.1915509259
-0.0069267429,0.1953125000
-0.0069267429,0.1915509259
-0.0067833583,0.1990740741
-0.0069267429,0.2028356481
-0.0069267429,0.1990740741
-0.0067833583,0.2065972222
-0.0069267429,0.2103587963
-0.0069267429,0.2065972222
-0.0067833583,0.2141203704
-0.0069267429,0.2178819444
-0.0069267429,0.2141203704
-0.0067833583,0.2216435185
-0.0069267429,0.2254050926
-0.0069267429,0.2216435185
-0.0067833583,0.2291666667
-0.0069267429,0.2329282407
-0.0069267429,0.2291666667
-0.0067833583,0.2366898148
-0.0069267429,0.2404513889
-0.0069267429,0.2366898148
-0.0067833583,0.2442129630
-0.0069267429,0.2479745370
-0.0069267429,0.2442129630
-0.0067833583,0.2517361111
-0.0069267429,0.2554976852
-0.0069267429,0.2517361111
-0.0067833583,0.2592592593
-0.0069267429,0.2630208333
-0.0069267429,0.2592592593
-0.0067833583,0.2667824074
-0.0069267429,0.2705439815
-0.0069267429,0.2667824074
-0.0067833583,0.2743055556
-0.0069267429,0.2780671296
-0.0069267429,0.2743055556
-0.0067833583,0.2818287037
-0.0069267429,0.2855902778
-0.0069267429,0.2818287037
-0.0067833583,0.2893518519
-0.0069267429,0.2931134259
-0.0069267429,0.2893518519
-0.0067833583,0.2968750000
-0.0069267429,0.3006365741
-0.0069267429,0.2968750000
-0.0067833583,0.3043981481
-0.0069267429,0.3081597222
-0.0069267429,0.3043981481
-0.0067833583,0.3119212963
-0.0069267429,0.3156828704
-0.0069267429,0.3119212963
-0.0067833583,0.3194444444
-0.0069267429,0.3232060185
-0.0069267429,0.3194444444
-0.0067833583,0.3269675926
-0.0069267429,0.3307291667
-0.0069267429,0.3269675926
-0.0067833583,0.3344907407
-0.0069267429,0.3382523148
-0.0069267429,0.3344907407
-0.0067833583,0.3420138889
-0.0069267429,0.3457754630
-0.0069267429,0.3420138889
-0.0067833583,0.3495370370
-0.0069267429,0.3532986111
-0.0069267429,0.3495370370
-0.0067833583,0.3570601852
-0.0069267429,0.3608217593
-0.0069267429,0.3570601852
-0.0067833583,0.3645833333
-0.0069267429,0.3683449074
-0.0069267429,0.3645833333
-0.0067833583,0.3721064815
-0.0069267429,0.3758680556
-0.0069267429,0.3721064815
-0.0067833583,0.3796296296
-0.0069267429,0.3833912037
-0.0069267429,0.3796296296
-0.0067833583,0.3871527778
-0.0069267429,0.3909143519
-0.0069267429,0.3871527778
-0.0067833583,0.3946759259
-0.0069267429,0.3984375000
-0.0069267429,0.3946759259
-0.0067833583,0.4021990741
-0.0069267429,0.4059606481
-0.0069267429,0.4021990741
-0.0067833583,0.4097222222
-0.0069267429,0.4134837963
-0.0069267429,0.4097222222
-0.0067833583,0.4172453704
-0.0069267429,0.4210069444
-0.0069267429,0.4172453704
-0.0067833583,0.4247685185
-0.0069267429,0.4285300926
-0.0069267429,0.4247685185
-0.0067833583,0.4322916667
-0.0069267429,0.4360532407
-0.0069267429,0.4322916667
-0.0067833583,0.4398148148
-0.0069267429,0.4435763889
-0.0069267429,0.4398148148
-0.0067833583,0.4473379630
-0.0069267429,0.4510995370
-0.0069267429,0.4473379630
-0.0067833583,0.4548611111
-0.0069267429,0.4586226852
-0.0069267429,0.4548611111
-0.0067833583,0.4623842593
-0.0069267429,0.4661458333
-0.0069267429,0.4623842593
-0.0067833583,0.4699074074
-0.0069267429,0.4736689815
-0.0069267429,0.4699074074
-0.0067833583,0.4774305556
-0.0069267429,0.4811921296
-0.0069267429,0.4774305556
-0.0067833583,0.4849537037
-0.0069267429,0.4887152778
-0.0069267429,0.4849537037
-0.0067833583,0.4924768519
-0.0069267429,0.4962384259
-0.0069267429,0.4924768519
-0.0067833583,0.5000000000
-0.0069267429,0.5037615741
-0.0069267429,0.5000000000
-0.0067833583,0.5075231481
-0.0069267429,0.5112847222
-0.0069267429,0.5075231481
-0.0067833583,0.5150462963
-0.0069267429,0.5188078704
-0.0069267429,0.5150462963
-0.0067833583,0.5225694444
-0.0069267429,0.5263310185
-0.0069267429,0.5225694444
-0.0067833583,0.5300925926
-0.0069267429,0.5338541667
-0.0069267429,0.5300925926
-0.0067833583,0.5376157407
-0.0069267429,0.5413773148
-0.0069267429,0.5376157407
-0.0067833583,0.5451388889
-0.0069267429,0.5489004630
-0.0069267429,0.5451388889
-0.0067833583,0.5526620370
-0.0069267429,0.5564236111
-0.0069267429,0.5526620370
-0.0067833583,0.5601851852
-0.0069267429,0.5639467593
-0.0069267429,0.5601851852
-0.0067833583,0.5677083333
-0.0069267429,0.5714699074
-0.0069267429,0.5677083333
-0.0067833583,0.5752314815
-0.0069267429,0.5789930556
-0.0069267429,0.5752314815
-0.0067833583,0.5827546296
-0.0069267429,0.5865162037
-0.0069267429,0.5827546296
-0.0067833583,0.5902777778
-0.0069267429,0.5940393519
-0.0069267429,0.5902777778
-0.0067833583,0.5978009259
-0.0069267429,0.6015625000
-0.0069267429,0.5978009259
-0.0067833583,0.6053240741
-0.0069267429,0.6090856481
-0.0069267429,0.6053240741
-0.0067833583,0.6128472222
-0.0069267429,0.6166087963
-0.0069267429,0.6128472222
-0.0067833583,0.6203703704
-0.0069267429,0.6241319444
-0.0069267429,0.6203703704
-0.0067833583,0.6278935185
-0.0069267429,0.6316550926
-0.0069267429,0.6278935185
-0.0067833583,0.6354166667
-0.0069267429,0.6391782407
-0.0069267429,0.6354166667
-0.0067833583,0.6429398148
-0.0069267429,0.6467013889
-0.0069267429,0.6429398148
-0.0067833583,0.6504629630
-0.0069267429,0.6542245370
-0.0069267429,0.6504629630
-0.0067833583,0.6579861111
-0.0069267429,0.6617476852
-0.0069267429,0.6579861111
-0.0067833583,0.6655092593
-0.0069267429,0.6692708333
-0.0069267429,0.6655092593
-0.0067833583,0.6730324074
-0.0069267429,0.6767939815
-0.0069267429,0.6730324074
-0.0067833583,0.6805555556
-0.0069267429,0.6843171296
-0.0069267429,0.6805555556
-0.0067833583,0.6880787037
-0.0069267429,0.6918402778
-0.0069267429,0.6880787037
-0.0067833583,0.6956018519
-0.0069267429,0.6993634259
-0.0069267429,0.6956018519
-0.0067833583,0.7031250000
-0.0069267429,0.7068865741
-0.0069267429,0.7031250000
-0.0067833583,0.7106481481
-0.0069267429,0.7144097222
-0.0069267429,0.7106481481
-0.0067833583,0.7181712963
-0.0069267429,0.7219328704
-0.0069267429,0.7181712963
-0.0067833583,0.7256944444
-0.0069267429,0.7294560185
-0.0069267429,0.7256944444
-0.0067833583,0.7332175926
-0.0069267429,0.7369791667
-0.0069267429,0.7332175926
-0.0067833583,0.7407407407
-0.0069267429,0.7445023148
-0.0069267429,0.7407407407
-0.0067833583,0.7482638889
-0.0069267429,0.7520254630
-0.0069267429,0.7482638889
-0.0067833583,0.7557870370
-0.0069267429,0.7595486111
-0.0069267429,0.7557870370
-0.0067833583,0.7633101852
-0.0069267429,0.7670717593
-0.0069267429,0.7633101852
-0.0067833583,0.7708333333
-0.0069267429,0.7745949074
-0.0069267429,0.7708333333
-0.0067833583,0.7783564815
-0.0069267429,0.7821180556
-0.0069267429,0.7783564815
-0.0067833583,0.7858796296
-0.0069267429,0.7896412037
-0.0069267429,0.7858796296
-0.0067833583,0.7934027778
-0.0069267429,0.7971643519
-0.0069267429,0.7934027778
-0.0067833583,0.8009259259
-0.0069267429,0.8046875000
-0.0069267429,0.8009259259
-0.0067833583,0.8084490741
-0.0069267429,0.8122106481
-0.0069267429,0.8084490741
-0.0067833583,0.8159722222
-0.0069267429,0.8197337963
-0.0069267429,0.8159722222
-0.0067833583,0.8234953704
-0.0069267429,0.8272569444
-0.0069267429,0.8234953704
-0.0067833583,0.8310185185
-0.0069267429,0.8347800926
-0.0069267429,0.8310185185
-0.0067833583,0.8385416667
-0.0069267429,0.8423032407
-0.0069267429,0.8385416667
-0.0067833583,0.8460648148
-0.0069267429,0.8498263889
-0.0069267429,0.8460648148
-0.0067833583,0.8535879630
-0.0069267429,0.8573495370
-0.0069267429,0.8535879630
-0.0067833583,0.8611111111
-0.0069267429,0.8648726852
-0.0069267429,0.8611111111
-0.0067833583,0.8686342593
-0.0069267429,0.8723958333
-0.0069267429,0.8686342593
-0.0067833583,0.8761574074
-0.0069267429,0.8799189815
-0.0069267429,0.8761574074
-0.0067833583,0.8836805556
-0.0069267429,0.8874421296
-0.0069267429,0.8836805556
-0.0067833583,0.8912037037
-0.0069267429,0.8949652778
-0.0069267429,0.8912037037
-0.0067833583,0.8987268519
-0.0069267429,0.9024884259
-0.0069267429,0.8987268519
-0.0067833583,0.9062500000
-0.0069267429,0.9100115741
-0.0069267429,0.9062500000
-0.0067833583,0.9137731481
-0.0069267429,0.9175347222
-0.0069267429,0.9137731481
-0.0067833583,0.9212962963
-0.0069267429,0.9250578704
-0.0069267429,0.9212962963
-0.0067833583,0.9288194444
-0.0069267429,0.9325810185
-0.0069267429,0.9288194444
-0.0067833583,0.9363425926
-0.0069267429,0.9401041667
-0.0069267429,0.9363425926
-0.0067833583,0.9438657407
-0.0069267429,0.9476273148
-0.0069267429,0.9438657407
-0.0067833583,0.9513888889
-0.0069267429,0.9551504630
-0.0069267429,0.9513888889
-0.0067833583,0.9589120370
-0.0069267429,0.9626736111
-0.0069267429,0.9589120370
-0.0067833583,0.9664351852
-0.0069267429,0.9701967593
-0.0069267429,0.9664351852
-0.0067833583,0.9739583333
-0.0069267429,0.9777199074
-0.0069267429,0.9739583333
-0.0067833583,0.9814814815
-0.0069267429,0.9852430556
-0.0069267429,0.9814814815
-0.0067833583,0.9890046296
-0.0069267429,0.9927662037
-0.0069267429,0.9890046296
-0.0067833583,0.9965277778
-0.0069267429,1.0002893519
-0.0069267429,0.9965277778
-0.0067833583,1.0040509259
-0.0069267429,1.0040509259
-0.0064392349,-0.0040509259
-0.0066112966,-0.0002893519
-0.0066112966,-0.0040509259
-0.0064392349,0.0034722222
-0.0066112966,0.0072337963
-0.0066112966,0.0034722222
-0.0064392349,0.0109953704
-0.0066112966,0.0147569444
-0.0066112966,0.0109953704
-0.0064392349,0.0185185185
-0.0066112966,0.0222800926
-0.0066112966,0.0185185185
-0.0064392349,0.0260416667
-0.0066112966,0.0298032407
-0.0066112966,0.0260416667
-0.0064392349,0.0335648148
-0.0066112966,0.0373263889
-0.0066112966,0.0335648148
-0.0064392349,0.0410879630
-0.0066112966,0.0448495370
-0.0066112966,0.0410879630
-0.0064392349,0.0486111111
-0.0066112966,0.0523726852
-0.0066112966,0.0486111111
-0.0064392349,0.0561342593
-0.0066112966,0.0598958333
-0.0066112966,0.0561342593
-0.0064392349,0.0636574074
-0.0066112966,0.0674189815
-0.0066112966,0.0636574074
-0.0064392349,0.0711805556
-0.0066112966,0.0749421296
-0.0066112966,0.0711805556
-0.0064392349,0.0787037037
-0.0066112966,0.0824652778
-0.0066112966,0.0787037037
-0.0064392349,0.0862268519
-0.0066112966,0.0899884259
-0.0066112966,0.0862268519
-0.0064392349,0.0937500000
-0.0066112966,0.0975115741
-0.0066112966,0.0937500000
-0.0064392349,0.1012731481
-0.0066112966,0.1050347222
-0.0066112966,0.1012731481
-0.0064392349,0.1087962963
-0.0066112966,0.1125578704
-0.0066112966,0.1087962963
-0.0064392349,0.1163194444
-0.0066112966,0.1200810185
-0.0066112966,0.1163194444
-0.0064392349,0.1238425926
-0.0066112966,0.1276041667
-0.0066112966,0.1238425926
-0.0064392349,0.1313657407
-0.0066112966,0.1351273148
-0.0066112966,0.1313657407
-0.0064392349,0.1388888889
-0.0066112966,0.1426504630
-0.0066112966,0.1388888889
-0.0064392349,0.1464120370
-0.0066112966,0.1501736111
-0.0066112966,0.1464120370
-0.0064392349,0.1539351852
-0.0066112966,0.1576967593
-0.0066112966,0.1539351852
-0.0064392349,0.1614583333
-0.0066112966,0.1652199074
-0.0066112966,0.1614583333
-0.0064392349,0.1689814815
-0.0066112966,0.1727430556
-0.0066112966,0.1689814815
-0.0064392349,0.1765046296
-0.0066112966,0.1802662037
-0.0066112966,0.1765046296
-0.0064392349,0.1840277778
-0.0066112966,0.1877893519
-0.0066112966,0.1840277778
-0.0064392349,0.1915509259
-0.0066112966,0.1953125000
-0.0066112966,0.1915509259
-0.0064392349,0.1990740741
-0.0066112966,0.2028356481
-0.0066112966,0.1990740741
-0.0064392349,0.2065972222
-0.0066112966,0.2103587963
-0.0066112966,0.2065972222
-0.0064392349,0.2141203704
-0.0066112966,0.2178819444
-0.0066112966,0.2141203704
-0.0064392349,0.2216435185
-0.0066112966,0.2254050926
-0.0066112966,0.2216435185
-0.0064392349,0.2291666667
-0.0066112966,0.2329282407
-0.0066112966,0.2291666667
-0.0064392349,0.2366898148
-0.0066112966,0.2404513889
-0.0066112966,0.2366898148
-0.0064392349,0.2442129630
-0.0066112966,0.2479745370
-0.0066112966,0.2442129630
-0.0064392349,0.2517361111
-0.0066112966,0.2554976852
-0.0066112966,0.2517361111
-0.0064392349,0.2592592593
-0.0066112966,0.2630208333
-0.0066112966,0.2592592593
-0.0064392349,0.2667824074
-0.0066112966,0.2705439815
-0.0066112966,0.2667824074
-0.0064392349,0.2743055556
-0.0066112966,0.2780671296
-0.0066112966,0.2743055556
-0.0064392349,0.2818287037
-0.0066112966,0.2855902778
-0.0066112966,0.2818287037
-0.0064392349,0.2893518519
-0.0066112966,0.2931134259
-0.0066112966,0.2893518519
-0.0064392349,0.2968750000
-0.0066112966,0.3006365741
-0.0066112966,0.2968750000
-0.0064392349,0.3043981481
-0.0066112966,0.3081597222
-0.0066112966,0.3043981481
-0.0064392349,0.3119212963
-0.0066112966,0.3156828704
-0.0066112966,0.3119212963
-0.0064392349,0.3194444444
-0.0066112966,0.3232060185
-0.0066112966,0.3194444444
-0.0064392349,0.3269675926
-0.0066112966,0.3307291667
-0.0066112966,0.3269675926
-0.0064392349,0.3344907407
-0.0066112966,0.3382523148
-0.0066112966,0.3344907407
-0.0064392349,0.3420138889
-0.0066112966,0.3457754630
-0.0066112966,0.3420138889
-0.0064392349,0.3495370370
-0.0066112966,0.3532986111
-0.0066112966,0.3495370370
-0.0064392349,0.3570601852
-0.0066112966,0.3608217593
-0.0066112966,0.3570601852
-0.0064392349,0.3645833333
-0.0066112966,0.3683449074
-0.0066112966,0.3645833333
-0.0064392349,0.3721064815
-0.0066112966,0.3758680556
-0.0066112966,0.3721064815
-0.0064392349,0.3796296296
-0.0066112966,0.3833912037
-0.0066112966,0.3796296296
-0.0064392349,0.3871527778
-0.0066112966,0.3909143519
-0.0066112966,0.3871527778
-0.0064392349,0.3946759259
-0.0066112966,0.3984375000
-0.0066112966,0.3946759259
-0.0064392349,0.4021990741
-0.0066112966,0.4059606481
-0.0066112966,0.4021990741
-0.0064392349,0.4097222222
-0.0066112966,0.4134837963
-0.0066112966,0.4097222222
-0.0064392349,0.4172453704
-0.0066112966,0.4210069444
-0.0066112966,0.4172453704
-0.0064392349,0.4247685185
-0.0066112966,0.4285300926
-0.0066112966,0.4247685185
-0.0064392349,0.4322916667
-0.0066112966,0.4360532407
-0.0066112966,0.4322916667
-0.0064392349,0.4398148148
-0.0066112966,0.4435763889
-0.0066112966,0.4398148148
-0.0064392349,0.4473379630
-0.0066112966,0.4510995370
-0.0066112966,0.4473379630
-0.0064392349,0.4548611111
-0.0066112966,0.4586226852
-0.0066112966,0.4548611111
-0.0064392349,0.4623842593
-0.0066112966,0.4661458333
-0.0066112966,0.4623842593
-0.0064392349,0.4699074074
-0.0066112966,0.4736689815
-0.0066112966,0.4699074074
-0.0064392349,0.4774305556
-0.0066112966,0.4811921296
-0.0066112966,0.4774305556
-0.0064392349,0.4849537037
-0.0066112966,0.4887152778
-0.0066112966,0.4849537037
-0.0064392349,0.4924768519
-0.0066112966,0.4962384259
-0.0066112966,0.4924768519
-0.0064392349,0.5000000000
-0.0066112966,0.5037615741
-0.0066112966,0.5000000000
-0.0064392349,0.5075231481
-0.0066112966,0.5112847222
-0.0066112966,0.5075231481
-0.0064392349,0.5150462963
-0.0066112966,0.5188078704
-0.0066112966,0.5150462963
-0.0064392349,0.5225694444
-0.0066112966,0.5263310185
-0.0066112966,0.5225694444
-0.0064392349,0.5300925926
-0.0066112966,0.5338541667
-0.0066112966,0.5300925926
-0.0064392349,0.5376157407
-0.0066112966,0.5413773148
-0.0066112966,0.5376157407
-0.0064392349,0.5451388889
-0.0066112966,0.5489004630
-0.0066112966,0.5451388889
-0.0064392349,0.5526620370
-0.0066112966,0.5564236111
-0.0066112966,0.5526620370
-0.0064392349,0.5601851852
-0.0066112966,0.5639467593
-0.0066112966,0.5601851852
-0.0064392349,0.5677083333
-0.0066112966,0.5714699074
-0.0066112966,0.5677083333
-0.0064392349,0.5752314815
-0.0066112966,0.5789930556
-0.0066112966,0.5752314815
-0.0064392349,0.5827546296
-0.0066112966,0.5865162037
-0.0066112966,0.5827546296
-0.0064392349,0.5902777778
-0.0066112966,0.5940393519
-0.0066112966,0.5902777778
-0.0064392349,0.5978009259
-0.0066112966,0.6015625000
-0.0066112966,0.5978009259
-0.0064392349,0.6053240741
-0.0066112966,0.6090856481
-0.0066112966,0.6053240741
-0.0064392349,0.6128472222
-0.0066112966,0.6166087963
-0.0066112966,0.6128472222
-0.0064392349,0.6203703704
-0.0066112966,0.6241319444
-0.0066112966,0.6203703704
-0.0064392349,0.6278935185
-0.0066112966,0.6316550926
-0.0066112966,0.6278935185
-0.0064392349,0.6354166667
-0.0066112966,0.6391782407
-0.0066112966,0.6354166667
-0.0064392349,0.6429398148
-0.0066112966,0.6467013889
-0.0066112966,0.6429398148
-0.0064392349,0.6504629630
-0.0066112966,0.6542245370
-0.0066112966,0.6504629630
-0.0064392349,0.6579861111
-0.0066112966,0.6617476852
-0.0066112966,0.6579861111
-0.0064392349,0.6655092593
-0.0066112966,0.6692708333
-0.0066112966,0.6655092593
-0.0064392349,0.6730324074
-0.0066112966,0.6767939815
-0.0066112966,0.6730324074
-0.0064392349,0.6805555556
-0.0066112966,0.6843171296
-0.0066112966,0.6805555556
-0.0064392349,0.6880787037
-0.0066112966,0.6918402778
-0.0066112966,0.6880787037
-0.0064392349,0.6956018519
-0.0066112966,0.6993634259
-0.0066112966,0.6956018519
-0.0064392349,0.7031250000
-0.0066112966,0.7068865741
-0.0066112966,0.7031250000
-0.0064392349,0.7106481481
-0.0066112966,0.7144097222
-0.0066112966,0.7106481481
-0.0064392349,0.7181712963
-0.0066112966,0.7219328704
-0.0066112966,0.7181712963
-0.0064392349,0.7256944444
-0.0066112966,0.7294560185
-0.0066112966,0.7256944444
-0.0064392349,0.7332175926
-0.0066112966,0.7369791667
-0.0066112966,0.7332175926
-0.0064392349,0.7407407407
-0.0066112966,0.7445023148
-0.0066112966,0.7407407407
-0.0064392349,0.7482638889
-0.0066112966,0.7520254630
-0.0066112966,0.7482638889
-0.0064392349,0.7557870370
-0.0066112966,0.7595486111
-0.0066112966,0.7557870370
-0.0064392349,0.7633101852
-0.0066112966,0.7670717593
-0.0066112966,0.7633101852
-0.0064392349,0.7708333333
-0.0066112966,0.7745949074
-0.0066112966,0.7708333333
-0.0064392349,0.7783564815
-0.0066112966,0.7821180556
-0.0066112966,0.7783564815
-0.0064392349,0.7858796296
-0.0066112966,0.7896412037
-0.0066112966,0.7858796296
-0.0064392349,0.7934027778
-0.0066112966,0.7971643519
-0.0066112966,0.7934027778
-0.0064392349,0.8009259259
-0.0066112966,0.8046875000
-0.0066112966,0.8009259259
-0.0064392349,0.8084490741
-0.0066112966,0.8122106481
-0.0066112966,0.8084490741
-0.0064392349,0.8159722222
-0.0066112966,0.8197337963
-0.0066112966,0.8159722222
-0.0064392349,0.8234953704
-0.0066112966,0.8272569444
-0.0066112966,0.8234953704
-0.0064392349,0.8310185185
-0.0066112966,0.8347800926
-0.0066112966,0.8310185185
-0.0064392349,0.8385416667
-0.0066112966,0.8423032407
-0.0066112966,0.8385416667
-0.0064392349,0.8460648148
-0.0066112966,0.8498263889
-0.0066112966,0.8460648148
-0.0064392349,0.8535879630
-0.0066112966,0.8573495370
-0.0066112966,0.8535879630
-0.0064392349,0.8611111111
-0.0066112966,0.8648726852
-0.0066112966,0.8611111111
-0.0064392349,0.8686342593
-0.0066112966,0.8723958333
-0.0066112966,0.8686342593
-0.0064392349,0.8761574074
-0.0066112966,0.8799189815
-0.0066112966,0.8761574074
-0.0064392349,0.8836805556
-0.0066112966,0.8874421296
-0.0066112966,0.8836805556
-0.0064392349,0.8912037037
-0.0066112966,0.8949652778
-0.0066112966,0.8912037037
-0.0064392349,0.8987268519
-0.0066112966,0.9024884259
-0.0066112966,0.8987268519
-0.0064392349,0.9062500000
-0.0066112966,0.9100115741
-0.0066112966,0.9062500000
-0.0064392349,0.9137731481
-0.0066112966,0.9175347222
-0.0066112966,0.9137731481
-0.0064392349,0.9212962963
-0.0066112966,0.9250578704
-0.0066112966,0.9212962963
-0.0064392349,0.9288194444
-0.0066112966,0.9325810185
-0.0066112966,0.9288194444
-0.0064392349,0.9363425926
-0.0066112966,0.9401041667
-0.0066112966,0.9363425926
-0.0064392349,0.9438657407
-0.0066112966,0.9476273148
-0.0066112966,0.9438657407
-0.0064392349,0.9513888889
-0.0066112966,0.9551504630
-0.0066112966,0.9513888889
-0.0064392349,0.9589120370
-0.0066112966,0.9626736111
-0.0066112966,0.9589120370
-0.0064392349,0.9664351852
-0.0066112966,0.9701967593
-0.0066112966,0.9664351852
-0.0064392349,0.9739583333
-0.0066112966,0.9777199074
-0.0066112966,0.9739583333
-0.0064392349,0.9814814815
-0.0066112966,0.9852430556
-0.0066112966,0.9814814815
-0.0064392349,0.9890046296
-0.0066112966,0.9927662037
-0.0066112966,0.9890046296
-0.0064392349,0.9965277778
-0.0066112966,1.0002893519
-0.0066112966,0.9965277778
-0.0064392349,1.0040509259
-0.0066112966,1.0040509259
-0.0060262857,-0.0040509259
-0.0062327603,-0.0002893519
-0.0062327603,-0.0040509259
-0.0060262857,0.0034722222
-0.0062327603,0.0072337963
-0.0062327603,0.0034722222
-0.0060262857,0.0109953704
-0.0062327603,0.0147569444
-0.0062327603,0.0109953704
-0.0060262857,0.0185185185
-0.0062327603,0.0222800926
-0.0062327603,0.0185185185
-0.0060262857,0.0260416667
-0.0062327603,0.0298032407
-0.0062327603,0.0260416667
-0.0060262857,0.0335648148
-0.0062327603,0.0373263889
-0.0062327603,0.0335648148
-0.0060262857,0.0410879630
-0.0062327603,0.0448495370
-0.0062327603,0.0410879630
-0.0060262857,0.0486111111
-0.0062327603,0.0523726852
-0.0062327603,0.0486111111
-0.0060262857,0.0561342593
-0.0062327603,0.0598958333
-0.0062327603,0.0561342593
-0.0060262857,0.0636574074
-0.0062327603,0.0674189815
-0.0062327603,0.0636574074
-0.0060262857,0.0711805556
-0.0062327603,0.0749421296
-0.0062327603,0.0711805556
-0.0060262857,0.0787037037
-0.0062327603,0.0824652778
-0.0062327603,0.0787037037
-0.0060262857,0.0862268519
-0.0062327603,0.0899884259
-0.0062327603,0.0862268519
-0.0060262857,0.0937500000
-0.0062327603,0.0975115741
-0.0062327603,0.0937500000
-0.0060262857,0.1012731481
-0.0062327603,0.1050347222
-0.0062327603,0.1012731481
-0.0060262857,0.1087962963
-0.0062327603,0.1125578704
-0.0062327603,0.1087962963
-0.0060262857,0.1163194444
-0.0062327603,0.1200810185
-0.0062327603,0.1163194444
-0.0060262857,0.1238425926
-0.0062327603,0.1276041667
-0.0062327603,0.1238425926
-0.0060262857,0.1313657407
-0.0062327603,0.1351273148
-0.0062327603,0.1313657407
-0.0060262857,0.1388888889
-0.0062327603,0.1426504630
-0.0062327603,0.1388888889
-0.0060262857,0.1464120370
-0.0062327603,0.1501736111
-0.0062327603,0.1464120370
-0.0060262857,0.1539351852
-0.0062327603,0.1576967593
-0.0062327603,0.1539351852
-0.0060262857,0.1614583333
-0.0062327603,0.1652199074
-0.0062327603,0.1614583333
-0.0060262857,0.1689814815
-0.0062327603,0.1727430556
-0.0062327603,0.1689814815
-0.0060262857,0.1765046296
-0.0062327603,0.1802662037
-0.0062327603,0.1765046296
-0.0060262857,0.1840277778
-0.0062327603,0.1877893519
-0.0062327603,0.1840277778
-0.0060262857,0.1915509259
-0.0062327603,0.1953125000
-0.0062327603,0.1915509259
-0.0060262857,0.1990740741
-0.0062327603,0.2028356481
-0.0062327603,0.1990740741
-0.0060262857,0.2065972222
-0.0062327603,0.2103587963
-0.0062327603,0.2065972222
-0.0060262857,0.2141203704
-0.0062327603,0.2178819444
-0.0062327603,0.2141203704
-0.0060262857,0.2216435185
-0.0062327603,0.2254050926
-0.0062327603,0.2216435185
-0.0060262857,0.2291666667
-0.0062327603,0.2329282407
-0.0062327603,0.2291666667
-0.0060262857,0.2366898148
-0.0062327603,0.2404513889
-0.0062327603,0.2366898148
-0.0060262857,0.2442129630
-0.0062327603,0.2479745370
-0.0062327603,0.2442129630
-0.0060262857,0.2517361111
-0.0062327603,0.2554976852
-0.0062327603,0.2517361111
-0.0060262857,0.2592592593
-0.0062327603,0.2630208333
-0.0062327603,0.2592592593
-0.0060262857,0.2667824074
-0.0062327603,0.2705439815
-0.0062327603,0.2667824074
-0.0060262857,0.2743055556
-0.0062327603,0.2780671296
-0.0062327603,0.2743055556
-0.0060262857,0.2818287037
-0.0062327603,0.2855902778
-0.0062327603,0.2818287037
-0.0060262857,0.2893518519
-0.0062327603,0.2931134259
-0.0062327603,0.2893518519
-0.0060262857,0.2968750000
-0.0062327603,0.3006365741
-0.0062327603,0.2968750000
-0.0060262857,0.3043981481
-0.0062327603,0.3081597222
-0.0062327603,0.3043981481
-0.0060262857,0.3119212963
-0.0062327603,0.3156828704
-0.0062327603,0.3119212963
-0.0060262857,0.3194444444
-0.0062327603,0.3232060185
-0.0062327603,0.3194444444
-0.0060262857,0.3269675926
-0.0062327603,0.3307291667
-0.0062327603,0.3269675926
-0.0060262857,0.3344907407
-0.0062327603,0.3382523148
-0.0062327603,0.3344907407
-0.0060262857,0.3420138889
-0.0062327603,0.3457754630
-0.0062327603,0.3420138889
-0.0060262857,0.3495370370
-0.0062327603,0.3532986111
-0.0062327603,0.3495370370
-0.0060262857,0.3570601852
-0.0062327603,0.3608217593
-0.0062327603,0.3570601852
-0.0060262857,0.3645833333
-0.0062327603,0.3683449074
-0.0062327603,0.3645833333
-0.0060262857,0.3721064815
-0.0062327603,0.3758680556
-0.0062327603,0.3721064815
-0.0060262857,0.3796296296
-0.0062327603,0.3833912037
-0.0062327603,0.3796296296
-0.0060262857,0.3871527778
-0.0062327603,0.3909143519
-0.0062327603,0.3871527778
-0.0060262857,0.3946759259
-0.0062327603,0.3984375000
-0.0062327603,0.3946759259
-0.0060262857,0.4021990741
-0.0062327603,0.4059606481
-0.0062327603,0.4021990741
-0.0060262857,0.4097222222
-0.0062327603,0.4134837963
-0.0062327603,0.4097222222
-0.0060262857,0.4172453704
-0.0062327603,0.4210069444
-0.0062327603,0.4172453704
-0.0060262857,0.4247685185
-0.0062327603,0.4285300926
-0.0062327603,0.4247685185
-0.0060262857,0.4322916667
-0.0062327603,0.4360532407
-0.0062327603,0.4322916667
-0.0060262857,0.4398148148
-0.0062327603,0.4435763889
-0.0062327603,0.4398148148
-0.0060262857,0.4473379630
-0.0062327603,0.4510995370
-0.0062327603,0.4473379630
-0.0060262857,0.4548611111
-0.0062327603,0.4586226852
-0.0062327603,0.4548611111
-0.0060262857,0.4623842593
-0.0062327603,0.4661458333
-0.0062327603,0.4623842593
-0.0060262857,0.4699074074
-0.0062327603,0.4736689815
-0.0062327603,0.4699074074
-0.0060262857,0.4774305556
-0.0062327603,0.4811921296
-0.0062327603,0.4774305556
-0.0060262857,0.4849537037
-0.0062327603,0.4887152778
-0.0062327603,0.4849537037
-0.0060262857,0.4924768519
-0.0062327603,0.4962384259
-0.0062327603,0.4924768519
-0.0060262857,0.5000000000
-0.0062327603,0.5037615741
-0.0062327603,0.5000000000
-0.0060262857,0.5075231481
-0.0062327603,0.5112847222
-0.0062327603,0.5075231481
-0.0060262857,0.5150462963
-0.0062327603,0.5188078704
-0.0062327603,0.5150462963
-0.0060262857,0.5225694444
-0.0062327603,0.5263310185
-0.0062327603,0.5225694444
-0.0060262857,0.5300925926
-0.0062327603,0.5338541667
-0.0062327603,0.5300925926
-0.0060262857,0.5376157407
-0.0062327603,0.5413773148
-0.0062327603,0.5376157407
-0.0060262857,0.5451388889
-0.0062327603,0.5489004630
-0.0062327603,0.5451388889
-0.0060262857,0.5526620370
-0.0062327603,0.5564236111
-0.0062327603,0.5526620370
-0.0060262857,0.5601851852
-0.0062327603,0.5639467593
-0.0062327603,0.5601851852
-0.0060262857,0.5677083333
-0.0062327603,0.5714699074
-0.0062327603,0.5677083333
-0.0060262857,0.5752314815
-0.0062327603,0.5789930556
-0.0062327603,0.5752314815
-0.0060262857,0.5827546296
-0.0062327603,0.5865162037
-0.0062327603,0.5827546296
-0.0060262857,0.5902777778
-0.0062327603,0.5940393519
-0.0062327603,0.5902777778
-0.0060262857,0.5978009259
-0.0062327603,0.6015625000
-0.0062327603,0.5978009259
-0.0060262857,0.6053240741
-0.0062327603,0.6090856481
-0.0062327603,0.6053240741
-0.0060262857,0.6128472222
-0.0062327603,0.6166087963
-0.0062327603,0.6128472222
-0.0060262857,0.6203703704
-0.0062327603,0.6241319444
-0.0062327603,0.6203703704
-0.0060262857,0.6278935185
-0.0062327603,0.6316550926
-0.0062327603,0.6278935185
-0.0060262857,0.6354166667
-0.0062327603,0.6391782407
-0.0062327603,0.6354166667
-0.0060262857,0.6429398148
-0.0062327603,0.6467013889
-0.0062327603,0.6429398148
-0.0060262857,0.6504629630
-0.0062327603,0.6542245370
-0.0062327603,0.6504629630
-0.0060262857,0.6579861111
-0.0062327603,0.6617476852
-0.0062327603,0.6579861111
-0.0060262857,0.6655092593
-0.0062327603,0.6692708333
-0.0062327603,0.6655092593
-0.0060262857,0.6730324074
-0.0062327603,0.6767939815
-0.0062327603,0.6730324074
-0.0060262857,0.6805555556
-0.0062327603,0.6843171296
-0.0062327603,0.6805555556
-0.0060262857,0.6880787037
-0.0062327603,0.6918402778
-0.0062327603,0.6880787037
-0.0060262857,0.6956018519
-0.0062327603,0.6993634259
-0.0062327603,0.6956018519
-0.0060262857,0.7031250000
-0.0062327603,0.7068865741
-0.0062327603,0.7031250000
-0.0060262857,0.7106481481
-0.0062327603,0.7144097222
-0.0062327603,0.7106481481
-0.0060262857,0.7181712963
-0.0062327603,0.7219328704
-0.0062327603,0.7181712963
-0.0060262857,0.7256944444
-0.0062327603,0.7294560185
-0.0062327603,0.7256944444
-0.0060262857,0.7332175926
-0.0062327603,0.7369791667
-0.0062327603,0.7332175926
-0.0060262857,0.7407407407
-0.0062327603,0.7445023148
-0.0062327603,0.7407407407
-0.0060262857,0.7482638889
-0.0062327603,0.7520254630
-0.0062327603,0.7482638889
-0.0060262857,0.7557870370
-0.0062327603,0.7595486111
-0.0062327603,0.7557870370
-0.0060262857,0.7633101852
-0.0062327603,0.7670717593
-0.0062327603,0.7633101852
-0.0060262857,0.7708333333
-0.0062327603,0.7745949074
-0.0062327603,0.7708333333
-0.0060262857,0.7783564815
-0.0062327603,0.7821180556
-0.0062327603,0.7783564815
-0.0060262857,0.7858796296
-0.0062327603,0.7896412037
-0.0062327603,0.7858796296
-0.0060262857,0.7934027778
-0.0062327603,0.7971643519
-0.0062327603,0.7934027778
-0.0060262857,0.8009259259
-0.0062327603,0.8046875000
-0.0062327603,0.8009259259
-0.0060262857,0.8084490741
-0.0062327603,0.8122106481
-0.0062327603,0.8084490741
-0.0060262857,0.8159722222
-0.0062327603,0.8197337963
-0.0062327603,0.8159722222
-0.0060262857,0.8234953704
-0.0062327603,0.8272569444
-0.0062327603,0.8234953704
-0.0060262857,0.8310185185
-0.0062327603,0.8347800926
-0.0062327603,0.8310185185
-0.0060262857,0.8385416667
-0.0062327603,0.8423032407
-0.0062327603,0.8385416667
-0.0060262857,0.8460648148
-0.0062327603,0.8498263889
-0.0062327603,0.8460648148
-0.0060262857,0.8535879630
-0.0062327603,0.8573495370
-0.0062327603,0.8535879630
-0.0060262857,0.8611111111
-0.0062327603,0.8648726852
-0.0062327603,0.8611111111
-0.0060262857,0.8686342593
-0.0062327603,0.8723958333
-0.0062327603,0.8686342593
-0.0060262857,0.8761574074
-0.0062327603,0.8799189815
-0.0062327603,0.8761574074
-0.0060262857,0.8836805556
-0.0062327603,0.8874421296
-0.0062327603,0.8836805556
-0.0060262857,0.8912037037
-0.0062327603,0.8949652778
-0.0062327603,0.8912037037
-0.0060262857,0.8987268519
-0.0062327603,0.9024884259
-0.0062327603,0.8987268519
-0.0060262857,0.9062500000
-0.0062327603,0.9100115741
-0.0062327603,0.9062500000
-0.0060262857,0.9137731481
-0.0062327603,0.9175347222
-0.0062327603,0.9137731481
-0.0060262857,0.9212962963
-0.0062327603,0.9250578704
-0.0062327603,0.9212962963
-0.0060262857,0.9288194444
-0.0062327603,0.9325810185
-0.0062327603,0.9288194444
-0.0060262857,0.9363425926
-0.0062327603,0.9401041667
-0.0062327603,0.9363425926
-0.0060262857,0.9438657407
-0.0062327603,0.9476273148
-0.0062327603,0.9438657407
-0.0060262857,0.9513888889
-0.0062327603,0.9551504630
-0.0062327603,0.9513888889
-0.0060262857,0.9589120370
-0.0062327603,0.9626736111
-0.0062327603,0.9589120370
-0.0060262857,0.9664351852
-0.0062327603,0.9701967593
-0.0062327603,0.9664351852
-0.0060262857,0.9739583333
-0.0062327603,0.9777199074
-0.0062327603,0.9739583333
-0.0060262857,0.9814814815
-0.0062327603,0.9852430556
-0.0062327603,0.9814814815
-0.0060262857,0.9890046296
-0.0062327603,0.9927662037
-0.0062327603,0.9890046296
-0.0060262857,0.9965277778
-0.0062327603,1.0002893519
-0.0062327603,0.9965277778
-0.0060262857,1.0040509259
-0.0062327603,1.0040509259
-0.0055307470,-0.0040509259
-0.0057785164,-0.0002893519
-0.0057785164,-0.0040509259
-0.0055307470,0.0034722222
-0.0057785164,0.0072337963
-0.0057785164,0.0034722222
-0.0055307470,0.0109953704
-0.0057785164,0.0147569444
-0.0057785164,0.0109953704
-0.0055307470,0.0185185185
-0.0057785164,0.0222800926
-0.0057785164,0.0185185185
-0.0055307470,0.0260416667
-0.0057785164,0.0298032407
-0.0057785164,0.0260416667
-0.0055307470,0.0335648148
-0.0057785164,0.0373263889
-0.0057785164,0.0335648148
-0.0055307470,0.0410879630
-0.0057785164,0.0448495370
-0.0057785164,0.0410879630
-0.0055307470,0.0486111111
-0.0057785164,0.0523726852
-0.0057785164,0.0486111111
-0.0055307470,0.0561342593
-0.0057785164,0.0598958333
-0.0057785164,0.0561342593
-0.0055307470,0.0636574074
-0.0057785164,0.0674189815
-0.0057785164,0.0636574074
-0.0055307470,0.0711805556
-0.0057785164,0.0749421296
-0.0057785164,0.0711805556
-0.0055307470,0.0787037037
-0.0057785164,0.0824652778
-0.0057785164,0.0787037037
-0.0055307470,0.0862268519
-0.0057785164,0.0899884259
-0.0057785164,0.0862268519
-0.0055307470,0.0937500000
-0.0057785164,0.0975115741
-0.0057785164,0.0937500000
-0.0055307470,0.1012731481
-0.0057785164,0.1050347222
-0.0057785164,0.1012731481
-0.0055307470,0.1087962963
-0.0057785164,0.1125578704
-0.0057785164,0.1087962963
-0.0055307470,0.1163194444
-0.0057785164,0.1200810185
-0.0057785164,0.1163194444
-0.0055307470,0.1238425926
-0.0057785164,0.1276041667
-0.0057785164,0.1238425926
-0.0055307470,0.1313657407
-0.0057785164,0.1351273148
-0.0057785164,0.1313657407
-0.0055307470,0.1388888889
-0.0057785164,0.1426504630
-0.0057785164,0.1388888889
-0.0055307470,0.1464120370
-0.0057785164,0.1501736111
-0.0057785164,0.1464120370
-0.0055307470,0.1539351852
-0.0057785164,0.1576967593
-0.0057785164,0.1539351852
-0.0055307470,0.1614583333
-0.0057785164,0.1652199074
-0.0057785164,0.1614583333
-0.0055307470,0.1689814815
-0.0057785164,0.1727430556
-0.0057785164,0.1689814815
-0.0055307470,0.1765046296
-0.0057785164,0.1802662037
-0.0057785164,0.1765046296
-0.0055307470,0.1840277778
-0.0057785164,0.1877893519
-0.0057785164,0.1840277778
-0.0055307470,0.1915509259
-0.0057785164,0.1953125000
-0.0057785164,0.1915509259
-0.0055307470,0.1990740741
-0.0057785164,0.2028356481
-0.0057785164,0.1990740741
-0.0055307470,0.2065972222
-0.0057785164,0.2103587963
-0.0057785164,0.2065972222
-0.0055307470,0.2141203704
-0.0057785164,0.2178819444
-0.0057785164,0.2141203704
-0.0055307470,0.2216435185
-0.0057785164,0.2254050926
-0.0057785164,0.2216435185
-0.0055307470,0.2291666667
-0.0057785164,0.2329282407
-0.0057785164,0.2291666667
-0.0055307470,0.2366898148
-0.0057785164,0.2404513889
-0.0057785164,0.2366898148
-0.0055307470,0.2442129630
-0.0057785164,0.2479745370
-0.0057785164,0.2442129630
-0.0055307470,0.2517361111
-0.0057785164,0.2554976852
-0.0057785164,0.2517361111
-0.0055307470,0.2592592593
-0.0057785164,0.2630208333
-0.0057785164,0.2592592593
-0.0055307470,0.2667824074
-0.0057785164,0.2705439815
-0.0057785164,0.2667824074
-0.0055307470,0.2743055556
-0.0057785164,0.2780671296
-0.0057785164,0.2743055556
-0.0055307470,0.2818287037
-0.0057785164,0.2855902778
-0.0057785164,0.2818287037
-0.0055307470,0.2893518519
-0.0057785164,0.2931134259
-0.0057785164,0.2893518519
-0.0055307470,0.2968750000
-0.0057785164,0.3006365741
-0.0057785164,0.2968750000
-0.0055307470,0.3043981481
-0.0057785164,0.3081597222
-0.0057785164,0.3043981481
-0.0055307470,0.3119212963
-0.0057785164,0.3156828704
-0.0057785164,0.3119212963
-0.0055307470,0.3194444444
-0.0057785164,0.3232060185
-0.0057785164,0.3194444444
-0.0055307470,0.3269675926
-0.0057785164,0.3307291667
-0.0057785164,0.3269675926
-0.0055307470,0.3344907407
-0.0057785164,0.3382523148
-0.0057785164,0.3344907407
-0.0055307470,0.3420138889
-0.0057785164,0.3457754630
-0.0057785164,0.3420138889
-0.0055307470,0.3495370370
-0.0057785164,0.3532986111
-0.0057785164,0.3495370370
-0.0055307470,0.3570601852
-0.0057785164,0.3608217593
-0.0057785164,0.3570601852
-0.0055307470,0.3645833333
-0.0057785164,0.3683449074
-0.0057785164,0.3645833333
-0.0055307470,0.3721064815
-0.0057785164,0.3758680556
-0.0057785164,0.3721064815
-0.0055307470,0.3796296296
-0.0057785164,0.3833912037
-0.0057785164,0.3796296296
-0.0055307470,0.3871527778
-0.0057785164,0.3909143519
-0.0057785164,0.3871527778
-0.0055307470,0.3946759259
-0.0057785164,0.3984375000
-0.0057785164,0.3946759259
-0.0055307470,0.4021990741
-0.0057785164,0.4059606481
-0.0057785164,0.4021990741
-0.0055307470,0.4097222222
-0.0057785164,0.4134837963
-0.0057785164,0.4097222222
-0.0055307470,0.4172453704
-0.0057785164,0.4210069444
-0.0057785164,0.4172453704
-0.0055307470,0.4247685185
-0.0057785164,0.4285300926
-0.0057785164,0.4247685185
-0.0055307470,0.4322916667
-0.0057785164,0.4360532407
-0.0057785164,0.4322916667
-0.0055307470,0.4398148148
-0.0057785164,0.4435763889
-0.0057785164,0.4398148148
-0.0055307470,0.4473379630
-0.0057785164,0.4510995370
-0.0057785164,0.4473379630
-0.0055307470,0.4548611111
-0.0057785164,0.4586226852
-0.0057785164,0.4548611111
-0.0055307470,0.4623842593
-0.0057785164,0.4661458333
-0.0057785164,0.4623842593
-0.0055307470,0.4699074074
-0.0057785164,0.4736689815
-0.0057785164,0.4699074074
-0.0055307470,0.4774305556
-0.0057785164,0.4811921296
-0.0057785164,0.4774305556
-0.0055307470,0.4849537037
-0.0057785164,0.4887152778
-0.0057785164,0.4849537037
-0.0055307470,0.4924768519
-0.0057785164,0.4962384259
-0.0057785164,0.4924768519
-0.0055307470,0.5000000000
-0.0057785164,0.5037615741
-0.0057785164,0.5000000000
-0.0055307470,0.5075231481
-0.0057785164,0.5112847222
-0.0057785164,0.5075231481
-0.0055307470,0.5150462963
-0.0057785164,0.5188078704
-0.0057785164,0.5150462963
-0.0055307470,0.5225694444
-0.0057785164,0.5263310185
-0.0057785164,0.5225694444
-0.0055307470,0.5300925926
-0.0057785164,0.5338541667
-0.0057785164,0.5300925926
-0.0055307470,0.5376157407
-0.0057785164,0.5413773148
-0.0057785164,0.5376157407
-0.0055307470,0.5451388889
-0.0057785164,0.5489004630
-0.0057785164,0.5451388889
-0.0055307470,0.5526620370
-0.0057785164,0.5564236111
-0.0057785164,0.5526620370
-0.0055307470,0.5601851852
-0.0057785164,0.5639467593
-0.0057785164,0.5601851852
-0.0055307470,0.5677083333
-0.0057785164,0.5714699074
-0.0057785164,0.5677083333
-0.0055307470,0.5752314815
-0.0057785164,0.5789930556
-0.0057785164,0.5752314815
-0.0055307470,0.5827546296
-0.0057785164,0.5865162037
-0.0057785164,0.5827546296
-0.0055307470,0.5902777778
-0.0057785164,0.5940393519
-0.0057785164,0.5902777778
-0.0055307470,0.5978009259
-0.0057785164,0.6015625000
-0.0057785164,0.5978009259
-0.0055307470,0.6053240741
-0.0057785164,0.6090856481
-0.0057785164,0.6053240741
-0.0055307470,0.6128472222
-0.0057785164,0.6166087963
-0.0057785164,0.6128472222
-0.0055307470,0.6203703704
-0.0057785164,0.6241319444
-0.0057785164,0.6203703704
-0.0055307470,0.6278935185
-0.0057785164,0.6316550926
-0.0057785164,0.6278935185
-0.0055307470,0.6354166667
-0.0057785164,0.6391782407
-0.0057785164,0.6354166667
-0.0055307470,0.6429398148
-0.0057785164,0.6467013889
-0.0057785164,0.6429398148
-0.0055307470,0.6504629630
-0.0057785164,0.6542245370
-0.0057785164,0.6504629630
-0.0055307470,0.6579861111
-0.0057785164,0.6617476852
-0.0057785164,0.6579861111
-0.0055307470,0.6655092593
-0.0057785164,0.6692708333
-0.0057785164,0.6655092593
-0.0055307470,0.6730324074
-0.0057785164,0.6767939815
-0.0057785164,0.6730324074
-0.0055307470,0.6805555556
-0.0057785164,0.6843171296
-0.0057785164,0.6805555556
-0.0055307470,0.6880787037
-0.0057785164,0.6918402778
-0.0057785164,0.6880787037
-0.0055307470,0.6956018519
-0.0057785164,0.6993634259
-0.0057785164,0.6956018519
-0.0055307470,0.7031250000
-0.0057785164,0.7068865741
-0.0057785164,0.7031250000
-0.0055307470,0.7106481481
-0.0057785164,0.7144097222
-0.0057785164,0.7106481481
-0.0055307470,0.7181712963
-0.0057785164,0.7219328704
-0.0057785164,0.7181712963
-0.0055307470,0.7256944444
-0.0057785164,0.7294560185
-0.0057785164,0.7256944444
-0.0055307470,0.7332175926
-0.0057785164,0.7369791667
-0.0057785164,0.7332175926
-0.0055307470,0.7407407407
-0.0057785164,0.7445023148
-0.0057785164,0.7407407407
-0.0055307470,0.7482638889
-0.0057785164,0.7520254630
-0.0057785164,0.7482638889
-0.0055307470,0.7557870370
-0.0057785164,0.7595486111
-0.0057785164,0.7557870370
-0.0055307470,0.7633101852
-0.0057785164,0.7670717593
-0.0057785164,0.7633101852
-0.0055307470,0.7708333333
-0.0057785164,0.7745949074
-0.0057785164,0.7708333333
-0.0055307470,0.7783564815
-0.0057785164,0.7821180556
-0.0057785164,0.7783564815
-0.0055307470,0.7858796296
-0.0057785164,0.7896412037
-0.0057785164,0.7858796296
-0.0055307470,0.7934027778
-0.0057785164,0.7971643519
-0.0057785164,0.7934027778
-0.0055307470,0.8009259259
-0.0057785164,0.8046875000
-0.0057785164,0.8009259259
-0.0055307470,0.8084490741
-0.0057785164,0.8122106481
-0.0057785164,0.8084490741
-0.0055307470,0.8159722222
-0.0057785164,0.8197337963
-0.0057785164,0.8159722222
-0.0055307470,0.8234953704
-0.0057785164,0.8272569444
-0.0057785164,0.8234953704
-0.0055307470,0.8310185185
-0.0057785164,0.8347800926
-0.0057785164,0.8310185185
-0.0055307470,0.8385416667
-0.0057785164,0.8423032407
-0.0057785164,0.8385416667
-0.0055307470,0.8460648148
-0.0057785164,0.8498263889
-0.0057785164,0.8460648148
-0.0055307470,0.8535879630
-0.0057785164,0.8573495370
-0.0057785164,0.8535879630
-0.0055307470,0.8611111111
-0.0057785164,0.8648726852
-0.0057785164,0.8611111111
-0.0055307470,0.8686342593
-0.0057785164,0.8723958333
-0.0057785164,0.8686342593
-0.0055307470,0.8761574074
-0.0057785164,0.8799189815
-0.0057785164,0.8761574074
-0.0055307470,0.8836805556
-0.0057785164,0.8874421296
-0.0057785164,0.8836805556
-0.0055307470,0.8912037037
-0.0057785164,0.8949652778
-0.0057785164,0.8912037037
-0.0055307470,0.8987268519
-0.0057785164,0.9024884259
-0.0057785164,0.8987268519
-0.0055307470,0.9062500000
-0.0057785164,0.9100115741
-0.0057785164,0.9062500000
-0.0055307470,0.9137731481
-0.0057785164,0.9175347222
-0.0057785164,0.9137731481
-0.0055307470,0.9212962963
-0.0057785164,0.9250578704
-0.0057785164,0.9212962963
-0.0055307470,0.9288194444
-0.0057785164,0.9325810185
-0.0057785164,0.9288194444
-0.0055307470,0.9363425926
-0.0057785164,0.9401041667
-0.0057785164,0.9363425926
-0.0055307470,0.9438657407
-0.0057785164,0.9476273148
-0.0057785164,0.9438657407
-0.0055307470,0.9513888889
-0.0057785164,0.9551504630
-0.0057785164,0.9513888889
-0.0055307470,0.9589120370
-0.0057785164,0.9626736111
-0.0057785164,0.9589120370
-0.0055307470,0.9664351852
-0.0057785164,0.9701967593
-0.0057785164,0.9664351852
-0.0055307470,0.9739583333
-0.0057785164,0.9777199074
-0.0057785164,0.9739583333
-0.0055307470,0.9814814815
-0.0057785164,0.9852430556
-0.0057785164,0.9814814815
-0.0055307470,0.9890046296
-0.0057785164,0.9927662037
-0.0057785164,0.9890046296
-0.0055307470,0.9965277778
-0.0057785164,1.0002893519
-0.0057785164,0.9965277778
-0.0055307470,1.0040509259
-0.0057785164,1.0040509259
-0.0049361014,-0.0040509259
-0.0052334242,-0.0002893519
-0.0052334242,-0.0040509259
-0.0049361014,0.0034722222
-0.0052334242,0.0072337963
-0.0052334242,0.0034722222
-0.0049361014,0.0109953704
-0.0052334242,0.0147569444
-0.0052334242,0.0109953704
-0.0049361014,0.0185185185
-0.0052334242,0.0222800926
-0.0052334242,0.0185185185
-0.0049361014,0.0260416667
-0.0052334242,0.0298032407
-0.0052334242,0.0260416667
-0.0049361014,0.0335648148
-0.0052334242,0.0373263889
-0.0052334242,0.0335648148
-0.0049361014,0.0410879630
-0.0052334242,0.0448495370
-0.0052334242,0.0410879630
-0.0049361014,0.0486111111
-0.0052334242,0.0523726852
-0.0052334242,0.0486111111
-0.0049361014,0.0561342593
-0.0052334242,0.0598958333
-0.0052334242,0.0561342593
-0.0049361014,0.0636574074
-0.0052334242,0.0674189815
-0.0052334242,0.0636574074
-0.0049361014,0.0711805556
-0.0052334242,0.0749421296
-0.0052334242,0.0711805556
-0.0049361014,0.0787037037
-0.0052334242,0.0824652778
-0.0052334242,0.0787037037
-0.0049361014,0.0862268519
-0.0052334242,0.0899884259
-0.0052334242,0.0862268519
-0.0049361014,0.0937500000
-0.0052334242,0.0975115741
-0.0052334242,0.0937500000
-0.0049361014,0.1012731481
-0.0052334242,0.1050347222
-0.0052334242,0.1012731481
-0.0049361014,0.1087962963
-0.0052334242,0.1125578704
-0.0052334242,0.1087962963
-0.0049361014,0.1163194444
-0.0052334242,0.1200810185
-0.0052334242,0.1163194444
-0.0049361014,0.1238425926
-0.0052334242,0.1276041667
-0.0052334242,0.1238425926
-0.0049361014,0.1313657407
-0.0052334242,0.1351273148
-0.0052334242,0.1313657407
-0.0049361014,0.1388888889
-0.0052334242,0.1426504630
-0.0052334242,0.1388888889
-0.0049361014,0.1464120370
-0.0052334242,0.1501736111
-0.0052334242,0.1464120370
-0.0049361014,0.1539351852
-0.0052334242,0.1576967593
-0.0052334242,0.1539351852
-0.0049361014,0.1614583333
-0.0052334242,0.1652199074
-0.0052334242,0.1614583333
-0.0049361014,0.1689814815
-0.0052334242,0.1727430556
-0.0052334242,0.1689814815
-0.0049361014,0.1765046296
-0.0052334242,0.1802662037
-0.0052334242,0.1765046296
-0.0049361014,0.1840277778
-0.0052334242,0.1877893519
-0.0052334242,0.1840277778
-0.0049361014,0.1915509259
-0.0052334242,0.1953125000
-0.0052334242,0.1915509259
-0.0049361014,0.1990740741
-0.0052334242,0.2028356481
-0.0052334242,0.1990740741
-0.0049361014,0.2065972222
-0.0052334242,0.2103587963
-0.0052334242,0.2065972222
-0.0049361014,0.2141203704
-0.0052334242,0.2178819444
-0.0052334242,0.2141203704
-0.0049361014,0.2216435185
-0.0052334242,0.2254050926
-0.0052334242,0.2216435185
-0.0049361014,0.2291666667
-0.0052334242,0.2329282407
-0.0052334242,0.2291666667
-0.0049361014,0.2366898148
-0.0052334242,0.2404513889
-0.0052334242,0.2366898148
-0.0049361014,0.2442129630
-0.0052334242,0.2479745370
-0.0052334242,0.2442129630
-0.0049361014,0.2517361111
-0.0052334242,0.2554976852
-0.0052334242,0.2517361111
-0.0049361014,0.2592592593
-0.0052334242,0.2630208333
-0.0052334242,0.2592592593
-0.0049361014,0.2667824074
-0.0052334242,0.2705439815
-0.0052334242,0.2667824074
-0.0049361014,0.2743055556
-0.0052334242,0.2780671296
-0.0052334242,0.2743055556
-0.0049361014,0.2818287037
-0.0052334242,0.2855902778
-0.0052334242,0.2818287037
-0.0049361014,0.2893518519
-0.0052334242,0.2931134259
-0.0052334242,0.2893518519
-0.0049361014,0.2968750000
-0.0052334242,0.3006365741
-0.0052334242,0.2968750000
-0.0049361014,0.3043981481
-0.0052334242,0.3081597222
-0.0052334242,0.3043981481
-0.0049361014,0.3119212963
-0.0052334242,0.3156828704
-0.0052334242,0.3119212963
-0.0049361014,0.3194444444
-0.0052334242,0.3232060185
-0.0052334242,0.3194444444
-0.0049361014,0.3269675926
-0.0052334242,0.3307291667
-0.0052334242,0.3269675926
-0.0049361014,0.3344907407
-0.0052334242,0.3382523148
-0.0052334242,0.3344907407
-0.0049361014,0.3420138889
-0.0052334242,0.3457754630
-0.0052334242,0.3420138889
-0.0049361014,0.3495370370
-0.0052334242,0.3532986111
-0.0052334242,0.3495370370
-0.0049361014,0.3570601852
-0.0052334242,0.3608217593
-0.0052334242,0.3570601852
-0.0049361014,0.3645833333
-0.0052334242,0.3683449074
-0.0052334242,0.3645833333
-0.0049361014,0.3721064815
-0.0052334242,0.3758680556
-0.0052334242,0.3721064815
-0.0049361014,0.3796296296
-0.0052334242,0.3833912037
-0.0052334242,0.3796296296
-0.0049361014,0.3871527778
-0.0052334242,0.3909143519
-0.0052334242,0.3871527778
-0.0049361014,0.3946759259
-0.0052334242,0.3984375000
-0.0052334242,0.3946759259
-0.0049361014,0.4021990741
-0.0052334242,0.4059606481
-0.0052334242,0.4021990741
-0.0049361014,0.4097222222
-0.0052334242,0.4134837963
-0.0052334242,0.4097222222
-0.0049361014,0.4172453704
-0.0052334242,0.4210069444
-0.0052334242,0.4172453704
-0.0049361014,0.4247685185
-0.0052334242,0.4285300926
-0.0052334242,0.4247685185
-0.0049361014,0.4322916667
-0.0052334242,0.4360532407
-0.0052334242,0.4322916667
-0.0049361014,0.4398148148
-0.0052334242,0.4435763889
-0.0052334242,0.4398148148
-0.0049361014,0.4473379630
-0.0052334242,0.4510995370
-0.0052334242,0.4473379630
-0.0049361014,0.4548611111
-0.0052334242,0.4586226852
-0.0052334242,0.4548611111
-0.0049361014,0.4623842593
-0.0052334242,0.4661458333
-0.0052334242,0.4623842593
-0.0049361014,0.4699074074
-0.0052334242,0.4736689815
-0.0052334242,0.4699074074
-0.0049361014,0.4774305556
-0.0052334242,0.4811921296
-0.0052334242,0.4774305556
-0.0049361014,0.4849537037
-0.0052334242,0.4887152778
-0.0052334242,0.4849537037
-0.0049361014,0.4924768519
-0.0052334242,0.4962384259
-0.0052334242,0.4924768519
-0.0049361014,0.5000000000
-0.0052334242,0.5037615741
-0.0052334242,0.5000000000
-0.0049361014,0.5075231481
-0.0052334242,0.5112847222
-0.0052334242,0.5075231481
-0.0049361014,0.5150462963
-0.0052334242,0.5188078704
-0.0052334242,0.5150462963
-0.0049361014,0.5225694444
-0.0052334242,0.5263310185
-0.0052334242,0.5225694444
-0.0049361014,0.5300925926
-0.0052334242,0.5338541667
-0.0052334242,0.5300925926
-0.0049361014,0.5376157407
-0.0052334242,0.5413773148
-0.0052334242,0.5376157407
-0.0049361014,0.5451388889
-0.0052334242,0.5489004630
-0.0052334242,0.5451388889
-0.0049361014,0.5526620370
-0.0052334242,0.5564236111
-0.0052334242,0.5526620370
-0.0049361014,0.5601851852
-0.0052334242,0.5639467593
-0.0052334242,0.5601851852
-0.0049361014,0.5677083333
-0.0052334242,0.5714699074
-0.0052334242,0.5677083333
-0.0049361014,0.5752314815
-0.0052334242,0.5789930556
-0.0052334242,0.5752314815
-0.0049361014,0.5827546296
-0.0052334242,0.5865162037
-0.0052334242,0.5827546296
-0.0049361014,0.5902777778
-0.0052334242,0.5940393519
-0.0052334242,0.5902777778
-0.0049361014,0.5978009259
-0.0052334242,0.6015625000
-0.0052334242,0.5978009259
-0.0049361014,0.6053240741
-0.0052334242,0.6090856481
-0.0052334242,0.6053240741
-0.0049361014,0.6128472222
-0.0052334242,0.6166087963
-0.0052334242,0.6128472222
-0.0049361014,0.6203703704
-0.0052334242,0.6241319444
-0.0052334242,0.6203703704
-0.0049361014,0.6278935185
-0.0052334242,0.6316550926
-0.0052334242,0.6278935185
-0.0049361014,0.6354166667
-0.0052334242,0.6391782407
-0.0052334242,0.6354166667
-0.0049361014,0.6429398148
-0.0052334242,0.6467013889
-0.0052334242,0.6429398148
-0.0049361014,0.6504629630
-0.0052334242,0.6542245370
-0.0052334242,0.6504629630
-0.0049361014,0.6579861111
-0.0052334242,0.6617476852
-0.0052334242,0.6579861111
-0.0049361014,0.6655092593
-0.0052334242,0.6692708333
-0.0052334242,0.6655092593
-0.0049361014,0.6730324074
-0.0052334242,0.6767939815
-0.0052334242,0.6730324074
-0.0049361014,0.6805555556
-0.0052334242,0.6843171296
-0.0052334242,0.6805555556
-0.0049361014,0.6880787037
-0.0052334242,0.6918402778
-0.0052334242,0.6880787037
-0.0049361014,0.6956018519
-0.0052334242,0.6993634259
-0.0052334242,0.6956018519
-0.0049361014,0.7031250000
-0.0052334242,0.7068865741
-0.0052334242,0.7031250000
-0.0049361014,0.7106481481
-0.0052334242,0.7144097222
-0.0052334242,0.7106481481
-0.0049361014,0.7181712963
-0.0052334242,0.7219328704
-0.0052334242,0.7181712963
-0.0049361014,0.7256944444
-0.0052334242,0.7294560185
-0.0052334242,0.7256944444
-0.0049361014,0.7332175926
-0.0052334242,0.7369791667
-0.0052334242,0.7332175926
-0.0049361014,0.7407407407
-0.0052334242,0.7445023148
-0.0052334242,0.7407407407
-0.0049361014,0.7482638889
-0.0052334242,0.7520254630
-0.0052334242,0.7482638889
-0.0049361014,0.7557870370
-0.0052334242,0.7595486111
-0.0052334242,0.7557870370
-0.0049361014,0.7633101852
-0.0052334242,0.7670717593
-0.0052334242,0.7633101852
-0.0049361014,0.7708333333
-0.0052334242,0.7745949074
-0.0052334242,0.7708333333
-0.0049361014,0.7783564815
-0.0052334242,0.7821180556
-0.0052334242,0.7783564815
-0.0049361014,0.7858796296
-0.0052334242,0.7896412037
-0.0052334242,0.7858796296
-0.0049361014,0.7934027778
-0.0052334242,0.7971643519
-0.0052334242,0.7934027778
-0.0049361014,0.8009259259
-0.0052334242,0.8046875000
-0.0052334242,0.8009259259
-0.0049361014,0.8084490741
-0.0052334242,0.8122106481
-0.0052334242,0.8084490741
-0.0049361014,0.8159722222
-0.0052334242,0.8197337963
-0.0052334242,0.8159722222
-0.0049361014,0.8234953704
-0.0052334242,0.8272569444
-0.0052334242,0.8234953704
-0.0049361014,0.8310185185
-0.0052334242,0.8347800926
-0.0052334242,0.8310185185
-0.0049361014,0.8385416667
-0.0052334242,0.8423032407
-0.0052334242,0.8385416667
-0.0049361014,0.8460648148
-0.0052334242,0.8498263889
-0.0052334242,0.8460648148
-0.0049361014,0.8535879630
-0.0052334242,0.8573495370
-0.0052334242,0.8535879630
-0.0049361014,0.8611111111
-0.0052334242,0.8648726852
-0.0052334242,0.8611111111
-0.0049361014,0.8686342593
-0.0052334242,0.8723958333
-0.0052334242,0.8686342593
-0.0049361014,0.8761574074
-0.0052334242,0.8799189815
-0.0052334242,0.8761574074
-0.0049361014,0.8836805556
-0.0052334242,0.8874421296
-0.0052334242,0.8836805556
-0.0049361014,0.8912037037
-0.0052334242,0.8949652778
-0.0052334242,0.8912037037
-0.0049361014,0.8987268519
-0.0052334242,0.9024884259
-0.0052334242,0.8987268519
-0.0049361014,0.9062500000
-0.0052334242,0.9100115741
-0.0052334242,0.9062500000
-0.0049361014,0.9137731481
-0.0052334242,0.9175347222
-0.0052334242,0.9137731481
-0.0049361014,0.9212962963
-0.0052334242,0.9250578704
-0.0052334242,0.9212962963
-0.0049361014,0.9288194444
-0.0052334242,0.9325810185
-0.0052334242,0.9288194444
-0.0049361014,0.9363425926
-0.0052334242,0.9401041667
-0.0052334242,0.9363425926
-0.0049361014,0.9438657407
-0.0052334242,0.9476273148
-0.0052334242,0.9438657407
-0.0049361014,0.9513888889
-0.0052334242,0.9551504630
-0.0052334242,0.9513888889
-0.0049361014,0.9589120370
-0.0052334242,0.9626736111
-0.0052334242,0.9589120370
-0.0049361014,0.9664351852
-0.0052334242,0.9701967593
-0.0052334242,0.9664351852
-0.0049361014,0.9739583333
-0.0052334242,0.9777199074
-0.0052334242,0.9739583333
-0.0049361014,0.9814814815
-0.0052334242,0.9852430556
-0.0052334242,0.9814814815
-0.0049361014,0.9890046296
-0.0052334242,0.9927662037
-0.0052334242,0.9890046296
-0.0049361014,0.9965277778
-0.0052334242,1.0002893519
-0.0052334242,0.9965277778
-0.0049361014,1.0040509259
-0.0052334242,1.0040509259
-0.0042225256,-0.0040509259
-0.0045793135,-0.0002893519
-0.0045793135,-0.0040509259
-0.0042225256,0.0034722222
-0.0045793135,0.0072337963
-0.0045793135,0.0034722222
-0.0042225256,0.0109953704
-0.0045793135,0.0147569444
-0.0045793135,0.0109953704
-0.0042225256,0.0185185185
-0.0045793135,0.0222800926
-0.0045793135,0.0185185185
-0.0042225256,0.0260416667
-0.0045793135,0.0298032407
-0.0045793135,0.0260416667
-0.0042225256,0.0335648148
-0.0045793135,0.0373263889
-0.0045793135,0.0335648148
-0.0042225256,0.0410879630
-0.0045793135,0.0448495370
-0.0045793135,0.0410879630
-0.0042225256,0.0486111111
-0.0045793135,0.0523726852
-0.0045793135,0.0486111111
-0.0042225256,0.0561342593
-0.0045793135,0.0598958333
-0.0045793135,0.0561342593
-0.0042225256,0.0636574074
-0.0045793135,0.0674189815
-0.0045793135,0.0636574074
-0.0042225256,0.0711805556
-0.0045793135,0.0749421296
-0.0045793135,0.0711805556
-0.0042225256,0.0787037037
-0.0045793135,0.0824652778
-0.0045793135,0.0787037037
-0.0042225256,0.0862268519
-0.0045793135,0.0899884259
-0.0045793135,0.0862268519
-0.0042225256,0.0937500000
-0.0045793135,0.0975115741
-0.0045793135,0.0937500000
-0.0042225256,0.1012731481
-0.0045793135,0.1050347222
-0.0045793135,0.1012731481
-0.0042225256,0.1087962963
-0.0045793135,0.1125578704
-0.0045793135,0.1087962963
-0.0042225256,0.1163194444
-0.0045793135,0.1200810185
-0.0045793135,0.1163194444
-0.0042225256,0.1238425926
-0.0045793135,0.1276041667
-0.0045793135,0.1238425926
-0.0042225256,0.1313657407
-0.0045793135,0.1351273148
-0.0045793135,0.1313657407
-0.0042225256,0.1388888889
-0.0045793135,0.1426504630
-0.0045793135,0.1388888889
-0.0042225256,0.1464120370
-0.0045793135,0.1501736111
-0.0045793135,0.1464120370
-0.0042225256,0.1539351852
-0.0045793135,0.1576967593
-0.0045793135,0.1539351852
-0.0042225256,0.1614583333
-0.0045793135,0.1652199074
-0.0045793135,0.1614583333
-0.0042225256,0.1689814815
-0.0045793135,0.1727430556
-0.0045793135,0.1689814815
-0.0042225256,0.1765046296
-0.0045793135,0.1802662037
-0.0045793135,0.1765046296
-0.0042225256,0.1840277778
-0.0045793135,0.1877893519
-0.0045793135,0.1840277778
-0.0042225256,0.1915509259
-0.0045793135,0.1953125000
-0.0045793135,0.1915509259
-0.0042225256,0.1990740741
-0.0045793135,0.2028356481
-0.0045793135,0.1990740741
-0.0042225256,0.2065972222
-0.0045793135,0.2103587963
-0.0045793135,0.2065972222
-0.0042225256,0.2141203704
-0.0045793135,0.2178819444
-0.0045793135,0.2141203704
-0.0042225256,0.2216435185
-0.0045793135,0.2254050926
-0.0045793135,0.2216435185
-0.0042225256,0.2291666667
-0.0045793135,0.2329282407
-0.0045793135,0.2291666667
-0.0042225256,0.2366898148
-0.0045793135,0.2404513889
-0.0045793135,0.2366898148
-0.0042225256,0.2442129630
-0.0045793135,0.2479745370
-0.0045793135,0.2442129630
-0.0042225256,0.2517361111
-0.0045793135,0.2554976852
-0.0045793135,0.2517361111
-0.0042225256,0.2592592593
-0.0045793135,0.2630208333
-0.0045793135,0.2592592593
-0.0042225256,0.2667824074
-0.0045793135,0.2705439815
-0.0045793135,0.2667824074
-0.0042225256,0.2743055556
-0.0045793135,0.2780671296
-0.0045793135,0.2743055556
-0.0042225256,0.2818287037
-0.0045793135,0.2855902778
-0.0045793135,0.2818287037
-0.0042225256,0.2893518519
-0.0045793135,0.2931134259
-0.0045793135,0.2893518519
-0.0042225256,0.2968750000
-0.0045793135,0.3006365741
-0.0045793135,0.2968750000
-0.0042225256,0.3043981481
-0.0045793135,0.3081597222
-0.0045793135,0.3043981481
-0.0042225256,0.3119212963
-0.0045793135,0.3156828704
-0.0045793135,0.3119212963
-0.0042225256,0.3194444444
-0.0045793135,0.3232060185
-0.0045793135,0.3194444444
-0.0042225256,0.3269675926
-0.0045793135,0.3307291667
-0.0045793135,0.3269675926
-0.0042225256,0.3344907407
-0.0045793135,0.3382523148
-0.0045793135,0.3344907407
-0.0042225256,0.3420138889
-0.0045793135,0.3457754630
-0.0045793135,0.3420138889
-0.0042225256,0.3495370370
-0.0045793135,0.3532986111
-0.0045793135,0.3495370370
-0.0042225256,0.3570601852
-0.0045793135,0.3608217593
-0.0045793135,0.3570601852
-0.0042225256,0.3645833333
-0.0045793135,0.3683449074
-0.0045793135,0.3645833333
-0.0042225256,0.3721064815
-0.0045793135,0.3758680556
-0.0045793135,0.3721064815
-0.0042225256,0.3796296296
-0.0045793135,0.3833912037
-0.0045793135,0.3796296296
-0.0042225256,0.3871527778
-0.0045793135,0.3909143519
-0.0045793135,0.3871527778
-0.0042225256,0.3946759259
-0.0045793135,0.3984375000
-0.0045793135,0.3946759259
-0.0042225256,0.4021990741
-0.0045793135,0.4059606481
-0.0045793135,0.4021990741
-0.0042225256,0.4097222222
-0.0045793135,0.4134837963
-0.0045793135,0.4097222222
-0.0042225256,0.4172453704
-0.0045793135,0.4210069444
-0.0045793135,0.4172453704
-0.0042225256,0.4247685185
-0.0045793135,0.4285300926
-0.0045793135,0.4247685185
-0.0042225256,0.4322916667
-0.0045793135,0.4360532407
-0.0045793135,0.4322916667
-0.0042225256,0.4398148148
-0.0045793135,0.4435763889
-0.0045793135,0.4398148148
-0.0042225256,0.4473379630
-0.0045793135,0.4510995370
-0.0045793135,0.4473379630
-0.0042225256,0.4548611111
-0.0045793135,0.4586226852
-0.0045793135,0.4548611111
-0.0042225256,0.4623842593
-0.0045793135,0.4661458333
-0.0045793135,0.4623842593
-0.0042225256,0.4699074074
-0.0045793135,0.4736689815
-0.0045793135,0.4699074074
-0.0042225256,0.4774305556
-0.0045793135,0.4811921296
-0.0045793135,0.4774305556
-0.0042225256,0.4849537037
-0.0045793135,0.4887152778
-0.0045793135,0.4849537037
-0.0042225256,0.4924768519
-0.0045793135,0.4962384259
-0.0045793135,0.4924768519
-0.0042225256,0.5000000000
-0.0045793135,0.5037615741
-0.0045793135,0.5000000000
-0.0042225256,0.5075231481
-0.0045793135,0.5112847222
-0.0045793135,0.5075231481
-0.0042225256,0.5150462963
-0.0045793135,0.5188078704
-0.0045793135,0.5150462963
-0.0042225256,0.5225694444
-0.0045793135,0.5263310185
-0.0045793135,0.5225694444
-0.0042225256,0.5300925926
-0.0045793135,0.5338541667
-0.0045793135,0.5300925926
-0.0042225256,0.5376157407
-0.0045793135,0.5413773148
-0.0045793135,0.5376157407
-0.0042225256,0.5451388889
-0.0045793135,0.5489004630
-0.0045793135,0.5451388889
-0.0042225256,0.5526620370
-0.0045793135,0.5564236111
-0.0045793135,0.5526620370
-0.0042225256,0.5601851852
-0.0045793135,0.5639467593
-0.0045793135,0.5601851852
-0.0042225256,0.5677083333
-0.0045793135,0.5714699074
-0.0045793135,0.5677083333
-0.0042225256,0.5752314815
-0.0045793135,0.5789930556
-0.0045793135,0.5752314815
-0.0042225256,0.5827546296
-0.0045793135,0.5865162037
-0.0045793135,0.5827546296
-0.0042225256,0.5902777778
-0.0045793135,0.5940393519
-0.0045793135,0.5902777778
-0.0042225256,0.5978009259
-0.0045793135,0.6015625000
-0.0045793135,0.5978009259
-0.0042225256,0.6053240741
-0.0045793135,0.6090856481
-0.0045793135,0.6053240741
-0.0042225256,0.6128472222
-0.0045793135,0.6166087963
-0.0045793135,0.6128472222
-0.0042225256,0.6203703704
-0.0045793135,0.6241319444
-0.0045793135,0.6203703704
-0.0042225256,0.6278935185
-0.0045793135,0.6316550926
-0.0045793135,0.6278935185
-0.0042225256,0.6354166667
-0.0045793135,0.6391782407
-0.0045793135,0.6354166667
-0.0042225256,0.6429398148
-0.0045793135,0.6467013889
-0.0045793135,0.6429398148
-0.0042225256,0.6504629630
-0.0045793135,0.6542245370
-0.0045793135,0.6504629630
-0.0042225256,0.6579861111
-0.0045793135,0.6617476852
-0.0045793135,0.6579861111
-0.0042225256,0.6655092593
-0.0045793135,0.6692708333
-0.0045793135,0.6655092593
-0.0042225256,0.6730324074
-0.0045793135,0.6767939815
-0.0045793135,0.6730324074
-0.0042225256,0.6805555556
-0.0045793135,0.6843171296
-0.0045793135,0.6805555556
-0.0042225256,0.6880787037
-0.0045793135,0.6918402778
-0.0045793135,0.6880787037
-0.0042225256,0.6956018519
-0.0045793135,0.6993634259
-0.0045793135,0.6956018519
-0.0042225256,0.7031250000
-0.0045793135,0.7068865741
-0.0045793135,0.7031250000
-0.0042225256,0.7106481481
-0.0045793135,0.7144097222
-0.0045793135,0.7106481481
-0.0042225256,0.7181712963
-0.0045793135,0.7219328704
-0.0045793135,0.7181712963
-0.0042225256,0.7256944444
-0.0045793135,0.7294560185
-0.0045793135,0.7256944444
-0.0042225256,0.7332175926
-0.0045793135,0.7369791667
-0.0045793135,0.7332175926
-0.0042225256,0.7407407407
-0.0045793135,0.7445023148
-0.0045793135,0.7407407407
-0.0042225256,0.7482638889
-0.0045793135,0.7520254630
-0.0045793135,0.7482638889
-0.0042225256,0.7557870370
-0.0045793135,0.7595486111
-0.0045793135,0.7557870370
-0.0042225256,0.7633101852
-0.0045793135,0.7670717593
-0.0045793135,0.7633101852
-0.0042225256,0.7708333333
-0.0045793135,0.7745949074
-0.0045793135,0.7708333333
-0.0042225256,0.7783564815
-0.0045793135,0.7821180556
-0.0045793135,0.7783564815
-0.0042225256,0.7858796296
-0.0045793135,0.7896412037
-0.0045793135,0.7858796296
-0.0042225256,0.7934027778
-0.0045793135,0.7971643519
-0.0045793135,0.7934027778
-0.0042225256,0.8009259259
-0.0045793135,0.8046875000
-0.0045793135,0.8009259259
-0.0042225256,0.8084490741
-0.0045793135,0.8122106481
-0.0045793135,0.8084490741
-0.0042225256,0.8159722222
-0.0045793135,0.8197337963
-0.0045793135,0.8159722222
-0.0042225256,0.8234953704
-0.0045793135,0.8272569444
-0.0045793135,0.8234953704
-0.0042225256,0.8310185185
-0.0045793135,0.8347800926
-0.0045793135,0.8310185185
-0.0042225256,0.8385416667
-0.0045793135,0.8423032407
-0.0045793135,0.8385416667
-0.0042225256,0.8460648148
-0.0045793135,0.8498263889
-0.0045793135,0.8460648148
-0.0042225256,0.8535879630
-0.0045793135,0.8573495370
-0.0045793135,0.8535879630
-0.0042225256,0.8611111111
-0.0045793135,0.8648726852
-0.0045793135,0.8611111111
-0.0042225256,0.8686342593
-0.0045793135,0.8723958333
-0.0045793135,0.8686342593
-0.0042225256,0.8761574074
-0.0045793135,0.8799189815
-0.0045793135,0.8761574074
-0.0042225256,0.8836805556
-0.0045793135,0.8874421296
-0.0045793135,0.8836805556
-0.0042225256,0.8912037037
-0.0045793135,0.8949652778
-0.0045793135,0.8912037037
-0.0042225256,0.8987268519
-0.0045793135,0.9024884259
-0.0045793135,0.8987268519
-0.0042225256,0.9062500000
-0.0045793135,0.9100115741
-0.0045793135,0.9062500000
-0.0042225256,0.9137731481
-0.0045793135,0.9175347222
-0.0045793135,0.9137731481
-0.0042225256,0.9212962963
-0.0045793135,0.9250578704
-0.0045793135,0.9212962963
-0.0042225256,0.9288194444
-0.0045793135,0.9325810185
-0.0045793135,0.9288194444
-0.0042225256,0.9363425926
-0.0045793135,0.9401041667
-0.0045793135,0.9363425926
-0.0042225256,0.9438657407
-0.0045793135,0.9476273148
-0.0045793135,0.9438657407
-0.0042225256,0.9513888889
-0.0045793135,0.9551504630
-0.0045793135,0.9513888889
-0.0042225256,0.9589120370
-0.0045793135,0.9626736111
-0.0045793135,0.9589120370
-0.0042225256,0.9664351852
-0.0045793135,0.9701967593
-0.0045793135,0.9664351852
-0.0042225256,0.9739583333
-0.0045793135,0.9777199074
-0.0045793135,0.9739583333
-0.0042225256,0.9814814815
-0.0045793135,0.9852430556
-0.0045793135,0.9814814815
-0.0042225256,0.9890046296
-0.0045793135,0.9927662037
-0.0045793135,0.9890046296
-0.0042225256,0.9965277778
-0.0045793135,1.0002893519
-0.0045793135,0.9965277778
-0.0042225256,1.0040509259
-0.0045793135,1.0040509259
-0.0033662342,-0.0040509259
-0.0037943799,-0.0002893519
-0.0037943799,-0.0040509259
-0.0033662342,0.0034722222
-0.0037943799,0.0072337963
-0.0037943799,0.0034722222
-0.0033662342,0.0109953704
-0.0037943799,0.0147569444
-0.0037943799,0.0109953704
-0.0033662342,0.0185185185
-0.0037943799,0.0222800926
-0.0037943799,0.0185185185
-0.0033662342,0.0260416667
-0.0037943799,0.0298032407
-0.0037943799,0.0260416667
-0.0033662342,0.0335648148
-0.0037943799,0.0373263889
-0.0037943799,0.0335648148
-0.0033662342,0.0410879630
-0.0037943799,0.0448495370
-0.0037943799,0.0410879630
-0.0033662342,0.0486111111
-0.0037943799,0.0523726852
-0.0037943799,0.0486111111
-0.0033662342,0.0561342593
-0.0037943799,0.0598958333
-0.0037943799,0.0561342593
-0.0033662342,0.0636574074
-0.0037943799,0.0674189815
-0.0037943799,0.0636574074
-0.0033662342,0.0711805556
-0.0037943799,0.0749421296
-0.0037943799,0.0711805556
-0.0033662342,0.0787037037
-0.0037943799,0.0824652778
-0.0037943799,0.0787037037
-0.0033662342,0.0862268519
-0.0037943799,0.0899884259
-0.0037943799,0.0862268519
-0.0033662342,0.0937500000
-0.0037943799,0.0975115741
-0.0037943799,0.0937500000
-0.0033662342,0.1012731481
-0.0037943799,0.1050347222
-0.0037943799,0.1012731481
-0.0033662342,0.1087962963
-0.0037943799,0.1125578704
-0.0037943799,0.1087962963
-0.0033662342,0.1163194444
-0.0037943799,0.1200810185
-0.0037943799,0.1163194444
-0.0033662342,0.1238425926
-0.0037943799,0.1276041667
-0.0037943799,0.1238425926
-0.0033662342,0.1313657407
-0.0037943799,0.1351273148
-0.0037943799,0.1313657407
-0.0033662342,0.1388888889
-0.0037943799,0.1426504630
-0.0037943799,0.1388888889
-0.0033662342,0.1464120370
-0.0037943799,0.1501736111
-0.0037943799,0.1464120370
-0.0033662342,0.1539351852
-0.0037943799,0.1576967593
-0.0037943799,0.1539351852
-0.0033662342,0.1614583333
-0.0037943799,0.1652199074
-0.0037943799,0.1614583333
-0.0033662342,0.1689814815
-0.0037943799,0.1727430556
-0.0037943799,0.1689814815
-0.0033662342,0.1765046296
-0.0037943799,0.1802662037
-0.0037943799,0.1765046296
-0.0033662342,0.1840277778
-0.0037943799,0.1877893519
-0.0037943799,0.1840277778
-0.0033662342,0.1915509259
-0.0037943799,0.1953125000
-0.0037943799,0.1915509259
-0.0033662342,0.1990740741
-0.0037943799,0.2028356481
-0.0037943799,0.1990740741
-0.0033662342,0.2065972222
-0.0037943799,0.2103587963
-0.0037943799,0.2065972222
-0.0033662342,0.2141203704
-0.0037943799,0.2178819444
-0.0037943799,0.2141203704
-0.0033662342,0.2216435185
-0.0037943799,0.2254050926
-0.0037943799,0.2216435185
-0.0033662342,0.2291666667
-0.0037943799,0.2329282407
-0.0037943799,0.2291666667
-0.0033662342,0.2366898148
-0.0037943799,0.2404513889
-0.0037943799,0.2366898148
-0.0033662342,0.2442129630
-0.0037943799,0.2479745370
-0.0037943799,0.2442129630
-0.0033662342,0.2517361111
-0.0037943799,0.2554976852
-0.0037943799,0.2517361111
-0.0033662342,0.2592592593
-0.0037943799,0.2630208333
-0.0037943799,0.2592592593
-0.0033662342,0.2667824074
-0.0037943799,0.2705439815
-0.0037943799,0.2667824074
-0.0033662342,0.2743055556
-0.0037943799,0.2780671296
-0.0037943799,0.2743055556
-0.0033662342,0.2818287037
-0.0037943799,0.2855902778
-0.0037943799,0.2818287037
-0.0033662342,0.2893518519
-0.0037943799,0.2931134259
-0.0037943799,0.2893518519
-0.0033662342,0.2968750000
-0.0037943799,0.3006365741
-0.0037943799,0.2968750000
-0.0033662342,0.3043981481
-0.0037943799,0.3081597222
-0.0037943799,0.3043981481
-0.0033662342,0.3119212963
-0.0037943799,0.3156828704
-0.0037943799,0.3119212963
-0.0033662342,0.3194444444
-0.0037943799,0.3232060185
-0.0037943799,0.3194444444
-0.0033662342,0.3269675926
-0.0037943799,0.3307291667
-0.0037943799,0.3269675926
-0.0033662342,0.3344907407
-0.0037943799,0.3382523148
-0.0037943799,0.3344907407
-0.0033662342,0.3420138889
-0.0037943799,0.3457754630
-0.0037943799,0.3420138889
-0.0033662342,0.3495370370
-0.0037943799,0.3532986111
-0.0037943799,0.3495370370
-0.0033662342,0.3570601852
-0.0037943799,0.3608217593
-0.0037943799,0.3570601852
-0.0033662342,0.3645833333
-0.0037943799,0.3683449074
-0.0037943799,0.3645833333
-0.0033662342,0.3721064815
-0.0037943799,0.3758680556
-0.0037943799,0.3721064815
-0.0033662342,0.3796296296
-0.0037943799,0.3833912037
-0.0037943799,0.3796296296
-0.0033662342,0.3871527778
-0.0037943799,0.3909143519
-0.0037943799,0.3871527778
-0.0033662342,0.3946759259
-0.0037943799,0.3984375000
-0.0037943799,0.3946759259
-0.0033662342,0.4021990741
-0.0037943799,0.4059606481
-0.0037943799,0.4021990741
-0.0033662342,0.4097222222
-0.0037943799,0.4134837963
-0.0037943799,0.4097222222
-0.0033662342,0.4172453704
-0.0037943799,0.4210069444
-0.0037943799,0.4172453704
-0.0033662342,0.4247685185
-0.0037943799,0.4285300926
-0.0037943799,0.4247685185
-0.0033662342,0.4322916667
-0.0037943799,0.4360532407
-0.0037943799,0.4322916667
-0.0033662342,0.4398148148
-0.0037943799,0.4435763889
-0.0037943799,0.4398148148
-0.0033662342,0.4473379630
-0.0037943799,0.4510995370
-0.0037943799,0.4473379630
-0.0033662342,0.4548611111
-0.0037943799,0.4586226852
-0.0037943799,0.4548611111
-0.0033662342,0.4623842593
-0.0037943799,0.4661458333
-0.0037943799,0.4623842593
-0.0033662342,0.4699074074
-0.0037943799,0.4736689815
-0.0037943799,0.4699074074
-0.0033662342,0.4774305556
-0.0037943799,0.4811921296
-0.0037943799,0.4774305556
-0.0033662342,0.4849537037
-0.0037943799,0.4887152778
-0.0037943799,0.4849537037
-0.0033662342,0.4924768519
-0.0037943799,0.4962384259
-0.0037943799,0.4924768519
-0.0033662342,0.5000000000
-0.0037943799,0.5037615741
-0.0037943799,0.5000000000
-0.0033662342,0.5075231481
-0.0037943799,0.5112847222
-0.0037943799,0.5075231481
-0.0033662342,0.5150462963
-0.0037943799,0.5188078704
-0.0037943799,0.5150462963
-0.0033662342,0.5225694444
-0.0037943799,0.5263310185
-0.0037943799,0.5225694444
-0.0033662342,0.5300925926
-0.0037943799,0.5338541667
-0.0037943799,0.5300925926
-0.0033662342,0.5376157407
-0.0037943799,0.5413773148
-0.0037943799,0.5376157407
-0.0033662342,0.5451388889
-0.0037943799,0.5489004630
-0.0037943799,0.5451388889
-0.0033662342,0.5526620370
-0.0037943799,0.5564236111
-0.0037943799,0.5526620370
-0.0033662342,0.5601851852
-0.0037943799,0.5639467593
-0.0037943799,0.5601851852
-0.0033662342,0.5677083333
-0.0037943799,0.5714699074
-0.0037943799,0.5677083333
-0.0033662342,0.5752314815
-0.0037943799,0.5789930556
-0.0037943799,0.5752314815
-0.0033662342,0.5827546296
-0.0037943799,0.5865162037
-0.0037943799,0.5827546296
-0.0033662342,0.5902777778
-0.0037943799,0.5940393519
-0.0037943799,0.5902777778
-0.0033662342,0.5978009259
-0.0037943799,0.6015625000
-0.0037943799,0.5978009259
-0.0033662342,0.6053240741
-0.0037943799,0.6090856481
-0.0037943799,0.6053240741
-0.0033662342,0.6128472222
-0.0037943799,0.6166087963
-0.0037943799,0.6128472222
-0.0033662342,0.6203703704
-0.0037943799,0.6241319444
-0.0037943799,0.6203703704
-0.0033662342,0.6278935185
-0.0037943799,0.6316550926
-0.0037943799,0.6278935185
-0.0033662342,0.6354166667
-0.0037943799,0.6391782407
-0.0037943799,0.6354166667
-0.0033662342,0.6429398148
-0.0037943799,0.6467013889
-0.0037943799,0.6429398148
-0.0033662342,0.6504629630
-0.0037943799,0.6542245370
-0.0037943799,0.6504629630
-0.0033662342,0.6579861111
-0.0037943799,0.6617476852
-0.0037943799,0.6579861111
-0.0033662342,0.6655092593
-0.0037943799,0.6692708333
-0.0037943799,0.6655092593
-0.0033662342,0.6730324074
-0.0037943799,0.6767939815
-0.0037943799,0.6730324074
-0.0033662342,0.6805555556
-0.0037943799,0.6843171296
-0.0037943799,0.6805555556
-0.0033662342,0.6880787037
-0.0037943799,0.6918402778
-0.0037943799,0.6880787037
-0.0033662342,0.6956018519
-0.0037943799,0.6993634259
-0.0037943799,0.6956018519
-0.0033662342,0.7031250000
-0.0037943799,0.7068865741
-0.0037943799,0.7031250000
-0.0033662342,0.7106481481
-0.0037943799,0.7144097222
-0.0037943799,0.7106481481
-0.0033662342,0.7181712963
-0.0037943799,0.7219328704
-0.0037943799,0.7181712963
-0.0033662342,0.7256944444
-0.0037943799,0.7294560185
-0.0037943799,0.7256944444
-0.0033662342,0.7332175926
-0.0037943799,0.7369791667
-0.0037943799,0.7332175926
-0.0033662342,0.7407407407
-0.0037943799,0.7445023148
-0.0037943799,0.7407407407
-0.0033662342,0.7482638889
-0.0037943799,0.7520254630
-0.0037943799,0.7482638889
-0.0033662342,0.7557870370
-0.0037943799,0.7595486111
-0.0037943799,0.7557870370
-0.0033662342,0.7633101852
-0.0037943799,0.7670717593
-0.0037943799,0.7633101852
-0.0033662342,0.7708333333
-0.0037943799,0.7745949074
-0.0037943799,0.7708333333
-0.0033662342,0.7783564815
-0.0037943799,0.7821180556
-0.0037943799,0.7783564815
-0.0033662342,0.7858796296
-0.0037943799,0.7896412037
-0.0037943799,0.7858796296
-0.0033662342,0.7934027778
-0.0037943799,0.7971643519
-0.0037943799,0.7934027778
-0.0033662342,0.8009259259
-0.0037943799,0.8046875000
-0.0037943799,0.8009259259
-0.0033662342,0.8084490741
-0.0037943799,0.8122106481
-0.0037943799,0.8084490741
-0.0033662342,0.8159722222
-0.0037943799,0.8197337963
-0.0037943799,0.8159722222
-0.0033662342,0.8234953704
-0.0037943799,0.8272569444
-0.0037943799,0.8234953704
-0.0033662342,0.8310185185
-0.0037943799,0.8347800926
-0.0037943799,0.8310185185
-0.0033662342,0.8385416667
-0.0037943799,0.8423032407
-0.0037943799,0.8385416667
-0.0033662342,0.8460648148
-0.0037943799,0.8498263889
-0.0037943799,0.8460648148
-0.0033662342,0.8535879630
-0.0037943799,0.8573495370
-0.0037943799,0.8535879630
-0.0033662342,0.8611111111
-0.0037943799,0.8648726852
-0.0037943799,0.8611111111
-0.0033662342,0.8686342593
-0.0037943799,0.8723958333
-0.0037943799,0.8686342593
-0.0033662342,0.8761574074
-0.0037943799,0.8799189815
-0.0037943799,0.8761574074
-0.0033662342,0.8836805556
-0.0037943799,0.8874421296
-0.0037943799,0.8836805556
-0.0033662342,0.8912037037
-0.0037943799,0.8949652778
-0.0037943799,0.8912037037
-0.0033662342,0.8987268519
-0.0037943799,0.9024884259
-0.0037943799,0.8987268519
-0.0033662342,0.9062500000
-0.0037943799,0.9100115741
-0.0037943799,0.9062500000
-0.0033662342,0.9137731481
-0.0037943799,0.9175347222
-0.0037943799,0.9137731481
-0.0033662342,0.9212962963
-0.0037943799,0.9250578704
-0.0037943799,0.9212962963
-0.0033662342,0.9288194444
-0.0037943799,0.9325810185
-0.0037943799,0.9288194444
-0.0033662342,0.9363425926
-0.0037943799,0.9401041667
-0.0037943799,0.9363425926
-0.0033662342,0.9438657407
-0.0037943799,0.9476273148
-0.0037943799,0.9438657407
-0.0033662342,0.9513888889
-0.0037943799,0.9551504630
-0.0037943799,0.9513888889
-0.0033662342,0.9589120370
-0.0037943799,0.9626736111
-0.0037943799,0.9589120370
-0.0033662342,0.9664351852
-0.0037943799,0.9701967593
-0.0037943799,0.9664351852
-0.0033662342,0.9739583333
-0.0037943799,0.9777199074
-0.0037943799,0.9739583333
-0.0033662342,0.9814814815
-0.0037943799,0.9852430556
-0.0037943799,0.9814814815
-0.0033662342,0.9890046296
-0.0037943799,0.9927662037
-0.0037943799,0.9890046296
-0.0033662342,0.9965277778
-0.0037943799,1.0002893519
-0.0037943799,0.9965277778
-0.0033662342,1.0040509259
-0.0037943799,1.0040509259
-0.0023386853,-0.0040509259
-0.0028524598,-0.0002893519
-0.0028524598,-0.0040509259
-0.0023386853,0.0034722222
-0.0028524598,0.0072337963
-0.0028524598,0.0034722222
-0.0023386853,0.0109953704
-0.0028524598,0.0147569444
-0.0028524598,0.0109953704
-0.0023386853,0.0185185185
-0.0028524598,0.0222800926
-0.0028524598,0.0185185185
-0.0023386853,0.0260416667
-0.0028524598,0.0298032407
-0.0028524598,0.0260416667
-0.0023386853,0.0335648148
-0.0028524598,0.0373263889
-0.0028524598,0.0335648148
-0.0023386853,0.0410879630
-0.0028524598,0.0448495370
-0.0028524598,0.0410879630
-0.0023386853,0.0486111111
-0.0028524598,0.0523726852
-0.0028524598,0.0486111111
-0.0023386853,0.0561342593
-0.0028524598,0.0598958333
-0.0028524598,0.0561342593
-0.0023386853,0.0636574074
-0.0028524598,0.0674189815
-0.0028524598,0.0636574074
-0.0023386853,0.0711805556
-0.0028524598,0.0749421296
-0.0028524598,0.0711805556
-0.0023386853,0.0787037037
-0.0028524598,0.0824652778
-0.0028524598,0.0787037037
-0.0023386853,0.0862268519
-0.0028524598,0.0899884259
-0.0028524598,0.0862268519
-0.0023386853,0.0937500000
-0.0028524598,0.0975115741
-0.0028524598,0.0937500000
-0.0023386853,0.1012731481
-0.0028524598,0.1050347222
-0.0028524598,0.1012731481
-0.0023386853,0.1087962963
-0.0028524598,0.1125578704
-0.0028524598,0.1087962963
-0.0023386853,0.1163194444
-0.0028524598,0.1200810185
-0.0028524598,0.1163194444
-0.0023386853,0.1238425926
-0.0028524598,0.1276041667
-0.0028524598,0.1238425926
-0.0023386853,0.1313657407
-0.0028524598,0.1351273148
-0.0028524598,0.1313657407
-0.0023386853,0.1388888889
-0.0028524598,0.1426504630
-0.0028524598,0.1388888889
-0.0023386853,0.1464120370
-0.0028524598,0.1501736111
-0.0028524598,0.1464120370
-0.0023386853,0.1539351852
-0.0028524598,0.1576967593
-0.0028524598,0.1539351852
-0.0023386853,0.1614583333
-0.0028524598,0.1652199074
-0.0028524598,0.1614583333
-0.0023386853,0.1689814815
-0.0028524598,0.1727430556
-0.0028524598,0.1689814815
-0.0023386853,0.1765046296
-0.0028524598,0.1802662037
-0.0028524598,0.1765046296
-0.0023386853,0.1840277778
-0.0028524598,0.1877893519
-0.0028524598,0.1840277778
-0.0023386853,0.1915509259
-0.0028524598,0.1953125000
-0.0028524598,0.1915509259
-0.0023386853,0.1990740741
-0.0028524598,0.2028356481
-0.0028524598,0.1990740741
-0.0023386853,0.2065972222
-0.0028524598,0.2103587963
-0.0028524598,0.2065972222
-0.0023386853,0.2141203704
-0.0028524598,0.2178819444
-0.0028524598,0.2141203704
-0.0023386853,0.2216435185
-0.0028524598,0.2254050926
-0.0028524598,0.2216435185
-0.0023386853,0.2291666667
-0.0028524598,0.2329282407
-0.0028524598,0.2291666667
-0.0023386853,0.2366898148
-0.0028524598,0.2404513889
-0.0028524598,0.2366898148
-0.0023386853,0.2442129630
-0.0028524598,0.2479745370
-0.0028524598,0.2442129630
-0.0023386853,0.2517361111
-0.0028524598,0.2554976852
-0.0028524598,0.2517361111
-0.0023386853,0.2592592593
-0.0028524598,0.2630208333
-0.0028524598,0.2592592593
-0.0023386853,0.2667824074
-0.0028524598,0.2705439815
-0.0028524598,0.2667824074
-0.0023386853,0.2743055556
-0.0028524598,0.2780671296
-0.0028524598,0.2743055556
-0.0023386853,0.2818287037
-0.0028524598,0.2855902778
-0.0028524598,0.2818287037
-0.0023386853,0.2893518519
-0.0028524598,0.2931134259
-0.0028524598,0.2893518519
-0.0023386853,0.2968750000
-0.0028524598,0.3006365741
-0.0028524598,0.2968750000
-0.0023386853,0.3043981481
-0.0028524598,0.3081597222
-0.0028524598,0.3043981481
-0.0023386853,0.3119212963
-0.0028524598,0.3156828704
-0.0028524598,0.3119212963
-0.0023386853,0.3194444444
-0.0028524598,0.3232060185
-0.0028524598,0.3194444444
-0.0023386853,0.3269675926
-0.0028524598,0.3307291667
-0.0028524598,0.3269675926
-0.0023386853,0.3344907407
-0.0028524598,0.3382523148
-0.0028524598,0.3344907407
-0.0023386853,0.3420138889
-0.0028524598,0.3457754630
-0.0028524598,0.3420138889
-0.0023386853,0.3495370370
-0.0028524598,0.3532986111
-0.0028524598,0.3495370370
-0.0023386853,0.3570601852
-0.0028524598,0.3608217593
-0.0028524598,0.3570601852
-0.0023386853,0.3645833333
-0.0028524598,0.3683449074
-0.0028524598,0.3645833333
-0.0023386853,0.3721064815
-0.0028524598,0.3758680556
-0.0028524598,0.3721064815
-0.0023386853,0.3796296296
-0.0028524598,0.3833912037
-0.0028524598,0.3796296296
-0.0023386853,0.3871527778
-0.0028524598,0.3909143519
-0.0028524598,0.3871527778
-0.0023386853,0.3946759259
-0.0028524598,0.3984375000
-0.0028524598,0.3946759259
-0.0023386853,0.4021990741
-0.0028524598,0.4059606481
-0.0028524598,0.4021990741
-0.0023386853,0.4097222222
-0.0028524598,0.4134837963
-0.0028524598,0.4097222222
-0.0023386853,0.4172453704
-0.0028524598,0.4210069444
-0.0028524598,0.4172453704
-0.0023386853,0.4247685185
-0.0028524598,0.4285300926
-0.0028524598,0.4247685185
-0.0023386853,0.4322916667
-0.0028524598,0.4360532407
-0.0028524598,0.4322916667
-0.0023386853,0.4398148148
-0.0028524598,0.4435763889
-0.0028524598,0.4398148148
-0.0023386853,0.4473379630
-0.0028524598,0.4510995370
-0.0028524598,0.4473379630
-0.0023386853,0.4548611111
-0.0028524598,0.4586226852
-0.0028524598,0.4548611111
-0.0023386853,0.4623842593
-0.0028524598,0.4661458333
-0.0028524598,0.4623842593
-0.0023386853,0.4699074074
-0.0028524598,0.4736689815
-0.0028524598,0.4699074074
-0.0023386853,0.4774305556
-0.0028524598,0.4811921296
-0.0028524598,0.4774305556
-0.0023386853,0.4849537037
-0.0028524598,0.4887152778
-0.0028524598,0.4849537037
-0.0023386853,0.4924768519
-0.0028524598,0.4962384259
-0.0028524598,0.4924768519
-0.0023386853,0.5000000000
-0.0028524598,0.5037615741
-0.0028524598,0.5000000000
-0.0023386853,0.5075231481
-0.0028524598,0.5112847222
-0.0028524598,0.5075231481
-0.0023386853,0.5150462963
-0.0028524598,0.5188078704
-0.0028524598,0.5150462963
-0.0023386853,0.5225694444
-0.0028524598,0.5263310185
-0.0028524598,0.5225694444
-0.0023386853,0.5300925926
-0.0028524598,0.5338541667
-0.0028524598,0.5300925926
-0.0023386853,0.5376157407
-0.0028524598,0.5413773148
-0.0028524598,0.5376157407
-0.0023386853,0.5451388889
-0.0028524598,0.5489004630
-0.0028524598,0.5451388889
-0.0023386853,0.5526620370
-0.0028524598,0.5564236111
-0.0028524598,0.5526620370
-0.0023386853,0.5601851852
-0.0028524598,0.5639467593
-0.0028524598,0.5601851852
-0.0023386853,0.5677083333
-0.0028524598,0.5714699074
-0.0028524598,0.5677083333
-0.0023386853,0.5752314815
-0.0028524598,0.5789930556
-0.0028524598,0.5752314815
-0.0023386853,0.5827546296
-0.0028524598,0.5865162037
-0.0028524598,0.5827546296
-0.0023386853,0.5902777778
-0.0028524598,0.5940393519
-0.0028524598,0.5902777778
-0.0023386853,0.5978009259
-0.0028524598,0.6015625000
-0.0028524598,0.5978009259
-0.0023386853,0.6053240741
-0.0028524598,0.6090856481
-0.0028524598,0.6053240741
-0.0023386853,0.6128472222
-0.0028524598,0.6166087963
-0.0028524598,0.6128472222
-0.0023386853,0.6203703704
-0.0028524598,0.6241319444
-0.0028524598,0.6203703704
-0.0023386853,0.6278935185
-0.0028524598,0.6316550926
-0.0028524598,0.6278935185
-0.0023386853,0.6354166667
-0.0028524598,0.6391782407
-0.0028524598,0.6354166667
-0.0023386853,0.6429398148
-0.0028524598,0.6467013889
-0.0028524598,0.6429398148
-0.0023386853,0.6504629630
-0.0028524598,0.6542245370
-0.0028524598,0.6504629630
-0.0023386853,0.6579861111
-0.0028524598,0.6617476852
-0.0028524598,0.6579861111
-0.0023386853,0.6655092593
-0.0028524598,0.6692708333
-0.0028524598,0.6655092593
-0.0023386853,0.6730324074
-0.0028524598,0.6767939815
-0.0028524598,0.6730324074
-0.0023386853,0.6805555556
-0.0028524598,0.6843171296
-0.0028524598,0.6805555556
-0.0023386853,0.6880787037
-0.0028524598,0.6918402778
-0.0028524598,0.6880787037
-0.0023386853,0.6956018519
-0.0028524598,0.6993634259
-0.0028524598,0.6956018519
-0.0023386853,0.7031250000
-0.0028524598,0.7068865741
-0.0028524598,0.7031250000
-0.0023386853,0.7106481481
-0.0028524598,0.7144097222
-0.0028524598,0.7106481481
-0.0023386853,0.7181712963
-0.0028524598,0.7219328704
-0.0028524598,0.7181712963
-0.0023386853,0.7256944444
-0.0028524598,0.7294560185
-0.0028524598,0.7256944444
-0.0023386853,0.7332175926
-0.0028524598,0.7369791667
-0.0028524598,0.7332175926
-0.0023386853,0.7407407407
-0.0028524598,0.7445023148
-0.0028524598,0.7407407407
-0.0023386853,0.7482638889
-0.0028524598,0.7520254630
-0.0028524598,0.7482638889
-0.0023386853,0.7557870370
-0.0028524598,0.7595486111
-0.0028524598,0.7557870370
-0.0023386853,0.7633101852
-0.0028524598,0.7670717593
-0.0028524598,0.7633101852
-0.0023386853,0.7708333333
-0.0028524598,0.7745949074
-0.0028524598,0.7708333333
-0.0023386853,0.7783564815
-0.0028524598,0.7821180556
-0.0028524598,0.7783564815
-0.0023386853,0.7858796296
-0.0028524598,0.7896412037
-0.0028524598,0.7858796296
-0.0023386853,0.7934027778
-0.0028524598,0.7971643519
-0.0028524598,0.7934027778
-0.0023386853,0.8009259259
-0.0028524598,0.8046875000
-0.0028524598,0.8009259259
-0.0023386853,0.8084490741
-0.0028524598,0.8122106481
-0.0028524598,0.8084490741
-0.0023386853,0.8159722222
-0.0028524598,0.8197337963
-0.0028524598,0.8159722222
-0.0023386853,0.8234953704
-0.0028524598,0.8272569444
-0.0028524598,0.8234953704
-0.0023386853,0.8310185185
-0.0028524598,0.8347800926
-0.0028524598,0.8310185185
-0.0023386853,0.8385416667
-0.0028524598,0.8423032407
-0.0028524598,0.8385416667
-0.0023386853,0.8460648148
-0.0028524598,0.8498263889
-0.0028524598,0.8460648148
-0.0023386853,0.8535879630
-0.0028524598,0.8573495370
-0.0028524598,0.8535879630
-0.0023386853,0.8611111111
-0.0028524598,0.8648726852
-0.0028524598,0.8611111111
-0.0023386853,0.8686342593
-0.0028524598,0.8723958333
-0.0028524598,0.8686342593
-0.0023386853,0.8761574074
-0.0028524598,0.8799189815
-0.0028524598,0.8761574074
-0.0023386853,0.8836805556
-0.0028524598,0.8874421296
-0.0028524598,0.8836805556
-0.0023386853,0.8912037037
-0.0028524598,0.8949652778
-0.0028524598,0.8912037037
-0.0023386853,0.8987268519
-0.0028524598,0.9024884259
-0.0028524598,0.8987268519
-0.0023386853,0.9062500000
-0.0028524598,0.9100115741
-0.0028524598,0.9062500000
-0.0023386853,0.9137731481
-0.0028524598,0.9175347222
-0.0028524598,0.9137731481
-0.0023386853,0.9212962963
-0.0028524598,0.9250578704
-0.0028524598,0.9212962963
-0.0023386853,0.9288194444
-0.0028524598,0.9325810185
-0.0028524598,0.9288194444
-0.0023386853,0.9363425926
-0.0028524598,0.9401041667
-0.0028524598,0.9363425926
-0.0023386853,0.9438657407
-0.0028524598,0.9476273148
-0.0028524598,0.9438657407
-0.0023386853,0.9513888889
-0.0028524598,0.9551504630
-0.0028524598,0.9513888889
-0.0023386853,0.9589120370
-0.0028524598,0.9626736111
-0.0028524598,0.9589120370
-0.0023386853,0.9664351852
-0.0028524598,0.9701967593
-0.0028524598,0.9664351852
-0.0023386853,0.9739583333
-0.0028524598,0.9777199074
-0.0028524598,0.9739583333
-0.0023386853,0.9814814815
-0.0028524598,0.9852430556
-0.0028524598,0.9814814815
-0.0023386853,0.9890046296
-0.0028524598,0.9927662037
-0.0028524598,0.9890046296
-0.0023386853,0.9965277778
-0.0028524598,1.0002893519
-0.0028524598,0.9965277778
-0.0023386853,1.0040509259
-0.0028524598,1.0040509259
-0.0011056267,-0.0040509259
-0.0017221560,-0.0002893519
-0.0017221560,-0.0040509259
-0.0011056267,0.0034722222
-0.0017221560,0.0072337963
-0.0017221560,0.0034722222
-0.0011056267,0.0109953704
-0.0017221560,0.0147569444
-0.0017221560,0.0109953704
-0.0011056267,0.0185185185
-0.0017221560,0.0222800926
-0.0017221560,0.0185185185
-0.0011056267,0.0260416667
-0.0017221560,0.0298032407
-0.0017221560,0.0260416667
-0.0011056267,0.0335648148
-0.0017221560,0.0373263889
-0.0017221560,0.0335648148
-0.0011056267,0.0410879630
-0.0017221560,0.0448495370
-0.0017221560,0.0410879630
-0.0011056267,0.0486111111
-0.0017221560,0.0523726852
-0.0017221560,0.0486111111
-0.0011056267,0.0561342593
-0.0017221560,0.0598958333
-0.0017221560,0.0561342593
-0.0011056267,0.0636574074
-0.0017221560,0.0674189815
-0.0017221560,0.0636574074
-0.0011056267,0.0711805556
-0.0017221560,0.0749421296
-0.0017221560,0.0711805556
-0.0011056267,0.0787037037
-0.0017221560,0.0824652778
-0.0017221560,0.0787037037
-0.0011056267,0.0862268519
-0.0017221560,0.0899884259
-0.0017221560,0.0862268519
-0.0011056267,0.0937500000
-0.0017221560,0.0975115741
-0.0017221560,0.0937500000
-0.0011056267,0.1012731481
-0.0017221560,0.1050347222
-0.0017221560,0.1012731481
-0.0011056267,0.1087962963
-0.0017221560,0.1125578704
-0.0017221560,0.1087962963
-0.0011056267,0.1163194444
-0.0017221560,0.1200810185
-0.0017221560,0.1163194444
-0.0011056267,0.1238425926
-0.0017221560,0.1276041667
-0.0017221560,0.1238425926
-0.0011056267,0.1313657407
-0.0017221560,0.1351273148
-0.0017221560,0.1313657407
-0.0011056267,0.1388888889
-0.0017221560,0.1426504630
-0.0017221560,0.1388888889
-0.0011056267,0.1464120370
-0.0017221560,0.1501736111
-0.0017221560,0.1464120370
-0.0011056267,0.1539351852
-0.0017221560,0.1576967593
-0.0017221560,0.1539351852
-0.0011056267,0.1614583333
-0.0017221560,0.1652199074
-0.0017221560,0.1614583333
-0.0011056267,0.1689814815
-0.0017221560,0.1727430556
-0.0017221560,0.1689814815
-0.0011056267,0.1765046296
-0.0017221560,0.1802662037
-0.0017221560,0.1765046296
-0.0011056267,0.1840277778
-0.0017221560,0.1877893519
-0.0017221560,0.1840277778
-0.0011056267,0.1915509259
-0.0017221560,0.1953125000
-0.0017221560,0.1915509259
-0.0011056267,0.1990740741
-0.0017221560,0.2028356481
-0.0017221560,0.1990740741
-0.0011056267,0.2065972222
-0.0017221560,0.2103587963
-0.0017221560,0.2065972222
-0.0011056267,0.2141203704
-0.0017221560,0.2178819444
-0.0017221560,0.2141203704
-0.0011056267,0.2216435185
-0.0017221560,0.2254050926
-0.0017221560,0.2216435185
-0.0011056267,0.2291666667
-0.0017221560,0.2329282407
-0.0017221560,0.2291666667
-0.0011056267,0.2366898148
-0.0017221560,0.2404513889
-0.0017221560,0.2366898148
-0.0011056267,0.2442129630
-0.0017221560,0.2479745370
-0.0017221560,0.2442129630
-0.0011056267,0.2517361111
-0.0017221560,0.2554976852
-0.0017221560,0.2517361111
-0.0011056267,0.2592592593
-0.0017221560,0.2630208333
-0.0017221560,0.2592592593
-0.0011056267,0.2667824074
-0.0017221560,0.2705439815
-0.0017221560,0.2667824074
-0.0011056267,0.2743055556
-0.0017221560,0.2780671296
-0.0017221560,0.2743055556
-0.0011056267,0.2818287037
-0.0017221560,0.2855902778
-0.0017221560,0.2818287037
-0.0011056267,0.2893518519
-0.0017221560,0.2931134259
-0.0017221560,0.2893518519
-0.0011056267,0.2968750000
-0.0017221560,0.3006365741
-0.0017221560,0.2968750000
-0.0011056267,0.3043981481
-0.0017221560,0.3081597222
-0.0017221560,0.3043981481
-0.0011056267,0.3119212963
-0.0017221560,0.3156828704
-0.0017221560,0.3119212963
-0.0011056267,0.3194444444
-0.0017221560,0.3232060185
-0.0017221560,0.3194444444
-0.0011056267,0.3269675926
-0.0017221560,0.3307291667
-0.0017221560,0.3269675926
-0.0011056267,0.3344907407
-0.0017221560,0.3382523148
-0.0017221560,0.3344907407
-0.0011056267,0.3420138889
-0.0017221560,0.3457754630
-0.0017221560,0.3420138889
-0.0011056267,0.3495370370
-0.0017221560,0.3532986111
-0.0017221560,0.3495370370
-0.0011056267,0.3570601852
-0.0017221560,0.3608217593
-0.0017221560,0.3570601852
-0.0011056267,0.3645833333
-0.0017221560,0.3683449074
-0.0017221560,0.3645833333
-0.0011056267,0.3721064815
-0.0017221560,0.3758680556
-0.0017221560,0.3721064815
-0.0011056267,0.3796296296
-0.0017221560,0.3833912037
-0.0017221560,0.3796296296
-0.0011056267,0.3871527778
-0.0017221560,0.3909143519
-0.0017221560,0.3871527778
-0.0011056267,0.3946759259
-0.0017221560,0.3984375000
-0.0017221560,0.3946759259
-0.0011056267,0.4021990741
-0.0017221560,0.4059606481
-0.0017221560,0.4021990741
-0.0011056267,0.4097222222
-0.0017221560,0.4134837963
-0.0017221560,0.4097222222
-0.0011056267,0.4172453704
-0.0017221560,0.4210069444
-0.0017221560,0.4172453704
-0.0011056267,0.4247685185
-0.0017221560,0.4285300926
-0.0017221560,0.4247685185
-0.0011056267,0.4322916667
-0.0017221560,0.4360532407
-0.0017221560,0.4322916667
-0.0011056267,0.4398148148
-0.0017221560,0.4435763889
-0.0017221560,0.4398148148
-0.0011056267,0.4473379630
-0.0017221560,0.4510995370
-0.0017221560,0.4473379630
-0.0011056267,0.4548611111
-0.0017221560,0.4586226852
-0.0017221560,0.4548611111
-0.0011056267,0.4623842593
-0.0017221560,0.4661458333
-0.0017221560,0.4623842593
-0.0011056267,0.4699074074
-0.0017221560,0.4736689815
-0.0017221560,0.4699074074
-0.0011056267,0.4774305556
-0.0017221560,0.4811921296
-0.0017221560,0.4774305556
-0.0011056267,0.4849537037
-0.0017221560,0.4887152778
-0.0017221560,0.4849537037
-0.0011056267,0.4924768519
-0.0017221560,0.4962384259
-0.0017221560,0.4924768519
-0.0011056267,0.5000000000
-0.0017221560,0.5037615741
-0.0017221560,0.5000000000
-0.0011056267,0.5075231481
-0.0017221560,0.5112847222
-0.0017221560,0.5075231481
-0.0011056267,0.5150462963
-0.0017221560,0.5188078704
-0.0017221560,0.5150462963
-0.0011056267,0.5225694444
-0.0017221560,0.5263310185
-0.0017221560,0.5225694444
-0.0011056267,0.5300925926
-0.0017221560,0.5338541667
-0.0017221560,0.5300925926
-0.0011056267,0.5376157407
-0.0017221560,0.5413773148
-0.0017221560,0.5376157407
-0.0011056267,0.5451388889
-0.0017221560,0.5489004630
-0.0017221560,0.5451388889
-0.0011056267,0.5526620370
-0.0017221560,0.5564236111
-0.0017221560,0.5526620370
-0.0011056267,0.5601851852
-0.0017221560,0.5639467593
-0.0017221560,0.5601851852
-0.0011056267,0.5677083333
-0.0017221560,0.5714699074
-0.0017221560,0.5677083333
-0.0011056267,0.5752314815
-0.0017221560,0.5789930556
-0.0017221560,0.5752314815
-0.0011056267,0.5827546296
-0.0017221560,0.5865162037
-0.0017221560,0.5827546296
-0.0011056267,0.5902777778
-0.0017221560,0.5940393519
-0.0017221560,0.5902777778
-0.0011056267,0.5978009259
-0.0017221560,0.6015625000
-0.0017221560,0.5978009259
-0.0011056267,0.6053240741
-0.0017221560,0.6090856481
-0.0017221560,0.6053240741
-0.0011056267,0.6128472222
-0.0017221560,0.6166087963
-0.0017221560,0.6128472222
-0.0011056267,0.6203703704
-0.0017221560,0.6241319444
-0.0017221560,0.6203703704
-0.0011056267,0.6278935185
-0.0017221560,0.6316550926
-0.0017221560,0.6278935185
-0.0011056267,0.6354166667
-0.0017221560,0.6391782407
-0.0017221560,0.6354166667
-0.0011056267,0.6429398148
-0.0017221560,0.6467013889
-0.0017221560,0.6429398148
-0.0011056267,0.6504629630
-0.0017221560,0.6542245370
-0.0017221560,0.6504629630
-0.0011056267,0.6579861111
-0.0017221560,0.6617476852
-0.0017221560,0.6579861111
-0.0011056267,0.6655092593
-0.0017221560,0.6692708333
-0.0017221560,0.6655092593
-0.0011056267,0.6730324074
-0.0017221560,0.6767939815
-0.0017221560,0.6730324074
-0.0011056267,0.6805555556
-0.0017221560,0.6843171296
-0.0017221560,0.6805555556
-0.0011056267,0.6880787037
-0.0017221560,0.6918402778
-0.0017221560,0.6880787037
-0.0011056267,0.6956018519
-0.0017221560,0.6993634259
-0.0017221560,0.6956018519
-0.0011056267,0.7031250000
-0.0017221560,0.7068865741
-0.0017221560,0.7031250000
-0.0011056267,0.7106481481
-0.0017221560,0.7144097222
-0.0017221560,0.7106481481
-0.0011056267,0.7181712963
-0.0017221560,0.7219328704
-0.0017221560,0.7181712963
-0.0011056267,0.7256944444
-0.0017221560,0.7294560185
-0.0017221560,0.7256944444
-0.0011056267,0.7332175926
-0.0017221560,0.7369791667
-0.0017221560,0.7332175926
-0.0011056267,0.7407407407
-0.0017221560,0.7445023148
-0.0017221560,0.7407407407
-0.0011056267,0.7482638889
-0.0017221560,0.7520254630
-0.0017221560,0.7482638889
-0.0011056267,0.7557870370
-0.0017221560,0.7595486111
-0.0017221560,0.7557870370
-0.0011056267,0.7633101852
-0.0017221560,0.7670717593
-0.0017221560,0.7633101852
-0.0011056267,0.7708333333
-0.0017221560,0.7745949074
-0.0017221560,0.7708333333
-0.0011056267,0.7783564815
-0.0017221560,0.7821180556
-0.0017221560,0.7783564815
-0.0011056267,0.7858796296
-0.0017221560,0.7896412037
-0.0017221560,0.7858796296
-0.0011056267,0.7934027778
-0.0017221560,0.7971643519
-0.0017221560,0.7934027778
-0.0011056267,0.8009259259
-0.0017221560,0.8046875000
-0.0017221560,0.8009259259
-0.0011056267,0.8084490741
-0.0017221560,0.8122106481
-0.0017221560,0.8084490741
-0.0011056267,0.8159722222
-0.0017221560,0.8197337963
-0.0017221560,0.8159722222
-0.0011056267,0.8234953704
-0.0017221560,0.8272569444
-0.0017221560,0.8234953704
-0.0011056267,0.8310185185
-0.0017221560,0.8347800926
-0.0017221560,0.8310185185
-0.0011056267,0.8385416667
-0.0017221560,0.8423032407
-0.0017221560,0.8385416667
-0.0011056267,0.8460648148
-0.0017221560,0.8498263889
-0.0017221560,0.8460648148
-0.0011056267,0.8535879630
-0.0017221560,0.8573495370
-0.0017221560,0.8535879630
-0.0011056267,0.8611111111
-0.0017221560,0.8648726852
-0.0017221560,0.8611111111
-0.0011056267,0.8686342593
-0.0017221560,0.8723958333
-0.0017221560,0.8686342593
-0.0011056267,0.8761574074
-0.0017221560,0.8799189815
-0.0017221560,0.8761574074
-0.0011056267,0.8836805556
-0.0017221560,0.8874421296
-0.0017221560,0.8836805556
-0.0011056267,0.8912037037
-0.0017221560,0.8949652778
-0.0017221560,0.8912037037
-0.0011056267,0.8987268519
-0.0017221560,0.9024884259
-0.0017221560,0.8987268519
-0.0011056267,0.9062500000
-0.0017221560,0.9100115741
-0.0017221560,0.9062500000
-0.0011056267,0.9137731481
-0.0017221560,0.9175347222
-0.0017221560,0.9137731481
-0.0011056267,0.9212962963
-0.0017221560,0.9250578704
-0.0017221560,0.9212962963
-0.0011056267,0.9288194444
-0.0017221560,0.9325810185
-0.0017221560,0.9288194444
-0.0011056267,0.9363425926
-0.0017221560,0.9401041667
-0.0017221560,0.9363425926
-0.0011056267,0.9438657407
-0.0017221560,0.9476273148
-0.0017221560,0.9438657407
-0.0011056267,0.9513888889
-0.0017221560,0.9551504630
-0.0017221560,0.9513888889
-0.0011056267,0.9589120370
-0.0017221560,0.9626736111
-0.0017221560,0.9589120370
-0.0011056267,0.9664351852
-0.0017221560,0.9701967593
-0.0017221560,0.9664351852
-0.0011056267,0.9739583333
-0.0017221560,0.9777199074
-0.0017221560,0.9739583333
-0.0011056267,0.9814814815
-0.0017221560,0.9852430556
-0.0017221560,0.9814814815
-0.0011056267,0.9890046296
-0.0017221560,0.9927662037
-0.0017221560,0.9890046296
-0.0011056267,0.9965277778
-0.0017221560,1.0002893519
-0.0017221560,0.9965277778
-0.0011056267,1.0040509259
-0.0017221560,1.0040509259
0.0003740445,-0.0040509259
-0.0003657911,-0.0002893519
-0.0003657911,-0.0040509259
0.0003740445,0.0034722222
-0.0003657911,0.0072337963
-0.0003657911,0.0034722222
0.0003740445,0.0109953704
-0.0003657911,0.0147569444
-0.0003657911,0.0109953704
0.0003740445,0.0185185185
-0.0003657911,0.0222800926
-0.0003657911,0.0185185185
0.0003740445,0.0260416667
-0.0003657911,0.0298032407
-0.0003657911,0.0260416667
0.0003740445,0.0335648148
-0.0003657911,0.0373263889
-0.0003657911,0.0335648148
0.0003740445,0.0410879630
-0.0003657911,0.0448495370
-0.0003657911,0.0410879630
0.0003740445,0.0486111111
-0.0003657911,0.0523726852
-0.0003657911,0.0486111111
0.0003740445,0.0561342593
-0.0003657911,0.0598958333
-0.0003657911,0.0561342593
0.0003740445,0.0636574074
-0.0003657911,0.0674189815
-0.0003657911,0.0636574074
0.0003740445,0.0711805556
-0.0003657911,0.0749421296
-0.0003657911,0.0711805556
0.0003740445,0.0787037037
-0.0003657911,0.0824652778
-0.0003657911,0.0787037037
0.0003740445,0.0862268519
-0.0003657911,0.0899884259
-0.0003657911,0.0862268519
0.0003740445,0.0937500000
-0.0003657911,0.0975115741
-0.0003657911,0.0937500000
0.0003740445,0.1012731481
-0.0003657911,0.1050347222
-0.0003657911,0.1012731481
0.0003740445,0.1087962963
-0.0003657911,0.1125578704
-0.0003657911,0.1087962963
0.0003740445,0.1163194444
-0.0003657911,0.1200810185
-0.0003657911,0.1163194444
0.0003740445,0.1238425926
-0.0003657911,0.1276041667
-0.0003657911,0.1238425926
0.0003740445,0.1313657407
-0.0003657911,0.1351273148
-0.0003657911,0.1313657407
0.0003740445,0.1388888889
-0.0003657911,0.1426504630
-0.0003657911,0.1388888889
0.0003740445,0.1464120370
-0.0003657911,0.1501736111
-0.0003657911,0.1464120370
0.0003740445,0.1539351852
-0.0003657911,0.1576967593
-0.0003657911,0.1539351852
0.0003740445,0.1614583333
-0.0003657911,0.1652199074
-0.0003657911,0.1614583333
0.0003740445,0.1689814815
-0.0003657911,0.1727430556
-0.0003657911,0.1689814815
0.0003740445,0.1765046296
-0.0003657911,0.1802662037
-0.0003657911,0.1765046296
0.0003740445,0.1840277778
-0.0003657911,0.1877893519
-0.0003657911,0.1840277778
0.0003740445,0.1915509259
-0.0003657911,0.1953125000
-0.0003657911,0.1915509259
0.0003740445,0.1990740741
-0.0003657911,0.2028356481
-0.0003657911,0.1990740741
0.0003740445,0.2065972222
-0.0003657911,0.2103587963
-0.0003657911,0.2065972222
0.0003740445,0.2141203704
-0.0003657911,0.2178819444
-0.0003657911,0.2141203704
0.0003740445,0.2216435185
-0.0003657911,0.2254050926
-0.0003657911,0.2216435185
0.0003740445,0.2291666667
-0.0003657911,0.2329282407
-0.0003657911,0.2291666667
0.0003740445,0.2366898148
-0.0003657911,0.2404513889
-0.0003657911,0.2366898148
0.0003740445,0.2442129630
-0.0003657911,0.2479745370
-0.0003657911,0.2442129630
0.0003740445,0.2517361111
-0.0003657911,0.2554976852
-0.0003657911,0.2517361111
0.0003740445,0.2592592593
-0.0003657911,0.2630208333
-0.0003657911,0.2592592593
0.0003740445,0.2667824074
-0.0003657911,0.2705439815
-0.0003657911,0.2667824074
0.0003740445,0.2743055556
-0.0003657911,0.2780671296
-0.0003657911,0.2743055556
0.0003740445,0.2818287037
-0.0003657911,0.2855902778
-0.0003657911,0.2818287037
0.0003740445,0.2893518519
-0.0003657911,0.2931134259
-0.0003657911,0.2893518519
0.0003740445,0.2968750000
-0.0003657911,0.3006365741
-0.0003657911,0.2968750000
0.0003740445,0.3043981481
-0.0003657911,0.3081597222
-0.0003657911,0.3043981481
0.0003740445,0.3119212963
-0.0003657911,0.3156828704
-0.0003657911,0.3119212963
0.0003740445,0.3194444444
-0.0003657911,0.3232060185
-0.0003657911,0.3194444444
0.0003740445,0.3269675926
-0.0003657911,0.3307291667
-0.0003657911,0.3269675926
0.0003740445,0.3344907407
-0.0003657911,0.3382523148
-0.0003657911,0.3344907407
0.0003740445,0.3420138889
-0.0003657911,0.3457754630
-0.0003657911,0.3420138889
0.0003740445,0.3495370370
-0.0003657911,0.3532986111
-0.0003657911,0.3495370370
0.0003740445,0.3570601852
-0.0003657911,0.3608217593
-0.0003657911,0.3570601852
0.0003740445,0.3645833333
-0.0003657911,0.3683449074
-0.0003657911,0.3645833333
0.0003740445,0.3721064815
-0.0003657911,0.3758680556
-0.0003657911,0.3721064815
0.0003740445,0.3796296296
-0.0003657911,0.3833912037
-0.0003657911,0.3796296296
0.0003740445,0.3871527778
-0.0003657911,0.3909143519
-0.0003657911,0.3871527778
0.0003740445,0.3946759259
-0.0003657911,0.3984375000
-0.0003657911,0.3946759259
0.0003740445,0.4021990741
-0.0003657911,0.4059606481
-0.0003657911,0.4021990741
0.0003740445,0.4097222222
-0.0003657911,0.4134837963
-0.0003657911,0.4097222222
0.0003740445,0.4172453704
-0.0003657911,0.4210069444
-0.0003657911,0.4172453704
0.0003740445,0.4247685185
-0.0003657911,0.4285300926
-0.0003657911,0.4247685185
0.0003740445,0.4322916667
-0.0003657911,0.4360532407
-0.0003657911,0.4322916667
0.0003740445,0.4398148148
-0.0003657911,0.4435763889
-0.0003657911,0.4398148148
0.0003740445,0.4473379630
-0.0003657911,0.4510995370
-0.0003657911,0.4473379630
0.0003740445,0.4548611111
-0.0003657911,0.4586226852
-0.0003657911,0.4548611111
0.0003740445,0.4623842593
-0.0003657911,0.4661458333
-0.0003657911,0.4623842593
0.0003740445,0.4699074074
-0.0003657911,0.4736689815
-0.0003657911,0.4699074074
0.0003740445,0.4774305556
-0.0003657911,0.4811921296
-0.0003657911,0.4774305556
0.0003740445,0.4849537037
-0.0003657911,0.4887152778
-0.0003657911,0.4849537037
0.0003740445,0.4924768519
-0.0003657911,0.4962384259
-0.0003657911,0.4924768519
0.0003740445,0.5000000000
-0.0003657911,0.5037615741
-0.0003657911,0.5000000000
0.0003740445,0.5075231481
-0.0003657911,0.5112847222
-0.0003657911,0.5075231481
0.0003740445,0.5150462963
-0.0003657911,0.5188078704
-0.0003657911,0.5150462963
0.0003740445,0.5225694444
-0.0003657911,0.5263310185
-0.0003657911,0.5225694444
0.0003740445,0.5300925926
-0.0003657911,0.5338541667
-0.0003657911,0.5300925926
0.0003740445,0.5376157407
-0.0003657911,0.5413773148
-0.0003657911,0.5376157407
0.0003740445,0.5451388889
-0.0003657911,0.5489004630
-0.0003657911,0.5451388889
0.0003740445,0.5526620370
-0.0003657911,0.5564236111
-0.0003657911,0.5526620370
0.0003740445,0.5601851852
-0.0003657911,0.5639467593
-0.0003657911,0.5601851852
0.0003740445,0.5677083333
-0.0003657911,0.5714699074
-0.0003657911,0.5677083333
0.0003740445,0.5752314815
-0.0003657911,0.5789930556
-0.0003657911,0.5752314815
0.0003740445,0.5827546296
-0.0003657911,0.5865162037
-0.0003657911,0.5827546296
0.0003740445,0.5902777778
-0.0003657911,0.5940393519
-0.0003657911,0.5902777778
0.0003740445,0.5978009259
-0.0003657911,0.6015625000
-0.0003657911,0.5978009259
0.0003740445,0.6053240741
-0.0003657911,0.6090856481
-0.0003657911,0.6053240741
0.0003740445,0.6128472222
-0.0003657911,0.6166087963
-0.0003657911,0.6128472222
0.0003740445,0.6203703704
-0.0003657911,0.6241319444
-0.0003657911,0.6203703704
0.0003740445,0.6278935185
-0.0003657911,0.6316550926
-0.0003657911,0.6278935185
0.0003740445,0.6354166667
-0.0003657911,0.6391782407
-0.0003657911,0.6354166667
0.0003740445,0.6429398148
-0.0003657911,0.6467013889
-0.0003657911,0.6429398148
0.0003740445,0.6504629630
-0.0003657911,0.6542245370
-0.0003657911,0.6504629630
0.0003740445,0.6579861111
-0.0003657911,0.6617476852
-0.0003657911,0.6579861111
0.0003740445,0.6655092593
-0.0003657911,0.6692708333
-0.0003657911,0.6655092593
0.0003740445,0.6730324074
-0.0003657911,0.6767939815
-0.0003657911,0.6730324074
0.0003740445,0.6805555556
-0.0003657911,0.6843171296
-0.0003657911,0.6805555556
0.0003740445,0.6880787037
-0.0003657911,0.6918402778
-0.0003657911,0.6880787037
0.0003740445,0.6956018519
-0.0003657911,0.6993634259
-0.0003657911,0.6956018519
0.0003740445,0.7031250000
-0.0003657911,0.7068865741
-0.0003657911,0.7031250000
0.0003740445,0.7106481481
-0.0003657911,0.7144097222
-0.0003657911,0.7106481481
0.0003740445,0.7181712963
-0.0003657911,0.7219328704
-0.0003657911,0.7181712963
0.0003740445,0.7256944444
-0.0003657911,0.7294560185
-0.0003657911,0.7256944444
0.0003740445,0.7332175926
-0.0003657911,0.7369791667
-0.0003657911,0.7332175926
0.0003740445,0.7407407407
-0.0003657911,0.7445023148
-0.0003657911,0.7407407407
0.0003740445,0.7482638889
-0.0003657911,0.7520254630
-0.0003657911,0.7482638889
0.0003740445,0.7557870370
-0.0003657911,0.7595486111
-0.0003657911,0.7557870370
0.0003740445,0.7633101852
-0.0003657911,0.7670717593
-0.0003657911,0.7633101852
0.0003740445,0.7708333333
-0.0003657911,0.7745949074
-0.0003657911,0.7708333333
0.0003740445,0.7783564815
-0.0003657911,0.7821180556
-0.0003657911,0.7783564815
0.0003740445,0.7858796296
-0.0003657911,0.7896412037
-0.0003657911,0.7858796296
0.0003740445,0.7934027778
-0.0003657911,0.7971643519
-0.0003657911,0.7934027778
0.0003740445,0.8009259259
-0.0003657911,0.8046875000
-0.0003657911,0.8009259259
0.0003740445,0.8084490741
-0.0003657911,0.8122106481
-0.0003657911,0.8084490741
0.0003740445,0.8159722222
-0.0003657911,0.8197337963
-0.0003657911,0.8159722222
0.0003740445,0.8234953704
-0.0003657911,0.8272569444
-0.0003657911,0.8234953704
0.0003740445,0.8310185185
-0.0003657911,0.8347800926
-0.0003657911,0.8310185185
0.0003740445,0.8385416667
-0.0003657911,0.8423032407
-0.0003657911,0.8385416667
0.0003740445,0.8460648148
-0.0003657911,0.8498263889
-0.0003657911,0.8460648148
0.0003740445,0.8535879630
-0.0003657911,0.8573495370
-0.0003657911,0.8535879630
0.0003740445,0.8611111111
-0.0003657911,0.8648726852
-0.0003657911,0.8611111111
0.0003740445,0.8686342593
-0.0003657911,0.8723958333
-0.0003657911,0.8686342593
0.0003740445,0.8761574074
-0.0003657911,0.8799189815
-0.0003657911,0.8761574074
0.0003740445,0.8836805556
-0.0003657911,0.8874421296
-0.0003657911,0.8836805556
0.0003740445,0.8912037037
-0.0003657911,0.8949652778
-0.0003657911,0.8912037037
0.0003740445,0.8987268519
-0.0003657911,0.9024884259
-0.0003657911,0.8987268519
0.0003740445,0.9062500000
-0.0003657911,0.9100115741
-0.0003657911,0.9062500000
0.0003740445,0.9137731481
-0.0003657911,0.9175347222
-0.0003657911,0.9137731481
0.0003740445,0.9212962963
-0.0003657911,0.9250578704
-0.0003657911,0.9212962963
0.0003740445,0.9288194444
-0.0003657911,0.9325810185
-0.0003657911,0.9288194444
0.0003740445,0.9363425926
-0.0003657911,0.9401041667
-0.0003657911,0.9363425926
0.0003740445,0.9438657407
-0.0003657911,0.9476273148
-0.0003657911,0.9438657407
0.0003740445,0.9513888889
-0.0003657911,0.9551504630
-0.0003657911,0.9513888889
0.0003740445,0.9589120370
-0.0003657911,0.9626736111
-0.0003657911,0.9589120370
0.0003740445,0.9664351852
-0.0003657911,0.9701967593
-0.0003657911,0.9664351852
0.0003740445,0.9739583333
-0.0003657911,0.9777199074
-0.0003657911,0.9739583333
0.0003740445,0.9814814815
-0.0003657911,0.9852430556
-0.0003657911,0.9814814815
0.0003740445,0.9890046296
-0.0003657911,0.9927662037
-0.0003657911,0.9890046296
0.0003740445,0.9965277778
-0.0003657911,1.0002893519
-0.0003657911,0.9965277778
0.0003740445,1.0040509259
-0.0003657911,1.0040509259
0.0021496503,-0.0040509259
0.0012618474,-0.0002893519
0.0012618474,-0.0040509259
0.0021496503,0.0034722222
0.0012618474,0.0072337963
0.0012618474,0.0034722222
0.0021496503,0.0109953704
0.0012618474,0.0147569444
0.0012618474,0.0109953704
0.0021496503,0.0185185185
0.0012618474,0.0222800926
0.0012618474,0.0185185185
0.0021496503,0.0260416667
0.0012618474,0.0298032407
0.0012618474,0.0260416667
0.0021496503,0.0335648148
0.0012618474,0.0373263889
0.0012618474,0.0335648148
0.0021496503,0.0410879630
0.0012618474,0.0448495370
0.0012618474,0.0410879630
0.0021496503,0.0486111111
0.0012618474,0.0523726852
0.0012618474,0.0486111111
0.0021496503,0.0561342593
0.0012618474,0.0598958333
0.0012618474,0.0561342593
0.0021496503,0.0636574074
0.0012618474,0.0674189815
0.0012618474,0.0636574074
0.0021496503,0.0711805556
0.0012618474,0.0749421296
0.0012618474,0.0711805556
0.0021496503,0.0787037037
0.0012618474,0.0824652778
0.0012618474,0.0787037037
0.0021496503,0.0862268519
0.0012618474,0.0899884259
0.0012618474,0.0862268519
0.0021496503,0.0937500000
0.0012618474,0.0975115741
0.0012618474,0.0937500000
0.0021496503,0.1012731481
0.0012618474,0.1050347222
0.0012618474,0.1012731481
0.0021496503,0.1087962963
0.0012618474,0.1125578704
0.0012618474,0.1087962963
0.0021496503,0.1163194444
0.0012618474,0.1200810185
0.0012618474,0.1163194444
0.0021496503,0.1238425926
0.0012618474,0.1276041667
0.0012618474,0.1238425926
0.0021496503,0.1313657407
0.0012618474,0.1351273148
0.0012618474,0.1313657407
0.0021496503,0.1388888889
0.0012618474,0.1426504630
0.0012618474,0.1388888889
0.0021496503,0.1464120370
0.0012618474,0.1501736111
0.0012618474,0.1464120370
0.0021496503,0.1539351852
0.0012618474,0.1576967593
0.0012618474,0.1539351852
0.0021496503,0.1614583333
0.0012618474,0.1652199074
0.0012618474,0.1614583333
0.0021496503,0.1689814815
0.0012618474,0.1727430556
0.0012618474,0.1689814815
0.0021496503,0.1765046296
0.0012618474,0.1802662037
0.0012618474,0.1765046296
0.0021496503,0.1840277778
0.0012618474,0.1877893519
0.0012618474,0.1840277778
0.0021496503,0.1915509259
0.0012618474,0.1953125000
0.0012618474,0.1915509259
0.0021496503,0.1990740741
0.0012618474,0.2028356481
0.0012618474,0.1990740741
0.0021496503,0.2065972222
0.0012618474,0.2103587963
0.0012618474,0.2065972222
0.0021496503,0.2141203704
0.0012618474,0.2178819444
0.0012618474,0.2141203704
0.0021496503,0.2216435185
0.0012618474,0.2254050926
0.0012618474,0.2216435185
0.0021496503,0.2291666667
0.0012618474,0.2329282407
0.0012618474,0.2291666667
0.0021496503,0.2366898148
0.0012618474,0.2404513889
0.0012618474,0.2366898148
0.0021496503,0.2442129630
0.0012618474,0.2479745370
0.0012618474,0.2442129630
0.0021496503,0.2517361111
0.0012618474,0.2554976852
0.0012618474,0.2517361111
0.0021496503,0.2592592593
0.0012618474,0.2630208333
0.0012618474,0.2592592593
0.0021496503,0.2667824074
0.0012618474,0.2705439815
0.0012618474,0.2667824074
0.0021496503,0.2743055556
0.0012618474,0.2780671296
0.0012618474,0.2743055556
0.0021496503,0.2818287037
0.0012618474,0.2855902778
0.0012618474,0.2818287037
0.0021496503,0.2893518519
0.0012618474,0.2931134259
0.0012618474,0.2893518519
0.0021496503,0.2968750000
0.0012618474,0.3006365741
0.0012618474,0.2968750000
0.0021496503,0.3043981481
0.0012618474,0.3081597222
0.0012618474,0.3043981481
0.0021496503,0.3119212963
0.0012618474,0.3156828704
0.0012618474,0.3119212963
0.0021496503,0.3194444444
0.0012618474,0.3232060185
0.0012618474,0.3194444444
0.0021496503,0.3269675926
0.0012618474,0.3307291667
0.0012618474,0.3269675926
0.0021496503,0.3344907407
0.0012618474,0.3382523148
0.0012618474,0.3344907407
0.0021496503,0.3420138889
0.0012618474,0.3457754630
0.0012618474,0.3420138889
0.0021496503,0.3495370370
0.0012618474,0.3532986111
0.0012618474,0.3495370370
0.0021496503,0.3570601852
0.0012618474,0.3608217593
0.0012618474,0.3570601852
0.0021496503,0.3645833333
0.0012618474,0.3683449074
0.0012618474,0.3645833333
0.0021496503,0.3721064815
0.0012618474,0.3758680556
0.0012618474,0.3721064815
0.0021496503,0.3796296296
0.0012618474,0.3833912037
0.0012618474,0.3796296296
0.0021496503,0.3871527778
0.0012618474,0.3909143519
0.0012618474,0.3871527778
0.0021496503,0.3946759259
0.0012618474,0.3984375000
0.0012618474,0.3946759259
0.0021496503,0.4021990741
0.0012618474,0.4059606481
0.0012618474,0.4021990741
0.0021496503,0.4097222222
0.0012618474,0.4134837963
0.0012618474,0.4097222222
0.0021496503,0.4172453704
0.0012618474,0.4210069444
0.0012618474,0.4172453704
0.0021496503,0.4247685185
0.0012618474,0.4285300926
0.0012618474,0.4247685185
0.0021496503,0.4322916667
0.0012618474,0.4360532407
0.0012618474,0.4322916667
0.0021496503,0.4398148148
0.0012618474,0.4435763889
0.0012618474,0.4398148148
0.0021496503,0.4473379630
0.0012618474,0.4510995370
0.0012618474,0.4473379630
0.0021496503,0.4548611111
0.0012618474,0.4586226852
0.0012618474,0.4548611111
0.0021496503,0.4623842593
0.0012618474,0.4661458333
0.0012618474,0.4623842593
0.0021496503,0.4699074074
0.0012618474,0.4736689815
0.0012618474,0.4699074074
0.0021496503,0.4774305556
0.0012618474,0.4811921296
0.0012618474,0.4774305556
0.0021496503,0.4849537037
0.0012618474,0.4887152778
0.0012618474,0.4849537037
0.0021496503,0.4924768519
0.0012618474,0.4962384259
0.0012618474,0.4924768519
0.0021496503,0.5000000000
0.0012618474,0.5037615741
0.0012618474,0.5000000000
0.0021496503,0.5075231481
0.0012618474,0.5112847222
0.0012618474,0.5075231481
0.0021496503,0.5150462963
0.0012618474,0.5188078704
0.0012618474,0.5150462963
0.0021496503,0.5225694444
0.0012618474,0.5263310185
0.0012618474,0.5225694444
0.0021496503,0.5300925926
0.0012618474,0.5338541667
0.0012618474,0.5300925926
0.0021496503,0.5376157407
0.0012618474,0.5413773148
0.0012618474,0.5376157407
0.0021496503,0.5451388889
0.0012618474,0.5489004630
0.0012618474,0.5451388889
0.0021496503,0.5526620370
0.0012618474,0.5564236111
0.0012618474,0.5526620370
0.0021496503,0.5601851852
0.0012618474,0.5639467593
0.0012618474,0.5601851852
0.0021496503,0.5677083333
0.0012618474,0.5714699074
0.0012618474,0.5677083333
0.0021496503,0.5752314815
0.0012618474,0.5789930556
0.0012618474,0.5752314815
0.0021496503,0.5827546296
0.0012618474,0.5865162037
0.0012618474,0.5827546296
0.0021496503,0.5902777778
0.0012618474,0.5940393519
0.0012618474,0.5902777778
0.0021496503,0.5978009259
0.0012618474,0.6015625000
0.0012618474,0.5978009259
0.0021496503,0.6053240741
0.0012618474,0.6090856481
0.0012618474,0.6053240741
0.0021496503,0.6128472222
0.0012618474,0.6166087963
0.0012618474,0.6128472222
0.0021496503,0.6203703704
0.0012618474,0.6241319444
0.0012618474,0.6203703704
0.0021496503,0.6278935185
0.0012618474,0.6316550926
0.0012618474,0.6278935185
0.0021496503,0.6354166667
0.0012618474,0.6391782407
0.0012618474,0.6354166667
0.0021496503,0.6429398148
0.0012618474,0.6467013889
0.0012618474,0.6429398148
0.0021496503,0.6504629630
0.0012618474,0.6542245370
0.0012618474,0.6504629630
0.0021496503,0.6579861111
0.0012618474,0.6617476852
0.0012618474,0.6579861111
0.0021496503,0.6655092593
0.0012618474,0.6692708333
0.0012618474,0.6655092593
0.0021496503,0.6730324074
0.0012618474,0.6767939815
0.0012618474,0.6730324074
0.0021496503,0.6805555556
0.0012618474,0.6843171296
0.0012618474,0.6805555556
0.0021496503,0.6880787037
0.0012618474,0.6918402778
0.0012618474,0.6880787037
0.0021496503,0.6956018519
0.0012618474,0.6993634259
0.0012618474,0.6956018519
0.0021496503,0.7031250000
0.0012618474,0.7068865741
0.0012618474,0.7031250000
0.0021496503,0.7106481481
0.0012618474,0.7144097222
0.0012618474,0.7106481481
0.0021496503,0.7181712963
0.0012618474,0.7219328704
0.0012618474,0.7181712963
0.0021496503,0.7256944444
0.0012618474,0.7294560185
0.0012618474,0.7256944444
0.0021496503,0.7332175926
0.0012618474,0.7369791667
0.0012618474,0.7332175926
0.0021496503,0.7407407407
0.0012618474,0.7445023148
0.0012618474,0.7407407407
0.0021496503,0.7482638889
0.0012618474,0.7520254630
0.0012618474,0.7482638889
0.0021496503,0.7557870370
0.0012618474,0.7595486111
0.0012618474,0.7557870370
0.0021496503,0.7633101852
0.0012618474,0.7670717593
0.0012618474,0.7633101852
0.0021496503,0.7708333333
0.0012618474,0.7745949074
0.0012618474,0.7708333333
0.0021496503,0.7783564815
0.0012618474,0.7821180556
0.0012618474,0.7783564815
0.0021496503,0.7858796296
0.0012618474,0.7896412037
0.0012618474,0.7858796296
0.0021496503,0.7934027778
0.0012618474,0.7971643519
0.0012618474,0.7934027778
0.0021496503,0.8009259259
0.0012618474,0.8046875000
0.0012618474,0.8009259259
0.0021496503,0.8084490741
0.0012618474,0.8122106481
0.0012618474,0.8084490741
0.0021496503,0.8159722222
0.0012618474,0.8197337963
0.0012618474,0.8159722222
0.0021496503,0.8234953704
0.0012618474,0.8272569444
0.0012618474,0.8234953704
0.0021496503,0.8310185185
0.0012618474,0.8347800926
0.0012618474,0.8310185185
0.0021496503,0.8385416667
0.0012618474,0.8423032407
0.0012618474,0.8385416667
0.0021496503,0.8460648148
0.0012618474,0.8498263889
0.0012618474,0.8460648148
0.0021496503,0.8535879630
0.0012618474,0.8573495370
0.0012618474,0.8535879630
0.0021496503,0.8611111111
0.0012618474,0.8648726852
0.0012618474,0.8611111111
0.0021496503,0.8686342593
0.0012618474,0.8723958333
0.0012618474,0.8686342593
0.0021496503,0.8761574074
0.0012618474,0.8799189815
0.0012618474,0.8761574074
0.0021496503,0.8836805556
0.0012618474,0.8874421296
0.0012618474,0.8836805556
0.0021496503,0.8912037037
0.0012618474,0.8949652778
0.0012618474,0.8912037037
0.0021496503,0.8987268519
0.0012618474,0.9024884259
0.0012618474,0.8987268519
0.0021496503,0.9062500000
0.0012618474,0.9100115741
0.0012618474,0.9062500000
0.0021496503,0.9137731481
0.0012618474,0.9175347222
0.0012618474,0.9137731481
0.0021496503,0.9212962963
0.0012618474,0.9250578704
0.0012618474,0.9212962963
0.0021496503,0.9288194444
0.0012618474,0.9325810185
0.0012618474,0.9288194444
0.0021496503,0.9363425926
0.0012618474,0.9401041667
0.0012618474,0.9363425926
0.0021496503,0.9438657407
0.0012618474,0.9476273148
0.0012618474,0.9438657407
0.0021496503,0.9513888889
0.0012618474,0.9551504630
0.0012618474,0.9513888889
0.0021496503,0.9589120370
0.0012618474,0.9626736111
0.0012618474,0.9589120370
0.0021496503,0.9664351852
0.0012618474,0.9701967593
0.0012618474,0.9664351852
0.0021496503,0.9739583333
0.0012618474,0.9777199074
0.0012618474,0.9739583333
0.0021496503,0.9814814815
0.0012618474,0.9852430556
0.0012618474,0.9814814815
0.0021496503,0.9890046296
0.0012618474,0.9927662037
0.0012618474,0.9890046296
0.0021496503,0.9965277778
0.0012618474,1.0002893519
0.0012618474,0.9965277778
0.0021496503,1.0040509259
0.0012618474,1.0040509259
0.0042803764,-0.0040509259
0.0032150133,-0.0002893519
0.0032150133,-0.0040509259
0.0042803764,0.0034722222
0.0032150133,0.0072337963
0.0032150133,0.0034722222
0.0042803764,0.0109953704
0.0032150133,0.0147569444
0.0032150133,0.0109953704
0.0042803764,0.0185185185
0.0032150133,0.0222800926
0.0032150133,0.0185185185
0.0042803764,0.0260416667
0.0032150133,0.0298032407
0.0032150133,0.0260416667
0.0042803764,0.0335648148
0.0032150133,0.0373263889
0.0032150133,0.0335648148
0.0042803764,0.0410879630
0.0032150133,0.0448495370
0.0032150133,0.0410879630
0.0042803764,0.0486111111
0.0032150133,0.0523726852
0.0032150133,0.0486111111
0.0042803764,0.0561342593
0.0032150133,0.0598958333
0.0032150133,0.0561342593
0.0042803764,0.0636574074
0.0032150133,0.0674189815
0.0032150133,0.0636574074
0.0042803764,0.0711805556
0.0032150133,0.0749421296
0.0032150133,0.0711805556
0.0042803764,0.0787037037
0.0032150133,0.0824652778
0.0032150133,0.0787037037
0.0042803764,0.0862268519
0.0032150133,0.0899884259
0.0032150133,0.0862268519
0.0042803764,0.0937500000
0.0032150133,0.0975115741
0.0032150133,0.0937500000
0.0042803764,0.1012731481
0.0032150133,0.1050347222
0.0032150133,0.1012731481
0.0042803764,0.1087962963
0.0032150133,0.1125578704
0.0032150133,0.1087962963
0.0042803764,0.1163194444
0.0032150133,0.1200810185
0.0032150133,0.1163194444
0.0042803764,0.1238425926
0.0032150133,0.1276041667
0.0032150133,0.1238425926
0.0042803764,0.1313657407
0.0032150133,0.1351273148
0.0032150133,0.1313657407
0.0042803764,0.1388888889
0.0032150133,0.1426504630
0.0032150133,0.1388888889
0.0042803764,0.1464120370
0.0032150133,0.1501736111
0.0032150133,0.1464120370
0.0042803764,0.1539351852
0.0032150133,0.1576967593
0.0032150133,0.1539351852
0.0042803764,0.1614583333
0.0032150133,0.1652199074
0.0032150133,0.1614583333
0.0042803764,0.1689814815
0.0032150133,0.1727430556
0.0032150133,0.1689814815
0.0042803764,0.1765046296
0.0032150133,0.1802662037
0.0032150133,0.1765046296
0.0042803764,0.1840277778
0.0032150133,0.1877893519
0.0032150133,0.1840277778
0.0042803764,0.1915509259
0.0032150133,0.1953125000
0.0032150133,0.1915509259
0.0042803764,0.1990740741
0.0032150133,0.2028356481
0.0032150133,0.1990740741
0.0042803764,0.2065972222
0.0032150133,0.2103587963
0.0032150133,0.2065972222
0.0042803764,0.2141203704
0.0032150133,0.2178819444
0.0032150133,0.2141203704
0.0042803764,0.2216435185
0.0032150133,0.2254050926
0.0032150133,0.2216435185
0.0042803764,0.2291666667
0.0032150133,0.2329282407
0.0032150133,0.2291666667
0.0042803764,0.2366898148
0.0032150133,0.2404513889
0.0032150133,0.2366898148
0.0042803764,0.2442129630
0.0032150133,0.2479745370
0.0032150133,0.2442129630
0.0042803764,0.2517361111
0.0032150133,0.2554976852
0.0032150133,0.2517361111
0.0042803764,0.2592592593
0.0032150133,0.2630208333
0.0032150133,0.2592592593
0.0042803764,0.2667824074
0.0032150133,0.2705439815
0.0032150133,0.2667824074
0.0042803764,0.2743055556
0.0032150133,0.2780671296
0.0032150133,0.2743055556
0.0042803764,0.2818287037
0.0032150133,0.2855902778
0.0032150133,0.2818287037
0.0042803764,0.2893518519
0.0032150133,0.2931134259
0.0032150133,0.2893518519
0.0042803764,0.2968750000
0.0032150133,0.3006365741
0.0032150133,0.2968750000
0.0042803764,0.3043981481
0.0032150133,0.3081597222
0.0032150133,0.3043981481
0.0042803764,0.3119212963
0.0032150133,0.3156828704
0.0032150133,0.3119212963
0.0042803764,0.3194444444
0.0032150133,0.3232060185
0.0032150133,0.3194444444
0.0042803764,0.3269675926
0.0032150133,0.3307291667
0.0032150133,0.3269675926
0.0042803764,0.3344907407
0.0032150133,0.3382523148
0.0032150133,0.3344907407
0.0042803764,0.3420138889
0.0032150133,0.3457754630
0.0032150133,0.3420138889
0.0042803764,0.3495370370
0.0032150133,0.3532986111
0.0032150133,0.3495370370
0.0042803764,0.3570601852
0.0032150133,0.3608217593
0.0032150133,0.3570601852
0.0042803764,0.3645833333
0.0032150133,0.3683449074
0.0032150133,0.3645833333
0.0042803764,0.3721064815
0.0032150133,0.3758680556
0.0032150133,0.3721064815
0.0042803764,0.3796296296
0.0032150133,0.3833912037
0.0032150133,0.3796296296
0.0042803764,0.3871527778
0.0032150133,0.3909143519
0.0032150133,0.3871527778
0.0042803764,0.3946759259
0.0032150133,0.3984375000
0.0032150133,0.3946759259
0.0042803764,0.4021990741
0.0032150133,0.4059606481
0.0032150133,0.4021990741
0.0042803764,0.4097222222
0.0032150133,0.4134837963
0.0032150133,0.4097222222
0.0042803764,0.4172453704
0.0032150133,0.4210069444
0.0032150133,0.4172453704
0.0042803764,0.4247685185
0.0032150133,0.4285300926
0.0032150133,0.4247685185
0.0042803764,0.4322916667
0.0032150133,0.4360532407
0.0032150133,0.4322916667
0.0042803764,0.4398148148
0.0032150133,0.4435763889
0.0032150133,0.4398148148
0.0042803764,0.4473379630
0.0032150133,0.4510995370
0.0032150133,0.4473379630
0.0042803764,0.4548611111
0.0032150133,0.4586226852
0.0032150133,0.4548611111
0.0042803764,0.4623842593
0.0032150133,0.4661458333
0.0032150133,0.4623842593
0.0042803764,0.4699074074
0.0032150133,0.4736689815
0.0032150133,0.4699074074
0.0042803764,0.4774305556
0.0032150133,0.4811921296
0.0032150133,0.4774305556
0.0042803764,0.4849537037
0.0032150133,0.4887152778
0.0032150133,0.4849537037
0.0042803764,0.4924768519
0.0032150133,0.4962384259
0.0032150133,0.4924768519
0.0042803764,0.5000000000
0.0032150133,0.5037615741
0.0032150133,0.5000000000
0.0042803764,0.5075231481
0.0032150133,0.5112847222
0.0032150133,0.5075231481
0.0042803764,0.5150462963
0.0032150133,0.5188078704
0.0032150133,0.5150462963
0.0042803764,0.5225694444
0.0032150133,0.5263310185
0.0032150133,0.5225694444
0.0042803764,0.5300925926
0.0032150133,0.5338541667
0.0032150133,0.5300925926
0.0042803764,0.5376157407
0.0032150133,0.5413773148
0.0032150133,0.5376157407
0.0042803764,0.5451388889
0.0032150133,0.5489004630
0.0032150133,0.5451388889
0.0042803764,0.5526620370
0.0032150133,0.5564236111
0.0032150133,0.5526620370
0.0042803764,0.5601851852
0.0032150133,0.5639467593
0.0032150133,0.5601851852
0.0042803764,0.5677083333
0.0032150133,0.5714699074
0.0032150133,0.5677083333
0.0042803764,0.5752314815
0.0032150133,0.5789930556
0.0032150133,0.5752314815
0.0042803764,0.5827546296
0.0032150133,0.5865162037
0.0032150133,0.5827546296
0.0042803764,0.5902777778
0.0032150133,0.5940393519
0.0032150133,0.5902777778
0.0042803764,0.5978009259
0.0032150133,0.6015625000
0.0032150133,0.5978009259
0.0042803764,0.6053240741
0.0032150133,0.6090856481
0.0032150133,0.6053240741
0.0042803764,0.6128472222
0.0032150133,0.6166087963
0.0032150133,0.6128472222
0.0042803764,0.6203703704
0.0032150133,0.6241319444
0.0032150133,0.6203703704
0.0042803764,0.6278935185
0.0032150133,0.6316550926
0.0032150133,0.6278935185
0.0042803764,0.6354166667
0.0032150133,0.6391782407
0.0032150133,0.6354166667
0.0042803764,0.6429398148
0.0032150133,0.6467013889
0.0032150133,0.6429398148
0.0042803764,0.6504629630
0.0032150133,0.6542245370
0.0032150133,0.6504629630
0.0042803764,0.6579861111
0.0032150133,0.6617476852
0.0032150133,0.6579861111
0.0042803764,0.6655092593
0.0032150133,0.6692708333
0.0032150133,0.6655092593
0.0042803764,0.6730324074
0.0032150133,0.6767939815
0.0032150133,0.6730324074
0.0042803764,0.6805555556
0.0032150133,0.6843171296
0.0032150133,0.6805555556
0.0042803764,0.6880787037
0.0032150133,0.6918402778
0.0032150133,0.6880787037
0.0042803764,0.6956018519
0.0032150133,0.6993634259
0.0032150133,0.6956018519
0.0042803764,0.7031250000
0.0032150133,0.7068865741
0.0032150133,0.7031250000
0.0042803764,0.7106481481
0.0032150133,0.7144097222
0.0032150133,0.7106481481
0.0042803764,0.7181712963
0.0032150133,0.7219328704
0.0032150133,0.7181712963
0.0042803764,0.7256944444
0.0032150133,0.7294560185
0.0032150133,0.7256944444
0.0042803764,0.7332175926
0.0032150133,0.7369791667
0.0032150133,0.7332175926
0.0042803764,0.7407407407
0.0032150133,0.7445023148
0.0032150133,0.7407407407
0.0042803764,0.7482638889
0.0032150133,0.7520254630
0.0032150133,0.7482638889
0.0042803764,0.7557870370
0.0032150133,0.7595486111
0.0032150133,0.7557870370
0.0042803764,0.7633101852
0.0032150133,0.7670717593
0.0032150133,0.7633101852
0.0042803764,0.7708333333
0.0032150133,0.7745949074
0.0032150133,0.7708333333
0.0042803764,0.7783564815
0.0032150133,0.7821180556
0.0032150133,0.7783564815
0.0042803764,0.7858796296
0.0032150133,0.7896412037
0.0032150133,0.7858796296
0.0042803764,0.7934027778
0.0032150133,0.7971643519
0.0032150133,0.7934027778
0.0042803764,0.8009259259
0.0032150133,0.8046875000
0.0032150133,0.8009259259
0.0042803764,0.8084490741
0.0032150133,0.8122106481
0.0032150133,0.8084490741
0.0042803764,0.8159722222
0.0032150133,0.8197337963
0.0032150133,0.8159722222
0.0042803764,0.8234953704
0.0032150133,0.8272569444
0.0032150133,0.8234953704
0.0042803764,0.8310185185
0.0032150133,0.8347800926
0.0032150133,0.8310185185
0.0042803764,0.8385416667
0.0032150133,0.8423032407
0.0032150133,0.8385416667
0.0042803764,0.8460648148
0.0032150133,0.8498263889
0.0032150133,0.8460648148
0.0042803764,0.8535879630
0.0032150133,0.8573495370
0.0032150133,0.8535879630
0.0042803764,0.8611111111
0.0032150133,0.8648726852
0.0032150133,0.8611111111
0.0042803764,0.8686342593
0.0032150133,0.8723958333
0.0032150133,0.8686342593
0.0042803764,0.8761574074
0.0032150133,0.8799189815
0.0032150133,0.8761574074
0.0042803764,0.8836805556
0.0032150133,0.8874421296
0.0032150133,0.8836805556
0.0042803764,0.8912037037
0.0032150133,0.8949652778
0.0032150133,0.8912037037
0.0042803764,0.8987268519
0.0032150133,0.9024884259
0.0032150133,0.8987268519
0.0042803764,0.9062500000
0.0032150133,0.9100115741
0.0032150133,0.9062500000
0.0042803764,0.9137731481
0.0032150133,0.9175347222
0.0032150133,0.9137731481
0.0042803764,0.9212962963
0.0032150133,0.9250578704
0.0032150133,0.9212962963
0.0042803764,0.9288194444
0.0032150133,0.9325810185
0.0032150133,0.9288194444
0.0042803764,0.9363425926
0.0032150133,0.9401041667
0.0032150133,0.9363425926
0.0042803764,0.9438657407
0.0032150133,0.9476273148
0.0032150133,0.9438657407
0.0042803764,0.9513888889
0.0032150133,0.9551504630
0.0032150133,0.9513888889
0.0042803764,0.9589120370
0.0032150133,0.9626736111
0.0032150133,0.9589120370
0.0042803764,0.9664351852
0.0032150133,0.9701967593
0.0032150133,0.9664351852
0.0042803764,0.9739583333
0.0032150133,0.9777199074
0.0032150133,0.9739583333
0.0042803764,0.9814814815
0.0032150133,0.9852430556
0.0032150133,0.9814814815
0.0042803764,0.9890046296
0.0032150133,0.9927662037
0.0032150133,0.9890046296
0.0042803764,0.9965277778
0.0032150133,1.0002893519
0.0032150133,0.9965277778
0.0042803764,1.0040509259
0.0032150133,1.0040509259
0.0068372477,-0.0040509259
0.0055588120,-0.0002893519
0.0055588120,-0.0040509259
0.0068372477,0.0034722222
0.0055588120,0.0072337963
0.0055588120,0.0034722222
0.0068372477,0.0109953704
0.0055588120,0.0147569444
0.0055588120,0.0109953704
0.0068372477,0.0185185185
0.0055588120,0.0222800926
0.0055588120,0.0185185185
0.0068372477,0.0260416667
0.0055588120,0.0298032407
0.0055588120,0.0260416667
0.0068372477,0.0335648148
0.0055588120,0.0373263889
0.0055588120,0.0335648148
0.0068372477,0.0410879630
0.0055588120,0.0448495370
0.0055588120,0.0410879630
0.0068372477,0.0486111111
0.0055588120,0.0523726852
0.0055588120,0.0486111111
0.0068372477,0.0561342593
0.0055588120,0.0598958333
0.0055588120,0.0561342593
0.0068372477,0.0636574074
0.0055588120,0.0674189815
0.0055588120,0.0636574074
0.0068372477,0.0711805556
0.0055588120,0.0749421296
0.0055588120,0.0711805556
0.0068372477,0.0787037037
0.0055588120,0.0824652778
0.0055588120,0.0787037037
0.0068372477,0.0862268519
0.0055588120,0.0899884259
0.0055588120,0.0862268519
0.0068372477,0.0937500000
0.0055588120,0.0975115741
0.0055588120,0.0937500000
0.0068372477,0.1012731481
0.0055588120,0.1050347222
0.0055588120,0.1012731481
0.0068372477,0.1087962963
0.0055588120,0.1125578704
0.0055588120,0.1087962963
0.0068372477,0.1163194444
0.0055588120,0.1200810185
0.0055588120,0.1163194444
0.0068372477,0.1238425926
0.0055588120,0.1276041667
0.0055588120,0.1238425926
0.0068372477,0.1313657407
0.0055588120,0.1351273148
0.0055588120,0.1313657407
0.0068372477,0.1388888889
0.0055588120,0.1426504630
0.0055588120,0.1388888889
0.0068372477,0.1464120370
0.0055588120,0.1501736111
0.0055588120,0.1464120370
0.0068372477,0.1539351852
0.0055588120,0.1576967593
0.0055588120,0.1539351852
0.0068372477,0.1614583333
0.0055588120,0.1652199074
0.0055588120,0.1614583333
0.0068372477,0.1689814815
0.0055588120,0.1727430556
0.0055588120,0.1689814815
0.0068372477,0.1765046296
0.0055588120,0.1802662037
0.0055588120,0.1765046296
0.0068372477,0.1840277778
0.0055588120,0.1877893519
0.0055588120,0.1840277778
0.0068372477,0.1915509259
0.0055588120,0.1953125000
0.0055588120,0.1915509259
0.0068372477,0.1990740741
0.0055588120,0.2028356481
0.0055588120,0.1990740741
0.0068372477,0.2065972222
0.0055588120,0.2103587963
0.0055588120,0.2065972222
0.0068372477,0.2141203704
0.0055588120,0.2178819444
0.0055588120,0.2141203704
0.0068372477,0.2216435185
0.0055588120,0.2254050926
0.0055588120,0.2216435185
0.0068372477,0.2291666667
0.0055588120,0.2329282407
0.0055588120,0.2291666667
0.0068372477,0.2366898148
0.0055588120,0.2404513889
0.0055588120,0.2366898148
0.0068372477,0.2442129630
0.0055588120,0.2479745370
0.0055588120,0.2442129630
0.0068372477,0.2517361111
0.0055588120,0.2554976852
0.0055588120,0.2517361111
0.0068372477,0.2592592593
0.0055588120,0.2630208333
0.0055588120,0.2592592593
0.0068372477,0.2667824074
0.0055588120,0.2705439815
0.0055588120,0.2667824074
0.0068372477,0.2743055556
0.0055588120,0.2780671296
0.0055588120,0.2743055556
0.0068372477,0.2818287037
0.0055588120,0.2855902778
0.0055588120,0.2818287037
0.0068372477,0.2893518519
0.0055588120,0.2931134259
0.0055588120,0.2893518519
0.0068372477,0.2968750000
0.0055588120,0.3006365741
0.0055588120,0.2968750000
0.0068372477,0.3043981481
0.0055588120,0.3081597222
0.0055588120,0.3043981481
0.0068372477,0.3119212963
0.0055588120,0.3156828704
0.0055588120,0.3119212963
0.0068372477,0.3194444444
0.0055588120,0.3232060185
0.0055588120,0.3194444444
0.0068372477,0.3269675926
0.0055588120,0.3307291667
0.0055588120,0.3269675926
0.0068372477,0.3344907407
0.0055588120,0.3382523148
0.0055588120,0.3344907407
0.0068372477,0.3420138889
0.0055588120,0.3457754630
0.0055588120,0.3420138889
0.0068372477,0.3495370370
0.0055588120,0.3532986111
0.0055588120,0.3495370370
0.0068372477,0.3570601852
0.0055588120,0.3608217593
0.0055588120,0.3570601852
0.0068372477,0.3645833333
0.0055588120,0.3683449074
0.0055588120,0.3645833333
0.0068372477,0.3721064815
0.0055588120,0.3758680556
0.0055588120,0.3721064815
0.0068372477,0.3796296296
0.0055588120,0.3833912037
0.0055588120,0.3796296296
0.0068372477,0.3871527778
0.0055588120,0.3909143519
0.0055588120,0.3871527778
0.0068372477,0.3946759259
0.0055588120,0.3984375000
0.0055588120,0.3946759259
0.0068372477,0.4021990741
0.0055588120,0.4059606481
0.0055588120,0.4021990741
0.0068372477,0.4097222222
0.0055588120,0.4134837963
0.0055588120,0.4097222222
0.0068372477,0.4172453704
0.0055588120,0.4210069444
0.0055588120,0.4172453704
0.0068372477,0.4247685185
0.0055588120,0.4285300926
0.0055588120,0.4247685185
0.0068372477,0.4322916667
0.0055588120,0.4360532407
0.0055588120,0.4322916667
0.0068372477,0.4398148148
0.0055588120,0.4435763889
0.0055588120,0.4398148148
0.0068372477,0.4473379630
0.0055588120,0.4510995370
0.0055588120,0.4473379630
0.0068372477,0.4548611111
0.0055588120,0.4586226852
0.0055588120,0.4548611111
0.0068372477,0.4623842593
0.0055588120,0.4661458333
0.0055588120,0.4623842593
0.0068372477,0.4699074074
0.0055588120,0.4736689815
0.0055588120,0.4699074074
0.0068372477,0.4774305556
0.0055588120,0.4811921296
0.0055588120,0.4774305556
0.0068372477,0.4849537037
0.0055588120,0.4887152778
0.0055588120,0.4849537037
0.0068372477,0.4924768519
0.0055588120,0.4962384259
0.0055588120,0.4924768519
0.0068372477,0.5000000000
0.0055588120,0.5037615741
0.0055588120,0.5000000000
0.0068372477,0.5075231481
0.0055588120,0.5112847222
0.0055588120,0.5075231481
0.0068372477,0.5150462963
0.0055588120,0.5188078704
0.0055588120,0.5150462963
0.0068372477,0.5225694444
0.0055588120,0.5263310185
0.0055588120,0.5225694444
0.0068372477,0.5300925926
0.0055588120,0.5338541667
0.0055588120,0.5300925926
0.0068372477,0.5376157407
0.0055588120,0.5413773148
0.0055588120,0.5376157407
0.0068372477,0.5451388889
0.0055588120,0.5489004630
0.0055588120,0.5451388889
0.0068372477,0.5526620370
0.0055588120,0.5564236111
0.0055588120,0.5526620370
0.0068372477,0.5601851852
0.0055588120,0.5639467593
0.0055588120,0.5601851852
0.0068372477,0.5677083333
0.0055588120,0.5714699074
0.0055588120,0.5677083333
0.0068372477,0.5752314815
0.0055588120,0.5789930556
0.0055588120,0.5752314815
0.0068372477,0.5827546296
0.0055588120,0.5865162037
0.0055588120,0.5827546296
0.0068372477,0.5902777778
0.0055588120,0.5940393519
0.0055588120,0.5902777778
0.0068372477,0.5978009259
0.0055588120,0.6015625000
0.0055588120,0.5978009259
0.0068372477,0.6053240741
0.0055588120,0.6090856481
0.0055588120,0.6053240741
0.0068372477,0.6128472222
0.0055588120,0.6166087963
0.0055588120,0.6128472222
0.0068372477,0.6203703704
0.0055588120,0.6241319444
0.0055588120,0.6203703704
0.0068372477,0.6278935185
0.0055588120,0.6316550926
0.0055588120,0.6278935185
0.0068372477,0.6354166667
0.0055588120,0.6391782407
0.0055588120,0.6354166667
0.0068372477,0.6429398148
0.0055588120,0.6467013889
0.0055588120,0.6429398148
0.0068372477,0.6504629630
0.0055588120,0.6542245370
0.0055588120,0.6504629630
0.0068372477,0.6579861111
0.0055588120,0.6617476852
0.0055588120,0.6579861111
0.0068372477,0.6655092593
0.0055588120,0.6692708333
0.0055588120,0.6655092593
0.0068372477,0.6730324074
0.0055588120,0.6767939815
0.0055588120,0.6730324074
0.0068372477,0.6805555556
0.0055588120,0.6843171296
0.0055588120,0.6805555556
0.0068372477,0.6880787037
0.0055588120,0.6918402778
0.0055588120,0.6880787037
0.0068372477,0.6956018519
0.0055588120,0.6993634259
0.0055588120,0.6956018519
0.0068372477,0.7031250000
0.0055588120,0.7068865741
0.0055588120,0.7031250000
0.0068372477,0.7106481481
0.0055588120,0.7144097222
0.0055588120,0.7106481481
0.0068372477,0.7181712963
0.0055588120,0.7219328704
0.0055588120,0.7181712963
0.0068372477,0.7256944444
0.0055588120,0.7294560185
0.0055588120,0.7256944444
0.0068372477,0.7332175926
0.0055588120,0.7369791667
0.0055588120,0.7332175926
0.0068372477,0.7407407407
0.0055588120,0.7445023148
0.0055588120,0.7407407407
0.0068372477,0.7482638889
0.0055588120,0.7520254630
0.0055588120,0.7482638889
0.0068372477,0.7557870370
0.0055588120,0.7595486111
0.0055588120,0.7557870370
0.0068372477,0.7633101852
0.0055588120,0.7670717593
0.0055588120,0.7633101852
0.0068372477,0.7708333333
0.0055588120,0.7745949074
0.0055588120,0.7708333333
0.0068372477,0.7783564815
0.0055588120,0.7821180556
0.0055588120,0.7783564815
0.0068372477,0.7858796296
0.0055588120,0.7896412037
0.0055588120,0.7858796296
0.0068372477,0.7934027778
0.0055588120,0.7971643519
0.0055588120,0.7934027778
0.0068372477,0.8009259259
0.0055588120,0.8046875000
0.0055588120,0.8009259259
0.0068372477,0.8084490741
0.0055588120,0.8122106481
0.0055588120,0.8084490741
0.0068372477,0.8159722222
0.0055588120,0.8197337963
0.0055588120,0.8159722222
0.0068372477,0.8234953704
0.0055588120,0.8272569444
0.0055588120,0.8234953704
0.0068372477,0.8310185185
0.0055588120,0.8347800926
0.0055588120,0.8310185185
0.0068372477,0.8385416667
0.0055588120,0.8423032407
0.0055588120,0.8385416667
0.0068372477,0.8460648148
0.0055588120,0.8498263889
0.0055588120,0.8460648148
0.0068372477,0.8535879630
0.0055588120,0.8573495370
0.0055588120,0.8535879630
0.0068372477,0.8611111111
0.0055588120,0.8648726852
0.0055588120,0.8611111111
0.0068372477,0.8686342593
0.0055588120,0.8723958333
0.0055588120,0.8686342593
0.0068372477,0.8761574074
0.0055588120,0.8799189815
0.0055588120,0.8761574074
0.0068372477,0.8836805556
0.0055588120,0.8874421296
0.0055588120,0.8836805556
0.0068372477,0.8912037037
0.0055588120,0.8949652778
0.0055588120,0.8912037037
0.0068372477,0.8987268519
0.0055588120,0.9024884259
0.0055588120,0.8987268519
0.0068372477,0.9062500000
0.0055588120,0.9100115741
0.0055588120,0.9062500000
0.0068372477,0.9137731481
0.0055588120,0.9175347222
0.0055588120,0.9137731481
0.0068372477,0.9212962963
0.0055588120,0.9250578704
0.0055588120,0.9212962963
0.0068372477,0.9288194444
0.0055588120,0.9325810185
0.0055588120,0.9288194444
0.0068372477,0.9363425926
0.0055588120,0.9401041667
0.0055588120,0.9363425926
0.0068372477,0.9438657407
0.0055588120,0.9476273148
0.0055588120,0.9438657407
0.0068372477,0.9513888889
0.0055588120,0.9551504630
0.0055588120,0.9513888889
0.0068372477,0.9589120370
0.0055588120,0.9626736111
0.0055588120,0.9589120370
0.0068372477,0.9664351852
0.0055588120,0.9701967593
0.0055588120,0.9664351852
0.0068372477,0.9739583333
0.0055588120,0.9777199074
0.0055588120,0.9739583333
0.0068372477,0.9814814815
0.0055588120,0.9852430556
0.0055588120,0.9814814815
0.0068372477,0.9890046296
0.0055588120,0.9927662037
0.0055588120,0.9890046296
0.0068372477,0.9965277778
0.0055588120,1.0002893519
0.0055588120,0.9965277778
0.0068372477,1.0040509259
0.0055588120,1.0040509259
0.0099054931,-0.0040509259
0.0083713704,-0.0002893519
0.0083713704,-0.0040509259
0.0099054931,0.0034722222
0.0083713704,0.0072337963
0.0083713704,0.0034722222
0.0099054931,0.0109953704
0.0083713704,0.0147569444
0.0083713704,0.0109953704
0.0099054931,0.0185185185
0.0083713704,0.0222800926
0.0083713704,0.0185185185
0.0099054931,0.0260416667
0.0083713704,0.0298032407
0.0083713704,0.0260416667
0.0099054931,0.0335648148
0.0083713704,0.0373263889
0.0083713704,0.0335648148
0.0099054931,0.0410879630
0.0083713704,0.0448495370
0.0083713704,0.0410879630
0.0099054931,0.0486111111
0.0083713704,0.0523726852
0.0083713704,0.0486111111
0.0099054931,0.0561342593
0.0083713704,0.0598958333
0.0083713704,0.0561342593
0.0099054931,0.0636574074
0.0083713704,0.0674189815
0.0083713704,0.0636574074
0.0099054931,0.0711805556
0.0083713704,0.0749421296
0.0083713704,0.0711805556
0.0099054931,0.0787037037
0.0083713704,0.0824652778
0.0083713704,0.0787037037
0.0099054931,0.0862268519
0.0083713704,0.0899884259
0.0083713704,0.0862268519
0.0099054931,0.0937500000
0.0083713704,0.0975115741
0.0083713704,0.0937500000
0.0099054931,0.1012731481
0.0083713704,0.1050347222
0.0083713704,0.1012731481
0.0099054931,0.1087962963
0.0083713704,0.1125578704
0.0083713704,0.1087962963
0.0099054931,0.1163194444
0.0083713704,0.1200810185
0.0083713704,0.1163194444
0.0099054931,0.1238425926
0.0083713704,0.1276041667
0.0083713704,0.1238425926
0.0099054931,0.1313657407
0.0083713704,0.1351273148
0.0083713704,0.1313657407
0.0099054931,0.1388888889
0.0083713704,0.1426504630
0.0083713704,0.1388888889
0.0099054931,0.1464120370
0.0083713704,0.1501736111
0.0083713704,0.1464120370
0.0099054931,0.1539351852
0.0083713704,0.1576967593
0.0083713704,0.1539351852
0.0099054931,0.1614583333
0.0083713704,0.1652199074
0.0083713704,0.1614583333
0.0099054931,0.1689814815
0.0083713704,0.1727430556
0.0083713704,0.1689814815
0.0099054931,0.1765046296
0.0083713704,0.1802662037
0.0083713704,0.1765046296
0.0099054931,0.1840277778
0.0083713704,0.1877893519
0.0083713704,0.1840277778
0.0099054931,0.1915509259
0.0083713704,0.1953125000
0.0083713704,0.1915509259
0.0099054931,0.1990740741
0.0083713704,0.2028356481
0.0083713704,0.1990740741
0.0099054931,0.2065972222
0.0083713704,0.2103587963
0.0083713704,0.2065972222
0.0099054931,0.2141203704
0.0083713704,0.2178819444
0.0083713704,0.2141203704
0.0099054931,0.2216435185
0.0083713704,0.2254050926
0.0083713704,0.2216435185
0.0099054931,0.2291666667
0.0083713704,0.2329282407
0.0083713704,0.2291666667
0.0099054931,0.2366898148
0.0083713704,0.2404513889
0.0083713704,0.2366898148
0.0099054931,0.2442129630
0.0083713704,0.2479745370
0.0083713704,0.2442129630
0.0099054931,0.2517361111
0.0083713704,0.2554976852
0.0083713704,0.2517361111
0.0099054931,0.2592592593
0.0083713704,0.2630208333
0.0083713704,0.2592592593
0.0099054931,0.2667824074
0.0083713704,0.2705439815
0.0083713704,0.2667824074
0.0099054931,0.2743055556
0.0083713704,0.2780671296
0.0083713704,0.2743055556
0.0099054931,0.2818287037
0.0083713704,0.2855902778
0.0083713704,0.2818287037
0.0099054931,0.2893518519
0.0083713704,0.2931134259
0.0083713704,0.2893518519
0.0099054931,0.2968750000
0.0083713704,0.3006365741
0.0083713704,0.2968750000
0.0099054931,0.3043981481
0.0083713704,0.3081597222
0.0083713704,0.3043981481
0.0099054931,0.3119212963
0.0083713704,0.3156828704
0.0083713704,0.3119212963
0.0099054931,0.3194444444
0.0083713704,0.3232060185
0.0083713704,0.3194444444
0.0099054931,0.3269675926
0.0083713704,0.3307291667
0.0083713704,0.3269675926
0.0099054931,0.3344907407
0.0083713704,0.3382523148
0.0083713704,0.3344907407
0.0099054931,0.3420138889
0.0083713704,0.3457754630
0.0083713704,0.3420138889
0.0099054931,0.3495370370
0.0083713704,0.3532986111
0.0083713704,0.3495370370
0.0099054931,0.3570601852
0.0083713704,0.3608217593
0.0083713704,0.3570601852
0.0099054931,0.3645833333
0.0083713704,0.3683449074
0.0083713704,0.3645833333
0.0099054931,0.3721064815
0.0083713704,0.3758680556
0.0083713704,0.3721064815
0.0099054931,0.3796296296
0.0083713704,0.3833912037
0.0083713704,0.3796296296
0.0099054931,0.3871527778
0.0083713704,0.3909143519
0.0083713704,0.3871527778
0.0099054931,0.3946759259
0.0083713704,0.3984375000
0.0083713704,0.3946759259
0.0099054931,0.4021990741
0.0083713704,0.4059606481
0.0083713704,0.4021990741
0.0099054931,0.4097222222
0.0083713704,0.4134837963
0.0083713704,0.4097222222
0.0099054931,0.4172453704
0.0083713704,0.4210069444
0.0083713704,0.4172453704
0.0099054931,0.4247685185
0.0083713704,0.4285300926
0.0083713704,0.4247685185
0.0099054931,0.4322916667
0.0083713704,0.4360532407
0.0083713704,0.4322916667
0.0099054931,0.4398148148
0.0083713704,0.4435763889
0.0083713704,0.4398148148
0.0099054931,0.4473379630
0.0083713704,0.4510995370
0.0083713704,0.4473379630
0.0099054931,0.4548611111
0.0083713704,0.4586226852
0.0083713704,0.4548611111
0.0099054931,0.4623842593
0.0083713704,0.4661458333
0.0083713704,0.4623842593
0.0099054931,0.4699074074
0.0083713704,0.4736689815
0.0083713704,0.4699074074
0.0099054931,0.4774305556
0.0083713704,0.4811921296
0.0083713704,0.4774305556
0.0099054931,0.4849537037
0.0083713704,0.4887152778
0.0083713704,0.4849537037
0.0099054931,0.4924768519
0.0083713704,0.4962384259
0.0083713704,0.4924768519
0.0099054931,0.5000000000
0.0083713704,0.5037615741
0.0083713704,0.5000000000
0.0099054931,0.5075231481
0.0083713704,0.5112847222
0.0083713704,0.5075231481
0.0099054931,0.5150462963
0.0083713704,0.5188078704
0.0083713704,0.5150462963
0.0099054931,0.5225694444
0.0083713704,0.5263310185
0.0083713704,0.5225694444
0.0099054931,0.5300925926
0.0083713704,0.5338541667
0.0083713704,0.5300925926
0.0099054931,0.5376157407
0.0083713704,0.5413773148
0.0083713704,0.5376157407
0.0099054931,0.5451388889
0.0083713704,0.5489004630
0.0083713704,0.5451388889
0.0099054931,0.5526620370
0.0083713704,0.5564236111
0.0083713704,0.5526620370
0.0099054931,0.5601851852
0.0083713704,0.5639467593
0.0083713704,0.5601851852
0.0099054931,0.5677083333
0.0083713704,0.5714699074
0.0083713704,0.5677083333
0.0099054931,0.5752314815
0.0083713704,0.5789930556
0.0083713704,0.5752314815
0.0099054931,0.5827546296
0.0083713704,0.5865162037
0.0083713704,0.5827546296
0.0099054931,0.5902777778
0.0083713704,0.5940393519
0.0083713704,0.5902777778
0.0099054931,0.5978009259
0.0083713704,0.6015625000
0.0083713704,0.5978009259
0.0099054931,0.6053240741
0.0083713704,0.6090856481
0.0083713704,0.6053240741
0.0099054931,0.6128472222
0.0083713704,0.6166087963
0.0083713704,0.6128472222
0.0099054931,0.6203703704
0.0083713704,0.6241319444
0.0083713704,0.6203703704
0.0099054931,0.6278935185
0.0083713704,0.6316550926
0.0083713704,0.6278935185
0.0099054931,0.6354166667
0.0083713704,0.6391782407
0.0083713704,0.6354166667
0.0099054931,0.6429398148
0.0083713704,0.6467013889
0.0083713704,0.6429398148
0.0099054931,0.6504629630
0.0083713704,0.6542245370
0.0083713704,0.6504629630
0.0099054931,0.6579861111
0.0083713704,0.6617476852
0.0083713704,0.6579861111
0.0099054931,0.6655092593
0.0083713704,0.6692708333
0.0083713704,0.6655092593
0.0099054931,0.6730324074
0.0083713704,0.6767939815
0.0083713704,0.6730324074
0.0099054931,0.6805555556
0.0083713704,0.6843171296
0.0083713704,0.6805555556
0.0099054931,0.6880787037
0.0083713704,0.6918402778
0.0083713704,0.6880787037
0.0099054931,0.6956018519
0.0083713704,0.6993634259
0.0083713704,0.6956018519
0.0099054931,0.7031250000
0.0083713704,0.7068865741
0.0083713704,0.7031250000
0.0099054931,0.7106481481
0.0083713704,0.7144097222
0.0083713704,0.7106481481
0.0099054931,0.7181712963
0.0083713704,0.7219328704
0.0083713704,0.7181712963
0.0099054931,0.7256944444
0.0083713704,0.7294560185
0.0083713704,0.7256944444
0.0099054931,0.7332175926
0.0083713704,0.7369791667
0.0083713704,0.7332175926
0.0099054931,0.7407407407
0.0083713704,0.7445023148
0.0083713704,0.7407407407
0.0099054931,0.7482638889
0.0083713704,0.7520254630
0.0083713704,0.7482638889
0.0099054931,0.7557870370
0.0083713704,0.7595486111
0.0083713704,0.7557870370
0.0099054931,0.7633101852
0.0083713704,0.7670717593
0.0083713704,0.7633101852
0.0099054931,0.7708333333
0.0083713704,0.7745949074
0.0083713704,0.7708333333
0.0099054931,0.7783564815
0.0083713704,0.7821180556
0.0083713704,0.7783564815
0.0099054931,0.7858796296
0.0083713704,0.7896412037
0.0083713704,0.7858796296
0.0099054931,0.7934027778
0.0083713704,0.7971643519
0.0083713704,0.7934027778
0.0099054931,0.8009259259
0.0083713704,0.8046875000
0.0083713704,0.8009259259
0.0099054931,0.8084490741
0.0083713704,0.8122106481
0.0083713704,0.8084490741
0.0099054931,0.8159722222
0.0083713704,0.8197337963
0.0083713704,0.8159722222
0.0099054931,0.8234953704
0.0083713704,0.8272569444
0.0083713704,0.8234953704
0.0099054931,0.8310185185
0.0083713704,0.8347800926
0.0083713704,0.8310185185
0.0099054931,0.8385416667
0.0083713704,0.8423032407
0.0083713704,0.8385416667
0.0099054931,0.8460648148
0.0083713704,0.8498263889
0.0083713704,0.8460648148
0.0099054931,0.8535879630
0.0083713704,0.8573495370
0.0083713704,0.8535879630
0.0099054931,0.8611111111
0.0083713704,0.8648726852
0.0083713704,0.8611111111
0.0099054931,0.8686342593
0.0083713704,0.8723958333
0.0083713704,0.8686342593
0.0099054931,0.8761574074
0.0083713704,0.8799189815
0.0083713704,0.8761574074
0.0099054931,0.8836805556
0.0083713704,0.8874421296
0.0083713704,0.8836805556
0.0099054931,0.8912037037
0.0083713704,0.8949652778
0.0083713704,0.8912037037
0.0099054931,0.8987268519
0.0083713704,0.9024884259
0.0083713704,0.8987268519
0.0099054931,0.9062500000
0.0083713704,0.9100115741
0.0083713704,0.9062500000
0.0099054931,0.9137731481
0.0083713704,0.9175347222
0.0083713704,0.9137731481
0.0099054931,0.9212962963
0.0083713704,0.9250578704
0.0083713704,0.9212962963
0.0099054931,0.9288194444
0.0083713704,0.9325810185
0.0083713704,0.9288194444
0.0099054931,0.9363425926
0.0083713704,0.9401041667
0.0083713704,0.9363425926
0.0099054931,0.9438657407
0.0083713704,0.9476273148
0.0083713704,0.9438657407
0.0099054931,0.9513888889
0.0083713704,0.9551504630
0.0083713704,0.9513888889
0.0099054931,0.9589120370
0.0083713704,0.9626736111
0.0083713704,0.9589120370
0.0099054931,0.9664351852
0.0083713704,0.9701967593
0.0083713704,0.9664351852
0.0099054931,0.9739583333
0.0083713704,0.9777199074
0.0083713704,0.9739583333
0.0099054931,0.9814814815
0.0083713704,0.9852430556
0.0083713704,0.9814814815
0.0099054931,0.9890046296
0.0083713704,0.9927662037
0.0083713704,0.9890046296
0.0099054931,0.9965277778
0.0083713704,1.0002893519
0.0083713704,0.9965277778
0.0099054931,1.0040509259
0.0083713704,1.0040509259
0.0135873871,-0.0040509259
0.0117464401,-0.0002893519
0.0117464401,-0.0040509259
0.0135873871,0.0034722222
0.0117464401,0.0072337963
0.0117464401,0.0034722222
0.0135873871,0.0109953704
0.0117464401,0.0147569444
0.0117464401,0.0109953704
0.0135873871,0.0185185185
0.0117464401,0.0222800926
0.0117464401,0.0185185185
0.0135873871,0.0260416667
0.0117464401,0.0298032407
0.0117464401,0.0260416667
0.0135873871,0.0335648148
0.0117464401,0.0373263889
0.0117464401,0.0335648148
0.0135873871,0.0410879630
0.0117464401,0.0448495370
0.0117464401,0.0410879630
0.0135873871,0.0486111111
0.0117464401,0.0523726852
0.0117464401,0.0486111111
0.0135873871,0.0561342593
0.0117464401,0.0598958333
0.0117464401,0.0561342593
0.0135873871,0.0636574074
0.0117464401,0.0674189815
0.0117464401,0.0636574074
0.0135873871,0.0711805556
0.0117464401,0.0749421296
0.0117464401,0.0711805556
0.0135873871,0.0787037037
0.0117464401,0.0824652778
0.0117464401,0.0787037037
0.0135873871,0.0862268519
0.0117464401,0.0899884259
0.0117464401,0.0862268519
0.0135873871,0.0937500000
0.0117464401,0.0975115741
0.0117464401,0.0937500000
0.0135873871,0.1012731481
0.0117464401,0.1050347222
0.0117464401,0.1012731481
0.0135873871,0.1087962963
0.0117464401,0.1125578704
0.0117464401,0.1087962963
0.0135873871,0.1163194444
0.0117464401,0.1200810185
0.0117464401,0.1163194444
0.0135873871,0.1238425926
0.0117464401,0.1276041667
0.0117464401,0.1238425926
0.0135873871,0.1313657407
0.0117464401,0.1351273148
0.0117464401,0.1313657407
0.0135873871,0.1388888889
0.0117464401,0.1426504630
0.0117464401,0.1388888889
0.0135873871,0.1464120370
0.0117464401,0.1501736111
0.0117464401,0.1464120370
0.0135873871,0.1539351852
0.0117464401,0.1576967593
0.0117464401,0.1539351852
0.0135873871,0.1614583333
0.0117464401,0.1652199074
0.0117464401,0.1614583333
0.0135873871,0.1689814815
0.0117464401,0.1727430556
0.0117464401,0.1689814815
0.0135873871,0.1765046296
0.0117464401,0.1802662037
0.0117464401,0.1765046296
0.0135873871,0.1840277778
0.0117464401,0.1877893519
0.0117464401,0.1840277778
0.0135873871,0.1915509259
0.0117464401,0.1953125000
0.0117464401,0.1915509259
0.0135873871,0.1990740741
0.0117464401,0.2028356481
0.0117464401,0.1990740741
0.0135873871,0.2065972222
0.0117464401,0.2103587963
0.0117464401,0.2065972222
0.0135873871,0.2141203704
0.0117464401,0.2178819444
0.0117464401,0.2141203704
0.0135873871,0.2216435185
0.0117464401,0.2254050926
0.0117464401,0.2216435185
0.0135873871,0.2291666667
0.0117464401,0.2329282407
0.0117464401,0.2291666667
0.0135873871,0.2366898148
0.0117464401,0.2404513889
0.0117464401,0.2366898148
0.0135873871,0.2442129630
0.0117464401,0.2479745370
0.0117464401,0.2442129630
0.0135873871,0.2517361111
0.0117464401,0.2554976852
0.0117464401,0.2517361111
0.0135873871,0.2592592593
0.0117464401,0.2630208333
0.0117464401,0.2592592593
0.0135873871,0.2667824074
0.0117464401,0.2705439815
0.0117464401,0.2667824074
0.0135873871,0.2743055556
0.0117464401,0.2780671296
0.0117464401,0.2743055556
0.0135873871,0.2818287037
0.0117464401,0.2855902778
0.0117464401,0.2818287037
0.0135873871,0.2893518519
0.0117464401,0.2931134259
0.0117464401,0.2893518519
0.0135873871,0.2968750000
0.0117464401,0.3006365741
0.0117464401,0.2968750000
0.0135873871,0.3043981481
0.0117464401,0.3081597222
0.0117464401,0.3043981481
0.0135873871,0.3119212963
0.0117464401,0.3156828704
0.0117464401,0.3119212963
0.0135873871,0.3194444444
0.0117464401,0.3232060185
0.0117464401,0.3194444444
0.0135873871,0.3269675926
0.0117464401,0.3307291667
0.0117464401,0.3269675926
0.0135873871,0.3344907407
0.0117464401,0.3382523148
0.0117464401,0.3344907407
0.0135873871,0.3420138889
0.0117464401,0.3457754630
0.0117464401,0.3420138889
0.0135873871,0.3495370370
0.0117464401,0.3532986111
0.0117464401,0.3495370370
0.0135873871,0.3570601852
0.0117464401,0.3608217593
0.0117464401,0.3570601852
0.0135873871,0.3645833333
0.0117464401,0.3683449074
0.0117464401,0.3645833333
0.0135873871,0.3721064815
0.0117464401,0.3758680556
0.0117464401,0.3721064815
0.0135873871,0.3796296296
0.0117464401,0.3833912037
0.0117464401,0.3796296296
0.0135873871,0.3871527778
0.0117464401,0.3909143519
0.0117464401,0.3871527778
0.0135873871,0.3946759259
0.0117464401,0.3984375000
0.0117464401,0.3946759259
0.0135873871,0.4021990741
0.0117464401,0.4059606481
0.0117464401,0.4021990741
0.0135873871,0.4097222222
0.0117464401,0.4134837963
0.0117464401,0.4097222222
0.0135873871,0.4172453704
0.0117464401,0.4210069444
0.0117464401,0.4172453704
0.0135873871,0.4247685185
0.0117464401,0.4285300926
0.0117464401,0.4247685185
0.0135873871,0.4322916667
0.0117464401,0.4360532407
0.0117464401,0.4322916667
0.0135873871,0.4398148148
0.0117464401,0.4435763889
0.0117464401,0.4398148148
0.0135873871,0.4473379630
0.0117464401,0.4510995370
0.0117464401,0.4473379630
0.0135873871,0.4548611111
0.0117464401,0.4586226852
0.0117464401,0.4548611111
0.0135873871,0.4623842593
0.0117464401,0.4661458333
0.0117464401,0.4623842593
0.0135873871,0.4699074074
0.0117464401,0.4736689815
0.0117464401,0.4699074074
0.0135873871,0.4774305556
0.0117464401,0.4811921296
0.0117464401,0.4774305556
0.0135873871,0.4849537037
0.0117464401,0.4887152778
0.0117464401,0.4849537037
0.0135873871,0.4924768519
0.0117464401,0.4962384259
0.0117464401,0.4924768519
0.0135873871,0.5000000000
0.0117464401,0.5037615741
0.0117464401,0.5000000000
0.0135873871,0.5075231481
0.0117464401,0.5112847222
0.0117464401,0.5075231481
0.0135873871,0.5150462963
0.0117464401,0.5188078704
0.0117464401,0.5150462963
0.0135873871,0.5225694444
0.0117464401,0.5263310185
0.0117464401,0.5225694444
0.0135873871,0.5300925926
0.0117464401,0.5338541667
0.0117464401,0.5300925926
0.0135873871,0.5376157407
0.0117464401,0.5413773148
0.0117464401,0.5376157407
0.0135873871,0.5451388889
0.0117464401,0.5489004630
0.0117464401,0.5451388889
0.0135873871,0.5526620370
0.0117464401,0.5564236111
0.0117464401,0.5526620370
0.0135873871,0.5601851852
0.0117464401,0.5639467593
0.0117464401,0.5601851852
0.0135873871,0.5677083333
0.0117464401,0.5714699074
0.0117464401,0.5677083333
0.0135873871,0.5752314815
0.0117464401,0.5789930556
0.0117464401,0.5752314815
0.0135873871,0.5827546296
0.0117464401,0.5865162037
0.0117464401,0.5827546296
0.0135873871,0.5902777778
0.0117464401,0.5940393519
0.0117464401,0.5902777778
0.0135873871,0.5978009259
0.0117464401,0.6015625000
0.0117464401,0.5978009259
0.0135873871,0.6053240741
0.0117464401,0.6090856481
0.0117464401,0.6053240741
0.0135873871,0.6128472222
0.0117464401,0.6166087963
0.0117464401,0.6128472222
0.0135873871,0.6203703704
0.0117464401,0.6241319444
0.0117464401,0.6203703704
0.0135873871,0.6278935185
0.0117464401,0.6316550926
0.0117464401,0.6278935185
0.0135873871,0.6354166667
0.0117464401,0.6391782407
0.0117464401,0.6354166667
0.0135873871,0.6429398148
0.0117464401,0.6467013889
0.0117464401,0.6429398148
0.0135873871,0.6504629630
0.0117464401,0.6542245370
0.0117464401,0.6504629630
0.0135873871,0.6579861111
0.0117464401,0.6617476852
0.0117464401,0.6579861111
0.0135873871,0.6655092593
0.0117464401,0.6692708333
0.0117464401,0.6655092593
0.0135873871,0.6730324074
0.0117464401,0.6767939815
0.0117464401,0.6730324074
0.0135873871,0.6805555556
0.0117464401,0.6843171296
0.0117464401,0.6805555556
0.0135873871,0.6880787037
0.0117464401,0.6918402778
0.0117464401,0.6880787037
0.0135873871,0.6956018519
0.0117464401,0.6993634259
0.0117464401,0.6956018519
0.0135873871,0.7031250000
0.0117464401,0.7068865741
0.0117464401,0.7031250000
0.0135873871,0.7106481481
0.0117464401,0.7144097222
0.0117464401,0.7106481481
0.0135873871,0.7181712963
0.0117464401,0.7219328704
0.0117464401,0.7181712963
0.0135873871,0.7256944444
0.0117464401,0.7294560185
0.0117464401,0.7256944444
0.0135873871,0.7332175926
0.0117464401,0.7369791667
0.0117464401,0.7332175926
0.0135873871,0.7407407407
0.0117464401,0.7445023148
0.0117464401,0.7407407407
0.0135873871,0.7482638889
0.0117464401,0.7520254630
0.0117464401,0.7482638889
0.0135873871,0.7557870370
0.0117464401,0.7595486111
0.0117464401,0.7557870370
0.0135873871,0.7633101852
0.0117464401,0.7670717593
0.0117464401,0.7633101852
0.0135873871,0.7708333333
0.0117464401,0.7745949074
0.0117464401,0.7708333333
0.0135873871,0.7783564815
0.0117464401,0.7821180556
0.0117464401,0.7783564815
0.0135873871,0.7858796296
0.0117464401,0.7896412037
0.0117464401,0.7858796296
0.0135873871,0.7934027778
0.0117464401,0.7971643519
0.0117464401,0.7934027778
0.0135873871,0.8009259259
0.0117464401,0.8046875000
0.0117464401,0.8009259259
0.0135873871,0.8084490741
0.0117464401,0.8122106481
0.0117464401,0.8084490741
0.0135873871,0.8159722222
0.0117464401,0.8197337963
0.0117464401,0.8159722222
0.0135873871,0.8234953704
0.0117464401,0.8272569444
0.0117464401,0.8234953704
0.0135873871,0.8310185185
0.0117464401,0.8347800926
0.0117464401,0.8310185185
0.0135873871,0.8385416667
0.0117464401,0.8423032407
0.0117464401,0.8385416667
0.0135873871,0.8460648148
0.0117464401,0.8498263889
0.0117464401,0.8460648148
0.0135873871,0.8535879630
0.0117464401,0.8573495370
0.0117464401,0.8535879630
0.0135873871,0.8611111111
0.0117464401,0.8648726852
0.0117464401,0.8611111111
0.0135873871,0.8686342593
0.0117464401,0.8723958333
0.0117464401,0.8686342593
0.0135873871,0.8761574074
0.0117464401,0.8799189815
0.0117464401,0.8761574074
0.0135873871,0.8836805556
0.0117464401,0.8874421296
0.0117464401,0.8836805556
0.0135873871,0.8912037037
0.0117464401,0.8949652778
0.0117464401,0.8912037037
0.0135873871,0.8987268519
0.0117464401,0.9024884259
0.0117464401,0.8987268519
0.0135873871,0.9062500000
0.0117464401,0.9100115741
0.0117464401,0.9062500000
0.0135873871,0.9137731481
0.0117464401,0.9175347222
0.0117464401,0.9137731481
0.0135873871,0.9212962963
0.0117464401,0.9250578704
0.0117464401,0.9212962963
0.0135873871,0.9288194444
0.0117464401,0.9325810185
0.0117464401,0.9288194444
0.0135873871,0.9363425926
0.0117464401,0.9401041667
0.0117464401,0.9363425926
0.0135873871,0.9438657407
0.0117464401,0.9476273148
0.0117464401,0.9438657407
0.0135873871,0.9513888889
0.0117464401,0.9551504630
0.0117464401,0.9513888889
0.0135873871,0.9589120370
0.0117464401,0.9626736111
0.0117464401,0.9589120370
0.0135873871,0.9664351852
0.0117464401,0.9701967593
0.0117464401,0.9664351852
0.0135873871,0.9739583333
0.0117464401,0.9777199074
0.0117464401,0.9739583333
0.0135873871,0.9814814815
0.0117464401,0.9852430556
0.0117464401,0.9814814815
0.0135873871,0.9890046296
0.0117464401,0.9927662037
0.0117464401,0.9890046296
0.0135873871,0.9965277778
0.0117464401,1.0002893519
0.0117464401,0.9965277778
0.0135873871,1.0040509259
0.0117464401,1.0040509259
0.0180056616,-0.0040509259
0.0157965244,-0.0002893519
0.0157965244,-0.0040509259
0.0180056616,0.0034722222
0.0157965244,0.0072337963
0.0157965244,0.0034722222
0.0180056616,0.0109953704
0.0157965244,0.0147569444
0.0157965244,0.0109953704
0.0180056616,0.0185185185
0.0157965244,0.0222800926
0.0157965244,0.0185185185
0.0180056616,0.0260416667
0.0157965244,0.0298032407
0.0157965244,0.0260416667
0.0180056616,0.0335648148
0.0157965244,0.0373263889
0.0157965244,0.0335648148
0.0180056616,0.0410879630
0.0157965244,0.0448495370
0.0157965244,0.0410879630
0.0180056616,0.0486111111
0.0157965244,0.0523726852
0.0157965244,0.0486111111
0.0180056616,0.0561342593
0.0157965244,0.0598958333
0.0157965244,0.0561342593
0.0180056616,0.0636574074
0.0157965244,0.0674189815
0.0157965244,0.0636574074
0.0180056616,0.0711805556
0.0157965244,0.0749421296
0.0157965244,0.0711805556
0.0180056616,0.0787037037
0.0157965244,0.0824652778
0.0157965244,0.0787037037
0.0180056616,0.0862268519
0.0157965244,0.0899884259
0.0157965244,0.0862268519
0.0180056616,0.0937500000
0.0157965244,0.0975115741
0.0157965244,0.0937500000
0.0180056616,0.1012731481
0.0157965244,0.1050347222
0.0157965244,0.1012731481
0.0180056616,0.1087962963
0.0157965244,0.1125578704
0.0157965244,0.1087962963
0.0180056616,0.1163194444
0.0157965244,0.1200810185
0.0157965244,0.1163194444
0.0180056616,0.1238425926
0.0157965244,0.1276041667
0.0157965244,0.1238425926
0.0180056616,0.1313657407
0.0157965244,0.1351273148
0.0157965244,0.1313657407
0.0180056616,0.1388888889
0.0157965244,0.1426504630
0.0157965244,0.1388888889
0.0180056616,0.1464120370
0.0157965244,0.1501736111
0.0157965244,0.1464120370
0.0180056616,0.1539351852
0.0157965244,0.1576967593
0.0157965244,0.1539351852
0.0180056616,0.1614583333
0.0157965244,0.1652199074
0.0157965244,0.1614583333
0.0180056616,0.1689814815
0.0157965244,0.1727430556
0.0157965244,0.1689814815
0.0180056616,0.1765046296
0.0157965244,0.1802662037
0.0157965244,0.1765046296
0.0180056616,0.1840277778
0.0157965244,0.1877893519
0.0157965244,0.1840277778
0.0180056616,0.1915509259
0.0157965244,0.1953125000
0.0157965244,0.1915509259
0.0180056616,0.1990740741
0.0157965244,0.2028356481
0.0157965244,0.1990740741
0.0180056616,0.2065972222
0.0157965244,0.2103587963
0.0157965244,0.2065972222
0.0180056616,0.2141203704
0.0157965244,0.2178819444
0.0157965244,0.2141203704
0.0180056616,0.2216435185
0.0157965244,0.2254050926
0.0157965244,0.2216435185
0.0180056616,0.2291666667
0.0157965244,0.2329282407
0.0157965244,0.2291666667
0.0180056616,0.2366898148
0.0157965244,0.2404513889
0.0157965244,0.2366898148
0.0180056616,0.2442129630
0.0157965244,0.2479745370
0.0157965244,0.2442129630
0.0180056616,0.2517361111
0.0157965244,0.2554976852
0.0157965244,0.2517361111
0.0180056616,0.2592592593
0.0157965244,0.2630208333
0.0157965244,0.2592592593
0.0180056616,0.2667824074
0.0157965244,0.2705439815
0.0157965244,0.2667824074
0.0180056616,0.2743055556
0.0157965244,0.2780671296
0.0157965244,0.2743055556
0.0180056616,0.2818287037
0.0157965244,0.2855902778
0.0157965244,0.2818287037
0.0180056616,0.2893518519
0.0157965244,0.2931134259
0.0157965244,0.2893518519
0.0180056616,0.2968750000
0.0157965244,0.3006365741
0.0157965244,0.2968750000
0.0180056616,0.3043981481
0.0157965244,0.3081597222
0.0157965244,0.3043981481
0.0180056616,0.3119212963
0.0157965244,0.3156828704
0.0157965244,0.3119212963
0.0180056616,0.3194444444
0.0157965244,0.3232060185
0.0157965244,0.3194444444
0.0180056616,0.3269675926
0.0157965244,0.3307291667
0.0157965244,0.3269675926
0.0180056616,0.3344907407
0.0157965244,0.3382523148
0.0157965244,0.3344907407
0.0180056616,0.3420138889
0.0157965244,0.3457754630
0.0157965244,0.3420138889
0.0180056616,0.3495370370
0.0157965244,0.3532986111
0.0157965244,0.3495370370
0.0180056616,0.3570601852
0.0157965244,0.3608217593
0.0157965244,0.3570601852
0.0180056616,0.3645833333
0.0157965244,0.3683449074
0.0157965244,0.3645833333
0.0180056616,0.3721064815
0.0157965244,0.3758680556
0.0157965244,0.3721064815
0.0180056616,0.3796296296
0.0157965244,0.3833912037
0.0157965244,0.3796296296
0.0180056616,0.3871527778
0.0157965244,0.3909143519
0.0157965244,0.3871527778
0.0180056616,0.3946759259
0.0157965244,0.3984375000
0.0157965244,0.3946759259
0.0180056616,0.4021990741
0.0157965244,0.4059606481
0.0157965244,0.4021990741
0.0180056616,0.4097222222
0.0157965244,0.4134837963
0.0157965244,0.4097222222
0.0180056616,0.4172453704
0.0157965244,0.4210069444
0.0157965244,0.4172453704
0.0180056616,0.4247685185
0.0157965244,0.4285300926
0.0157965244,0.4247685185
0.0180056616,0.4322916667
0.0157965244,0.4360532407
0.0157965244,0.4322916667
0.0180056616,0.4398148148
0.0157965244,0.4435763889
0.0157965244,0.4398148148
0.0180056616,0.4473379630
0.0157965244,0.4510995370
0.0157965244,0.4473379630
0.0180056616,0.4548611111
0.0157965244,0.4586226852
0.0157965244,0.4548611111
0.0180056616,0.4623842593
0.0157965244,0.4661458333
0.0157965244,0.4623842593
0.0180056616,0.4699074074
0.0157965244,0.4736689815
0.0157965244,0.4699074074
0.0180056616,0.4774305556
0.0157965244,0.4811921296
0.0157965244,0.4774305556
0.0180056616,0.4849537037
0.0157965244,0.4887152778
0.0157965244,0.4849537037
0.0180056616,0.4924768519
0.0157965244,0.4962384259
0.0157965244,0.4924768519
0.0180056616,0.5000000000
0.0157965244,0.5037615741
0.0157965244,0.5000000000
0.0180056616,0.5075231481
0.0157965244,0.5112847222
0.0157965244,0.5075231481
0.0180056616,0.5150462963
0.0157965244,0.5188078704
0.0157965244,0.5150462963
0.0180056616,0.5225694444
0.0157965244,0.5263310185
0.0157965244,0.5225694444
0.0180056616,0.5300925926
0.0157965244,0.5338541667
0.0157965244,0.5300925926
0.0180056616,0.5376157407
0.0157965244,0.5413773148
0.0157965244,0.5376157407
0.0180056616,0.5451388889
0.0157965244,0.5489004630
0.0157965244,0.5451388889
0.0180056616,0.5526620370
0.0157965244,0.5564236111
0.0157965244,0.5526620370
0.0180056616,0.5601851852
0.0157965244,0.5639467593
0.0157965244,0.5601851852
0.0180056616,0.5677083333
0.0157965244,0.5714699074
0.0157965244,0.5677083333
0.0180056616,0.5752314815
0.0157965244,0.5789930556
0.0157965244,0.5752314815
0.0180056616,0.5827546296
0.0157965244,0.5865162037
0.0157965244,0.5827546296
0.0180056616,0.5902777778
0.0157965244,0.5940393519
0.0157965244,0.5902777778
0.0180056616,0.5978009259
0.0157965244,0.6015625000
0.0157965244,0.5978009259
0.0180056616,0.6053240741
0.0157965244,0.6090856481
0.0157965244,0.6053240741
0.0180056616,0.6128472222
0.0157965244,0.6166087963
0.0157965244,0.6128472222
0.0180056616,0.6203703704
0.0157965244,0.6241319444
0.0157965244,0.6203703704
0.0180056616,0.6278935185
0.0157965244,0.6316550926
0.0157965244,0.6278935185
0.0180056616,0.6354166667
0.0157965244,0.6391782407
0.0157965244,0.6354166667
0.0180056616,0.6429398148
0.0157965244,0.6467013889
0.0157965244,0.6429398148
0.0180056616,0.6504629630
0.0157965244,0.6542245370
0.0157965244,0.6504629630
0.0180056616,0.6579861111
0.0157965244,0.6617476852
0.0157965244,0.6579861111
0.0180056616,0.6655092593
0.0157965244,0.6692708333
0.0157965244,0.6655092593
0.0180056616,0.6730324074
0.0157965244,0.6767939815
0.0157965244,0.6730324074
0.0180056616,0.6805555556
0.0157965244,0.6843171296
0.0157965244,0.6805555556
0.0180056616,0.6880787037
0.0157965244,0.6918402778
0.0157965244,0.6880787037
0.0180056616,0.6956018519
0.0157965244,0.6993634259
0.0157965244,0.6956018519
0.0180056616,0.7031250000
0.0157965244,0.7068865741
0.0157965244,0.7031250000
0.0180056616,0.7106481481
0.0157965244,0.7144097222
0.0157965244,0.7106481481
0.0180056616,0.7181712963
0.0157965244,0.7219328704
0.0157965244,0.7181712963
0.0180056616,0.7256944444
0.0157965244,0.7294560185
0.0157965244,0.7256944444
0.0180056616,0.7332175926
0.0157965244,0.7369791667
0.0157965244,0.7332175926
0.0180056616,0.7407407407
0.0157965244,0.7445023148
0.0157965244,0.7407407407
0.0180056616,0.7482638889
0.0157965244,0.7520254630
0.0157965244,0.7482638889
0.0180056616,0.7557870370
0.0157965244,0.7595486111
0.0157965244,0.7557870370
0.0180056616,0.7633101852
0.0157965244,0.7670717593
0.0157965244,0.7633101852
0.0180056616,0.7708333333
0.0157965244,0.7745949074
0.0157965244,0.7708333333
0.0180056616,0.7783564815
0.0157965244,0.7821180556
0.0157965244,0.7783564815
0.0180056616,0.7858796296
0.0157965244,0.7896412037
0.0157965244,0.7858796296
0.0180056616,0.7934027778
0.0157965244,0.7971643519
0.0157965244,0.7934027778
0.0180056616,0.8009259259
0.0157965244,0.8046875000
0.0157965244,0.8009259259
0.0180056616,0.8084490741
0.0157965244,0.8122106481
0.0157965244,0.8084490741
0.0180056616,0.8159722222
0.0157965244,0.8197337963
0.0157965244,0.8159722222
0.0180056616,0.8234953704
0.0157965244,0.8272569444
0.0157965244,0.8234953704
0.0180056616,0.8310185185
0.0157965244,0.8347800926
0.0157965244,0.8310185185
0.0180056616,0.8385416667
0.0157965244,0.8423032407
0.0157965244,0.8385416667
0.0180056616,0.8460648148
0.0157965244,0.8498263889
0.0157965244,0.8460648148
0.0180056616,0.8535879630
0.0157965244,0.8573495370
0.0157965244,0.8535879630
0.0180056616,0.8611111111
0.0157965244,0.8648726852
0.0157965244,0.8611111111
0.0180056616,0.8686342593
0.0157965244,0.8723958333
0.0157965244,0.8686342593
0.0180056616,0.8761574074
0.0157965244,0.8799189815
0.0157965244,0.8761574074
0.0180056616,0.8836805556
0.0157965244,0.8874421296
0.0157965244,0.8836805556
0.0180056616,0.8912037037
0.0157965244,0.8949652778
0.0157965244,0.8912037037
0.0180056616,0.8987268519
0.0157965244,0.9024884259
0.0157965244,0.8987268519
0.0180056616,0.9062500000
0.0157965244,0.9100115741
0.0157965244,0.9062500000
0.0180056616,0.9137731481
0.0157965244,0.9175347222
0.0157965244,0.9137731481
0.0180056616,0.9212962963
0.0157965244,0.9250578704
0.0157965244,0.9212962963
0.0180056616,0.9288194444
0.0157965244,0.9325810185
0.0157965244,0.9288194444
0.0180056616,0.9363425926
0.0157965244,0.9401041667
0.0157965244,0.9363425926
0.0180056616,0.9438657407
0.0157965244,0.9476273148
0.0157965244,0.9438657407
0.0180056616,0.9513888889
0.0157965244,0.9551504630
0.0157965244,0.9513888889
0.0180056616,0.9589120370
0.0157965244,0.9626736111
0.0157965244,0.9589120370
0.0180056616,0.9664351852
0.0157965244,0.9701967593
0.0157965244,0.9664351852
0.0180056616,0.9739583333
0.0157965244,0.9777199074
0.0157965244,0.9739583333
0.0180056616,0.9814814815
0.0157965244,0.9852430556
0.0157965244,0.9814814815
0.0180056616,0.9890046296
0.0157965244,0.9927662037
0.0157965244,0.9890046296
0.0180056616,0.9965277778
0.0157965244,1.0002893519
0.0157965244,0.9965277778
0.0180056616,1.0040509259
0.0157965244,1.0040509259
0.0233075906,-0.0040509259
0.0206566261,-0.0002893519
0.0206566261,-0.0040509259
0.0233075906,0.0034722222
0.0206566261,0.0072337963
0.0206566261,0.0034722222
0.0233075906,0.0109953704
0.0206566261,0.0147569444
0.0206566261,0.0109953704
0.0233075906,0.0185185185
0.0206566261,0.0222800926
0.0206566261,0.0185185185
0.0233075906,0.0260416667
0.0206566261,0.0298032407
0.0206566261,0.0260416667
0.0233075906,0.0335648148
0.0206566261,0.0373263889
0.0206566261,0.0335648148
0.0233075906,0.0410879630
0.0206566261,0.0448495370
0.0206566261,0.0410879630
0.0233075906,0.0486111111
0.0206566261,0.0523726852
0.0206566261,0.0486111111
0.0233075906,0.0561342593
0.0206566261,0.0598958333
0.0206566261,0.0561342593
0.0233075906,0.0636574074
0.0206566261,0.0674189815
0.0206566261,0.0636574074
0.0233075906,0.0711805556
0.0206566261,0.0749421296
0.0206566261,0.0711805556
0.0233075906,0.0787037037
0.0206566261,0.0824652778
0.0206566261,0.0787037037
0.0233075906,0.0862268519
0.0206566261,0.0899884259
0.0206566261,0.0862268519
0.0233075906,0.0937500000
0.0206566261,0.0975115741
0.0206566261,0.0937500000
0.0233075906,0.1012731481
0.0206566261,0.1050347222
0.0206566261,0.1012731481
0.0233075906,0.1087962963
0.0206566261,0.1125578704
0.0206566261,0.1087962963
0.0233075906,0.1163194444
0.0206566261,0.1200810185
0.0206566261,0.1163194444
0.0233075906,0.1238425926
0.0206566261,0.1276041667
0.0206566261,0.1238425926
0.0233075906,0.1313657407
0.0206566261,0.1351273148
0.0206566261,0.1313657407
0.0233075906,0.1388888889
0.0206566261,0.1426504630
0.0206566261,0.1388888889
0.0233075906,0.1464120370
0.0206566261,0.1501736111
0.0206566261,0.1464120370
0.0233075906,0.1539351852
0.0206566261,0.1576967593
0.0206566261,0.1539351852
0.0233075906,0.1614583333
0.0206566261,0.1652199074
0.0206566261,0.1614583333
0.0233075906,0.1689814815
0.0206566261,0.1727430556
0.0206566261,0.1689814815
0.0233075906,0.1765046296
0.0206566261,0.1802662037
0.0206566261,0.1765046296
0.0233075906,0.1840277778
0.0206566261,0.1877893519
0.0206566261,0.1840277778
0.0233075906,0.1915509259
0.0206566261,0.1953125000
0.0206566261,0.1915509259
0.0233075906,0.1990740741
0.0206566261,0.2028356481
0.0206566261,0.1990740741
0.0233075906,0.2065972222
0.0206566261,0.2103587963
0.0206566261,0.2065972222
0.0233075906,0.2141203704
0.0206566261,0.2178819444
0.0206566261,0.2141203704
0.0233075906,0.2216435185
0.0206566261,0.2254050926
0.0206566261,0.2216435185
0.0233075906,0.2291666667
0.0206566261,0.2329282407
0.0206566261,0.2291666667
0.0233075906,0.2366898148
0.0206566261,0.2404513889
0.0206566261,0.2366898148
0.0233075906,0.2442129630
0.0206566261,0.2479745370
0.0206566261,0.2442129630
0.0233075906,0.2517361111
0.0206566261,0.2554976852
0.0206566261,0.2517361111
0.0233075906,0.2592592593
0.0206566261,0.2630208333
0.0206566261,0.2592592593
0.0233075906,0.2667824074
0.0206566261,0.2705439815
0.0206566261,0.2667824074
0.0233075906,0.2743055556
0.0206566261,0.2780671296
0.0206566261,0.2743055556
0.0233075906,0.2818287037
0.0206566261,0.2855902778
0.0206566261,0.2818287037
0.0233075906,0.2893518519
0.0206566261,0.2931134259
0.0206566261,0.2893518519
0.0233075906,0.2968750000
0.0206566261,0.3006365741
0.0206566261,0.2968750000
0.0233075906,0.3043981481
0.0206566261,0.3081597222
0.0206566261,0.3043981481
0.0233075906,0.3119212963
0.0206566261,0.3156828704
0.0206566261,0.3119212963
0.0233075906,0.3194444444
0.0206566261,0.3232060185
0.0206566261,0.3194444444
0.0233075906,0.3269675926
0.0206566261,0.3307291667
0.0206566261,0.3269675926
0.0233075906,0.3344907407
0.0206566261,0.3382523148
0.0206566261,0.3344907407
0.0233075906,0.3420138889
0.0206566261,0.3457754630
0.0206566261,0.3420138889
0.0233075906,0.3495370370
0.0206566261,0.3532986111
0.0206566261,0.3495370370
0.0233075906,0.3570601852
0.0206566261,0.3608217593
0.0206566261,0.3570601852
0.0233075906,0.3645833333
0.0206566261,0.3683449074
0.0206566261,0.3645833333
0.0233075906,0.3721064815
0.0206566261,0.3758680556
0.0206566261,0.3721064815
0.0233075906,0.3796296296
0.0206566261,0.3833912037
0.0206566261,0.3796296296
0.0233075906,0.3871527778
0.0206566261,0.3909143519
0.0206566261,0.3871527778
0.0233075906,0.3946759259
0.0206566261,0.3984375000
0.0206566261,0.3946759259
0.0233075906,0.4021990741
0.0206566261,0.4059606481
0.0206566261,0.4021990741
0.0233075906,0.4097222222
0.0206566261,0.4134837963
0.0206566261,0.4097222222
0.0233075906,0.4172453704
0.0206566261,0.4210069444
0.0206566261,0.4172453704
0.0233075906,0.4247685185
0.0206566261,0.4285300926
0.0206566261,0.4247685185
0.0233075906,0.4322916667
0.0206566261,0.4360532407
0.0206566261,0.4322916667
0.0233075906,0.4398148148
0.0206566261,0.4435763889
0.0206566261,0.4398148148
0.0233075906,0.4473379630
0.0206566261,0.4510995370
0.0206566261,0.4473379630
0.0233075906,0.4548611111
0.0206566261,0.4586226852
0.0206566261,0.4548611111
0.0233075906,0.4623842593
0.0206566261,0.4661458333
0.0206566261,0.4623842593
0.0233075906,0.4699074074
0.0206566261,0.4736689815
0.0206566261,0.4699074074
0.0233075906,0.4774305556
0.0206566261,0.4811921296
0.0206566261,0.4774305556
0.0233075906,0.4849537037
0.0206566261,0.4887152778
0.0206566261,0.4849537037
0.0233075906,0.4924768519
0.0206566261,0.4962384259
0.0206566261,0.4924768519
0.0233075906,0.5000000000
0.0206566261,0.5037615741
0.0206566261,0.5000000000
0.0233075906,0.5075231481
0.0206566261,0.5112847222
0.0206566261,0.5075231481
0.0233075906,0.5150462963
0.0206566261,0.5188078704
0.0206566261,0.5150462963
0.0233075906,0.5225694444
0.0206566261,0.5263310185
0.0206566261,0.5225694444
0.0233075906,0.5300925926
0.0206566261,0.5338541667
0.0206566261,0.5300925926
0.0233075906,0.5376157407
0.0206566261,0.5413773148
0.0206566261,0.5376157407
0.0233075906,0.5451388889
0.0206566261,0.5489004630
0.0206566261,0.5451388889
0.0233075906,0.5526620370
0.0206566261,0.5564236111
0.0206566261,0.5526620370
0.0233075906,0.5601851852
0.0206566261,0.5639467593
0.0206566261,0.5601851852
0.0233075906,0.5677083333
0.0206566261,0.5714699074
0.0206566261,0.5677083333
0.0233075906,0.5752314815
0.0206566261,0.5789930556
0.0206566261,0.5752314815
0.0233075906,0.5827546296
0.0206566261,0.5865162037
0.0206566261,0.5827546296
0.0233075906,0.5902777778
0.0206566261,0.5940393519
0.0206566261,0.5902777778
0.0233075906,0.5978009259
0.0206566261,0.6015625000
0.0206566261,0.5978009259
0.0233075906,0.6053240741
0.0206566261,0.6090856481
0.0206566261,0.6053240741
0.0233075906,0.6128472222
0.0206566261,0.6166087963
0.0206566261,0.6128472222
0.0233075906,0.6203703704
0.0206566261,0.6241319444
0.0206566261,0.6203703704
0.0233075906,0.6278935185
0.0206566261,0.6316550926
0.0206566261,0.6278935185
0.0233075906,0.6354166667
0.0206566261,0.6391782407
0.0206566261,0.6354166667
0.0233075906,0.6429398148
0.0206566261,0.6467013889
0.0206566261,0.6429398148
0.0233075906,0.6504629630
0.0206566261,0.6542245370
0.0206566261,0.6504629630
0.0233075906,0.6579861111
0.0206566261,0.6617476852
0.0206566261,0.6579861111
0.0233075906,0.6655092593
0.0206566261,0.6692708333
0.0206566261,0.6655092593
0.0233075906,0.6730324074
0.0206566261,0.6767939815
0.0206566261,0.6730324074
0.0233075906,0.6805555556
0.0206566261,0.6843171296
0.0206566261,0.6805555556
0.0233075906,0.6880787037
0.0206566261,0.6918402778
0.0206566261,0.6880787037
0.0233075906,0.6956018519
0.0206566261,0.6993634259
0.0206566261,0.6956018519
0.0233075906,0.7031250000
0.0206566261,0.7068865741
0.0206566261,0.7031250000
0.0233075906,0.7106481481
0.0206566261,0.7144097222
0.0206566261,0.7106481481
0.0233075906,0.7181712963
0.0206566261,0.7219328704
0.0206566261,0.7181712963
0.0233075906,0.7256944444
0.0206566261,0.7294560185
0.0206566261,0.7256944444
0.0233075906,0.7332175926
0.0206566261,0.7369791667
0.0206566261,0.7332175926
0.0233075906,0.7407407407
0.0206566261,0.7445023148
0.0206566261,0.7407407407
0.0233075906,0.7482638889
0.0206566261,0.7520254630
0.0206566261,0.7482638889
0.0233075906,0.7557870370
0.0206566261,0.7595486111
0.0206566261,0.7557870370
0.0233075906,0.7633101852
0.0206566261,0.7670717593
0.0206566261,0.7633101852
0.0233075906,0.7708333333
0.0206566261,0.7745949074
0.0206566261,0.7708333333
0.0233075906,0.7783564815
0.0206566261,0.7821180556
0.0206566261,0.7783564815
0.0233075906,0.7858796296
0.0206566261,0.7896412037
0.0206566261,0.7858796296
0.0233075906,0.7934027778
0.0206566261,0.7971643519
0.0206566261,0.7934027778
0.0233075906,0.8009259259
0.0206566261,0.8046875000
0.0206566261,0.8009259259
0.0233075906,0.8084490741
0.0206566261,0.8122106481
0.0206566261,0.8084490741
0.0233075906,0.8159722222
0.0206566261,0.8197337963
0.0206566261,0.8159722222
0.0233075906,0.8234953704
0.0206566261,0.8272569444
0.0206566261,0.8234953704
0.0233075906,0.8310185185
0.0206566261,0.8347800926
0.0206566261,0.8310185185
0.0233075906,0.8385416667
0.0206566261,0.8423032407
0.0206566261,0.8385416667
0.0233075906,0.8460648148
0.0206566261,0.8498263889
0.0206566261,0.8460648148
0.0233075906,0.8535879630
0.0206566261,0.8573495370
0.0206566261,0.8535879630
0.0233075906,0.8611111111
0.0206566261,0.8648726852
0.0206566261,0.8611111111
0.0233075906,0.8686342593
0.0206566261,0.8723958333
0.0206566261,0.8686342593
0.0233075906,0.8761574074
0.0206566261,0.8799189815
0.0206566261,0.8761574074
0.0233075906,0.8836805556
0.0206566261,0.8874421296
0.0206566261,0.8836805556
0.0233075906,0.8912037037
0.0206566261,0.8949652778
0.0206566261,0.8912037037
0.0233075906,0.8987268519
0.0206566261,0.9024884259
0.0206566261,0.8987268519
0.0233075906,0.9062500000
0.0206566261,0.9100115741
0.0206566261,0.9062500000
0.0233075906,0.9137731481
0.0206566261,0.9175347222
0.0206566261,0.9137731481
0.0233075906,0.9212962963
0.0206566261,0.9250578704
0.0206566261,0.9212962963
0.0233075906,0.9288194444
0.0206566261,0.9325810185
0.0206566261,0.9288194444
0.0233075906,0.9363425926
0.0206566261,0.9401041667
0.0206566261,0.9363425926
0.0233075906,0.9438657407
0.0206566261,0.9476273148
0.0206566261,0.9438657407
0.0233075906,0.9513888889
0.0206566261,0.9551504630
0.0206566261,0.9513888889
0.0233075906,0.9589120370
0.0206566261,0.9626736111
0.0206566261,0.9589120370
0.0233075906,0.9664351852
0.0206566261,0.9701967593
0.0206566261,0.9664351852
0.0233075906,0.9739583333
0.0206566261,0.9777199074
0.0206566261,0.9739583333
0.0233075906,0.9814814815
0.0206566261,0.9852430556
0.0206566261,0.9814814815
0.0233075906,0.9890046296
0.0206566261,0.9927662037
0.0206566261,0.9890046296
0.0233075906,0.9965277778
0.0206566261,1.0002893519
0.0206566261,0.9965277778
0.0233075906,1.0040509259
0.0206566261,1.0040509259
0.0296699043,-0.0040509259
0.0264887474,-0.0002893519
0.0264887474,-0.0040509259
0.0296699043,0.0034722222
0.0264887474,0.0072337963
0.0264887474,0.0034722222
0.0296699043,0.0109953704
0.0264887474,0.0147569444
0.0264887474,0.0109953704
0.0296699043,0.0185185185
0.0264887474,0.0222800926
0.0264887474,0.0185185185
0.0296699043,0.0260416667
0.0264887474,0.0298032407
0.0264887474,0.0260416667
0.0296699043,0.0335648148
0.0264887474,0.0373263889
0.0264887474,0.0335648148
0.0296699043,0.0410879630
0.0264887474,0.0448495370
0.0264887474,0.0410879630
0.0296699043,0.0486111111
0.0264887474,0.0523726852
0.0264887474,0.0486111111
0.0296699043,0.0561342593
0.0264887474,0.0598958333
0.0264887474,0.0561342593
0.0296699043,0.0636574074
0.0264887474,0.0674189815
0.0264887474,0.0636574074
0.0296699043,0.0711805556
0.0264887474,0.0749421296
0.0264887474,0.0711805556
0.0296699043,0.0787037037
0.0264887474,0.0824652778
0.0264887474,0.0787037037
0.0296699043,0.0862268519
0.0264887474,0.0899884259
0.0264887474,0.0862268519
0.0296699043,0.0937500000
0.0264887474,0.0975115741
0.0264887474,0.0937500000
0.0296699043,0.1012731481
0.0264887474,0.1050347222
0.0264887474,0.1012731481
0.0296699043,0.1087962963
0.0264887474,0.1125578704
0.0264887474,0.1087962963
0.0296699043,0.1163194444
0.0264887474,0.1200810185
0.0264887474,0.1163194444
0.0296699043,0.1238425926
0.0264887474,0.1276041667
0.0264887474,0.1238425926
0.0296699043,0.1313657407
0.0264887474,0.1351273148
0.0264887474,0.1313657407
0.0296699043,0.1388888889
0.0264887474,0.1426504630
0.0264887474,0.1388888889
0.0296699043,0.1464120370
0.0264887474,0.1501736111
0.0264887474,0.1464120370
0.0296699043,0.1539351852
0.0264887474,0.1576967593
0.0264887474,0.1539351852
0.0296699043,0.1614583333
0.0264887474,0.1652199074
0.0264887474,0.1614583333
0.0296699043,0.1689814815
0.0264887474,0.1727430556
0.0264887474,0.1689814815
0.0296699043,0.1765046296
0.0264887474,0.1802662037
0.0264887474,0.1765046296
0.0296699043,0.1840277778
0.0264887474,0.1877893519
0.0264887474,0.1840277778
0.0296699043,0.1915509259
0.0264887474,0.1953125000
0.0264887474,0.1915509259
0.0296699043,0.1990740741
0.0264887474,0.2028356481
0.0264887474,0.1990740741
0.0296699043,0.2065972222
0.0264887474,0.2103587963
0.0264887474,0.2065972222
0.0296699043,0.2141203704
0.0264887474,0.2178819444
0.0264887474,0.2141203704
0.0296699043,0.2216435185
0.0264887474,0.2254050926
0.0264887474,0.2216435185
0.0296699043,0.2291666667
0.0264887474,0.2329282407
0.0264887474,0.2291666667
0.0296699043,0.2366898148
0.0264887474,0.2404513889
0.0264887474,0.2366898148
0.0296699043,0.2442129630
0.0264887474,0.2479745370
0.0264887474,0.2442129630
0.0296699043,0.2517361111
0.0264887474,0.2554976852
0.0264887474,0.2517361111
0.0296699043,0.2592592593
0.0264887474,0.2630208333
0.0264887474,0.2592592593
0.0296699043,0.2667824074
0.0264887474,0.2705439815
0.0264887474,0.2667824074
0.0296699043,0.2743055556
0.0264887474,0.2780671296
0.0264887474,0.2743055556
0.0296699043,0.2818287037
0.0264887474,0.2855902778
0.0264887474,0.2818287037
0.0296699043,0.2893518519
0.0264887474,0.2931134259
0.0264887474,0.2893518519
0.0296699043,0.2968750000
0.0264887474,0.3006365741
0.0264887474,0.2968750000
0.0296699043,0.3043981481
0.0264887474,0.3081597222
0.0264887474,0.3043981481
0.0296699043,0.3119212963
0.0264887474,0.3156828704
0.0264887474,0.3119212963
0.0296699043,0.3194444444
0.0264887474,0.3232060185
0.0264887474,0.3194444444
0.0296699043,0.3269675926
0.0264887474,0.3307291667
0.0264887474,0.3269675926
0.0296699043,0.3344907407
0.0264887474,0.3382523148
0.0264887474,0.3344907407
0.0296699043,0.3420138889
0.0264887474,0.3457754630
0.0264887474,0.3420138889
0.0296699043,0.3495370370
0.0264887474,0.3532986111
0.0264887474,0.3495370370
0.0296699043,0.3570601852
0.0264887474,0.3608217593
0.0264887474,0.3570601852
0.0296699043,0.3645833333
0.0264887474,0.3683449074
0.0264887474,0.3645833333
0.0296699043,0.3721064815
0.0264887474,0.3758680556
0.0264887474,0.3721064815
0.0296699043,0.3796296296
0.0264887474,0.3833912037
0.0264887474,0.3796296296
0.0296699043,0.3871527778
0.0264887474,0.3909143519
0.0264887474,0.3871527778
0.0296699043,0.3946759259
0.0264887474,0.3984375000
0.0264887474,0.3946759259
0.0296699043,0.4021990741
0.0264887474,0.4059606481
0.0264887474,0.4021990741
0.0296699043,0.4097222222
0.0264887474,0.4134837963
0.0264887474,0.4097222222
0.0296699043,0.4172453704
0.0264887474,0.4210069444
0.0264887474,0.4172453704
0.0296699043,0.4247685185
0.0264887474,0.4285300926
0.0264887474,0.4247685185
0.0296699043,0.4322916667
0.0264887474,0.4360532407
0.0264887474,0.4322916667
0.0296699043,0.4398148148
0.0264887474,0.4435763889
0.0264887474,0.4398148148
0.0296699043,0.4473379630
0.0264887474,0.4510995370
0.0264887474,0.4473379630
0.0296699043,0.4548611111
0.0264887474,0.4586226852
0.0264887474,0.4548611111
0.0296699043,0.4623842593
0.0264887474,0.4661458333
0.0264887474,0.4623842593
0.0296699043,0.4699074074
0.0264887474,0.4736689815
0.0264887474,0.4699074074
0.0296699043,0.4774305556
0.0264887474,0.4811921296
0.0264887474,0.4774305556
0.0296699043,0.4849537037
0.0264887474,0.4887152778
0.0264887474,0.4849537037
0.0296699043,0.4924768519
0.0264887474,0.4962384259
0.0264887474,0.4924768519
0.0296699043,0.5000000000
0.0264887474,0.5037615741
0.0264887474,0.5000000000
0.0296699043,0.5075231481
0.0264887474,0.5112847222
0.0264887474,0.5075231481
0.0296699043,0.5150462963
0.0264887474,0.5188078704
0.0264887474,0.5150462963
0.0296699043,0.5225694444
0.0264887474,0.5263310185
0.0264887474,0.5225694444
0.0296699043,0.5300925926
0.0264887474,0.5338541667
0.0264887474,0.5300925926
0.0296699043,0.5376157407
0.0264887474,0.5413773148
0.0264887474,0.5376157407
0.0296699043,0.5451388889
0.0264887474,0.5489004630
0.0264887474,0.5451388889
0.0296699043,0.5526620370
0.0264887474,0.5564236111
0.0264887474,0.5526620370
0.0296699043,0.5601851852
0.0264887474,0.5639467593
0.0264887474,0.5601851852
0.0296699043,0.5677083333
0.0264887474,0.5714699074
0.0264887474,0.5677083333
0.0296699043,0.5752314815
0.0264887474,0.5789930556
0.0264887474,0.5752314815
0.0296699043,0.5827546296
0.0264887474,0.5865162037
0.0264887474,0.5827546296
0.0296699043,0.5902777778
0.0264887474,0.5940393519
0.0264887474,0.5902777778
0.0296699043,0.5978009259
0.0264887474,0.6015625000
0.0264887474,0.5978009259
0.0296699043,0.6053240741
0.0264887474,0.6090856481
0.0264887474,0.6053240741
0.0296699043,0.6128472222
0.0264887474,0.6166087963
0.0264887474,0.6128472222
0.0296699043,0.6203703704
0.0264887474,0.6241319444
0.0264887474,0.6203703704
0.0296699043,0.6278935185
0.0264887474,0.6316550926
0.0264887474,0.6278935185
0.0296699043,0.6354166667
0.0264887474,0.6391782407
0.0264887474,0.6354166667
0.0296699043,0.6429398148
0.0264887474,0.6467013889
0.0264887474,0.6429398148
0.0296699043,0.6504629630
0.0264887474,0.6542245370
0.0264887474,0.6504629630
0.0296699043,0.6579861111
0.0264887474,0.6617476852
0.0264887474,0.6579861111
0.0296699043,0.6655092593
0.0264887474,0.6692708333
0.0264887474,0.6655092593
0.0296699043,0.6730324074
0.0264887474,0.6767939815
0.0264887474,0.6730324074
0.0296699043,0.6805555556
0.0264887474,0.6843171296
0.0264887474,0.6805555556
0.0296699043,0.6880787037
0.0264887474,0.6918402778
0.0264887474,0.6880787037
0.0296699043,0.6956018519
0.0264887474,0.6993634259
0.0264887474,0.6956018519
0.0296699043,0.7031250000
0.0264887474,0.7068865741
0.0264887474,0.7031250000
0.0296699043,0.7106481481
0.0264887474,0.7144097222
0.0264887474,0.7106481481
0.0296699043,0.7181712963
0.0264887474,0.7219328704
0.0264887474,0.7181712963
0.0296699043,0.7256944444
0.0264887474,0.7294560185
0.0264887474,0.7256944444
0.0296699043,0.7332175926
0.0264887474,0.7369791667
0.0264887474,0.7332175926
0.0296699043,0.7407407407
0.0264887474,0.7445023148
0.0264887474,0.7407407407
0.0296699043,0.7482638889
0.0264887474,0.7520254630
0.0264887474,0.7482638889
0.0296699043,0.7557870370
0.0264887474,0.7595486111
0.0264887474,0.7557870370
0.0296699043,0.7633101852
0.0264887474,0.7670717593
0.0264887474,0.7633101852
0.0296699043,0.7708333333
0.0264887474,0.7745949074
0.0264887474,0.7708333333
0.0296699043,0.7783564815
0.0264887474,0.7821180556
0.0264887474,0.7783564815
0.0296699043,0.7858796296
0.0264887474,0.7896412037
0.0264887474,0.7858796296
0.0296699043,0.7934027778
0.0264887474,0.7971643519
0.0264887474,0.7934027778
0.0296699043,0.8009259259
0.0264887474,0.8046875000
0.0264887474,0.8009259259
0.0296699043,0.8084490741
0.0264887474,0.8122106481
0.0264887474,0.8084490741
0.0296699043,0.8159722222
0.0264887474,0.8197337963
0.0264887474,0.8159722222
0.0296699043,0.8234953704
0.0264887474,0.8272569444
0.0264887474,0.8234953704
0.0296699043,0.8310185185
0.0264887474,0.8347800926
0.0264887474,0.8310185185
0.0296699043,0.8385416667
0.0264887474,0.8423032407
0.0264887474,0.8385416667
0.0296699043,0.8460648148
0.0264887474,0.8498263889
0.0264887474,0.8460648148
0.0296699043,0.8535879630
0.0264887474,0.8573495370
0.0264887474,0.8535879630
0.0296699043,0.8611111111
0.0264887474,0.8648726852
0.0264887474,0.8611111111
0.0296699043,0.8686342593
0.0264887474,0.8723958333
0.0264887474,0.8686342593
0.0296699043,0.8761574074
0.0264887474,0.8799189815
0.0264887474,0.8761574074
0.0296699043,0.8836805556
0.0264887474,0.8874421296
0.0264887474,0.8836805556
0.0296699043,0.8912037037
0.0264887474,0.8949652778
0.0264887474,0.8912037037
0.0296699043,0.8987268519
0.0264887474,0.9024884259
0.0264887474,0.8987268519
0.0296699043,0.9062500000
0.0264887474,0.9100115741
0.0264887474,0.9062500000
0.0296699043,0.9137731481
0.0264887474,0.9175347222
0.0264887474,0.9137731481
0.0296699043,0.9212962963
0.0264887474,0.9250578704
0.0264887474,0.9212962963
0.0296699043,0.9288194444
0.0264887474,0.9325810185
0.0264887474,0.9288194444
0.0296699043,0.9363425926
0.0264887474,0.9401041667
0.0264887474,0.9363425926
0.0296699043,0.9438657407
0.0264887474,0.9476273148
0.0264887474,0.9438657407
0.0296699043,0.9513888889
0.0264887474,0.9551504630
0.0264887474,0.9513888889
0.0296699043,0.9589120370
0.0264887474,0.9626736111
0.0264887474,0.9589120370
0.0296699043,0.9664351852
0.0264887474,0.9701967593
0.0264887474,0.9664351852
0.0296699043,0.9739583333
0.0264887474,0.9777199074
0.0264887474,0.9739583333
0.0296699043,0.9814814815
0.0264887474,0.9852430556
0.0264887474,0.9814814815
0.0296699043,0.9890046296
0.0264887474,0.9927662037
0.0264887474,0.9890046296
0.0296699043,0.9965277778
0.0264887474,1.0002893519
0.0264887474,0.9965277778
0.0296699043,1.0040509259
0.0264887474,1.0040509259
0.0373046813,-0.0040509259
0.0334872928,-0.0002893519
0.0334872928,-0.0040509259
0.0373046813,0.0034722222
0.0334872928,0.0072337963
0.0334872928,0.0034722222
0.0373046813,0.0109953704
0.0334872928,0.0147569444
0.0334872928,0.0109953704
0.0373046813,0.0185185185
0.0334872928,0.0222800926
0.0334872928,0.0185185185
0.0373046813,0.0260416667
0.0334872928,0.0298032407
0.0334872928,0.0260416667
0.0373046813,0.0335648148
0.0334872928,0.0373263889
0.0334872928,0.0335648148
0.0373046813,0.0410879630
0.0334872928,0.0448495370
0.0334872928,0.0410879630
0.0373046813,0.0486111111
0.0334872928,0.0523726852
0.0334872928,0.0486111111
0.0373046813,0.0561342593
0.0334872928,0.0598958333
0.0334872928,0.0561342593
0.0373046813,0.0636574074
0.0334872928,0.0674189815
0.0334872928,0.0636574074
0.0373046813,0.0711805556
0.0334872928,0.0749421296
0.0334872928,0.0711805556
0.0373046813,0.0787037037
0.0334872928,0.0824652778
0.0334872928,0.0787037037
0.0373046813,0.0862268519
0.0334872928,0.0899884259
0.0334872928,0.0862268519
0.0373046813,0.0937500000
0.0334872928,0.0975115741
0.0334872928,0.0937500000
0.0373046813,0.1012731481
0.0334872928,0.1050347222
0.0334872928,0.1012731481
0.0373046813,0.1087962963
0.0334872928,0.1125578704
0.0334872928,0.1087962963
0.0373046813,0.1163194444
0.0334872928,0.1200810185
0.0334872928,0.1163194444
0.0373046813,0.1238425926
0.0334872928,0.1276041667
0.0334872928,0.1238425926
0.0373046813,0.1313657407
0.0334872928,0.1351273148
0.0334872928,0.1313657407
0.0373046813,0.1388888889
0.0334872928,0.1426504630
0.0334872928,0.1388888889
0.0373046813,0.1464120370
0.0334872928,0.1501736111
0.0334872928,0.1464120370
0.0373046813,0.1539351852
0.0334872928,0.1576967593
0.0334872928,0.1539351852
0.0373046813,0.1614583333
0.0334872928,0.1652199074
0.0334872928,0.1614583333
0.0373046813,0.1689814815
0.0334872928,0.1727430556
0.0334872928,0.1689814815
0.0373046813,0.1765046296
0.0334872928,0.1802662037
0.0334872928,0.1765046296
0.0373046813,0.1840277778
0.0334872928,0.1877893519
0.0334872928,0.1840277778
0.0373046813,0.1915509259
0.0334872928,0.1953125000
0.0334872928,0.1915509259
0.0373046813,0.1990740741
0.0334872928,0.2028356481
0.0334872928,0.1990740741
0.0373046813,0.2065972222
0.0334872928,0.2103587963
0.0334872928,0.2065972222
0.0373046813,0.2141203704
0.0334872928,0.2178819444
0.0334872928,0.2141203704
0.0373046813,0.2216435185
0.0334872928,0.2254050926
0.0334872928,0.2216435185
0.0373046813,0.2291666667
0.0334872928,0.2329282407
0.0334872928,0.2291666667
0.0373046813,0.2366898148
0.0334872928,0.2404513889
0.0334872928,0.2366898148
0.0373046813,0.2442129630
0.0334872928,0.2479745370
0.0334872928,0.2442129630
0.0373046813,0.2517361111
0.0334872928,0.2554976852
0.0334872928,0.2517361111
0.0373046813,0.2592592593
0.0334872928,0.2630208333
0.0334872928,0.2592592593
0.0373046813,0.2667824074
0.0334872928,0.2705439815
0.0334872928,0.2667824074
0.0373046813,0.2743055556
0.0334872928,0.2780671296
0.0334872928,0.2743055556
0.0373046813,0.2818287037
0.0334872928,0.2855902778
0.0334872928,0.2818287037
0.0373046813,0.2893518519
0.0334872928,0.2931134259
0.0334872928,0.2893518519
0.0373046813,0.2968750000
0.0334872928,0.3006365741
0.0334872928,0.2968750000
0.0373046813,0.3043981481
0.0334872928,0.3081597222
0.0334872928,0.3043981481
0.0373046813,0.3119212963
0.0334872928,0.3156828704
0.0334872928,0.3119212963
0.0373046813,0.3194444444
0.0334872928,0.3232060185
0.0334872928,0.3194444444
0.0373046813,0.3269675926
0.0334872928,0.3307291667
0.0334872928,0.3269675926
0.0373046813,0.3344907407
0.0334872928,0.3382523148
0.0334872928,0.3344907407
0.0373046813,0.3420138889
0.0334872928,0.3457754630
0.0334872928,0.3420138889
0.0373046813,0.3495370370
0.0334872928,0.3532986111
0.0334872928,0.3495370370
0.0373046813,0.3570601852
0.0334872928,0.3608217593
0.0334872928,0.3570601852
0.0373046813,0.3645833333
0.0334872928,0.3683449074
0.0334872928,0.3645833333
0.0373046813,0.3721064815
0.0334872928,0.3758680556
0.0334872928,0.3721064815
0.0373046813,0.3796296296
0.0334872928,0.3833912037
0.0334872928,0.3796296296
0.0373046813,0.3871527778
0.0334872928,0.3909143519
0.0334872928,0.3871527778
0.0373046813,0.3946759259
0.0334872928,0.3984375000
0.0334872928,0.3946759259
0.0373046813,0.4021990741
0.0334872928,0.4059606481
0.0334872928,0.4021990741
0.0373046813,0.4097222222
0.0334872928,0.4134837963
0.0334872928,0.4097222222
0.0373046813,0.4172453704
0.0334872928,0.4210069444
0.0334872928,0.4172453704
0.0373046813,0.4247685185
0.0334872928,0.4285300926
0.0334872928,0.4247685185
0.0373046813,0.4322916667
0.0334872928,0.4360532407
0.0334872928,0.4322916667
0.0373046813,0.4398148148
0.0334872928,0.4435763889
0.0334872928,0.4398148148
0.0373046813,0.4473379630
0.0334872928,0.4510995370
0.0334872928,0.4473379630
0.0373046813,0.4548611111
0.0334872928,0.4586226852
0.0334872928,0.4548611111
0.0373046813,0.4623842593
0.0334872928,0.4661458333
0.0334872928,0.4623842593
0.0373046813,0.4699074074
0.0334872928,0.4736689815
0.0334872928,0.4699074074
0.0373046813,0.4774305556
0.0334872928,0.4811921296
0.0334872928,0.4774305556
0.0373046813,0.4849537037
0.0334872928,0.4887152778
0.0334872928,0.4849537037
0.0373046813,0.4924768519
0.0334872928,0.4962384259
0.0334872928,0.4924768519
0.0373046813,0.5000000000
0.0334872928,0.5037615741
0.0334872928,0.5000000000
0.0373046813,0.5075231481
0.0334872928,0.5112847222
0.0334872928,0.5075231481
0.0373046813,0.5150462963
0.0334872928,0.5188078704
0.0334872928,0.5150462963
0.0373046813,0.5225694444
0.0334872928,0.5263310185
0.0334872928,0.5225694444
0.0373046813,0.5300925926
0.0334872928,0.5338541667
0.0334872928,0.5300925926
0.0373046813,0.5376157407
0.0334872928,0.5413773148
0.0334872928,0.5376157407
0.0373046813,0.5451388889
0.0334872928,0.5489004630
0.0334872928,0.5451388889
0.0373046813,0.5526620370
0.0334872928,0.5564236111
0.0334872928,0.5526620370
0.0373046813,0.5601851852
0.0334872928,0.5639467593
0.0334872928,0.5601851852
0.0373046813,0.5677083333
0.0334872928,0.5714699074
0.0334872928,0.5677083333
0.0373046813,0.5752314815
0.0334872928,0.5789930556
0.0334872928,0.5752314815
0.0373046813,0.5827546296
0.0334872928,0.5865162037
0.0334872928,0.5827546296
0.0373046813,0.5902777778
0.0334872928,0.5940393519
0.0334872928,0.5902777778
0.0373046813,0.5978009259
0.0334872928,0.6015625000
0.0334872928,0.5978009259
0.0373046813,0.6053240741
0.0334872928,0.6090856481
0.0334872928,0.6053240741
0.0373046813,0.6128472222
0.0334872928,0.6166087963
0.0334872928,0.6128472222
0.0373046813,0.6203703704
0.0334872928,0.6241319444
0.0334872928,0.6203703704
0.0373046813,0.6278935185
0.0334872928,0.6316550926
0.0334872928,0.6278935185
0.0373046813,0.6354166667
0.0334872928,0.6391782407
0.0334872928,0.6354166667
0.0373046813,0.6429398148
0.0334872928,0.6467013889
0.0334872928,0.6429398148
0.0373046813,0.6504629630
0.0334872928,0.6542245370
0.0334872928,0.6504629630
0.0373046813,0.6579861111
0.0334872928,0.6617476852
0.0334872928,0.6579861111
0.0373046813,0.6655092593
0.0334872928,0.6692708333
0.0334872928,0.6655092593
0.0373046813,0.6730324074
0.0334872928,0.6767939815
0.0334872928,0.6730324074
0.0373046813,0.6805555556
0.0334872928,0.6843171296
0.0334872928,0.6805555556
0.0373046813,0.6880787037
0.0334872928,0.6918402778
0.0334872928,0.6880787037
0.0373046813,0.6956018519
0.0334872928,0.6993634259
0.0334872928,0.6956018519
0.0373046813,0.7031250000
0.0334872928,0.7068865741
0.0334872928,0.7031250000
0.0373046813,0.7106481481
0.0334872928,0.7144097222
0.0334872928,0.7106481481
0.0373046813,0.7181712963
0.0334872928,0.7219328704
0.0334872928,0.7181712963
0.0373046813,0.7256944444
0.0334872928,0.7294560185
0.0334872928,0.7256944444
0.0373046813,0.7332175926
0.0334872928,0.7369791667
0.0334872928,0.7332175926
0.0373046813,0.7407407407
0.0334872928,0.7445023148
0.0334872928,0.7407407407
0.0373046813,0.7482638889
0.0334872928,0.7520254630
0.0334872928,0.7482638889
0.0373046813,0.7557870370
0.0334872928,0.7595486111
0.0334872928,0.7557870370
0.0373046813,0.7633101852
0.0334872928,0.7670717593
0.0334872928,0.7633101852
0.0373046813,0.7708333333
0.0334872928,0.7745949074
0.0334872928,0.7708333333
0.0373046813,0.7783564815
0.0334872928,0.7821180556
0.0334872928,0.7783564815
0.0373046813,0.7858796296
0.0334872928,0.7896412037
0.0334872928,0.7858796296
0.0373046813,0.7934027778
0.0334872928,0.7971643519
0.0334872928,0.7934027778
0.0373046813,0.8009259259
0.0334872928,0.8046875000
0.0334872928,0.8009259259
0.0373046813,0.8084490741
0.0334872928,0.8122106481
0.0334872928,0.8084490741
0.0373046813,0.8159722222
0.0334872928,0.8197337963
0.0334872928,0.8159722222
0.0373046813,0.8234953704
0.0334872928,0.8272569444
0.0334872928,0.8234953704
0.0373046813,0.8310185185
0.0334872928,0.8347800926
0.0334872928,0.8310185185
0.0373046813,0.8385416667
0.0334872928,0.8423032407
0.0334872928,0.8385416667
0.0373046813,0.8460648148
0.0334872928,0.8498263889
0.0334872928,0.8460648148
0.0373046813,0.8535879630
0.0334872928,0.8573495370
0.0334872928,0.8535879630
0.0373046813,0.8611111111
0.0334872928,0.8648726852
0.0334872928,0.8611111111
0.0373046813,0.8686342593
0.0334872928,0.8723958333
0.0334872928,0.8686342593
0.0373046813,0.8761574074
0.0334872928,0.8799189815
0.0334872928,0.8761574074
0.0373046813,0.8836805556
0.0334872928,0.8874421296
0.0334872928,0.8836805556
0.0373046813,0.8912037037
0.0334872928,0.8949652778
0.0334872928,0.8912037037
0.0373046813,0.8987268519
0.0334872928,0.9024884259
0.0334872928,0.8987268519
0.0373046813,0.9062500000
0.0334872928,0.9100115741
0.0334872928,0.9062500000
0.0373046813,0.9137731481
0.0334872928,0.9175347222
0.0334872928,0.9137731481
0.0373046813,0.9212962963
0.0334872928,0.9250578704
0.0334872928,0.9212962963
0.0373046813,0.9288194444
0.0334872928,0.9325810185
0.0334872928,0.9288194444
0.0373046813,0.9363425926
0.0334872928,0.9401041667
0.0334872928,0.9363425926
0.0373046813,0.9438657407
0.0334872928,0.9476273148
0.0334872928,0.9438657407
0.0373046813,0.9513888889
0.0334872928,0.9551504630
0.0334872928,0.9513888889
0.0373046813,0.9589120370
0.0334872928,0.9626736111
0.0334872928,0.9589120370
0.0373046813,0.9664351852
0.0334872928,0.9701967593
0.0334872928,0.9664351852
0.0373046813,0.9739583333
0.0334872928,0.9777199074
0.0334872928,0.9739583333
0.0373046813,0.9814814815
0.0334872928,0.9852430556
0.0334872928,0.9814814815
0.0373046813,0.9890046296
0.0334872928,0.9927662037
0.0334872928,0.9890046296
0.0373046813,0.9965277778
0.0334872928,1.0002893519
0.0334872928,0.9965277778
0.0373046813,1.0040509259
0.0334872928,1.0040509259
0.0464664137,-0.0040509259
0.0418855475,-0.0002893519
0.0418855475,-0.0040509259
0.0464664137,0.0034722222
0.0418855475,0.0072337963
0.0418855475,0.0034722222
0.0464664137,0.0109953704
0.0418855475,0.0147569444
0.0418855475,0.0109953704
0.0464664137,0.0185185185
0.0418855475,0.0222800926
0.0418855475,0.0185185185
0.0464664137,0.0260416667
0.0418855475,0.0298032407
0.0418855475,0.0260416667
0.0464664137,0.0335648148
0.0418855475,0.0373263889
0.0418855475,0.0335648148
0.0464664137,0.0410879630
0.0418855475,0.0448495370
0.0418855475,0.0410879630
0.0464664137,0.0486111111
0.0418855475,0.0523726852
0.0418855475,0.0486111111
0.0464664137,0.0561342593
0.0418855475,0.0598958333
0.0418855475,0.0561342593
0.0464664137,0.0636574074
0.0418855475,0.0674189815
0.0418855475,0.0636574074
0.0464664137,0.0711805556
0.0418855475,0.0749421296
0.0418855475,0.0711805556
0.0464664137,0.0787037037
0.0418855475,0.0824652778
0.0418855475,0.0787037037
0.0464664137,0.0862268519
0.0418855475,0.0899884259
0.0418855475,0.0862268519
0.0464664137,0.0937500000
0.0418855475,0.0975115741
0.0418855475,0.0937500000
0.0464664137,0.1012731481
0.0418855475,0.1050347222
0.0418855475,0.1012731481
0.0464664137,0.1087962963
0.0418855475,0.1125578704
0.0418855475,0.1087962963
0.0464664137,0.1163194444
0.0418855475,0.1200810185
0.0418855475,0.1163194444
0.0464664137,0.1238425926
0.0418855475,0.1276041667
0.0418855475,0.1238425926
0.0464664137,0.1313657407
0.0418855475,0.1351273148
0.0418855475,0.1313657407
0.0464664137,0.1388888889
0.0418855475,0.1426504630
0.0418855475,0.1388888889
0.0464664137,0.1464120370
0.0418855475,0.1501736111
0.0418855475,0.1464120370
0.0464664137,0.1539351852
0.0418855475,0.1576967593
0.0418855475,0.1539351852
0.0464664137,0.1614583333
0.0418855475,0.1652199074
0.0418855475,0.1614583333
0.0464664137,0.1689814815
0.0418855475,0.1727430556
0.0418855475,0.1689814815
0.0464664137,0.1765046296
0.0418855475,0.1802662037
0.0418855475,0.1765046296
0.0464664137,0.1840277778
0.0418855475,0.1877893519
0.0418855475,0.1840277778
0.0464664137,0.1915509259
0.0418855475,0.1953125000
0.0418855475,0.1915509259
0.0464664137,0.1990740741
0.0418855475,0.2028356481
0.0418855475,0.1990740741
0.0464664137,0.2065972222
0.0418855475,0.2103587963
0.0418855475,0.2065972222
0.0464664137,0.2141203704
0.0418855475,0.2178819444
0.0418855475,0.2141203704
0.0464664137,0.2216435185
0.0418855475,0.2254050926
0.0418855475,0.2216435185
0.0464664137,0.2291666667
0.0418855475,0.2329282407
0.0418855475,0.2291666667
0.0464664137,0.2366898148
0.0418855475,0.2404513889
0.0418855475,0.2366898148
0.0464664137,0.2442129630
0.0418855475,0.2479745370
0.0418855475,0.2442129630
0.0464664137,0.2517361111
0.0418855475,0.2554976852
0.0418855475,0.2517361111
0.0464664137,0.2592592593
0.0418855475,0.2630208333
0.0418855475,0.2592592593
0.0464664137,0.2667824074
0.0418855475,0.2705439815
0.0418855475,0.2667824074
0.0464664137,0.2743055556
0.0418855475,0.2780671296
0.0418855475,0.2743055556
0.0464664137,0.2818287037
0.0418855475,0.2855902778
0.0418855475,0.2818287037
0.0464664137,0.2893518519
0.0418855475,0.2931134259
0.0418855475,0.2893518519
0.0464664137,0.2968750000
0.0418855475,0.3006365741
0.0418855475,0.2968750000
0.0464664137,0.3043981481
0.0418855475,0.3081597222
0.0418855475,0.3043981481
0.0464664137,0.3119212963
0.0418855475,0.3156828704
0.0418855475,0.3119212963
0.0464664137,0.3194444444
0.0418855475,0.3232060185
0.0418855475,0.3194444444
0.0464664137,0.3269675926
0.0418855475,0.3307291667
0.0418855475,0.3269675926
0.0464664137,0.3344907407
0.0418855475,0.3382523148
0.0418855475,0.3344907407
0.0464664137,0.3420138889
0.0418855475,0.3457754630
0.0418855475,0.3420138889
0.0464664137,0.3495370370
0.0418855475,0.3532986111
0.0418855475,0.3495370370
0.0464664137,0.3570601852
0.0418855475,0.3608217593
0.0418855475,0.3570601852
0.0464664137,0.3645833333
0.0418855475,0.3683449074
0.0418855475,0.3645833333
0.0464664137,0.3721064815
0.0418855475,0.3758680556
0.0418855475,0.3721064815
0.0464664137,0.3796296296
0.0418855475,0.3833912037
0.0418855475,0.3796296296
0.0464664137,0.3871527778
0.0418855475,0.3909143519
0.0418855475,0.3871527778
0.0464664137,0.3946759259
0.0418855475,0.3984375000
0.0418855475,0.3946759259
0.0464664137,0.4021990741
0.0418855475,0.4059606481
0.0418855475,0.4021990741
0.0464664137,0.4097222222
0.0418855475,0.4134837963
0.0418855475,0.4097222222
0.0464664137,0.4172453704
0.0418855475,0.4210069444
0.0418855475,0.4172453704
0.0464664137,0.4247685185
0.0418855475,0.4285300926
0.0418855475,0.4247685185
0.0464664137,0.4322916667
0.0418855475,0.4360532407
0.0418855475,0.4322916667
0.0464664137,0.4398148148
0.0418855475,0.4435763889
0.0418855475,0.4398148148
0.0464664137,0.4473379630
0.0418855475,0.4510995370
0.0418855475,0.4473379630
0.0464664137,0.4548611111
0.0418855475,0.4586226852
0.0418855475,0.4548611111
0.0464664137,0.4623842593
0.0418855475,0.4661458333
0.0418855475,0.4623842593
0.0464664137,0.4699074074
0.0418855475,0.4736689815
0.0418855475,0.4699074074
0.0464664137,0.4774305556
0.0418855475,0.4811921296
0.0418855475,0.4774305556
0.0464664137,0.4849537037
0.0418855475,0.4887152778
0.0418855475,0.4849537037
0.0464664137,0.4924768519
0.0418855475,0.4962384259
0.0418855475,0.4924768519
0.0464664137,0.5000000000
0.0418855475,0.5037615741
0.0418855475,0.5000000000
0.0464664137,0.5075231481
0.0418855475,0.5112847222
0.0418855475,0.5075231481
0.0464664137,0.5150462963
0.0418855475,0.5188078704
0.0418855475,0.5150462963
0.0464664137,0.5225694444
0.0418855475,0.5263310185
0.0418855475,0.5225694444
0.0464664137,0.5300925926
0.0418855475,0.5338541667
0.0418855475,0.5300925926
0.0464664137,0.5376157407
0.0418855475,0.5413773148
0.0418855475,0.5376157407
0.0464664137,0.5451388889
0.0418855475,0.5489004630
0.0418855475,0.5451388889
0.0464664137,0.5526620370
0.0418855475,0.5564236111
0.0418855475,0.5526620370
0.0464664137,0.5601851852
0.0418855475,0.5639467593
0.0418855475,0.5601851852
0.0464664137,0.5677083333
0.0418855475,0.5714699074
0.0418855475,0.5677083333
0.0464664137,0.5752314815
0.0418855475,0.5789930556
0.0418855475,0.5752314815
0.0464664137,0.5827546296
0.0418855475,0.5865162037
0.0418855475,0.5827546296
0.0464664137,0.5902777778
0.0418855475,0.5940393519
0.0418855475,0.5902777778
0.0464664137,0.5978009259
0.0418855475,0.6015625000
0.0418855475,0.5978009259
0.0464664137,0.6053240741
0.0418855475,0.6090856481
0.0418855475,0.6053240741
0.0464664137,0.6128472222
0.0418855475,0.6166087963
0.0418855475,0.6128472222
0.0464664137,0.6203703704
0.0418855475,0.6241319444
0.0418855475,0.6203703704
0.0464664137,0.6278935185
0.0418855475,0.6316550926
0.0418855475,0.6278935185
0.0464664137,0.6354166667
0.0418855475,0.6391782407
0.0418855475,0.6354166667
0.0464664137,0.6429398148
0.0418855475,0.6467013889
0.0418855475,0.6429398148
0.0464664137,0.6504629630
0.0418855475,0.6542245370
0.0418855475,0.6504629630
0.0464664137,0.6579861111
0.0418855475,0.6617476852
0.0418855475,0.6579861111
0.0464664137,0.6655092593
0.0418855475,0.6692708333
0.0418855475,0.6655092593
0.0464664137,0.6730324074
0.0418855475,0.6767939815
0.0418855475,0.6730324074
0.0464664137,0.6805555556
0.0418855475,0.6843171296
0.0418855475,0.6805555556
0.0464664137,0.6880787037
0.0418855475,0.6918402778
0.0418855475,0.6880787037
0.0464664137,0.6956018519
0.0418855475,0.6993634259
0.0418855475,0.6956018519
0.0464664137,0.7031250000
0.0418855475,0.7068865741
0.0418855475,0.7031250000
0.0464664137,0.7106481481
0.0418855475,0.7144097222
0.0418855475,0.7106481481
0.0464664137,0.7181712963
0.0418855475,0.7219328704
0.0418855475,0.7181712963
0.0464664137,0.7256944444
0.0418855475,0.7294560185
0.0418855475,0.7256944444
0.0464664137,0.7332175926
0.0418855475,0.7369791667
0.0418855475,0.7332175926
0.0464664137,0.7407407407
0.0418855475,0.7445023148
0.0418855475,0.7407407407
0.0464664137,0.7482638889
0.0418855475,0.7520254630
0.0418855475,0.7482638889
0.0464664137,0.7557870370
0.0418855475,0.7595486111
0.0418855475,0.7557870370
0.0464664137,0.7633101852
0.0418855475,0.7670717593
0.0418855475,0.7633101852
0.0464664137,0.7708333333
0.0418855475,0.7745949074
0.0418855475,0.7708333333
0.0464664137,0.7783564815
0.0418855475,0.7821180556
0.0418855475,0.7783564815
0.0464664137,0.7858796296
0.0418855475,0.7896412037
0.0418855475,0.7858796296
0.0464664137,0.7934027778
0.0418855475,0.7971643519
0.0418855475,0.7934027778
0.0464664137,0.8009259259
0.0418855475,0.8046875000
0.0418855475,0.8009259259
0.0464664137,0.8084490741
0.0418855475,0.8122106481
0.0418855475,0.8084490741
0.0464664137,0.8159722222
0.0418855475,0.8197337963
0.0418855475,0.8159722222
0.0464664137,0.8234953704
0.0418855475,0.8272569444
0.0418855475,0.8234953704
0.0464664137,0.8310185185
0.0418855475,0.8347800926
0.0418855475,0.8310185185
0.0464664137,0.8385416667
0.0418855475,0.8423032407
0.0418855475,0.8385416667
0.0464664137,0.8460648148
0.0418855475,0.8498263889
0.0418855475,0.8460648148
0.0464664137,0.8535879630
0.0418855475,0.8573495370
0.0418855475,0.8535879630
0.0464664137,0.8611111111
0.0418855475,0.8648726852
0.0418855475,0.8611111111
0.0464664137,0.8686342593
0.0418855475,0.8723958333
0.0418855475,0.8686342593
0.0464664137,0.8761574074
0.0418855475,0.8799189815
0.0418855475,0.8761574074
0.0464664137,0.8836805556
0.0418855475,0.8874421296
0.0418855475,0.8836805556
0.0464664137,0.8912037037
0.0418855475,0.8949652778
0.0418855475,0.8912037037
0.0464664137,0.8987268519
0.0418855475,0.9024884259
0.0418855475,0.8987268519
0.0464664137,0.9062500000
0.0418855475,0.9100115741
0.0418855475,0.9062500000
0.0464664137,0.9137731481
0.0418855475,0.9175347222
0.0418855475,0.9137731481
0.0464664137,0.9212962963
0.0418855475,0.9250578704
0.0418855475,0.9212962963
0.0464664137,0.9288194444
0.0418855475,0.9325810185
0.0418855475,0.9288194444
0.0464664137,0.9363425926
0.0418855475,0.9401041667
0.0418855475,0.9363425926
0.0464664137,0.9438657407
0.0418855475,0.9476273148
0.0418855475,0.9438657407
0.0464664137,0.9513888889
0.0418855475,0.9551504630
0.0418855475,0.9513888889
0.0464664137,0.9589120370
0.0418855475,0.9626736111
0.0418855475,0.9589120370
0.0464664137,0.9664351852
0.0418855475,0.9701967593
0.0418855475,0.9664351852
0.0464664137,0.9739583333
0.0418855475,0.9777199074
0.0418855475,0.9739583333
0.0464664137,0.9814814815
0.0418855475,0.9852430556
0.0418855475,0.9814814815
0.0464664137,0.9890046296
0.0418855475,0.9927662037
0.0418855475,0.9890046296
0.0464664137,0.9965277778
0.0418855475,1.0002893519
0.0418855475,0.9965277778
0.0464664137,1.0040509259
0.0418855475,1.0040509259
0.0574604952,-0.0040509259
0.0519634544,-0.0002893519
0.0519634544,-0.0040509259
0.0574604952,0.0034722222
0.0519634544,0.0072337963
0.0519634544,0.0034722222
0.0574604952,0.0109953704
0.0519634544,0.0147569444
0.0519634544,0.0109953704
0.0574604952,0.0185185185
0.0519634544,0.0222800926
0.0519634544,0.0185185185
0.0574604952,0.0260416667
0.0519634544,0.0298032407
0.0519634544,0.0260416667
0.0574604952,0.0335648148
0.0519634544,0.0373263889
0.0519634544,0.0335648148
0.0574604952,0.0410879630
0.0519634544,0.0448495370
0.0519634544,0.0410879630
0.0574604952,0.0486111111
0.0519634544,0.0523726852
0.0519634544,0.0486111111
0.0574604952,0.0561342593
0.0519634544,0.0598958333
0.0519634544,0.0561342593
0.0574604952,0.0636574074
0.0519634544,0.0674189815
0.0519634544,0.0636574074
0.0574604952,0.0711805556
0.0519634544,0.0749421296
0.0519634544,0.0711805556
0.0574604952,0.0787037037
0.0519634544,0.0824652778
0.0519634544,0.0787037037
0.0574604952,0.0862268519
0.0519634544,0.0899884259
0.0519634544,0.0862268519
0.0574604952,0.0937500000
0.0519634544,0.0975115741
0.0519634544,0.0937500000
0.0574604952,0.1012731481
0.0519634544,0.1050347222
0.0519634544,0.1012731481
0.0574604952,0.1087962963
0.0519634544,0.1125578704
0.0519634544,0.1087962963
0.0574604952,0.1163194444
0.0519634544,0.1200810185
0.0519634544,0.1163194444
0.0574604952,0.1238425926
0.0519634544,0.1276041667
0.0519634544,0.1238425926
0.0574604952,0.1313657407
0.0519634544,0.1351273148
0.0519634544,0.1313657407
0.0574604952,0.1388888889
0.0519634544,0.1426504630
0.0519634544,0.1388888889
0.0574604952,0.1464120370
0.0519634544,0.1501736111
0.0519634544,0.1464120370
0.0574604952,0.1539351852
0.0519634544,0.1576967593
0.0519634544,0.1539351852
0.0574604952,0.1614583333
0.0519634544,0.1652199074
0.0519634544,0.1614583333
0.0574604952,0.1689814815
0.0519634544,0.1727430556
0.0519634544,0.1689814815
0.0574604952,0.1765046296
0.0519634544,0.1802662037
0.0519634544,0.1765046296
0.0574604952,0.1840277778
0.0519634544,0.1877893519
0.0519634544,0.1840277778
0.0574604952,0.1915509259
0.0519634544,0.1953125000
0.0519634544,0.1915509259
0.0574604952,0.1990740741
0.0519634544,0.2028356481
0.0519634544,0.1990740741
0.0574604952,0.2065972222
0.0519634544,0.2103587963
0.0519634544,0.2065972222
0.0574604952,0.2141203704
0.0519634544,0.2178819444
0.0519634544,0.2141203704
0.0574604952,0.2216435185
0.0519634544,0.2254050926
0.0519634544,0.2216435185
0.0574604952,0.2291666667
0.0519634544,0.2329282407
0.0519634544,0.2291666667
0.0574604952,0.2366898148
0.0519634544,0.2404513889
0.0519634544,0.2366898148
0.0574604952,0.2442129630
0.0519634544,0.2479745370
0.0519634544,0.2442129630
0.0574604952,0.2517361111
0.0519634544,0.2554976852
0.0519634544,0.2517361111
0.0574604952,0.2592592593
0.0519634544,0.2630208333
0.0519634544,0.2592592593
0.0574604952,0.2667824074
0.0519634544,0.2705439815
0.0519634544,0.2667824074
0.0574604952,0.2743055556
0.0519634544,0.2780671296
0.0519634544,0.2743055556
0.0574604952,0.2818287037
0.0519634544,0.2855902778
0.0519634544,0.2818287037
0.0574604952,0.2893518519
0.0519634544,0.2931134259
0.0519634544,0.2893518519
0.0574604952,0.2968750000
0.0519634544,0.3006365741
0.0519634544,0.2968750000
0.0574604952,0.3043981481
0.0519634544,0.3081597222
0.0519634544,0.3043981481
0.0574604952,0.3119212963
0.0519634544,0.3156828704
0.0519634544,0.3119212963
0.0574604952,0.3194444444
0.0519634544,0.3232060185
0.0519634544,0.3194444444
0.0574604952,0.3269675926
0.0519634544,0.3307291667
0.0519634544,0.3269675926
0.0574604952,0.3344907407
0.0519634544,0.3382523148
0.0519634544,0.3344907407
0.0574604952,0.3420138889
0.0519634544,0.3457754630
0.0519634544,0.3420138889
0.0574604952,0.3495370370
0.0519634544,0.3532986111
0.0519634544,0.3495370370
0.0574604952,0.3570601852
0.0519634544,0.3608217593
0.0519634544,0.3570601852
0.0574604952,0.3645833333
0.0519634544,0.3683449074
0.0519634544,0.3645833333
0.0574604952,0.3721064815
0.0519634544,0.3758680556
0.0519634544,0.3721064815
0.0574604952,0.3796296296
0.0519634544,0.3833912037
0.0519634544,0.3796296296
0.0574604952,0.3871527778
0.0519634544,0.3909143519
0.0519634544,0.3871527778
0.0574604952,0.3946759259
0.0519634544,0.3984375000
0.0519634544,0.3946759259
0.0574604952,0.4021990741
0.0519634544,0.4059606481
0.0519634544,0.4021990741
0.0574604952,0.4097222222
0.0519634544,0.4134837963
0.0519634544,0.4097222222
0.0574604952,0.4172453704
0.0519634544,0.4210069444
0.0519634544,0.4172453704
0.0574604952,0.4247685185
0.0519634544,0.4285300926
0.0519634544,0.4247685185
0.0574604952,0.4322916667
0.0519634544,0.4360532407
0.0519634544,0.4322916667
0.0574604952,0.4398148148
0.0519634544,0.4435763889
0.0519634544,0.4398148148
0.0574604952,0.4473379630
0.0519634544,0.4510995370
0.0519634544,0.4473379630
0.0574604952,0.4548611111
0.0519634544,0.4586226852
0.0519634544,0.4548611111
0.0574604952,0.4623842593
0.0519634544,0.4661458333
0.0519634544,0.4623842593
0.0574604952,0.4699074074
0.0519634544,0.4736689815
0.0519634544,0.4699074074
0.0574604952,0.4774305556
0.0519634544,0.4811921296
0.0519634544,0.4774305556
0.0574604952,0.4849537037
0.0519634544,0.4887152778
0.0519634544,0.4849537037
0.0574604952,0.4924768519
0.0519634544,0.4962384259
0.0519634544,0.4924768519
0.0574604952,0.5000000000
0.0519634544,0.5037615741
0.0519634544,0.5000000000
0.0574604952,0.5075231481
0.0519634544,0.5112847222
0.0519634544,0.5075231481
0.0574604952,0.5150462963
0.0519634544,0.5188078704
0.0519634544,0.5150462963
0.0574604952,0.5225694444
0.0519634544,0.5263310185
0.0519634544,0.5225694444
0.0574604952,0.5300925926
0.0519634544,0.5338541667
0.0519634544,0.5300925926
0.0574604952,0.5376157407
0.0519634544,0.5413773148
0.0519634544,0.5376157407
0.0574604952,0.5451388889
0.0519634544,0.5489004630
0.0519634544,0.5451388889
0.0574604952,0.5526620370
0.0519634544,0.5564236111
0.0519634544,0.5526620370
0.0574604952,0.5601851852
0.0519634544,0.5639467593
0.0519634544,0.5601851852
0.0574604952,0.5677083333
0.0519634544,0.5714699074
0.0519634544,0.5677083333
0.0574604952,0.5752314815
0.0519634544,0.5789930556
0.0519634544,0.5752314815
0.0574604952,0.5827546296
0.0519634544,0.5865162037
0.0519634544,0.5827546296
0.0574604952,0.5902777778
0.0519634544,0.5940393519
0.0519634544,0.5902777778
0.0574604952,0.5978009259
0.0519634544,0.6015625000
0.0519634544,0.5978009259
0.0574604952,0.6053240741
0.0519634544,0.6090856481
0.0519634544,0.6053240741
0.0574604952,0.6128472222
0.0519634544,0.6166087963
0.0519634544,0.6128472222
0.0574604952,0.6203703704
0.0519634544,0.6241319444
0.0519634544,0.6203703704
0.0574604952,0.6278935185
0.0519634544,0.6316550926
0.0519634544,0.6278935185
0.0574604952,0.6354166667
0.0519634544,0.6391782407
0.0519634544,0.6354166667
0.0574604952,0.6429398148
0.0519634544,0.6467013889
0.0519634544,0.6429398148
0.0574604952,0.6504629630
0.0519634544,0.6542245370
0.0519634544,0.6504629630
0.0574604952,0.6579861111
0.0519634544,0.6617476852
0.0519634544,0.6579861111
0.0574604952,0.6655092593
0.0519634544,0.6692708333
0.0519634544,0.6655092593
0.0574604952,0.6730324074
0.0519634544,0.6767939815
0.0519634544,0.6730324074
0.0574604952,0.6805555556
0.0519634544,0.6843171296
0.0519634544,0.6805555556
0.0574604952,0.6880787037
0.0519634544,0.6918402778
0.0519634544,0.6880787037
0.0574604952,0.6956018519
0.0519634544,0.6993634259
0.0519634544,0.6956018519
0.0574604952,0.7031250000
0.0519634544,0.7068865741
0.0519634544,0.7031250000
0.0574604952,0.7106481481
0.0519634544,0.7144097222
0.0519634544,0.7106481481
0.0574604952,0.7181712963
0.0519634544,0.7219328704
0.0519634544,0.7181712963
0.0574604952,0.7256944444
0.0519634544,0.7294560185
0.0519634544,0.7256944444
0.0574604952,0.7332175926
0.0519634544,0.7369791667
0.0519634544,0.7332175926
0.0574604952,0.7407407407
0.0519634544,0.7445023148
0.0519634544,0.7407407407
0.0574604952,0.7482638889
0.0519634544,0.7520254630
0.0519634544,0.7482638889
0.0574604952,0.7557870370
0.0519634544,0.7595486111
0.0519634544,0.7557870370
0.0574604952,0.7633101852
0.0519634544,0.7670717593
0.0519634544,0.7633101852
0.0574604952,0.7708333333
0.0519634544,0.7745949074
0.0519634544,0.7708333333
0.0574604952,0.7783564815
0.0519634544,0.7821180556
0.0519634544,0.7783564815
0.0574604952,0.7858796296
0.0519634544,0.7896412037
0.0519634544,0.7858796296
0.0574604952,0.7934027778
0.0519634544,0.7971643519
0.0519634544,0.7934027778
0.0574604952,0.8009259259
0.0519634544,0.8046875000
0.0519634544,0.8009259259
0.0574604952,0.8084490741
0.0519634544,0.8122106481
0.0519634544,0.8084490741
0.0574604952,0.8159722222
0.0519634544,0.8197337963
0.0519634544,0.8159722222
0.0574604952,0.8234953704
0.0519634544,0.8272569444
0.0519634544,0.8234953704
0.0574604952,0.8310185185
0.0519634544,0.8347800926
0.0519634544,0.8310185185
0.0574604952,0.8385416667
0.0519634544,0.8423032407
0.0519634544,0.8385416667
0.0574604952,0.8460648148
0.0519634544,0.8498263889
0.0519634544,0.8460648148
0.0574604952,0.8535879630
0.0519634544,0.8573495370
0.0519634544,0.8535879630
0.0574604952,0.8611111111
0.0519634544,0.8648726852
0.0519634544,0.8611111111
0.0574604952,0.8686342593
0.0519634544,0.8723958333
0.0519634544,0.8686342593
0.0574604952,0.8761574074
0.0519634544,0.8799189815
0.0519634544,0.8761574074
0.0574604952,0.8836805556
0.0519634544,0.8874421296
0.0519634544,0.8836805556
0.0574604952,0.8912037037
0.0519634544,0.8949652778
0.0519634544,0.8912037037
0.0574604952,0.8987268519
0.0519634544,0.9024884259
0.0519634544,0.8987268519
0.0574604952,0.9062500000
0.0519634544,0.9100115741
0.0519634544,0.9062500000
0.0574604952,0.9137731481
0.0519634544,0.9175347222
0.0519634544,0.9137731481
0.0574604952,0.9212962963
0.0519634544,0.9250578704
0.0519634544,0.9212962963
0.0574604952,0.9288194444
0.0519634544,0.9325810185
0.0519634544,0.9288194444
0.0574604952,0.9363425926
0.0519634544,0.9401041667
0.0519634544,0.9363425926
0.0574604952,0.9438657407
0.0519634544,0.9476273148
0.0519634544,0.9438657407
0.0574604952,0.9513888889
0.0519634544,0.9551504630
0.0519634544,0.9513888889
0.0574604952,0.9589120370
0.0519634544,0.9626736111
0.0519634544,0.9589120370
0.0574604952,0.9664351852
0.0519634544,0.9701967593
0.0519634544,0.9664351852
0.0574604952,0.9739583333
0.0519634544,0.9777199074
0.0519634544,0.9739583333
0.0574604952,0.9814814815
0.0519634544,0.9852430556
0.0519634544,0.9814814815
0.0574604952,0.9890046296
0.0519634544,0.9927662037
0.0519634544,0.9890046296
0.0574604952,0.9965277778
0.0519634544,1.0002893519
0.0519634544,0.9965277778
0.0574604952,1.0040509259
0.0519634544,1.0040509259
0.0706533922,-0.0040509259
0.0640569437,-0.0002893519
0.0640569437,-0.0040509259
0.0706533922,0.0034722222
0.0640569437,0.0072337963
0.0640569437,0.0034722222
0.0706533922,0.0109953704
0.0640569437,0.0147569444
0.0640569437,0.0109953704
0.0706533922,0.0185185185
0.0640569437,0.0222800926
0.0640569437,0.0185185185
0.0706533922,0.0260416667
0.0640569437,0.0298032407
0.0640569437,0.0260416667
0.0706533922,0.0335648148
0.0640569437,0.0373263889
0.0640569437,0.0335648148
0.0706533922,0.0410879630
0.0640569437,0.0448495370
0.0640569437,0.0410879630
0.0706533922,0.0486111111
0.0640569437,0.0523726852
0.0640569437,0.0486111111
0.0706533922,0.0561342593
0.0640569437,0.0598958333
0.0640569437,0.0561342593
0.0706533922,0.0636574074
0.0640569437,0.0674189815
0.0640569437,0.0636574074
0.0706533922,0.0711805556
0.0640569437,0.0749421296
0.0640569437,0.0711805556
0.0706533922,0.0787037037
0.0640569437,0.0824652778
0.0640569437,0.0787037037
0.0706533922,0.0862268519
0.0640569437,0.0899884259
0.0640569437,0.0862268519
0.0706533922,0.0937500000
0.0640569437,0.0975115741
0.0640569437,0.0937500000
0.0706533922,0.1012731481
0.0640569437,0.1050347222
0.0640569437,0.1012731481
0.0706533922,0.1087962963
0.0640569437,0.1125578704
0.0640569437,0.1087962963
0.0706533922,0.1163194444
0.0640569437,0.1200810185
0.0640569437,0.1163194444
0.0706533922,0.1238425926
0.0640569437,0.1276041667
0.0640569437,0.1238425926
0.0706533922,0.1313657407
0.0640569437,0.1351273148
0.0640569437,0.1313657407
0.0706533922,0.1388888889
0.0640569437,0.1426504630
0.0640569437,0.1388888889
0.0706533922,0.1464120370
0.0640569437,0.1501736111
0.0640569437,0.1464120370
0.0706533922,0.1539351852
0.0640569437,0.1576967593
0.0640569437,0.1539351852
0.0706533922,0.1614583333
0.0640569437,0.1652199074
0.0640569437,0.1614583333
0.0706533922,0.1689814815
0.0640569437,0.1727430556
0.0640569437,0.1689814815
0.0706533922,0.1765046296
0.0640569437,0.1802662037
0.0640569437,0.1765046296
0.0706533922,0.1840277778
0.0640569437,0.1877893519
0.0640569437,0.1840277778
0.0706533922,0.1915509259
0.0640569437,0.1953125000
0.0640569437,0.1915509259
0.0706533922,0.1990740741
0.0640569437,0.2028356481
0.0640569437,0.1990740741
0.0706533922,0.2065972222
0.0640569437,0.2103587963
0.0640569437,0.2065972222
0.0706533922,0.2141203704
0.0640569437,0.2178819444
0.0640569437,0.2141203704
0.0706533922,0.2216435185
0.0640569437,0.2254050926
0.0640569437,0.2216435185
0.0706533922,0.2291666667
0.0640569437,0.2329282407
0.0640569437,0.2291666667
0.0706533922,0.2366898148
0.0640569437,0.2404513889
0.0640569437,0.2366898148
0.0706533922,0.2442129630
0.0640569437,0.2479745370
0.0640569437,0.2442129630
0.0706533922,0.2517361111
0.0640569437,0.2554976852
0.0640569437,0.2517361111
0.0706533922,0.2592592593
0.0640569437,0.2630208333
0.0640569437,0.2592592593
0.0706533922,0.2667824074
0.0640569437,0.2705439815
0.0640569437,0.2667824074
0.0706533922,0.2743055556
0.0640569437,0.2780671296
0.0640569437,0.2743055556
0.0706533922,0.2818287037
0.0640569437,0.2855902778
0.0640569437,0.2818287037
0.0706533922,0.2893518519
0.0640569437,0.2931134259
0.0640569437,0.2893518519
0.0706533922,0.2968750000
0.0640569437,0.3006365741
0.0640569437,0.2968750000
0.0706533922,0.3043981481
0.0640569437,0.3081597222
0.0640569437,0.3043981481
0.0706533922,0.3119212963
0.0640569437,0.3156828704
0.0640569437,0.3119212963
0.0706533922,0.3194444444
0.0640569437,0.3232060185
0.0640569437,0.3194444444
0.0706533922,0.3269675926
0.0640569437,0.3307291667
0.0640569437,0.3269675926
0.0706533922,0.3344907407
0.0640569437,0.3382523148
0.0640569437,0.3344907407
0.0706533922,0.3420138889
0.0640569437,0.3457754630
0.0640569437,0.3420138889
0.0706533922,0.3495370370
0.0640569437,0.3532986111
0.0640569437,0.3495370370
0.0706533922,0.3570601852
0.0640569437,0.3608217593
0.0640569437,0.3570601852
0.0706533922,0.3645833333
0.0640569437,0.3683449074
0.0640569437,0.3645833333
0.0706533922,0.3721064815
0.0640569437,0.3758680556
0.0640569437,0.3721064815
0.0706533922,0.3796296296
0.0640569437,0.3833912037
0.0640569437,0.3796296296
0.0706533922,0.3871527778
0.0640569437,0.3909143519
0.0640569437,0.3871527778
0.0706533922,0.3946759259
0.0640569437,0.3984375000
0.0640569437,0.3946759259
0.0706533922,0.4021990741
0.0640569437,0.4059606481
0.0640569437,0.4021990741
0.0706533922,0.4097222222
0.0640569437,0.4134837963
0.0640569437,0.4097222222
0.0706533922,0.4172453704
0.0640569437,0.4210069444
0.0640569437,0.4172453704
0.0706533922,0.4247685185
0.0640569437,0.4285300926
0.0640569437,0.4247685185
0.0706533922,0.4322916667
0.0640569437,0.4360532407
0.0640569437,0.4322916667
0.0706533922,0.4398148148
0.0640569437,0.4435763889
0.0640569437,0.4398148148
0.0706533922,0.4473379630
0.0640569437,0.4510995370
0.0640569437,0.4473379630
0.0706533922,0.4548611111
0.0640569437,0.4586226852
0.0640569437,0.4548611111
0.0706533922,0.4623842593
0.0640569437,0.4661458333
0.0640569437,0.4623842593
0.0706533922,0.4699074074
0.0640569437,0.4736689815
0.0640569437,0.4699074074
0.0706533922,0.4774305556
0.0640569437,0.4811921296
0.0640569437,0.4774305556
0.0706533922,0.4849537037
0.0640569437,0.4887152778
0.0640569437,0.4849537037
0.0706533922,0.4924768519
0.0640569437,0.4962384259
0.0640569437,0.4924768519
0.0706533922,0.5000000000
0.0640569437,0.5037615741
0.0640569437,0.5000000000
0.0706533922,0.5075231481
0.0640569437,0.5112847222
0.0640569437,0.5075231481
0.0706533922,0.5150462963
0.0640569437,0.5188078704
0.0640569437,0.5150462963
0.0706533922,0.5225694444
0.0640569437,0.5263310185
0.0640569437,0.5225694444
0.0706533922,0.5300925926
0.0640569437,0.5338541667
0.0640569437,0.5300925926
0.0706533922,0.5376157407
0.0640569437,0.5413773148
0.0640569437,0.5376157407
0.0706533922,0.5451388889
0.0640569437,0.5489004630
0.0640569437,0.5451388889
0.0706533922,0.5526620370
0.0640569437,0.5564236111
0.0640569437,0.5526620370
0.0706533922,0.5601851852
0.0640569437,0.5639467593
0.0640569437,0.5601851852
0.0706533922,0.5677083333
0.0640569437,0.5714699074
0.0640569437,0.5677083333
0.0706533922,0.5752314815
0.0640569437,0.5789930556
0.0640569437,0.5752314815
0.0706533922,0.5827546296
0.0640569437,0.5865162037
0.0640569437,0.5827546296
0.0706533922,0.5902777778
0.0640569437,0.5940393519
0.0640569437,0.5902777778
0.0706533922,0.5978009259
0.0640569437,0.6015625000
0.0640569437,0.5978009259
0.0706533922,0.6053240741
0.0640569437,0.6090856481
0.0640569437,0.6053240741
0.0706533922,0.6128472222
0.0640569437,0.6166087963
0.0640569437,0.6128472222
0.0706533922,0.6203703704
0.0640569437,0.6241319444
0.0640569437,0.6203703704
0.0706533922,0.6278935185
0.0640569437,0.6316550926
0.0640569437,0.6278935185
0.0706533922,0.6354166667
0.0640569437,0.6391782407
0.0640569437,0.6354166667
0.0706533922,0.6429398148
0.0640569437,0.6467013889
0.0640569437,0.6429398148
0.0706533922,0.6504629630
0.0640569437,0.6542245370
0.0640569437,0.6504629630
0.0706533922,0.6579861111
0.0640569437,0.6617476852
0.0640569437,0.6579861111
0.0706533922,0.6655092593
0.0640569437,0.6692708333
0.0640569437,0.6655092593
0.0706533922,0.6730324074
0.0640569437,0.6767939815
0.0640569437,0.6730324074
0.0706533922,0.6805555556
0.0640569437,0.6843171296
0.0640569437,0.6805555556
0.0706533922,0.6880787037
0.0640569437,0.6918402778
0.0640569437,0.6880787037
0.0706533922,0.6956018519
0.0640569437,0.6993634259
0.0640569437,0.6956018519
0.0706533922,0.7031250000
0.0640569437,0.7068865741
0.0640569437,0.7031250000
0.0706533922,0.7106481481
0.0640569437,0.7144097222
0.0640569437,0.7106481481
0.0706533922,0.7181712963
0.0640569437,0.7219328704
0.0640569437,0.7181712963
0.0706533922,0.7256944444
0.0640569437,0.7294560185
0.0640569437,0.7256944444
0.0706533922,0.7332175926
0.0640569437,0.7369791667
0.0640569437,0.7332175926
0.0706533922,0.7407407407
0.0640569437,0.7445023148
0.0640569437,0.7407407407
0.0706533922,0.7482638889
0.0640569437,0.7520254630
0.0640569437,0.7482638889
0.0706533922,0.7557870370
0.0640569437,0.7595486111
0.0640569437,0.7557870370
0.0706533922,0.7633101852
0.0640569437,0.7670717593
0.0640569437,0.7633101852
0.0706533922,0.7708333333
0.0640569437,0.7745949074
0.0640569437,0.7708333333
0.0706533922,0.7783564815
0.0640569437,0.7821180556
0.0640569437,0.7783564815
0.0706533922,0.7858796296
0.0640569437,0.7896412037
0.0640569437,0.7858796296
0.0706533922,0.7934027778
0.0640569437,0.7971643519
0.0640569437,0.7934027778
0.0706533922,0.8009259259
0.0640569437,0.8046875000
0.0640569437,0.8009259259
0.0706533922,0.8084490741
0.0640569437,0.8122106481
0.0640569437,0.8084490741
0.0706533922,0.8159722222
0.0640569437,0.8197337963
0.0640569437,0.8159722222
0.0706533922,0.8234953704
0.0640569437,0.8272569444
0.0640569437,0.8234953704
0.0706533922,0.8310185185
0.0640569437,0.8347800926
0.0640569437,0.8310185185
0.0706533922,0.8385416667
0.0640569437,0.8423032407
0.0640569437,0.8385416667
0.0706533922,0.8460648148
0.0640569437,0.8498263889
0.0640569437,0.8460648148
0.0706533922,0.8535879630
0.0640569437,0.8573495370
0.0640569437,0.8535879630
0.0706533922,0.8611111111
0.0640569437,0.8648726852
0.0640569437,0.8611111111
0.0706533922,0.8686342593
0.0640569437,0.8723958333
0.0640569437,0.8686342593
0.0706533922,0.8761574074
0.0640569437,0.8799189815
0.0640569437,0.8761574074
0.0706533922,0.8836805556
0.0640569437,0.8874421296
0.0640569437,0.8836805556
0.0706533922,0.8912037037
0.0640569437,0.8949652778
0.0640569437,0.8912037037
0.0706533922,0.8987268519
0.0640569437,0.9024884259
0.0640569437,0.8987268519
0.0706533922,0.9062500000
0.0640569437,0.9100115741
0.0640569437,0.9062500000
0.0706533922,0.9137731481
0.0640569437,0.9175347222
0.0640569437,0.9137731481
0.0706533922,0.9212962963
0.0640569437,0.9250578704
0.0640569437,0.9212962963
0.0706533922,0.9288194444
0.0640569437,0.9325810185
0.0640569437,0.9288194444
0.0706533922,0.9363425926
0.0640569437,0.9401041667
0.0640569437,0.9363425926
0.0706533922,0.9438657407
0.0640569437,0.9476273148
0.0640569437,0.9438657407
0.0706533922,0.9513888889
0.0640569437,0.9551504630
0.0640569437,0.9513888889
0.0706533922,0.9589120370
0.0640569437,0.9626736111
0.0640569437,0.9589120370
0.0706533922,0.9664351852
0.0640569437,0.9701967593
0.0640569437,0.9664351852
0.0706533922,0.9739583333
0.0640569437,0.9777199074
0.0640569437,0.9739583333
0.0706533922,0.9814814815
0.0640569437,0.9852430556
0.0640569437,0.9814814815
0.0706533922,0.9890046296
0.0640569437,0.9927662037
0.0640569437,0.9890046296
0.0706533922,0.9965277778
0.0640569437,1.0002893519
0.0640569437,0.9965277778
0.0706533922,1.0040509259
0.0640569437,1.0040509259
0.0864848678,-0.0040509259
0.0785691300,-0.0002893519
0.0785691300,-0.0040509259
0.0864848678,0.0034722222
0.0785691300,0.0072337963
0.0785691300,0.0034722222
0.0864848678,0.0109953704
0.0785691300,0.0147569444
0.0785691300,0.0109953704
0.0864848678,0.0185185185
0.0785691300,0.0222800926
0.0785691300,0.0185185185
0.0864848678,0.0260416667
0.0785691300,0.0298032407
0.0785691300,0.0260416667
0.0864848678,0.0335648148
0.0785691300,0.0373263889
0.0785691300,0.0335648148
0.0864848678,0.0410879630
0.0785691300,0.0448495370
0.0785691300,0.0410879630
0.0864848678,0.0486111111
0.0785691300,0.0523726852
0.0785691300,0.0486111111
0.0864848678,0.0561342593
0.0785691300,0.0598958333
0.0785691300,0.0561342593
0.0864848678,0.0636574074
0.0785691300,0.0674189815
0.0785691300,0.0636574074
0.0864848678,0.0711805556
0.0785691300,0.0749421296
0.0785691300,0.0711805556
0.0864848678,0.0787037037
0.0785691300,0.0824652778
0.0785691300,0.0787037037
0.0864848678,0.0862268519
0.0785691300,0.0899884259
0.0785691300,0.0862268519
0.0864848678,0.0937500000
0.0785691300,0.0975115741
0.0785691300,0.0937500000
0.0864848678,0.1012731481
0.0785691300,0.1050347222
0.0785691300,0.1012731481
0.0864848678,0.1087962963
0.0785691300,0.1125578704
0.0785691300,0.1087962963
0.0864848678,0.1163194444
0.0785691300,0.1200810185
0.0785691300,0.1163194444
0.0864848678,0.1238425926
0.0785691300,0.1276041667
0.0785691300,0.1238425926
0.0864848678,0.1313657407
0.0785691300,0.1351273148
0.0785691300,0.1313657407
0.0864848678,0.1388888889
0.0785691300,0.1426504630
0.0785691300,0.1388888889
0.0864848678,0.1464120370
0.0785691300,0.1501736111
0.0785691300,0.1464120370
0.0864848678,0.1539351852
0.0785691300,0.1576967593
0.0785691300,0.1539351852
0.0864848678,0.1614583333
0.0785691300,0.1652199074
0.0785691300,0.1614583333
0.0864848678,0.1689814815
0.0785691300,0.1727430556
0.0785691300,0.1689814815
0.0864848678,0.1765046296
0.0785691300,0.1802662037
0.0785691300,0.1765046296
0.0864848678,0.1840277778
0.0785691300,0.1877893519
0.0785691300,0.1840277778
0.0864848678,0.1915509259
0.0785691300,0.1953125000
0.0785691300,0.1915509259
0.0864848678,0.1990740741
0.0785691300,0.2028356481
0.0785691300,0.1990740741
0.0864848678,0.2065972222
0.0785691300,0.2103587963
0.0785691300,0.2065972222
0.0864848678,0.2141203704
0.0785691300,0.2178819444
0.0785691300,0.2141203704
0.0864848678,0.2216435185
0.0785691300,0.2254050926
0.0785691300,0.2216435185
0.0864848678,0.2291666667
0.0785691300,0.2329282407
0.0785691300,0.2291666667
0.0864848678,0.2366898148
0.0785691300,0.2404513889
0.0785691300,0.2366898148
0.0864848678,0.2442129630
0.0785691300,0.2479745370
0.0785691300,0.2442129630
0.0864848678,0.2517361111
0.0785691300,0.2554976852
0.0785691300,0.2517361111
0.0864848678,0.2592592593
0.0785691300,0.2630208333
0.0785691300,0.2592592593
0.0864848678,0.2667824074
0.0785691300,0.2705439815
0.0785691300,0.2667824074
0.0864848678,0.2743055556
0.0785691300,0.2780671296
0.0785691300,0.2743055556
0.0864848678,0.2818287037
0.0785691300,0.2855902778
0.0785691300,0.2818287037
0.0864848678,0.2893518519
0.0785691300,0.2931134259
0.0785691300,0.2893518519
0.0864848678,0.2968750000
0.0785691300,0.3006365741
0.0785691300,0.2968750000
0.0864848678,0.3043981481
0.0785691300,0.3081597222
0.0785691300,0.3043981481
0.0864848678,0.3119212963
0.0785691300,0.3156828704
0.0785691300,0.3119212963
0.0864848678,0.3194444444
0.0785691300,0.3232060185
0.0785691300,0.3194444444
0.0864848678,0.3269675926
0.0785691300,0.3307291667
0.0785691300,0.3269675926
0.0864848678,0.3344907407
0.0785691300,0.3382523148
0.0785691300,0.3344907407
0.0864848678,0.3420138889
0.0785691300,0.3457754630
0.0785691300,0.3420138889
0.0864848678,0.3495370370
0.0785691300,0.3532986111
0.0785691300,0.3495370370
0.0864848678,0.3570601852
0.0785691300,0.3608217593
0.0785691300,0.3570601852
0.0864848678,0.3645833333
0.0785691300,0.3683449074
0.0785691300,0.3645833333
0.0864848678,0.3721064815
0.0785691300,0.3758680556
0.0785691300,0.3721064815
0.0864848678,0.3796296296
0.0785691300,0.3833912037
0.0785691300,0.3796296296
0.0864848678,0.3871527778
0.0785691300,0.3909143519
0.0785691300,0.3871527778
0.0864848678,0.3946759259
0.0785691300,0.3984375000
0.0785691300,0.3946759259
0.0864848678,0.4021990741
0.0785691300,0.4059606481
0.0785691300,0.4021990741
0.0864848678,0.4097222222
0.0785691300,0.4134837963
0.0785691300,0.4097222222
0.0864848678,0.4172453704
0.0785691300,0.4210069444
0.0785691300,0.4172453704
0.0864848678,0.4247685185
0.0785691300,0.4285300926
0.0785691300,0.4247685185
0.0864848678,0.4322916667
0.0785691300,0.4360532407
0.0785691300,0.4322916667
0.0864848678,0.4398148148
0.0785691300,0.4435763889
0.0785691300,0.4398148148
0.0864848678,0.4473379630
0.0785691300,0.4510995370
0.0785691300,0.4473379630
0.0864848678,0.4548611111
0.0785691300,0.4586226852
0.0785691300,0.4548611111
0.0864848678,0.4623842593
0.0785691300,0.4661458333
0.0785691300,0.4623842593
0.0864848678,0.4699074074
0.0785691300,0.4736689815
0.0785691300,0.4699074074
0.0864848678,0.4774305556
0.0785691300,0.4811921296
0.0785691300,0.4774305556
0.0864848678,0.4849537037
0.0785691300,0.4887152778
0.0785691300,0.4849537037
0.0864848678,0.4924768519
0.0785691300,0.4962384259
0.0785691300,0.4924768519
0.0864848678,0.5000000000
0.0785691300,0.5037615741
0.0785691300,0.5000000000
0.0864848678,0.5075231481
0.0785691300,0.5112847222
0.0785691300,0.5075231481
0.0864848678,0.5150462963
0.0785691300,0.5188078704
0.0785691300,0.5150462963
0.0864848678,0.5225694444
0.0785691300,0.5263310185
0.0785691300,0.5225694444
0.0864848678,0.5300925926
0.0785691300,0.5338541667
0.0785691300,0.5300925926
0.0864848678,0.5376157407
0.0785691300,0.5413773148
0.0785691300,0.5376157407
0.0864848678,0.5451388889
0.0785691300,0.5489004630
0.0785691300,0.5451388889
0.0864848678,0.5526620370
0.0785691300,0.5564236111
0.0785691300,0.5526620370
0.0864848678,0.5601851852
0.0785691300,0.5639467593
0.0785691300,0.5601851852
0.0864848678,0.5677083333
0.0785691300,0.5714699074
0.0785691300,0.5677083333
0.0864848678,0.5752314815
0.0785691300,0.5789930556
0.0785691300,0.5752314815
0.0864848678,0.5827546296
0.0785691300,0.5865162037
0.0785691300,0.5827546296
0.0864848678,0.5902777778
0.0785691300,0.5940393519
0.0785691300,0.5902777778
0.0864848678,0.5978009259
0.0785691300,0.6015625000
0.0785691300,0.5978009259
0.0864848678,0.6053240741
0.0785691300,0.6090856481
0.0785691300,0.6053240741
0.0864848678,0.6128472222
0.0785691300,0.6166087963
0.0785691300,0.6128472222
0.0864848678,0.6203703704
0.0785691300,0.6241319444
0.0785691300,0.6203703704
0.0864848678,0.6278935185
0.0785691300,0.6316550926
0.0785691300,0.6278935185
0.0864848678,0.6354166667
0.0785691300,0.6391782407
0.0785691300,0.6354166667
0.0864848678,0.6429398148
0.0785691300,0.6467013889
0.0785691300,0.6429398148
0.0864848678,0.6504629630
0.0785691300,0.6542245370
0.0785691300,0.6504629630
0.0864848678,0.6579861111
0.0785691300,0.6617476852
0.0785691300,0.6579861111
0.0864848678,0.6655092593
0.0785691300,0.6692708333
0.0785691300,0.6655092593
0.0864848678,0.6730324074
0.0785691300,0.6767939815
0.0785691300,0.6730324074
0.0864848678,0.6805555556
0.0785691300,0.6843171296
0.0785691300,0.6805555556
0.0864848678,0.6880787037
0.0785691300,0.6918402778
0.0785691300,0.6880787037
0.0864848678,0.6956018519
0.0785691300,0.6993634259
0.0785691300,0.6956018519
0.0864848678,0.7031250000
0.0785691300,0.7068865741
0.0785691300,0.7031250000
0.0864848678,0.7106481481
0.0785691300,0.7144097222
0.0785691300,0.7106481481
0.0864848678,0.7181712963
0.0785691300,0.7219328704
0.0785691300,0.7181712963
0.0864848678,0.7256944444
0.0785691300,0.7294560185
0.0785691300,0.7256944444
0.0864848678,0.7332175926
0.0785691300,0.7369791667
0.0785691300,0.7332175926
0.0864848678,0.7407407407
0.0785691300,0.7445023148
0.0785691300,0.7407407407
0.0864848678,0.7482638889
0.0785691300,0.7520254630
0.0785691300,0.7482638889
0.0864848678,0.7557870370
0.0785691300,0.7595486111
0.0785691300,0.7557870370
0.0864848678,0.7633101852
0.0785691300,0.7670717593
0.0785691300,0.7633101852
0.0864848678,0.7708333333
0.0785691300,0.7745949074
0.0785691300,0.7708333333
0.0864848678,0.7783564815
0.0785691300,0.7821180556
0.0785691300,0.7783564815
0.0864848678,0.7858796296
0.0785691300,0.7896412037
0.0785691300,0.7858796296
0.0864848678,0.7934027778
0.0785691300,0.7971643519
0.0785691300,0.7934027778
0.0864848678,0.8009259259
0.0785691300,0.8046875000
0.0785691300,0.8009259259
0.0864848678,0.8084490741
0.0785691300,0.8122106481
0.0785691300,0.8084490741
0.0864848678,0.8159722222
0.0785691300,0.8197337963
0.0785691300,0.8159722222
0.0864848678,0.8234953704
0.0785691300,0.8272569444
0.0785691300,0.8234953704
0.0864848678,0.8310185185
0.0785691300,0.8347800926
0.0785691300,0.8310185185
0.0864848678,0.8385416667
0.0785691300,0.8423032407
0.0785691300,0.8385416667
0.0864848678,0.8460648148
0.0785691300,0.8498263889
0.0785691300,0.8460648148
0.0864848678,0.8535879630
0.0785691300,0.8573495370
0.0785691300,0.8535879630
0.0864848678,0.8611111111
0.0785691300,0.8648726852
0.0785691300,0.8611111111
0.0864848678,0.8686342593
0.0785691300,0.8723958333
0.0785691300,0.8686342593
0.0864848678,0.8761574074
0.0785691300,0.8799189815
0.0785691300,0.8761574074
0.0864848678,0.8836805556
0.0785691300,0.8874421296
0.0785691300,0.8836805556
0.0864848678,0.8912037037
0.0785691300,0.8949652778
0.0785691300,0.8912037037
0.0864848678,0.8987268519
0.0785691300,0.9024884259
0.0785691300,0.8987268519
0.0864848678,0.9062500000
0.0785691300,0.9100115741
0.0785691300,0.9062500000
0.0864848678,0.9137731481
0.0785691300,0.9175347222
0.0785691300,0.9137731481
0.0864848678,0.9212962963
0.0785691300,0.9250578704
0.0785691300,0.9212962963
0.0864848678,0.9288194444
0.0785691300,0.9325810185
0.0785691300,0.9288194444
0.0864848678,0.9363425926
0.0785691300,0.9401041667
0.0785691300,0.9363425926
0.0864848678,0.9438657407
0.0785691300,0.9476273148
0.0785691300,0.9438657407
0.0864848678,0.9513888889
0.0785691300,0.9551504630
0.0785691300,0.9513888889
0.0864848678,0.9589120370
0.0785691300,0.9626736111
0.0785691300,0.9589120370
0.0864848678,0.9664351852
0.0785691300,0.9701967593
0.0785691300,0.9664351852
0.0864848678,0.9739583333
0.0785691300,0.9777199074
0.0785691300,0.9739583333
0.0864848678,0.9814814815
0.0785691300,0.9852430556
0.0785691300,0.9814814815
0.0864848678,0.9890046296
0.0785691300,0.9927662037
0.0785691300,0.9890046296
0.0864848678,0.9965277778
0.0785691300,1.0002893519
0.0785691300,0.9965277778
0.0864848678,1.0040509259
0.0785691300,1.0040509259
0.1054826406,-0.0040509259
0.0959837542,-0.0002893519
0.0959837542,-0.0040509259
0.1054826406,0.0034722222
0.0959837542,0.0072337963
0.0959837542,0.0034722222
0.1054826406,0.0109953704
0.0959837542,0.0147569444
0.0959837542,0.0109953704
0.1054826406,0.0185185185
0.0959837542,0.0222800926
0.0959837542,0.0185185185
0.1054826406,0.0260416667
0.0959837542,0.0298032407
0.0959837542,0.0260416667
0.1054826406,0.0335648148
0.0959837542,0.0373263889
0.0959837542,0.0335648148
0.1054826406,0.0410879630
0.0959837542,0.0448495370
0.0959837542,0.0410879630
0.1054826406,0.0486111111
0.0959837542,0.0523726852
0.0959837542,0.0486111111
0.1054826406,0.0561342593
0.0959837542,0.0598958333
0.0959837542,0.0561342593
0.1054826406,0.0636574074
0.0959837542,0.0674189815
0.0959837542,0.0636574074
0.1054826406,0.0711805556
0.0959837542,0.0749421296
0.0959837542,0.0711805556
0.1054826406,0.0787037037
0.0959837542,0.0824652778
0.0959837542,0.0787037037
0.1054826406,0.0862268519
0.0959837542,0.0899884259
0.0959837542,0.0862268519
0.1054826406,0.0937500000
0.0959837542,0.0975115741
0.0959837542,0.0937500000
0.1054826406,0.1012731481
0.0959837542,0.1050347222
0.0959837542,0.1012731481
0.1054826406,0.1087962963
0.0959837542,0.1125578704
0.0959837542,0.1087962963
0.1054826406,0.1163194444
0.0959837542,0.1200810185
0.0959837542,0.1163194444
0.1054826406,0.1238425926
0.0959837542,0.1276041667
0.0959837542,0.1238425926
0.1054826406,0.1313657407
0.0959837542,0.1351273148
0.0959837542,0.1313657407
0.1054826406,0.1388888889
0.0959837542,0.1426504630
0.0959837542,0.1388888889
0.1054826406,0.1464120370
0.0959837542,0.1501736111
0.0959837542,0.1464120370
0.1054826406,0.1539351852
0.0959837542,0.1576967593
0.0959837542,0.1539351852
0.1054826406,0.1614583333
0.0959837542,0.1652199074
0.0959837542,0.1614583333
0.1054826406,0.1689814815
0.0959837542,0.1727430556
0.0959837542,0.1689814815
0.1054826406,0.1765046296
0.0959837542,0.1802662037
0.0959837542,0.1765046296
0.1054826406,0.1840277778
0.0959837542,0.1877893519
0.0959837542,0.1840277778
0.1054826406,0.1915509259
0.0959837542,0.1953125000
0.0959837542,0.1915509259
0.1054826406,0.1990740741
0.0959837542,0.2028356481
0.0959837542,0.1990740741
0.1054826406,0.2065972222
0.0959837542,0.2103587963
0.0959837542,0.2065972222
0.1054826406,0.2141203704
0.0959837542,0.2178819444
0.0959837542,0.2141203704
0.1054826406,0.2216435185
0.0959837542,0.2254050926
0.0959837542,0.2216435185
0.1054826406,0.2291666667
0.0959837542,0.2329282407
0.0959837542,0.2291666667
0.1054826406,0.2366898148
0.0959837542,0.2404513889
0.0959837542,0.2366898148
0.1054826406,0.2442129630
0.0959837542,0.2479745370
0.0959837542,0.2442129630
0.1054826406,0.2517361111
0.0959837542,0.2554976852
0.0959837542,0.2517361111
0.1054826406,0.2592592593
0.0959837542,0.2630208333
0.0959837542,0.2592592593
0.1054826406,0.2667824074
0.0959837542,0.2705439815
0.0959837542,0.2667824074
0.1054826406,0.2743055556
0.0959837542,0.2780671296
0.0959837542,0.2743055556
0.1054826406,0.2818287037
0.0959837542,0.2855902778
0.0959837542,0.2818287037
0.1054826406,0.2893518519
0.0959837542,0.2931134259
0.0959837542,0.2893518519
0.1054826406,0.2968750000
0.0959837542,0.3006365741
0.0959837542,0.2968750000
0.1054826406,0.3043981481
0.0959837542,0.3081597222
0.0959837542,0.3043981481
0.1054826406,0.3119212963
0.0959837542,0.3156828704
0.0959837542,0.3119212963
0.1054826406,0.3194444444
0.0959837542,0.3232060185
0.0959837542,0.3194444444
0.1054826406,0.3269675926
0.0959837542,0.3307291667
0.0959837542,0.3269675926
0.1054826406,0.3344907407
0.0959837542,0.3382523148
0.0959837542,0.3344907407
0.1054826406,0.3420138889
0.0959837542,0.3457754630
0.0959837542,0.3420138889
0.1054826406,0.3495370370
0.0959837542,0.3532986111
0.0959837542,0.3495370370
0.1054826406,0.3570601852
0.0959837542,0.3608217593
0.0959837542,0.3570601852
0.1054826406,0.3645833333
0.0959837542,0.3683449074
0.0959837542,0.3645833333
0.1054826406,0.3721064815
0.0959837542,0.3758680556
0.0959837542,0.3721064815
0.1054826406,0.3796296296
0.0959837542,0.3833912037
0.0959837542,0.3796296296
0.1054826406,0.3871527778
0.0959837542,0.3909143519
0.0959837542,0.3871527778
0.1054826406,0.3946759259
0.0959837542,0.3984375000
0.0959837542,0.3946759259
0.1054826406,0.4021990741
0.0959837542,0.4059606481
0.0959837542,0.4021990741
0.1054826406,0.4097222222
0.0959837542,0.4134837963
0.0959837542,0.4097222222
0.1054826406,0.4172453704
0.0959837542,0.4210069444
0.0959837542,0.4172453704
0.1054826406,0.4247685185
0.0959837542,0.4285300926
0.0959837542,0.4247685185
0.1054826406,0.4322916667
0.0959837542,0.4360532407
0.0959837542,0.4322916667
0.1054826406,0.4398148148
0.0959837542,0.4435763889
0.0959837542,0.4398148148
0.1054826406,0.4473379630
0.0959837542,0.4510995370
0.0959837542,0.4473379630
0.1054826406,0.4548611111
0.0959837542,0.4586226852
0.0959837542,0.4548611111
0.1054826406,0.4623842593
0.0959837542,0.4661458333
0.0959837542,0.4623842593
0.1054826406,0.4699074074
0.0959837542,0.4736689815
0.0959837542,0.4699074074
0.1054826406,0.4774305556
0.0959837542,0.4811921296
0.0959837542,0.4774305556
0.1054826406,0.4849537037
0.0959837542,0.4887152778
0.0959837542,0.4849537037
0.1054826406,0.4924768519
0.0959837542,0.4962384259
0.0959837542,0.4924768519
0.1054826406,0.5000000000
0.0959837542,0.5037615741
0.0959837542,0.5000000000
0.1054826406,0.5075231481
0.0959837542,0.5112847222
0.0959837542,0.5075231481
0.1054826406,0.5150462963
0.0959837542,0.5188078704
0.0959837542,0.5150462963
0.1054826406,0.5225694444
0.0959837542,0.5263310185
0.0959837542,0.5225694444
0.1054826406,0.5300925926
0.0959837542,0.5338541667
0.0959837542,0.5300925926
0.1054826406,0.5376157407
0.0959837542,0.5413773148
0.0959837542,0.5376157407
0.1054826406,0.5451388889
0.0959837542,0.5489004630
0.0959837542,0.5451388889
0.1054826406,0.5526620370
0.0959837542,0.5564236111
0.0959837542,0.5526620370
0.1054826406,0.5601851852
0.0959837542,0.5639467593
0.0959837542,0.5601851852
0.1054826406,0.5677083333
0.0959837542,0.5714699074
0.0959837542,0.5677083333
0.1054826406,0.5752314815
0.0959837542,0.5789930556
0.0959837542,0.5752314815
0.1054826406,0.5827546296
0.0959837542,0.5865162037
0.0959837542,0.5827546296
0.1054826406,0.5902777778
0.0959837542,0.5940393519
0.0959837542,0.5902777778
0.1054826406,0.5978009259
0.0959837542,0.6015625000
0.0959837542,0.5978009259
0.1054826406,0.6053240741
0.0959837542,0.6090856481
0.0959837542,0.6053240741
0.1054826406,0.6128472222
0.0959837542,0.6166087963
0.0959837542,0.6128472222
0.1054826406,0.6203703704
0.0959837542,0.6241319444
0.0959837542,0.6203703704
0.1054826406,0.6278935185
0.0959837542,0.6316550926
0.0959837542,0.6278935185
0.1054826406,0.6354166667
0.0959837542,0.6391782407
0.0959837542,0.6354166667
0.1054826406,0.6429398148
0.0959837542,0.6467013889
0.0959837542,0.6429398148
0.1054826406,0.6504629630
0.0959837542,0.6542245370
0.0959837542,0.6504629630
0.1054826406,0.6579861111
0.0959837542,0.6617476852
0.0959837542,0.6579861111
0.1054826406,0.6655092593
0.0959837542,0.6692708333
0.0959837542,0.6655092593
0.1054826406,0.6730324074
0.0959837542,0.6767939815
0.0959837542,0.6730324074
0.1054826406,0.6805555556
0.0959837542,0.6843171296
0.0959837542,0.6805555556
0.1054826406,0.6880787037
0.0959837542,0.6918402778
0.0959837542,0.6880787037
0.1054826406,0.6956018519
0.0959837542,0.6993634259
0.0959837542,0.6956018519
0.1054826406,0.7031250000
0.0959837542,0.7068865741
0.0959837542,0.7031250000
0.1054826406,0.7106481481
0.0959837542,0.7144097222
0.0959837542,0.7106481481
0.1054826406,0.7181712963
0.0959837542,0.7219328704
0.0959837542,0.7181712963
0.1054826406,0.7256944444
0.0959837542,0.7294560185
0.0959837542,0.7256944444
0.1054826406,0.7332175926
0.0959837542,0.7369791667
0.0959837542,0.7332175926
0.1054826406,0.7407407407
0.0959837542,0.7445023148
0.0959837542,0.7407407407
0.1054826406,0.7482638889
0.0959837542,0.7520254630
0.0959837542,0.7482638889
0.1054826406,0.7557870370
0.0959837542,0.7595486111
0.0959837542,0.7557870370
0.1054826406,0.7633101852
0.0959837542,0.7670717593
0.0959837542,0.7633101852
0.1054826406,0.7708333333
0.0959837542,0.7745949074
0.0959837542,0.7708333333
0.1054826406,0.7783564815
0.0959837542,0.7821180556
0.0959837542,0.7783564815
0.1054826406,0.7858796296
0.0959837542,0.7896412037
0.0959837542,0.7858796296
0.1054826406,0.7934027778
0.0959837542,0.7971643519
0.0959837542,0.7934027778
0.1054826406,0.8009259259
0.0959837542,0.8046875000
0.0959837542,0.8009259259
0.1054826406,0.8084490741
0.0959837542,0.8122106481
0.0959837542,0.8084490741
0.1054826406,0.8159722222
0.0959837542,0.8197337963
0.0959837542,0.8159722222
0.1054826406,0.8234953704
0.0959837542,0.8272569444
0.0959837542,0.8234953704
0.1054826406,0.8310185185
0.0959837542,0.8347800926
0.0959837542,0.8310185185
0.1054826406,0.8385416667
0.0959837542,0.8423032407
0.0959837542,0.8385416667
0.1054826406,0.8460648148
0.0959837542,0.8498263889
0.0959837542,0.8460648148
0.1054826406,0.8535879630
0.0959837542,0.8573495370
0.0959837542,0.8535879630
0.1054826406,0.8611111111
0.0959837542,0.8648726852
0.0959837542,0.8611111111
0.1054826406,0.8686342593
0.0959837542,0.8723958333
0.0959837542,0.8686342593
0.1054826406,0.8761574074
0.0959837542,0.8799189815
0.0959837542,0.8761574074
0.1054826406,0.8836805556
0.0959837542,0.8874421296
0.0959837542,0.8836805556
0.1054826406,0.8912037037
0.0959837542,0.8949652778
0.0959837542,0.8912037037
0.1054826406,0.8987268519
0.0959837542,0.9024884259
0.0959837542,0.8987268519
0.1054826406,0.9062500000
0.0959837542,0.9100115741
0.0959837542,0.9062500000
0.1054826406,0.9137731481
0.0959837542,0.9175347222
0.0959837542,0.9137731481
0.1054826406,0.9212962963
0.0959837542,0.9250578704
0.0959837542,0.9212962963
0.1054826406,0.9288194444
0.0959837542,0.9325810185
0.0959837542,0.9288194444
0.1054826406,0.9363425926
0.0959837542,0.9401041667
0.0959837542,0.9363425926
0.1054826406,0.9438657407
0.0959837542,0.9476273148
0.0959837542,0.9438657407
0.1054826406,0.9513888889
0.0959837542,0.9551504630
0.0959837542,0.9513888889
0.1054826406,0.9589120370
0.0959837542,0.9626736111
0.0959837542,0.9589120370
0.1054826406,0.9664351852
0.0959837542,0.9701967593
0.0959837542,0.9664351852
0.1054826406,0.9739583333
0.0959837542,0.9777199074
0.0959837542,0.9739583333
0.1054826406,0.9814814815
0.0959837542,0.9852430556
0.0959837542,0.9814814815
0.1054826406,0.9890046296
0.0959837542,0.9927662037
0.0959837542,0.9890046296
0.1054826406,0.9965277778
0.0959837542,1.0002893519
0.0959837542,0.9965277778
0.1054826406,1.0040509259
0.0959837542,1.0040509259
0.1282799687,-0.0040509259
0.1168813046,-0.0002893519
0.1168813046,-0.0040509259
0.1282799687,0.0034722222
0.1168813046,0.0072337963
0.1168813046,0.0034722222
0.1282799687,0.0109953704
0.1168813046,0.0147569444
0.1168813046,0.0109953704
0.1282799687,0.0185185185
0.1168813046,0.0222800926
0.1168813046,0.0185185185
0.1282799687,0.0260416667
0.1168813046,0.0298032407
0.1168813046,0.0260416667
0.1282799687,0.0335648148
0.1168813046,0.0373263889
0.1168813046,0.0335648148
0.1282799687,0.0410879630
0.1168813046,0.0448495370
0.1168813046,0.0410879630
0.1282799687,0.0486111111
0.1168813046,0.0523726852
0.1168813046,0.0486111111
0.1282799687,0.0561342593
0.1168813046,0.0598958333
0.1168813046,0.0561342593
0.1282799687,0.0636574074
0.1168813046,0.0674189815
0.1168813046,0.0636574074
0.1282799687,0.0711805556
0.1168813046,0.0749421296
0.1168813046,0.0711805556
0.1282799687,0.0787037037
0.1168813046,0.0824652778
0.1168813046,0.0787037037
0.1282799687,0.0862268519
0.1168813046,0.0899884259
0.1168813046,0.0862268519
0.1282799687,0.0937500000
0.1168813046,0.0975115741
0.1168813046,0.0937500000
0.1282799687,0.1012731481
0.1168813046,0.1050347222
0.1168813046,0.1012731481
0.1282799687,0.1087962963
0.1168813046,0.1125578704
0.1168813046,0.1087962963
0.1282799687,0.1163194444
0.1168813046,0.1200810185
0.1168813046,0.1163194444
0.1282799687,0.1238425926
0.1168813046,0.1276041667
0.1168813046,0.1238425926
0.1282799687,0.1313657407
0.1168813046,0.1351273148
0.1168813046,0.1313657407
0.1282799687,0.1388888889
0.1168813046,0.1426504630
0.1168813046,0.1388888889
0.1282799687,0.1464120370
0.1168813046,0.1501736111
0.1168813046,0.1464120370
0.1282799687,0.1539351852
0.1168813046,0.1576967593
0.1168813046,0.1539351852
0.1282799687,0.1614583333
0.1168813046,0.1652199074
0.1168813046,0.1614583333
0.1282799687,0.1689814815
0.1168813046,0.1727430556
0.1168813046,0.1689814815
0.1282799687,0.1765046296
0.1168813046,0.1802662037
0.1168813046,0.1765046296
0.1282799687,0.1840277778
0.1168813046,0.1877893519
0.1168813046,0.1840277778
0.1282799687,0.1915509259
0.1168813046,0.1953125000
0.1168813046,0.1915509259
0.1282799687,0.1990740741
0.1168813046,0.2028356481
0.1168813046,0.1990740741
0.1282799687,0.2065972222
0.1168813046,0.2103587963
0.1168813046,0.2065972222
0.1282799687,0.2141203704
0.1168813046,0.2178819444
0.1168813046,0.2141203704
0.1282799687,0.2216435185
0.1168813046,0.2254050926
0.1168813046,0.2216435185
0.1282799687,0.2291666667
0.1168813046,0.2329282407
0.1168813046,0.2291666667
0.1282799687,0.2366898148
0.1168813046,0.2404513889
0.1168813046,0.2366898148
0.1282799687,0.2442129630
0.1168813046,0.2479745370
0.1168813046,0.2442129630
0.1282799687,0.2517361111
0.1168813046,0.2554976852
0.1168813046,0.2517361111
0.1282799687,0.2592592593
0.1168813046,0.2630208333
0.1168813046,0.2592592593
0.1282799687,0.2667824074
0.1168813046,0.2705439815
0.1168813046,0.2667824074
0.1282799687,0.2743055556
0.1168813046,0.2780671296
0.1168813046,0.2743055556
0.1282799687,0.2818287037
0.1168813046,0.2855902778
0.1168813046,0.2818287037
0.1282799687,0.2893518519
0.1168813046,0.2931134259
0.1168813046,0.2893518519
0.1282799687,0.2968750000
0.1168813046,0.3006365741
0.1168813046,0.2968750000
0.1282799687,0.3043981481
0.1168813046,0.3081597222
0.1168813046,0.3043981481
0.1282799687,0.3119212963
0.1168813046,0.3156828704
0.1168813046,0.3119212963
0.1282799687,0.3194444444
0.1168813046,0.3232060185
0.1168813046,0.3194444444
0.1282799687,0.3269675926
0.1168813046,0.3307291667
0.1168813046,0.3269675926
0.1282799687,0.3344907407
0.1168813046,0.3382523148
0.1168813046,0.3344907407
0.1282799687,0.3420138889
0.1168813046,0.3457754630
0.1168813046,0.3420138889
0.1282799687,0.3495370370
0.1168813046,0.3532986111
0.1168813046,0.3495370370
0.1282799687,0.3570601852
0.1168813046,0.3608217593
0.1168813046,0.3570601852
0.1282799687,0.3645833333
0.1168813046,0.3683449074
0.1168813046,0.3645833333
0.1282799687,0.3721064815
0.1168813046,0.3758680556
0.1168813046,0.3721064815
0.1282799687,0.3796296296
0.1168813046,0.3833912037
0.1168813046,0.3796296296
0.1282799687,0.3871527778
0.1168813046,0.3909143519
0.1168813046,0.3871527778
0.1282799687,0.3946759259
0.1168813046,0.3984375000
0.1168813046,0.3946759259
0.1282799687,0.4021990741
0.1168813046,0.4059606481
0.1168813046,0.4021990741
0.1282799687,0.4097222222
0.1168813046,0.4134837963
0.1168813046,0.4097222222
0.1282799687,0.4172453704
0.1168813046,0.4210069444
0.1168813046,0.4172453704
0.1282799687,0.4247685185
0.1168813046,0.4285300926
0.1168813046,0.4247685185
0.1282799687,0.4322916667
0.1168813046,0.4360532407
0.1168813046,0.4322916667
0.1282799687,0.4398148148
0.1168813046,0.4435763889
0.1168813046,0.4398148148
0.1282799687,0.4473379630
0.1168813046,0.4510995370
0.1168813046,0.4473379630
0.1282799687,0.4548611111
0.1168813046,0.4586226852
0.1168813046,0.4548611111
0.1282799687,0.4623842593
0.1168813046,0.4661458333
0.1168813046,0.4623842593
0.1282799687,0.4699074074
0.1168813046,0.4736689815
0.1168813046,0.4699074074
0.1282799687,0.4774305556
0.1168813046,0.4811921296
0.1168813046,0.4774305556
0.1282799687,0.4849537037
0.1168813046,0.4887152778
0.1168813046,0.4849537037
0.1282799687,0.4924768519
0.1168813046,0.4962384259
0.1168813046,0.4924768519
0.1282799687,0.5000000000
0.1168813046,0.5037615741
0.1168813046,0.5000000000
0.1282799687,0.5075231481
0.1168813046,0.5112847222
0.1168813046,0.5075231481
0.1282799687,0.5150462963
0.1168813046,0.5188078704
0.1168813046,0.5150462963
0.1282799687,0.5225694444
0.1168813046,0.5263310185
0.1168813046,0.5225694444
0.1282799687,0.5300925926
0.1168813046,0.5338541667
0.1168813046,0.5300925926
0.1282799687,0.5376157407
0.1168813046,0.5413773148
0.1168813046,0.5376157407
0.1282799687,0.5451388889
0.1168813046,0.5489004630
0.1168813046,0.5451388889
0.1282799687,0.5526620370
0.1168813046,0.5564236111
0.1168813046,0.5526620370
0.1282799687,0.5601851852
0.1168813046,0.5639467593
0.1168813046,0.5601851852
0.1282799687,0.5677083333
0.1168813046,0.5714699074
0.1168813046,0.5677083333
0.1282799687,0.5752314815
0.1168813046,0.5789930556
0.1168813046,0.5752314815
0.1282799687,0.5827546296
0.1168813046,0.5865162037
0.1168813046,0.5827546296
0.1282799687,0.5902777778
0.1168813046,0.5940393519
0.1168813046,0.5902777778
0.1282799687,0.5978009259
0.1168813046,0.6015625000
0.1168813046,0.5978009259
0.1282799687,0.6053240741
0.1168813046,0.6090856481
0.1168813046,0.6053240741
0.1282799687,0.6128472222
0.1168813046,0.6166087963
0.1168813046,0.6128472222
0.1282799687,0.6203703704
0.1168813046,0.6241319444
0.1168813046,0.6203703704
0.1282799687,0.6278935185
0.1168813046,0.6316550926
0.1168813046,0.6278935185
0.1282799687,0.6354166667
0.1168813046,0.6391782407
0.1168813046,0.6354166667
0.1282799687,0.6429398148
0.1168813046,0.6467013889
0.1168813046,0.6429398148
0.1282799687,0.6504629630
0.1168813046,0.6542245370
0.1168813046,0.6504629630
0.1282799687,0.6579861111
0.1168813046,0.6617476852
0.1168813046,0.6579861111
0.1282799687,0.6655092593
0.1168813046,0.6692708333
0.1168813046,0.6655092593
0.1282799687,0.6730324074
0.1168813046,0.6767939815
0.1168813046,0.6730324074
0.1282799687,0.6805555556
0.1168813046,0.6843171296
0.1168813046,0.6805555556
0.1282799687,0.6880787037
0.1168813046,0.6918402778
0.1168813046,0.6880787037
0.1282799687,0.6956018519
0.1168813046,0.6993634259
0.1168813046,0.6956018519
0.1282799687,0.7031250000
0.1168813046,0.7068865741
0.1168813046,0.7031250000
0.1282799687,0.7106481481
0.1168813046,0.7144097222
0.1168813046,0.7106481481
0.1282799687,0.7181712963
0.1168813046,0.7219328704
0.1168813046,0.7181712963
0.1282799687,0.7256944444
0.1168813046,0.7294560185
0.1168813046,0.7256944444
0.1282799687,0.7332175926
0.1168813046,0.7369791667
0.1168813046,0.7332175926
0.1282799687,0.7407407407
0.1168813046,0.7445023148
0.1168813046,0.7407407407
0.1282799687,0.7482638889
0.1168813046,0.7520254630
0.1168813046,0.7482638889
0.1282799687,0.7557870370
0.1168813046,0.7595486111
0.1168813046,0.7557870370
0.1282799687,0.7633101852
0.1168813046,0.7670717593
0.1168813046,0.7633101852
0.1282799687,0.7708333333
0.1168813046,0.7745949074
0.1168813046,0.7708333333
0.1282799687,0.7783564815
0.1168813046,0.7821180556
0.1168813046,0.7783564815
0.1282799687,0.7858796296
0.1168813046,0.7896412037
0.1168813046,0.7858796296
0.1282799687,0.7934027778
0.1168813046,0.7971643519
0.1168813046,0.7934027778
0.1282799687,0.8009259259
0.1168813046,0.8046875000
0.1168813046,0.8009259259
0.1282799687,0.8084490741
0.1168813046,0.8122106481
0.1168813046,0.8084490741
0.1282799687,0.8159722222
0.1168813046,0.8197337963
0.1168813046,0.8159722222
0.1282799687,0.8234953704
0.1168813046,0.8272569444
0.1168813046,0.8234953704
0.1282799687,0.8310185185
0.1168813046,0.8347800926
0.1168813046,0.8310185185
0.1282799687,0.8385416667
0.1168813046,0.8423032407
0.1168813046,0.8385416667
0.1282799687,0.8460648148
0.1168813046,0.8498263889
0.1168813046,0.8460648148
0.1282799687,0.8535879630
0.1168813046,0.8573495370
0.1168813046,0.8535879630
0.1282799687,0.8611111111
0.1168813046,0.8648726852
0.1168813046,0.8611111111
0.1282799687,0.8686342593
0.1168813046,0.8723958333
0.1168813046,0.8686342593
0.1282799687,0.8761574074
0.1168813046,0.8799189815
0.1168813046,0.8761574074
0.1282799687,0.8836805556
0.1168813046,0.8874421296
0.1168813046,0.8836805556
0.1282799687,0.8912037037
0.1168813046,0.8949652778
0.1168813046,0.8912037037
0.1282799687,0.8987268519
0.1168813046,0.9024884259
0.1168813046,0.8987268519
0.1282799687,0.9062500000
0.1168813046,0.9100115741
0.1168813046,0.9062500000
0.1282799687,0.9137731481
0.1168813046,0.9175347222
0.1168813046,0.9137731481
0.1282799687,0.9212962963
0.1168813046,0.9250578704
0.1168813046,0.9212962963
0.1282799687,0.9288194444
0.1168813046,0.9325810185
0.1168813046,0.9288194444
0.1282799687,0.9363425926
0.1168813046,0.9401041667
0.1168813046,0.9363425926
0.1282799687,0.9438657407
0.1168813046,0.9476273148
0.1168813046,0.9438657407
0.1282799687,0.9513888889
0.1168813046,0.9551504630
0.1168813046,0.9513888889
0.1282799687,0.9589120370
0.1168813046,0.9626736111
0.1168813046,0.9589120370
0.1282799687,0.9664351852
0.1168813046,0.9701967593
0.1168813046,0.9664351852
0.1282799687,0.9739583333
0.1168813046,0.9777199074
0.1168813046,0.9739583333
0.1282799687,0.9814814815
0.1168813046,0.9852430556
0.1168813046,0.9814814815
0.1282799687,0.9890046296
0.1168813046,0.9927662037
0.1168813046,0.9890046296
0.1282799687,0.9965277778
0.1168813046,1.0002893519
0.1168813046,0.9965277778
0.1282799687,1.0040509259
0.1168813046,1.0040509259
0.1556367631,-0.0040509259
0.1419583659,-0.0002893519
0.1419583659,-0.0040509259
0.1556367631,0.0034722222
0.1419583659,0.0072337963
0.1419583659,0.0034722222
0.1556367631,0.0109953704
0.1419583659,0.0147569444
0.1419583659,0.0109953704
0.1556367631,0.0185185185
0.1419583659,0.0222800926
0.1419583659,0.0185185185
0.1556367631,0.0260416667
0.1419583659,0.0298032407
0.1419583659,0.0260416667
0.1556367631,0.0335648148
0.1419583659,0.0373263889
0.1419583659,0.0335648148
0.1556367631,0.0410879630
0.1419583659,0.0448495370
0.1419583659,0.0410879630
0.1556367631,0.0486111111
0.1419583659,0.0523726852
0.1419583659,0.0486111111
0.1556367631,0.0561342593
0.1419583659,0.0598958333
0.1419583659,0.0561342593
0.1556367631,0.0636574074
0.1419583659,0.0674189815
0.1419583659,0.0636574074
0.1556367631,0.0711805556
0.1419583659,0.0749421296
0.1419583659,0.0711805556
0.1556367631,0.0787037037
0.1419583659,0.0824652778
0.1419583659,0.0787037037
0.1556367631,0.0862268519
0.1419583659,0.0899884259
0.1419583659,0.0862268519
0.1556367631,0.0937500000
0.1419583659,0.0975115741
0.1419583659,0.0937500000
0.1556367631,0.1012731481
0.1419583659,0.1050347222
0.1419583659,0.1012731481
0.1556367631,0.1087962963
0.1419583659,0.1125578704
0.1419583659,0.1087962963
0.1556367631,0.1163194444
0.1419583659,0.1200810185
0.1419583659,0.1163194444
0.1556367631,0.1238425926
0.1419583659,0.1276041667
0.1419583659,0.1238425926
0.1556367631,0.1313657407
0.1419583659,0.1351273148
0.1419583659,0.1313657407
0.1556367631,0.1388888889
0.1419583659,0.1426504630
0.1419583659,0.1388888889
0.1556367631,0.1464120370
0.1419583659,0.1501736111
0.1419583659,0.1464120370
0.1556367631,0.1539351852
0.1419583659,0.1576967593
0.1419583659,0.1539351852
0.1556367631,0.1614583333
0.1419583659,0.1652199074
0.1419583659,0.1614583333
0.1556367631,0.1689814815
0.1419583659,0.1727430556
0.1419583659,0.1689814815
0.1556367631,0.1765046296
0.1419583659,0.1802662037
0.1419583659,0.1765046296
0.1556367631,0.1840277778
0.1419583659,0.1877893519
0.1419583659,0.1840277778
0.1556367631,0.1915509259
0.1419583659,0.1953125000
0.1419583659,0.1915509259
0.1556367631,0.1990740741
0.1419583659,0.2028356481
0.1419583659,0.1990740741
0.1556367631,0.2065972222
0.1419583659,0.2103587963
0.1419583659,0.2065972222
0.1556367631,0.2141203704
0.1419583659,0.2178819444
0.1419583659,0.2141203704
0.1556367631,0.2216435185
0.1419583659,0.2254050926
0.1419583659,0.2216435185
0.1556367631,0.2291666667
0.1419583659,0.2329282407
0.1419583659,0.2291666667
0.1556367631,0.2366898148
0.1419583659,0.2404513889
0.1419583659,0.2366898148
0.1556367631,0.2442129630
0.1419583659,0.2479745370
0.1419583659,0.2442129630
0.1556367631,0.2517361111
0.1419583659,0.2554976852
0.1419583659,0.2517361111
0.1556367631,0.2592592593
0.1419583659,0.2630208333
0.1419583659,0.2592592593
0.1556367631,0.2667824074
0.1419583659,0.2705439815
0.1419583659,0.2667824074
0.1556367631,0.2743055556
0.1419583659,0.2780671296
0.1419583659,0.2743055556
0.1556367631,0.2818287037
0.1419583659,0.2855902778
0.1419583659,0.2818287037
0.1556367631,0.2893518519
0.1419583659,0.2931134259
0.1419583659,0.2893518519
0.1556367631,0.2968750000
0.1419583659,0.3006365741
0.1419583659,0.2968750000
0.1556367631,0.3043981481
0.1419583659,0.3081597222
0.1419583659,0.3043981481
0.1556367631,0.3119212963
0.1419583659,0.3156828704
0.1419583659,0.3119212963
0.1556367631,0.3194444444
0.1419583659,0.3232060185
0.1419583659,0.3194444444
0.1556367631,0.3269675926
0.1419583659,0.3307291667
0.1419583659,0.3269675926
0.1556367631,0.3344907407
0.1419583659,0.3382523148
0.1419583659,0.3344907407
0.1556367631,0.3420138889
0.1419583659,0.3457754630
0.1419583659,0.3420138889
0.1556367631,0.3495370370
0.1419583659,0.3532986111
0.1419583659,0.3495370370
0.1556367631,0.3570601852
0.1419583659,0.3608217593
0.1419583659,0.3570601852
0.1556367631,0.3645833333
0.1419583659,0.3683449074
0.1419583659,0.3645833333
0.1556367631,0.3721064815
0.1419583659,0.3758680556
0.1419583659,0.3721064815
0.1556367631,0.3796296296
0.1419583659,0.3833912037
0.1419583659,0.3796296296
0.1556367631,0.3871527778
0.1419583659,0.3909143519
0.1419583659,0.3871527778
0.1556367631,0.3946759259
0.1419583659,0.3984375000
0.1419583659,0.3946759259
0.1556367631,0.4021990741
0.1419583659,0.4059606481
0.1419583659,0.4021990741
0.1556367631,0.4097222222
0.1419583659,0.4134837963
0.1419583659,0.4097222222
0.1556367631,0.4172453704
0.1419583659,0.4210069444
0.1419583659,0.4172453704
0.1556367631,0.4247685185
0.1419583659,0.4285300926
0.1419583659,0.4247685185
0.1556367631,0.4322916667
0.1419583659,0.4360532407
0.1419583659,0.4322916667
0.1556367631,0.4398148148
0.1419583659,0.4435763889
0.1419583659,0.4398148148
0.1556367631,0.4473379630
0.1419583659,0.4510995370
0.1419583659,0.4473379630
0.1556367631,0.4548611111
0.1419583659,0.4586226852
0.1419583659,0.4548611111
0.1556367631,0.4623842593
0.1419583659,0.4661458333
0.1419583659,0.4623842593
0.1556367631,0.4699074074
0.1419583659,0.4736689815
0.1419583659,0.4699074074
0.1556367631,0.4774305556
0.1419583659,0.4811921296
0.1419583659,0.4774305556
0.1556367631,0.4849537037
0.1419583659,0.4887152778
0.1419583659,0.4849537037
0.1556367631,0.4924768519
0.1419583659,0.4962384259
0.1419583659,0.4924768519
0.1556367631,0.5000000000
0.1419583659,0.5037615741
0.1419583659,0.5000000000
0.1556367631,0.5075231481
0.1419583659,0.5112847222
0.1419583659,0.5075231481
0.1556367631,0.5150462963
0.1419583659,0.5188078704
0.1419583659,0.5150462963
0.1556367631,0.5225694444
0.1419583659,0.5263310185
0.1419583659,0.5225694444
0.1556367631,0.5300925926
0.1419583659,0.5338541667
0.1419583659,0.5300925926
0.1556367631,0.5376157407
0.1419583659,0.5413773148
0.1419583659,0.5376157407
0.1556367631,0.5451388889
0.1419583659,0.5489004630
0.1419583659,0.5451388889
0.1556367631,0.5526620370
0.1419583659,0.5564236111
0.1419583659,0.5526620370
0.1556367631,0.5601851852
0.1419583659,0.5639467593
0.1419583659,0.5601851852
0.1556367631,0.5677083333
0.1419583659,0.5714699074
0.1419583659,0.5677083333
0.1556367631,0.5752314815
0.1419583659,0.5789930556
0.1419583659,0.5752314815
0.1556367631,0.5827546296
0.1419583659,0.5865162037
0.1419583659,0.5827546296
0.1556367631,0.5902777778
0.1419583659,0.5940393519
0.1419583659,0.5902777778
0.1556367631,0.5978009259
0.1419583659,0.6015625000
0.1419583659,0.5978009259
0.1556367631,0.6053240741
0.1419583659,0.6090856481
0.1419583659,0.6053240741
0.1556367631,0.6128472222
0.1419583659,0.6166087963
0.1419583659,0.6128472222
0.1556367631,0.6203703704
0.1419583659,0.6241319444
0.1419583659,0.6203703704
0.1556367631,0.6278935185
0.1419583659,0.6316550926
0.1419583659,0.6278935185
0.1556367631,0.6354166667
0.1419583659,0.6391782407
0.1419583659,0.6354166667
0.1556367631,0.6429398148
0.1419583659,0.6467013889
0.1419583659,0.6429398148
0.1556367631,0.6504629630
0.1419583659,0.6542245370
0.1419583659,0.6504629630
0.1556367631,0.6579861111
0.1419583659,0.6617476852
0.1419583659,0.6579861111
0.1556367631,0.6655092593
0.1419583659,0.6692708333
0.1419583659,0.6655092593
0.1556367631,0.6730324074
0.1419583659,0.6767939815
0.1419583659,0.6730324074
0.1556367631,0.6805555556
0.1419583659,0.6843171296
0.1419583659,0.6805555556
0.1556367631,0.6880787037
0.1419583659,0.6918402778
0.1419583659,0.6880787037
0.1556367631,0.6956018519
0.1419583659,0.6993634259
0.1419583659,0.6956018519
0.1556367631,0.7031250000
0.1419583659,0.7068865741
0.1419583659,0.7031250000
0.1556367631,0.7106481481
0.1419583659,0.7144097222
0.1419583659,0.7106481481
0.1556367631,0.7181712963
0.1419583659,0.7219328704
0.1419583659,0.7181712963
0.1556367631,0.7256944444
0.1419583659,0.7294560185
0.1419583659,0.7256944444
0.1556367631,0.7332175926
0.1419583659,0.7369791667
0.1419583659,0.7332175926
0.1556367631,0.7407407407
0.1419583659,0.7445023148
0.1419583659,0.7407407407
0.1556367631,0.7482638889
0.1419583659,0.7520254630
0.1419583659,0.7482638889
0.1556367631,0.7557870370
0.1419583659,0.7595486111
0.1419583659,0.7557870370
0.1556367631,0.7633101852
0.1419583659,0.7670717593
0.1419583659,0.7633101852
0.1556367631,0.7708333333
0.1419583659,0.7745949074
0.1419583659,0.7708333333
0.1556367631,0.7783564815
0.1419583659,0.7821180556
0.1419583659,0.7783564815
0.1556367631,0.7858796296
0.1419583659,0.7896412037
0.1419583659,0.7858796296
0.1556367631,0.7934027778
0.1419583659,0.7971643519
0.1419583659,0.7934027778
0.1556367631,0.8009259259
0.1419583659,0.8046875000
0.1419583659,0.8009259259
0.1556367631,0.8084490741
0.1419583659,0.8122106481
0.1419583659,0.8084490741
0.1556367631,0.8159722222
0.1419583659,0.8197337963
0.1419583659,0.8159722222
0.1556367631,0.8234953704
0.1419583659,0.8272569444
0.1419583659,0.8234953704
0.1556367631,0.8310185185
0.1419583659,0.8347800926
0.1419583659,0.8310185185
0.1556367631,0.8385416667
0.1419583659,0.8423032407
0.1419583659,0.8385416667
0.1556367631,0.8460648148
0.1419583659,0.8498263889
0.1419583659,0.8460648148
0.1556367631,0.8535879630
0.1419583659,0.8573495370
0.1419583659,0.8535879630
0.1556367631,0.8611111111
0.1419583659,0.8648726852
0.1419583659,0.8611111111
0.1556367631,0.8686342593
0.1419583659,0.8723958333
0.1419583659,0.8686342593
0.1556367631,0.8761574074
0.1419583659,0.8799189815
0.1419583659,0.8761574074
0.1556367631,0.8836805556
0.1419583659,0.8874421296
0.1419583659,0.8836805556
0.1556367631,0.8912037037
0.1419583659,0.8949652778
0.1419583659,0.8912037037
0.1556367631,0.8987268519
0.1419583659,0.9024884259
0.1419583659,0.8987268519
0.1556367631,0.9062500000
0.1419583659,0.9100115741
0.1419583659,0.9062500000
0.1556367631,0.9137731481
0.1419583659,0.9175347222
0.1419583659,0.9137731481
0.1556367631,0.9212962963
0.1419583659,0.9250578704
0.1419583659,0.9212962963
0.1556367631,0.9288194444
0.1419583659,0.9325810185
0.1419583659,0.9288194444
0.1556367631,0.9363425926
0.1419583659,0.9401041667
0.1419583659,0.9363425926
0.1556367631,0.9438657407
0.1419583659,0.9476273148
0.1419583659,0.9438657407
0.1556367631,0.9513888889
0.1419583659,0.9551504630
0.1419583659,0.9513888889
0.1556367631,0.9589120370
0.1419583659,0.9626736111
0.1419583659,0.9589120370
0.1556367631,0.9664351852
0.1419583659,0.9701967593
0.1419583659,0.9664351852
0.1556367631,0.9739583333
0.1419583659,0.9777199074
0.1419583659,0.9739583333
0.1556367631,0.9814814815
0.1419583659,0.9852430556
0.1419583659,0.9814814815
0.1556367631,0.9890046296
0.1419583659,0.9927662037
0.1419583659,0.9890046296
0.1556367631,0.9965277778
0.1419583659,1.0002893519
0.1419583659,0.9965277778
0.1556367631,1.0040509259
0.1419583659,1.0040509259
0.1884649181,-0.0040509259
0.1720508406,-0.0002893519
0.1720508406,-0.0040509259
0.1884649181,0.0034722222
0.1720508406,0.0072337963
0.1720508406,0.0034722222
0.1884649181,0.0109953704
0.1720508406,0.0147569444
0.1720508406,0.0109953704
0.1884649181,0.0185185185
0.1720508406,0.0222800926
0.1720508406,0.0185185185
0.1884649181,0.0260416667
0.1720508406,0.0298032407
0.1720508406,0.0260416667
0.1884649181,0.0335648148
0.1720508406,0.0373263889
0.1720508406,0.0335648148
0.1884649181,0.0410879630
0.1720508406,0.0448495370
0.1720508406,0.0410879630
0.1884649181,0.0486111111
0.1720508406,0.0523726852
0.1720508406,0.0486111111
0.1884649181,0.0561342593
0.1720508406,0.0598958333
0.1720508406,0.0561342593
0.1884649181,0.0636574074
0.1720508406,0.0674189815
0.1720508406,0.0636574074
0.1884649181,0.0711805556
0.1720508406,0.0749421296
0.1720508406,0.0711805556
0.1884649181,0.0787037037
0.1720508406,0.0824652778
0.1720508406,0.0787037037
0.1884649181,0.0862268519
0.1720508406,0.0899884259
0.1720508406,0.0862268519
0.1884649181,0.0937500000
0.1720508406,0.0975115741
0.1720508406,0.0937500000
0.1884649181,0.1012731481
0.1720508406,0.1050347222
0.1720508406,0.1012731481
0.1884649181,0.1087962963
0.1720508406,0.1125578704
0.1720508406,0.1087962963
0.1884649181,0.1163194444
0.1720508406,0.1200810185
0.1720508406,0.1163194444
0.1884649181,0.1238425926
0.1720508406,0.1276041667
0.1720508406,0.1238425926
0.1884649181,0.1313657407
0.1720508406,0.1351273148
0.1720508406,0.1313657407
0.1884649181,0.1388888889
0.1720508406,0.1426504630
0.1720508406,0.1388888889
0.1884649181,0.1464120370
0.1720508406,0.1501736111
0.1720508406,0.1464120370
0.1884649181,0.1539351852
0.1720508406,0.1576967593
0.1720508406,0.1539351852
0.1884649181,0.1614583333
0.1720508406,0.1652199074
0.1720508406,0.1614583333
0.1884649181,0.1689814815
0.1720508406,0.1727430556
0.1720508406,0.1689814815
0.1884649181,0.1765046296
0.1720508406,0.1802662037
0.1720508406,0.1765046296
0.1884649181,0.1840277778
0.1720508406,0.1877893519
0.1720508406,0.1840277778
0.1884649181,0.1915509259
0.1720508406,0.1953125000
0.1720508406,0.1915509259
0.1884649181,0.1990740741
0.1720508406,0.2028356481
0.1720508406,0.1990740741
0.1884649181,0.2065972222
0.1720508406,0.2103587963
0.1720508406,0.2065972222
0.1884649181,0.2141203704
0.1720508406,0.2178819444
0.1720508406,0.2141203704
0.1884649181,0.2216435185
0.1720508406,0.2254050926
0.1720508406,0.2216435185
0.1884649181,0.2291666667
0.1720508406,0.2329282407
0.1720508406,0.2291666667
0.1884649181,0.2366898148
0.1720508406,0.2404513889
0.1720508406,0.2366898148
0.1884649181,0.2442129630
0.1720508406,0.2479745370
0.1720508406,0.2442129630
0.1884649181,0.2517361111
0.1720508406,0.2554976852
0.1720508406,0.2517361111
0.1884649181,0.2592592593
0.1720508406,0.2630208333
0.1720508406,0.2592592593
0.1884649181,0.2667824074
0.1720508406,0.2705439815
0.1720508406,0.2667824074
0.1884649181,0.2743055556
0.1720508406,0.2780671296
0.1720508406,0.2743055556
0.1884649181,0.2818287037
0.1720508406,0.2855902778
0.1720508406,0.2818287037
0.1884649181,0.2893518519
0.1720508406,0.2931134259
0.1720508406,0.2893518519
0.1884649181,0.2968750000
0.1720508406,0.3006365741
0.1720508406,0.2968750000
0.1884649181,0.3043981481
0.1720508406,0.3081597222
0.1720508406,0.3043981481
0.1884649181,0.3119212963
0.1720508406,0.3156828704
0.1720508406,0.3119212963
0.1884649181,0.3194444444
0.1720508406,0.3232060185
0.1720508406,0.3194444444
0.1884649181,0.3269675926
0.1720508406,0.3307291667
0.1720508406,0.3269675926
0.1884649181,0.3344907407
0.1720508406,0.3382523148
0.1720508406,0.3344907407
0.1884649181,0.3420138889
0.1720508406,0.3457754630
0.1720508406,0.3420138889
0.1884649181,0.3495370370
0.1720508406,0.3532986111
0.1720508406,0.3495370370
0.1884649181,0.3570601852
0.1720508406,0.3608217593
0.1720508406,0.3570601852
0.1884649181,0.3645833333
0.1720508406,0.3683449074
0.1720508406,0.3645833333
0.1884649181,0.3721064815
0.1720508406,0.3758680556
0.1720508406,0.3721064815
0.1884649181,0.3796296296
0.1720508406,0.3833912037
0.1720508406,0.3796296296
0.1884649181,0.3871527778
0.1720508406,0.3909143519
0.1720508406,0.3871527778
0.1884649181,0.3946759259
0.1720508406,0.3984375000
0.1720508406,0.3946759259
0.1884649181,0.4021990741
0.1720508406,0.4059606481
0.1720508406,0.4021990741
0.1884649181,0.4097222222
0.1720508406,0.4134837963
0.1720508406,0.4097222222
0.1884649181,0.4172453704
0.1720508406,0.4210069444
0.1720508406,0.4172453704
0.1884649181,0.4247685185
0.1720508406,0.4285300926
0.1720508406,0.4247685185
0.1884649181,0.4322916667
0.1720508406,0.4360532407
0.1720508406,0.4322916667
0.1884649181,0.4398148148
0.1720508406,0.4435763889
0.1720508406,0.4398148148
0.1884649181,0.4473379630
0.1720508406,0.4510995370
0.1720508406,0.4473379630
0.1884649181,0.4548611111
0.1720508406,0.4586226852
0.1720508406,0.4548611111
0.1884649181,0.4623842593
0.1720508406,0.4661458333
0.1720508406,0.4623842593
0.1884649181,0.4699074074
0.1720508406,0.4736689815
0.1720508406,0.4699074074
0.1884649181,0.4774305556
0.1720508406,0.4811921296
0.1720508406,0.4774305556
0.1884649181,0.4849537037
0.1720508406,0.4887152778
0.1720508406,0.4849537037
0.1884649181,0.4924768519
0.1720508406,0.4962384259
0.1720508406,0.4924768519
0.1884649181,0.5000000000
0.1720508406,0.5037615741
0.1720508406,0.5000000000
0.1884649181,0.5075231481
0.1720508406,0.5112847222
0.1720508406,0.5075231481
0.1884649181,0.5150462963
0.1720508406,0.5188078704
0.1720508406,0.5150462963
0.1884649181,0.5225694444
0.1720508406,0.5263310185
0.1720508406,0.5225694444
0.1884649181,0.5300925926
0.1720508406,0.5338541667
0.1720508406,0.5300925926
0.1884649181,0.5376157407
0.1720508406,0.5413773148
0.1720508406,0.5376157407
0.1884649181,0.5451388889
0.1720508406,0.5489004630
0.1720508406,0.5451388889
0.1884649181,0.5526620370
0.1720508406,0.5564236111
0.1720508406,0.5526620370
0.1884649181,0.5601851852
0.1720508406,0.5639467593
0.1720508406,0.5601851852
0.1884649181,0.5677083333
0.1720508406,0.5714699074
0.1720508406,0.5677083333
0.1884649181,0.5752314815
0.1720508406,0.5789930556
0.1720508406,0.5752314815
0.1884649181,0.5827546296
0.1720508406,0.5865162037
0.1720508406,0.5827546296
0.1884649181,0.5902777778
0.1720508406,0.5940393519
0.1720508406,0.5902777778
0.1884649181,0.5978009259
0.1720508406,0.6015625000
0.1720508406,0.5978009259
0.1884649181,0.6053240741
0.1720508406,0.6090856481
0.1720508406,0.6053240741
0.1884649181,0.6128472222
0.1720508406,0.6166087963
0.1720508406,0.6128472222
0.1884649181,0.6203703704
0.1720508406,0.6241319444
0.1720508406,0.6203703704
0.1884649181,0.6278935185
0.1720508406,0.6316550926
0.1720508406,0.6278935185
0.1884649181,0.6354166667
0.1720508406,0.6391782407
0.1720508406,0.6354166667
0.1884649181,0.6429398148
0.1720508406,0.6467013889
0.1720508406,0.6429398148
0.1884649181,0.6504629630
0.1720508406,0.6542245370
0.1720508406,0.6504629630
0.1884649181,0.6579861111
0.1720508406,0.6617476852
0.1720508406,0.6579861111
0.1884649181,0.6655092593
0.1720508406,0.6692708333
0.1720508406,0.6655092593
0.1884649181,0.6730324074
0.1720508406,0.6767939815
0.1720508406,0.6730324074
0.1884649181,0.6805555556
0.1720508406,0.6843171296
0.1720508406,0.6805555556
0.1884649181,0.6880787037
0.1720508406,0.6918402778
0.1720508406,0.6880787037
0.1884649181,0.6956018519
0.1720508406,0.6993634259
0.1720508406,0.6956018519
0.1884649181,0.7031250000
0.1720508406,0.7068865741
0.1720508406,0.7031250000
0.1884649181,0.7106481481
0.1720508406,0.7144097222
0.1720508406,0.7106481481
0.1884649181,0.7181712963
0.1720508406,0.7219328704
0.1720508406,0.7181712963
0.1884649181,0.7256944444
0.1720508406,0.7294560185
0.1720508406,0.7256944444
0.1884649181,0.7332175926
0.1720508406,0.7369791667
0.1720508406,0.7332175926
0.1884649181,0.7407407407
0.1720508406,0.7445023148
0.1720508406,0.7407407407
0.1884649181,0.7482638889
0.1720508406,0.7520254630
0.1720508406,0.7482638889
0.1884649181,0.7557870370
0.1720508406,0.7595486111
0.1720508406,0.7557870370
0.1884649181,0.7633101852
0.1720508406,0.7670717593
0.1720508406,0.7633101852
0.1884649181,0.7708333333
0.1720508406,0.7745949074
0.1720508406,0.7708333333
0.1884649181,0.7783564815
0.1720508406,0.7821180556
0.1720508406,0.7783564815
0.1884649181,0.7858796296
0.1720508406,0.7896412037
0.1720508406,0.7858796296
0.1884649181,0.7934027778
0.1720508406,0.7971643519
0.1720508406,0.7934027778
0.1884649181,0.8009259259
0.1720508406,0.8046875000
0.1720508406,0.8009259259
0.1884649181,0.8084490741
0.1720508406,0.8122106481
0.1720508406,0.8084490741
0.1884649181,0.8159722222
0.1720508406,0.8197337963
0.1720508406,0.8159722222
0.1884649181,0.8234953704
0.1720508406,0.8272569444
0.1720508406,0.8234953704
0.1884649181,0.8310185185
0.1720508406,0.8347800926
0.1720508406,0.8310185185
0.1884649181,0.8385416667
0.1720508406,0.8423032407
0.1720508406,0.8385416667
0.1884649181,0.8460648148
0.1720508406,0.8498263889
0.1720508406,0.8460648148
0.1884649181,0.8535879630
0.1720508406,0.8573495370
0.1720508406,0.8535879630
0.1884649181,0.8611111111
0.1720508406,0.8648726852
0.1720508406,0.8611111111
0.1884649181,0.8686342593
0.1720508406,0.8723958333
0.1720508406,0.8686342593
0.1884649181,0.8761574074
0.1720508406,0.8799189815
0.1720508406,0.8761574074
0.1884649181,0.8836805556
0.1720508406,0.8874421296
0.1720508406,0.8836805556
0.1884649181,0.8912037037
0.1720508406,0.8949652778
0.1720508406,0.8912037037
0.1884649181,0.8987268519
0.1720508406,0.9024884259
0.1720508406,0.8987268519
0.1884649181,0.9062500000
0.1720508406,0.9100115741
0.1720508406,0.9062500000
0.1884649181,0.9137731481
0.1720508406,0.9175347222
0.1720508406,0.9137731481
0.1884649181,0.9212962963
0.1720508406,0.9250578704
0.1720508406,0.9212962963
0.1884649181,0.9288194444
0.1720508406,0.9325810185
0.1720508406,0.9288194444
0.1884649181,0.9363425926
0.1720508406,0.9401041667
0.1720508406,0.9363425926
0.1884649181,0.9438657407
0.1720508406,0.9476273148
0.1720508406,0.9438657407
0.1884649181,0.9513888889
0.1720508406,0.9551504630
0.1720508406,0.9513888889
0.1884649181,0.9589120370
0.1720508406,0.9626736111
0.1720508406,0.9589120370
0.1884649181,0.9664351852
0.1720508406,0.9701967593
0.1720508406,0.9664351852
0.1884649181,0.9739583333
0.1720508406,0.9777199074
0.1720508406,0.9739583333
0.1884649181,0.9814814815
0.1720508406,0.9852430556
0.1720508406,0.9814814815
0.1884649181,0.9890046296
0.1720508406,0.9927662037
0.1720508406,0.9890046296
0.1884649181,0.9965277778
0.1720508406,1.0002893519
0.1720508406,0.9965277778
0.1884649181,1.0040509259
0.1720508406,1.0040509259
0.2278587022,-0.0040509259
0.2081618101,-0.0002893519
0.2081618101,-0.0040509259
0.2278587022,0.0034722222
0.2081618101,0.0072337963
0.2081618101,0.0034722222
0.2278587022,0.0109953704
0.2081618101,0.0147569444
0.2081618101,0.0109953704
0.2278587022,0.0185185185
0.2081618101,0.0222800926
0.2081618101,0.0185185185
0.2278587022,0.0260416667
0.2081618101,0.0298032407
0.2081618101,0.0260416667
0.2278587022,0.0335648148
0.2081618101,0.0373263889
0.2081618101,0.0335648148
0.2278587022,0.0410879630
0.2081618101,0.0448495370
0.2081618101,0.0410879630
0.2278587022,0.0486111111
0.2081618101,0.0523726852
0.2081618101,0.0486111111
0.2278587022,0.0561342593
0.2081618101,0.0598958333
0.2081618101,0.0561342593
0.2278587022,0.0636574074
0.2081618101,0.0674189815
0.2081618101,0.0636574074
0.2278587022,0.0711805556
0.2081618101,0.0749421296
0.2081618101,0.0711805556
0.2278587022,0.0787037037
0.2081618101,0.0824652778
0.2081618101,0.0787037037
0.2278587022,0.0862268519
0.2081618101,0.0899884259
0.2081618101,0.0862268519
0.2278587022,0.0937500000
0.2081618101,0.0975115741
0.2081618101,0.0937500000
0.2278587022,0.1012731481
0.2081618101,0.1050347222
0.2081618101,0.1012731481
0.2278587022,0.1087962963
0.2081618101,0.1125578704
0.2081618101,0.1087962963
0.2278587022,0.1163194444
0.2081618101,0.1200810185
0.2081618101,0.1163194444
0.2278587022,0.1238425926
0.2081618101,0.1276041667
0.2081618101,0.1238425926
0.2278587022,0.1313657407
0.2081618101,0.1351273148
0.2081618101,0.1313657407
0.2278587022,0.1388888889
0.2081618101,0.1426504630
0.2081618101,0.1388888889
0.2278587022,0.1464120370
0.2081618101,0.1501736111
0.2081618101,0.1464120370
0.2278587022,0.1539351852
0.2081618101,0.1576967593
0.2081618101,0.1539351852
0.2278587022,0.1614583333
0.2081618101,0.1652199074
0.2081618101,0.1614583333
0.2278587022,0.1689814815
0.2081618101,0.1727430556
0.2081618101,0.1689814815
0.2278587022,0.1765046296
0.2081618101,0.1802662037
0.2081618101,0.1765046296
0.2278587022,0.1840277778
0.2081618101,0.1877893519
0.2081618101,0.1840277778
0.2278587022,0.1915509259
0.2081618101,0.1953125000
0.2081618101,0.1915509259
0.2278587022,0.1990740741
0.2081618101,0.2028356481
0.2081618101,0.1990740741
0.2278587022,0.2065972222
0.2081618101,0.2103587963
0.2081618101,0.2065972222
0.2278587022,0.2141203704
0.2081618101,0.2178819444
0.2081618101,0.2141203704
0.2278587022,0.2216435185
0.2081618101,0.2254050926
0.2081618101,0.2216435185
0.2278587022,0.2291666667
0.2081618101,0.2329282407
0.2081618101,0.2291666667
0.2278587022,0.2366898148
0.2081618101,0.2404513889
0.2081618101,0.2366898148
0.2278587022,0.2442129630
0.2081618101,0.2479745370
0.2081618101,0.2442129630
0.2278587022,0.2517361111
0.2081618101,0.2554976852
0.2081618101,0.2517361111
0.2278587022,0.2592592593
0.2081618101,0.2630208333
0.2081618101,0.2592592593
0.2278587022,0.2667824074
0.2081618101,0.2705439815
0.2081618101,0.2667824074
0.2278587022,0.2743055556
0.2081618101,0.2780671296
0.2081618101,0.2743055556
0.2278587022,0.2818287037
0.2081618101,0.2855902778
0.2081618101,0.2818287037
0.2278587022,0.2893518519
0.2081618101,0.2931134259
0.2081618101,0.2893518519
0.2278587022,0.2968750000
0.2081618101,0.3006365741
0.2081618101,0.2968750000
0.2278587022,0.3043981481
0.2081618101,0.3081597222
0.2081618101,0.3043981481
0.2278587022,0.3119212963
0.2081618101,0.3156828704
0.2081618101,0.3119212963
0.2278587022,0.3194444444
0.2081618101,0.3232060185
0.2081618101,0.3194444444
0.2278587022,0.3269675926
0.2081618101,0.3307291667
0.2081618101,0.3269675926
0.2278587022,0.3344907407
0.2081618101,0.3382523148
0.2081618101,0.3344907407
0.2278587022,0.3420138889
0.2081618101,0.3457754630
0.2081618101,0.3420138889
0.2278587022,0.3495370370
0.2081618101,0.3532986111
0.2081618101,0.3495370370
0.2278587022,0.3570601852
0.2081618101,0.3608217593
0.2081618101,0.3570601852
0.2278587022,0.3645833333
0.2081618101,0.3683449074
0.2081618101,0.3645833333
0.2278587022,0.3721064815
0.2081618101,0.3758680556
0.2081618101,0.3721064815
0.2278587022,0.3796296296
0.2081618101,0.3833912037
0.2081618101,0.3796296296
0.2278587022,0.3871527778
0.2081618101,0.3909143519
0.2081618101,0.3871527778
0.2278587022,0.3946759259
0.2081618101,0.3984375000
0.2081618101,0.3946759259
0.2278587022,0.4021990741
0.2081618101,0.4059606481
0.2081618101,0.4021990741
0.2278587022,0.4097222222
0.2081618101,0.4134837963
0.2081618101,0.4097222222
0.2278587022,0.4172453704
0.2081618101,0.4210069444
0.2081618101,0.4172453704
0.2278587022,0.4247685185
0.2081618101,0.4285300926
0.2081618101,0.4247685185
0.2278587022,0.4322916667
0.2081618101,0.4360532407
0.2081618101,0.4322916667
0.2278587022,0.4398148148
0.2081618101,0.4435763889
0.2081618101,0.4398148148
0.2278587022,0.4473379630
0.2081618101,0.4510995370
0.2081618101,0.4473379630
0.2278587022,0.4548611111
0.2081618101,0.4586226852
0.2081618101,0.4548611111
0.2278587022,0.4623842593
0.2081618101,0.4661458333
0.2081618101,0.4623842593
0.2278587022,0.4699074074
0.2081618101,0.4736689815
0.2081618101,0.4699074074
0.2278587022,0.4774305556
0.2081618101,0.4811921296
0.2081618101,0.4774305556
0.2278587022,0.4849537037
0.2081618101,0.4887152778
0.2081618101,0.4849537037
0.2278587022,0.4924768519
0.2081618101,0.4962384259
0.2081618101,0.4924768519
0.2278587022,0.5000000000
0.2081618101,0.5037615741
0.2081618101,0.5000000000
0.2278587022,0.5075231481
0.2081618101,0.5112847222
0.2081618101,0.5075231481
0.2278587022,0.5150462963
0.2081618101,0.5188078704
0.2081618101,0.5150462963
0.2278587022,0.5225694444
0.2081618101,0.5263310185
0.2081618101,0.5225694444
0.2278587022,0.5300925926
0.2081618101,0.5338541667
0.2081618101,0.5300925926
0.2278587022,0.5376157407
0.2081618101,0.5413773148
0.2081618101,0.5376157407
0.2278587022,0.5451388889
0.2081618101,0.5489004630
0.2081618101,0.5451388889
0.2278587022,0.5526620370
0.2081618101,0.5564236111
0.2081618101,0.5526620370
0.2278587022,0.5601851852
0.2081618101,0.5639467593
0.2081618101,0.5601851852
0.2278587022,0.5677083333
0.2081618101,0.5714699074
0.2081618101,0.5677083333
0.2278587022,0.5752314815
0.2081618101,0.5789930556
0.2081618101,0.5752314815
0.2278587022,0.5827546296
0.2081618101,0.5865162037
0.2081618101,0.5827546296
0.2278587022,0.5902777778
0.2081618101,0.5940393519
0.2081618101,0.5902777778
0.2278587022,0.5978009259
0.2081618101,0.6015625000
0.2081618101,0.5978009259
0.2278587022,0.6053240741
0.2081618101,0.6090856481
0.2081618101,0.6053240741
0.2278587022,0.6128472222
0.2081618101,0.6166087963
0.2081618101,0.6128472222
0.2278587022,0.6203703704
0.2081618101,0.6241319444
0.2081618101,0.6203703704
0.2278587022,0.6278935185
0.2081618101,0.6316550926
0.2081618101,0.6278935185
0.2278587022,0.6354166667
0.2081618101,0.6391782407
0.2081618101,0.6354166667
0.2278587022,0.6429398148
0.2081618101,0.6467013889
0.2081618101,0.6429398148
0.2278587022,0.6504629630
0.2081618101,0.6542245370
0.2081618101,0.6504629630
0.2278587022,0.6579861111
0.2081618101,0.6617476852
0.2081618101,0.6579861111
0.2278587022,0.6655092593
0.2081618101,0.6692708333
0.2081618101,0.6655092593
0.2278587022,0.6730324074
0.2081618101,0.6767939815
0.2081618101,0.6730324074
0.2278587022,0.6805555556
0.2081618101,0.6843171296
0.2081618101,0.6805555556
0.2278587022,0.6880787037
0.2081618101,0.6918402778
0.2081618101,0.6880787037
0.2278587022,0.6956018519
0.2081618101,0.6993634259
0.2081618101,0.6956018519
0.2278587022,0.7031250000
0.2081618101,0.7068865741
0.2081618101,0.7031250000
0.2278587022,0.7106481481
0.2081618101,0.7144097222
0.2081618101,0.7106481481
0.2278587022,0.7181712963
0.2081618101,0.7219328704
0.2081618101,0.7181712963
0.2278587022,0.7256944444
0.2081618101,0.7294560185
0.2081618101,0.7256944444
0.2278587022,0.7332175926
0.2081618101,0.7369791667
0.2081618101,0.7332175926
0.2278587022,0.7407407407
0.2081618101,0.7445023148
0.2081618101,0.7407407407
0.2278587022,0.7482638889
0.2081618101,0.7520254630
0.2081618101,0.7482638889
0.2278587022,0.7557870370
0.2081618101,0.7595486111
0.2081618101,0.7557870370
0.2278587022,0.7633101852
0.2081618101,0.7670717593
0.2081618101,0.7633101852
0.2278587022,0.7708333333
0.2081618101,0.7745949074
0.2081618101,0.7708333333
0.2278587022,0.7783564815
0.2081618101,0.7821180556
0.2081618101,0.7783564815
0.2278587022,0.7858796296
0.2081618101,0.7896412037
0.2081618101,0.7858796296
0.2278587022,0.7934027778
0.2081618101,0.7971643519
0.2081618101,0.7934027778
0.2278587022,0.8009259259
0.2081618101,0.8046875000
0.2081618101,0.8009259259
0.2278587022,0.8084490741
0.2081618101,0.8122106481
0.2081618101,0.8084490741
0.2278587022,0.8159722222
0.2081618101,0.8197337963
0.2081618101,0.8159722222
0.2278587022,0.8234953704
0.2081618101,0.8272569444
0.2081618101,0.8234953704
0.2278587022,0.8310185185
0.2081618101,0.8347800926
0.2081618101,0.8310185185
0.2278587022,0.8385416667
0.2081618101,0.8423032407
0.2081618101,0.8385416667
0.2278587022,0.8460648148
0.2081618101,0.8498263889
0.2081618101,0.8460648148
0.2278587022,0.8535879630
0.2081618101,0.8573495370
0.2081618101,0.8535879630
0.2278587022,0.8611111111
0.2081618101,0.8648726852
0.2081618101,0.8611111111
0.2278587022,0.8686342593
0.2081618101,0.8723958333
0.2081618101,0.8686342593
0.2278587022,0.8761574074
0.2081618101,0.8799189815
0.2081618101,0.8761574074
0.2278587022,0.8836805556
0.2081618101,0.8874421296
0.2081618101,0.8836805556
0.2278587022,0.8912037037
0.2081618101,0.8949652778
0.2081618101,0.8912037037
0.2278587022,0.8987268519
0.2081618101,0.9024884259
0.2081618101,0.8987268519
0.2278587022,0.9062500000
0.2081618101,0.9100115741
0.2081618101,0.9062500000
0.2278587022,0.9137731481
0.2081618101,0.9175347222
0.2081618101,0.9137731481
0.2278587022,0.9212962963
0.2081618101,0.9250578704
0.2081618101,0.9212962963
0.2278587022,0.9288194444
0.2081618101,0.9325810185
0.2081618101,0.9288194444
0.2278587022,0.9363425926
0.2081618101,0.9401041667
0.2081618101,0.9363425926
0.2278587022,0.9438657407
0.2081618101,0.9476273148
0.2081618101,0.9438657407
0.2278587022,0.9513888889
0.2081618101,0.9551504630
0.2081618101,0.9513888889
0.2278587022,0.9589120370
0.2081618101,0.9626736111
0.2081618101,0.9589120370
0.2278587022,0.9664351852
0.2081618101,0.9701967593
0.2081618101,0.9664351852
0.2278587022,0.9739583333
0.2081618101,0.9777199074
0.2081618101,0.9739583333
0.2278587022,0.9814814815
0.2081618101,0.9852430556
0.2081618101,0.9814814815
0.2278587022,0.9890046296
0.2081618101,0.9927662037
0.2081618101,0.9890046296
0.2278587022,0.9965277778
0.2081618101,1.0002893519
0.2081618101,0.9965277778
0.2278587022,1.0040509259
0.2081618101,1.0040509259
0.2751312459,-0.0040509259
0.2514949741,-0.0002893519
0.2514949741,-0.0040509259
0.2751312459,0.0034722222
0.2514949741,0.0072337963
0.2514949741,0.0034722222
0.2751312459,0.0109953704
0.2514949741,0.0147569444
0.2514949741,0.0109953704
0.2751312459,0.0185185185
0.2514949741,0.0222800926
0.2514949741,0.0185185185
0.2751312459,0.0260416667
0.2514949741,0.0298032407
0.2514949741,0.0260416667
0.2751312459,0.0335648148
0.2514949741,0.0373263889
0.2514949741,0.0335648148
0.2751312459,0.0410879630
0.2514949741,0.0448495370
0.2514949741,0.0410879630
0.2751312459,0.0486111111
0.2514949741,0.0523726852
0.2514949741,0.0486111111
0.2751312459,0.0561342593
0.2514949741,0.0598958333
0.2514949741,0.0561342593
0.2751312459,0.0636574074
0.2514949741,0.0674189815
0.2514949741,0.0636574074
0.2751312459,0.0711805556
0.2514949741,0.0749421296
0.2514949741,0.0711805556
0.2751312459,0.0787037037
0.2514949741,0.0824652778
0.2514949741,0.0787037037
0.2751312459,0.0862268519
0.2514949741,0.0899884259
0.2514949741,0.0862268519
0.2751312459,0.0937500000
0.2514949741,0.0975115741
0.2514949741,0.0937500000
0.2751312459,0.1012731481
0.2514949741,0.1050347222
0.2514949741,0.1012731481
0.2751312459,0.1087962963
0.2514949741,0.1125578704
0.2514949741,0.1087962963
0.2751312459,0.1163194444
0.2514949741,0.1200810185
0.2514949741,0.1163194444
0.2751312459,0.1238425926
0.2514949741,0.1276041667
0.2514949741,0.1238425926
0.2751312459,0.1313657407
0.2514949741,0.1351273148
0.2514949741,0.1313657407
0.2751312459,0.1388888889
0.2514949741,0.1426504630
0.2514949741,0.1388888889
0.2751312459,0.1464120370
0.2514949741,0.1501736111
0.2514949741,0.1464120370
0.2751312459,0.1539351852
0.2514949741,0.1576967593
0.2514949741,0.1539351852
0.2751312459,0.1614583333
0.2514949741,0.1652199074
0.2514949741,0.1614583333
0.2751312459,0.1689814815
0.2514949741,0.1727430556
0.2514949741,0.1689814815
0.2751312459,0.1765046296
0.2514949741,0.1802662037
0.2514949741,0.1765046296
0.2751312459,0.1840277778
0.2514949741,0.1877893519
0.2514949741,0.1840277778
0.2751312459,0.1915509259
0.2514949741,0.1953125000
0.2514949741,0.1915509259
0.2751312459,0.1990740741
0.2514949741,0.2028356481
0.2514949741,0.1990740741
0.2751312459,0.2065972222
0.2514949741,0.2103587963
0.2514949741,0.2065972222
0.2751312459,0.2141203704
0.2514949741,0.2178819444
0.2514949741,0.2141203704
0.2751312459,0.2216435185
0.2514949741,0.2254050926
0.2514949741,0.2216435185
0.2751312459,0.2291666667
0.2514949741,0.2329282407
0.2514949741,0.2291666667
0.2751312459,0.2366898148
0.2514949741,0.2404513889
0.2514949741,0.2366898148
0.2751312459,0.2442129630
0.2514949741,0.2479745370
0.2514949741,0.2442129630
0.2751312459,0.2517361111
0.2514949741,0.2554976852
0.2514949741,0.2517361111
0.2751312459,0.2592592593
0.2514949741,0.2630208333
0.2514949741,0.2592592593
0.2751312459,0.2667824074
0.2514949741,0.2705439815
0.2514949741,0.2667824074
0.2751312459,0.2743055556
0.2514949741,0.2780671296
0.2514949741,0.2743055556
0.2751312459,0.2818287037
0.2514949741,0.2855902778
0.2514949741,0.2818287037
0.2751312459,0.2893518519
0.2514949741,0.2931134259
0.2514949741,0.2893518519
0.2751312459,0.2968750000
0.2514949741,0.3006365741
0.2514949741,0.2968750000
0.2751312459,0.3043981481
0.2514949741,0.3081597222
0.2514949741,0.3043981481
0.2751312459,0.3119212963
0.2514949741,0.3156828704
0.2514949741,0.3119212963
0.2751312459,0.3194444444
0.2514949741,0.3232060185
0.2514949741,0.3194444444
0.2751312459,0.3269675926
0.2514949741,0.3307291667
0.2514949741,0.3269675926
0.2751312459,0.3344907407
0.2514949741,0.3382523148
0.2514949741,0.3344907407
0.2751312459,0.3420138889
0.2514949741,0.3457754630
0.2514949741,0.3420138889
0.2751312459,0.3495370370
0.2514949741,0.3532986111
0.2514949741,0.3495370370
0.2751312459,0.3570601852
0.2514949741,0.3608217593
0.2514949741,0.3570601852
0.2751312459,0.3645833333
0.2514949741,0.3683449074
0.2514949741,0.3645833333
0.2751312459,0.3721064815
0.2514949741,0.3758680556
0.2514949741,0.3721064815
0.2751312459,0.3796296296
0.2514949741,0.3833912037
0.2514949741,0.3796296296
0.2751312459,0.3871527778
0.2514949741,0.3909143519
0.2514949741,0.3871527778
0.2751312459,0.3946759259
0.2514949741,0.3984375000
0.2514949741,0.3946759259
0.2751312459,0.4021990741
0.2514949741,0.4059606481
0.2514949741,0.4021990741
0.2751312459,0.4097222222
0.2514949741,0.4134837963
0.2514949741,0.4097222222
0.2751312459,0.4172453704
0.2514949741,0.4210069444
0.2514949741,0.4172453704
0.2751312459,0.4247685185
0.2514949741,0.4285300926
0.2514949741,0.4247685185
0.2751312459,0.4322916667
0.2514949741,0.4360532407
0.2514949741,0.4322916667
0.2751312459,0.4398148148
0.2514949741,0.4435763889
0.2514949741,0.4398148148
0.2751312459,0.4473379630
0.2514949741,0.4510995370
0.2514949741,0.4473379630
0.2751312459,0.4548611111
0.2514949741,0.4586226852
0.2514949741,0.4548611111
0.2751312459,0.4623842593
0.2514949741,0.4661458333
0.2514949741,0.4623842593
0.2751312459,0.4699074074
0.2514949741,0.4736689815
0.2514949741,0.4699074074
0.2751312459,0.4774305556
0.2514949741,0.4811921296
0.2514949741,0.4774305556
0.2751312459,0.4849537037
0.2514949741,0.4887152778
0.2514949741,0.4849537037
0.2751312459,0.4924768519
0.2514949741,0.4962384259
0.2514949741,0.4924768519
0.2751312459,0.5000000000
0.2514949741,0.5037615741
0.2514949741,0.5000000000
0.2751312459,0.5075231481
0.2514949741,0.5112847222
0.2514949741,0.5075231481
0.2751312459,0.5150462963
0.2514949741,0.5188078704
0.2514949741,0.5150462963
0.2751312459,0.5225694444
0.2514949741,0.5263310185
0.2514949741,0.5225694444
0.2751312459,0.5300925926
0.2514949741,0.5338541667
0.2514949741,0.5300925926
0.2751312459,0.5376157407
0.2514949741,0.5413773148
0.2514949741,0.5376157407
0.2751312459,0.5451388889
0.2514949741,0.5489004630
0.2514949741,0.5451388889
0.2751312459,0.5526620370
0.2514949741,0.5564236111
0.2514949741,0.5526620370
0.2751312459,0.5601851852
0.2514949741,0.5639467593
0.2514949741,0.5601851852
0.2751312459,0.5677083333
0.2514949741,0.5714699074
0.2514949741,0.5677083333
0.2751312459,0.5752314815
0.2514949741,0.5789930556
0.2514949741,0.5752314815
0.2751312459,0.5827546296
0.2514949741,0.5865162037
0.2514949741,0.5827546296
0.2751312459,0.5902777778
0.2514949741,0.5940393519
0.2514949741,0.5902777778
0.2751312459,0.5978009259
0.2514949741,0.6015625000
0.2514949741,0.5978009259
0.2751312459,0.6053240741
0.2514949741,0.6090856481
0.2514949741,0.6053240741
0.2751312459,0.6128472222
0.2514949741,0.6166087963
0.2514949741,0.6128472222
0.2751312459,0.6203703704
0.2514949741,0.6241319444
0.2514949741,0.6203703704
0.2751312459,0.6278935185
0.2514949741,0.6316550926
0.2514949741,0.6278935185
0.2751312459,0.6354166667
0.2514949741,0.6391782407
0.2514949741,0.6354166667
0.2751312459,0.6429398148
0.2514949741,0.6467013889
0.2514949741,0.6429398148
0.2751312459,0.6504629630
0.2514949741,0.6542245370
0.2514949741,0.6504629630
0.2751312459,0.6579861111
0.2514949741,0.6617476852
0.2514949741,0.6579861111
0.2751312459,0.6655092593
0.2514949741,0.6692708333
0.2514949741,0.6655092593
0.2751312459,0.6730324074
0.2514949741,0.6767939815
0.2514949741,0.6730324074
0.2751312459,0.6805555556
0.2514949741,0.6843171296
0.2514949741,0.6805555556
0.2751312459,0.6880787037
0.2514949741,0.6918402778
0.2514949741,0.6880787037
0.2751312459,0.6956018519
0.2514949741,0.6993634259
0.2514949741,0.6956018519
0.2751312459,0.7031250000
0.2514949741,0.7068865741
0.2514949741,0.7031250000
0.2751312459,0.7106481481
0.2514949741,0.7144097222
0.2514949741,0.7106481481
0.2751312459,0.7181712963
0.2514949741,0.7219328704
0.2514949741,0.7181712963
0.2751312459,0.7256944444
0.2514949741,0.7294560185
0.2514949741,0.7256944444
0.2751312459,0.7332175926
0.2514949741,0.7369791667
0.2514949741,0.7332175926
0.2751312459,0.7407407407
0.2514949741,0.7445023148
0.2514949741,0.7407407407
0.2751312459,0.7482638889
0.2514949741,0.7520254630
0.2514949741,0.7482638889
0.2751312459,0.7557870370
0.2514949741,0.7595486111
0.2514949741,0.7557870370
0.2751312459,0.7633101852
0.2514949741,0.7670717593
0.2514949741,0.7633101852
0.2751312459,0.7708333333
0.2514949741,0.7745949074
0.2514949741,0.7708333333
0.2751312459,0.7783564815
0.2514949741,0.7821180556
0.2514949741,0.7783564815
0.2751312459,0.7858796296
0.2514949741,0.7896412037
0.2514949741,0.7858796296
0.2751312459,0.7934027778
0.2514949741,0.7971643519
0.2514949741,0.7934027778
0.2751312459,0.8009259259
0.2514949741,0.8046875000
0.2514949741,0.8009259259
0.2751312459,0.8084490741
0.2514949741,0.8122106481
0.2514949741,0.8084490741
0.2751312459,0.8159722222
0.2514949741,0.8197337963
0.2514949741,0.8159722222
0.2751312459,0.8234953704
0.2514949741,0.8272569444
0.2514949741,0.8234953704
0.2751312459,0.8310185185
0.2514949741,0.8347800926
0.2514949741,0.8310185185
0.2751312459,0.8385416667
0.2514949741,0.8423032407
0.2514949741,0.8385416667
0.2751312459,0.8460648148
0.2514949741,0.8498263889
0.2514949741,0.8460648148
0.2751312459,0.8535879630
0.2514949741,0.8573495370
0.2514949741,0.8535879630
0.2751312459,0.8611111111
0.2514949741,0.8648726852
0.2514949741,0.8611111111
0.2751312459,0.8686342593
0.2514949741,0.8723958333
0.2514949741,0.8686342593
0.2751312459,0.8761574074
0.2514949741,0.8799189815
0.2514949741,0.8761574074
0.2751312459,0.8836805556
0.2514949741,0.8874421296
0.2514949741,0.8836805556
0.2751312459,0.8912037037
0.2514949741,0.8949652778
0.2514949741,0.8912037037
0.2751312459,0.8987268519
0.2514949741,0.9024884259
0.2514949741,0.8987268519
0.2751312459,0.9062500000
0.2514949741,0.9100115741
0.2514949741,0.9062500000
0.2751312459,0.9137731481
0.2514949741,0.9175347222
0.2514949741,0.9137731481
0.2751312459,0.9212962963
0.2514949741,0.9250578704
0.2514949741,0.9212962963
0.2751312459,0.9288194444
0.2514949741,0.9325810185
0.2514949741,0.9288194444
0.2751312459,0.9363425926
0.2514949741,0.9401041667
0.2514949741,0.9363425926
0.2751312459,0.9438657407
0.2514949741,0.9476273148
0.2514949741,0.9438657407
0.2751312459,0.9513888889
0.2514949741,0.9551504630
0.2514949741,0.9513888889
0.2751312459,0.9589120370
0.2514949741,0.9626736111
0.2514949741,0.9589120370
0.2751312459,0.9664351852
0.2514949741,0.9701967593
0.2514949741,0.9664351852
0.2751312459,0.9739583333
0.2514949741,0.9777199074
0.2514949741,0.9739583333
0.2751312459,0.9814814815
0.2514949741,0.9852430556
0.2514949741,0.9814814815
0.2751312459,0.9890046296
0.2514949741,0.9927662037
0.2514949741,0.9890046296
0.2751312459,0.9965277778
0.2514949741,1.0002893519
0.2514949741,0.9965277778
0.2751312459,1.0040509259
0.2514949741,1.0040509259
0.3318582986,-0.0040509259
0.3034947723,-0.0002893519
0.3034947723,-0.0040509259
0.3318582986,0.0034722222
0.3034947723,0.0072337963
0.3034947723,0.0034722222
0.3318582986,0.0109953704
0.3034947723,0.0147569444
0.3034947723,0.0109953704
0.3318582986,0.0185185185
0.3034947723,0.0222800926
0.3034947723,0.0185185185
0.3318582986,0.0260416667
0.3034947723,0.0298032407
0.3034947723,0.0260416667
0.3318582986,0.0335648148
0.3034947723,0.0373263889
0.3034947723,0.0335648148
0.3318582986,0.0410879630
0.3034947723,0.0448495370
0.3034947723,0.0410879630
0.3318582986,0.0486111111
0.3034947723,0.0523726852
0.3034947723,0.0486111111
0.3318582986,0.0561342593
0.3034947723,0.0598958333
0.3034947723,0.0561342593
0.3318582986,0.0636574074
0.3034947723,0.0674189815
0.3034947723,0.0636574074
0.3318582986,0.0711805556
0.3034947723,0.0749421296
0.3034947723,0.0711805556
0.3318582986,0.0787037037
0.3034947723,0.0824652778
0.3034947723,0.0787037037
0.3318582986,0.0862268519
0.3034947723,0.0899884259
0.3034947723,0.0862268519
0.3318582986,0.0937500000
0.3034947723,0.0975115741
0.3034947723,0.0937500000
0.3318582986,0.1012731481
0.3034947723,0.1050347222
0.3034947723,0.1012731481
0.3318582986,0.1087962963
0.3034947723,0.1125578704
0.3034947723,0.1087962963
0.3318582986,0.1163194444
0.3034947723,0.1200810185
0.3034947723,0.1163194444
0.3318582986,0.1238425926
0.3034947723,0.1276041667
0.3034947723,0.1238425926
0.3318582986,0.1313657407
0.3034947723,0.1351273148
0.3034947723,0.1313657407
0.3318582986,0.1388888889
0.3034947723,0.1426504630
0.3034947723,0.1388888889
0.3318582986,0.1464120370
0.3034947723,0.1501736111
0.3034947723,0.1464120370
0.3318582986,0.1539351852
0.3034947723,0.1576967593
0.3034947723,0.1539351852
0.3318582986,0.1614583333
0.3034947723,0.1652199074
0.3034947723,0.1614583333
0.3318582986,0.1689814815
0.3034947723,0.1727430556
0.3034947723,0.1689814815
0.3318582986,0.1765046296
0.3034947723,0.1802662037
0.3034947723,0.1765046296
0.3318582986,0.1840277778
0.3034947723,0.1877893519
0.3034947723,0.1840277778
0.3318582986,0.1915509259
0.3034947723,0.1953125000
0.3034947723,0.1915509259
0.3318582986,0.1990740741
0.3034947723,0.2028356481
0.3034947723,0.1990740741
0.3318582986,0.2065972222
0.3034947723,0.2103587963
0.3034947723,0.2065972222
0.3318582986,0.2141203704
0.3034947723,0.2178819444
0.3034947723,0.2141203704
0.3318582986,0.2216435185
0.3034947723,0.2254050926
0.3034947723,0.2216435185
0.3318582986,0.2291666667
0.3034947723,0.2329282407
0.3034947723,0.2291666667
0.3318582986,0.2366898148
0.3034947723,0.2404513889
0.3034947723,0.2366898148
0.3318582986,0.2442129630
0.3034947723,0.2479745370
0.3034947723,0.2442129630
0.3318582986,0.2517361111
0.3034947723,0.2554976852
0.3034947723,0.2517361111
0.3318582986,0.2592592593
0.3034947723,0.2630208333
0.3034947723,0.2592592593
0.3318582986,0.2667824074
0.3034947723,0.2705439815
0.3034947723,0.2667824074
0.3318582986,0.2743055556
0.3034947723,0.2780671296
0.3034947723,0.2743055556
0.3318582986,0.2818287037
0.3034947723,0.2855902778
0.3034947723,0.2818287037
0.3318582986,0.2893518519
0.3034947723,0.2931134259
0.3034947723,0.2893518519
0.3318582986,0.2968750000
0.3034947723,0.3006365741
0.3034947723,0.2968750000
0.3318582986,0.3043981481
0.3034947723,0.3081597222
0.3034947723,0.3043981481
0.3318582986,0.3119212963
0.3034947723,0.3156828704
0.3034947723,0.3119212963
0.3318582986,0.3194444444
0.3034947723,0.3232060185
0.3034947723,0.3194444444
0.3318582986,0.3269675926
0.3034947723,0.3307291667
0.3034947723,0.3269675926
0.3318582986,0.3344907407
0.3034947723,0.3382523148
0.3034947723,0.3344907407
0.3318582986,0.3420138889
0.3034947723,0.3457754630
0.3034947723,0.3420138889
0.3318582986,0.3495370370
0.3034947723,0.3532986111
0.3034947723,0.3495370370
0.3318582986,0.3570601852
0.3034947723,0.3608217593
0.3034947723,0.3570601852
0.3318582986,0.3645833333
0.3034947723,0.3683449074
0.3034947723,0.3645833333
0.3318582986,0.3721064815
0.3034947723,0.3758680556
0.3034947723,0.3721064815
0.3318582986,0.3796296296
0.3034947723,0.3833912037
0.3034947723,0.3796296296
0.3318582986,0.3871527778
0.3034947723,0.3909143519
0.3034947723,0.3871527778
0.3318582986,0.3946759259
0.3034947723,0.3984375000
0.3034947723,0.3946759259
0.3318582986,0.4021990741
0.3034947723,0.4059606481
0.3034947723,0.4021990741
0.3318582986,0.4097222222
0.3034947723,0.4134837963
0.3034947723,0.4097222222
0.3318582986,0.4172453704
0.3034947723,0.4210069444
0.3034947723,0.4172453704
0.3318582986,0.4247685185
0.3034947723,0.4285300926
0.3034947723,0.4247685185
0.3318582986,0.4322916667
0.3034947723,0.4360532407
0.3034947723,0.4322916667
0.3318582986,0.4398148148
0.3034947723,0.4435763889
0.3034947723,0.4398148148
0.3318582986,0.4473379630
0.3034947723,0.4510995370
0.3034947723,0.4473379630
0.3318582986,0.4548611111
0.3034947723,0.4586226852
0.3034947723,0.4548611111
0.3318582986,0.4623842593
0.3034947723,0.4661458333
0.3034947723,0.4623842593
0.3318582986,0.4699074074
0.3034947723,0.4736689815
0.3034947723,0.4699074074
0.3318582986,0.4774305556
0.3034947723,0.4811921296
0.3034947723,0.4774305556
0.3318582986,0.4849537037
0.3034947723,0.4887152778
0.3034947723,0.4849537037
0.3318582986,0.4924768519
0.3034947723,0.4962384259
0.3034947723,0.4924768519
0.3318582986,0.5000000000
0.3034947723,0.5037615741
0.3034947723,0.5000000000
0.3318582986,0.5075231481
0.3034947723,0.5112847222
0.3034947723,0.5075231481
0.3318582986,0.5150462963
0.3034947723,0.5188078704
0.3034947723,0.5150462963
0.3318582986,0.5225694444
0.3034947723,0.5263310185
0.3034947723,0.5225694444
0.3318582986,0.5300925926
0.3034947723,0.5338541667
0.3034947723,0.5300925926
0.3318582986,0.5376157407
0.3034947723,0.5413773148
0.3034947723,0.5376157407
0.3318582986,0.5451388889
0.3034947723,0.5489004630
0.3034947723,0.5451388889
0.3318582986,0.5526620370
0.3034947723,0.5564236111
0.3034947723,0.5526620370
0.3318582986,0.5601851852
0.3034947723,0.5639467593
0.3034947723,0.5601851852
0.3318582986,0.5677083333
0.3034947723,0.5714699074
0.3034947723,0.5677083333
0.3318582986,0.5752314815
0.3034947723,0.5789930556
0.3034947723,0.5752314815
0.3318582986,0.5827546296
0.3034947723,0.5865162037
0.3034947723,0.5827546296
0.3318582986,0.5902777778
0.3034947723,0.5940393519
0.3034947723,0.5902777778
0.3318582986,0.5978009259
0.3034947723,0.6015625000
0.3034947723,0.5978009259
0.3318582986,0.6053240741
0.3034947723,0.6090856481
0.3034947723,0.6053240741
0.3318582986,0.6128472222
0.3034947723,0.6166087963
0.3034947723,0.6128472222
0.3318582986,0.6203703704
0.3034947723,0.6241319444
0.3034947723,0.6203703704
0.3318582986,0.6278935185
0.3034947723,0.6316550926
0.3034947723,0.6278935185
0.3318582986,0.6354166667
0.3034947723,0.6391782407
0.3034947723,0.6354166667
0.3318582986,0.6429398148
0.3034947723,0.6467013889
0.3034947723,0.6429398148
0.3318582986,0.6504629630
0.3034947723,0.6542245370
0.3034947723,0.6504629630
0.3318582986,0.6579861111
0.3034947723,0.6617476852
0.3034947723,0.6579861111
0.3318582986,0.6655092593
0.3034947723,0.6692708333
0.3034947723,0.6655092593
0.3318582986,0.6730324074
0.3034947723,0.6767939815
0.3034947723,0.6730324074
0.3318582986,0.6805555556
0.3034947723,0.6843171296
0.3034947723,0.6805555556
0.3318582986,0.6880787037
0.3034947723,0.6918402778
0.3034947723,0.6880787037
0.3318582986,0.6956018519
0.3034947723,0.6993634259
0.3034947723,0.6956018519
0.3318582986,0.7031250000
0.3034947723,0.7068865741
0.3034947723,0.7031250000
0.3318582986,0.7106481481
0.3034947723,0.7144097222
0.3034947723,0.7106481481
0.3318582986,0.7181712963
0.3034947723,0.7219328704
0.3034947723,0.7181712963
0.3318582986,0.7256944444
0.3034947723,0.7294560185
0.3034947723,0.7256944444
0.3318582986,0.7332175926
0.3034947723,0.7369791667
0.3034947723,0.7332175926
0.3318582986,0.7407407407
0.3034947723,0.7445023148
0.3034947723,0.7407407407
0.3318582986,0.7482638889
0.3034947723,0.7520254630
0.3034947723,0.7482638889
0.3318582986,0.7557870370
0.3034947723,0.7595486111
0.3034947723,0.7557870370
0.3318582986,0.7633101852
0.3034947723,0.7670717593
0.3034947723,0.7633101852
0.3318582986,0.7708333333
0.3034947723,0.7745949074
0.3034947723,0.7708333333
0.3318582986,0.7783564815
0.3034947723,0.7821180556
0.3034947723,0.7783564815
0.3318582986,0.7858796296
0.3034947723,0.7896412037
0.3034947723,0.7858796296
0.3318582986,0.7934027778
0.3034947723,0.7971643519
0.3034947723,0.7934027778
0.3318582986,0.8009259259
0.3034947723,0.8046875000
0.3034947723,0.8009259259
0.3318582986,0.8084490741
0.3034947723,0.8122106481
0.3034947723,0.8084490741
0.3318582986,0.8159722222
0.3034947723,0.8197337963
0.3034947723,0.8159722222
0.3318582986,0.8234953704
0.3034947723,0.8272569444
0.3034947723,0.8234953704
0.3318582986,0.8310185185
0.3034947723,0.8347800926
0.3034947723,0.8310185185
0.3318582986,0.8385416667
0.3034947723,0.8423032407
0.3034947723,0.8385416667
0.3318582986,0.8460648148
0.3034947723,0.8498263889
0.3034947723,0.8460648148
0.3318582986,0.8535879630
0.3034947723,0.8573495370
0.3034947723,0.8535879630
0.3318582986,0.8611111111
0.3034947723,0.8648726852
0.3034947723,0.8611111111
0.3318582986,0.8686342593
0.3034947723,0.8723958333
0.3034947723,0.8686342593
0.3318582986,0.8761574074
0.3034947723,0.8799189815
0.3034947723,0.8761574074
0.3318582986,0.8836805556
0.3034947723,0.8874421296
0.3034947723,0.8836805556
0.3318582986,0.8912037037
0.3034947723,0.8949652778
0.3034947723,0.8912037037
0.3318582986,0.8987268519
0.3034947723,0.9024884259
0.3034947723,0.8987268519
0.3318582986,0.9062500000
0.3034947723,0.9100115741
0.3034947723,0.9062500000
0.3318582986,0.9137731481
0.3034947723,0.9175347222
0.3034947723,0.9137731481
0.3318582986,0.9212962963
0.3034947723,0.9250578704
0.3034947723,0.9212962963
0.3318582986,0.9288194444
0.3034947723,0.9325810185
0.3034947723,0.9288194444
0.3318582986,0.9363425926
0.3034947723,0.9401041667
0.3034947723,0.9363425926
0.3318582986,0.9438657407
0.3034947723,0.9476273148
0.3034947723,0.9438657407
0.3318582986,0.9513888889
0.3034947723,0.9551504630
0.3034947723,0.9513888889
0.3318582986,0.9589120370
0.3034947723,0.9626736111
0.3034947723,0.9589120370
0.3318582986,0.9664351852
0.3034947723,0.9701967593
0.3034947723,0.9664351852
0.3318582986,0.9739583333
0.3034947723,0.9777199074
0.3034947723,0.9739583333
0.3318582986,0.9814814815
0.3034947723,0.9852430556
0.3034947723,0.9814814815
0.3318582986,0.9890046296
0.3034947723,0.9927662037
0.3034947723,0.9890046296
0.3318582986,0.9965277778
0.3034947723,1.0002893519
0.3034947723,0.9965277778
0.3318582986,1.0040509259
0.3034947723,1.0040509259
0.3999307658,-0.0040509259
0.3658945322,-0.0002893519
0.3658945322,-0.0040509259
0.3999307658,0.0034722222
0.3658945322,0.0072337963
0.3658945322,0.0034722222
0.3999307658,0.0109953704
0.3658945322,0.0147569444
0.3658945322,0.0109953704
0.3999307658,0.0185185185
0.3658945322,0.0222800926
0.3658945322,0.0185185185
0.3999307658,0.0260416667
0.3658945322,0.0298032407
0.3658945322,0.0260416667
0.3999307658,0.0335648148
0.3658945322,0.0373263889
0.3658945322,0.0335648148
0.3999307658,0.0410879630
0.3658945322,0.0448495370
0.3658945322,0.0410879630
0.3999307658,0.0486111111
0.3658945322,0.0523726852
0.3658945322,0.0486111111
0.3999307658,0.0561342593
0.3658945322,0.0598958333
0.3658945322,0.0561342593
0.3999307658,0.0636574074
0.3658945322,0.0674189815
0.3658945322,0.0636574074
0.3999307658,0.0711805556
0.3658945322,0.0749421296
0.3658945322,0.0711805556
0.3999307658,0.0787037037
0.3658945322,0.0824652778
0.3658945322,0.0787037037
0.3999307658,0.0862268519
0.3658945322,0.0899884259
0.3658945322,0.0862268519
0.3999307658,0.0937500000
0.3658945322,0.0975115741
0.3658945322,0.0937500000
0.3999307658,0.1012731481
0.3658945322,0.1050347222
0.3658945322,0.1012731481
0.3999307658,0.1087962963
0.3658945322,0.1125578704
0.3658945322,0.1087962963
0.3999307658,0.1163194444
0.3658945322,0.1200810185
0.3658945322,0.1163194444
0.3999307658,0.1238425926
0.3658945322,0.1276041667
0.3658945322,0.1238425926
0.3999307658,0.1313657407
0.3658945322,0.1351273148
0.3658945322,0.1313657407
0.3999307658,0.1388888889
0.3658945322,0.1426504630
0.3658945322,0.1388888889
0.3999307658,0.1464120370
0.3658945322,0.1501736111
0.3658945322,0.1464120370
0.3999307658,0.1539351852
0.3658945322,0.1576967593
0.3658945322,0.1539351852
0.3999307658,0.1614583333
0.3658945322,0.1652199074
0.3658945322,0.1614583333
0.3999307658,0.1689814815
0.3658945322,0.1727430556
0.3658945322,0.1689814815
0.3999307658,0.1765046296
0.3658945322,0.1802662037
0.3658945322,0.1765046296
0.3999307658,0.1840277778
0.3658945322,0.1877893519
0.3658945322,0.1840277778
0.3999307658,0.1915509259
0.3658945322,0.1953125000
0.3658945322,0.1915509259
0.3999307658,0.1990740741
0.3658945322,0.2028356481
0.3658945322,0.1990740741
0.3999307658,0.2065972222
0.3658945322,0.2103587963
0.3658945322,0.2065972222
0.3999307658,0.2141203704
0.3658945322,0.2178819444
0.3658945322,0.2141203704
0.3999307658,0.2216435185
0.3658945322,0.2254050926
0.3658945322,0.2216435185
0.3999307658,0.2291666667
0.3658945322,0.2329282407
0.3658945322,0.2291666667
0.3999307658,0.2366898148
0.3658945322,0.2404513889
0.3658945322,0.2366898148
0.3999307658,0.2442129630
0.3658945322,0.2479745370
0.3658945322,0.2442129630
0.3999307658,0.2517361111
0.3658945322,0.2554976852
0.3658945322,0.2517361111
0.3999307658,0.2592592593
0.3658945322,0.2630208333
0.3658945322,0.2592592593
0.3999307658,0.2667824074
0.3658945322,0.2705439815
0.3658945322,0.2667824074
0.3999307658,0.2743055556
0.3658945322,0.2780671296
0.3658945322,0.2743055556
0.3999307658,0.2818287037
0.3658945322,0.2855902778
0.3658945322,0.2818287037
0.3999307658,0.2893518519
0.3658945322,0.2931134259
0.3658945322,0.2893518519
0.3999307658,0.2968750000
0.3658945322,0.3006365741
0.3658945322,0.2968750000
0.3999307658,0.3043981481
0.3658945322,0.3081597222
0.3658945322,0.3043981481
0.3999307658,0.3119212963
0.3658945322,0.3156828704
0.3658945322,0.3119212963
0.3999307658,0.3194444444
0.3658945322,0.3232060185
0.3658945322,0.3194444444
0.3999307658,0.3269675926
0.3658945322,0.3307291667
0.3658945322,0.3269675926
0.3999307658,0.3344907407
0.3658945322,0.3382523148
0.3658945322,0.3344907407
0.3999307658,0.3420138889
0.3658945322,0.3457754630
0.3658945322,0.3420138889
0.3999307658,0.3495370370
0.3658945322,0.3532986111
0.3658945322,0.3495370370
0.3999307658,0.3570601852
0.3658945322,0.3608217593
0.3658945322,0.3570601852
0.3999307658,0.3645833333
0.3658945322,0.3683449074
0.3658945322,0.3645833333
0.3999307658,0.3721064815
0.3658945322,0.3758680556
0.3658945322,0.3721064815
0.3999307658,0.3796296296
0.3658945322,0.3833912037
0.3658945322,0.3796296296
0.3999307658,0.3871527778
0.3658945322,0.3909143519
0.3658945322,0.3871527778
0.3999307658,0.3946759259
0.3658945322,0.3984375000
0.3658945322,0.3946759259
0.3999307658,0.4021990741
0.3658945322,0.4059606481
0.3658945322,0.4021990741
0.3999307658,0.4097222222
0.3658945322,0.4134837963
0.3658945322,0.4097222222
0.3999307658,0.4172453704
0.3658945322,0.4210069444
0.3658945322,0.4172453704
0.3999307658,0.4247685185
0.3658945322,0.4285300926
0.3658945322,0.4247685185
0.3999307658,0.4322916667
0.3658945322,0.4360532407
0.3658945322,0.4322916667
0.3999307658,0.4398148148
0.3658945322,0.4435763889
0.3658945322,0.4398148148
0.3999307658,0.4473379630
0.3658945322,0.4510995370
0.3658945322,0.4473379630
0.3999307658,0.4548611111
0.3658945322,0.4586226852
0.3658945322,0.4548611111
0.3999307658,0.4623842593
0.3658945322,0.4661458333
0.3658945322,0.4623842593
0.3999307658,0.4699074074
0.3658945322,0.4736689815
0.3658945322,0.4699074074
0.3999307658,0.4774305556
0.3658945322,0.4811921296
0.3658945322,0.4774305556
0.3999307658,0.4849537037
0.3658945322,0.4887152778
0.3658945322,0.4849537037
0.3999307658,0.4924768519
0.3658945322,0.4962384259
0.3658945322,0.4924768519
0.3999307658,0.5000000000
0.3658945322,0.5037615741
0.3658945322,0.5000000000
0.3999307658,0.5075231481
0.3658945322,0.5112847222
0.3658945322,0.5075231481
0.3999307658,0.5150462963
0.3658945322,0.5188078704
0.3658945322,0.5150462963
0.3999307658,0.5225694444
0.3658945322,0.5263310185
0.3658945322,0.5225694444
0.3999307658,0.5300925926
0.3658945322,0.5338541667
0.3658945322,0.5300925926
0.3999307658,0.5376157407
0.3658945322,0.5413773148
0.3658945322,0.5376157407
0.3999307658,0.5451388889
0.3658945322,0.5489004630
0.3658945322,0.5451388889
0.3999307658,0.5526620370
0.3658945322,0.5564236111
0.3658945322,0.5526620370
0.3999307658,0.5601851852
0.3658945322,0.5639467593
0.3658945322,0.5601851852
0.3999307658,0.5677083333
0.3658945322,0.5714699074
0.3658945322,0.5677083333
0.3999307658,0.5752314815
0.3658945322,0.5789930556
0.3658945322,0.5752314815
0.3999307658,0.5827546296
0.3658945322,0.5865162037
0.3658945322,0.5827546296
0.3999307658,0.5902777778
0.3658945322,0.5940393519
0.3658945322,0.5902777778
0.3999307658,0.5978009259
0.3658945322,0.6015625000
0.3658945322,0.5978009259
0.3999307658,0.6053240741
0.3658945322,0.6090856481
0.3658945322,0.6053240741
0.3999307658,0.6128472222
0.3658945322,0.6166087963
0.3658945322,0.6128472222
0.3999307658,0.6203703704
0.3658945322,0.6241319444
0.3658945322,0.6203703704
0.3999307658,0.6278935185
0.3658945322,0.6316550926
0.3658945322,0.6278935185
0.3999307658,0.6354166667
0.3658945322,0.6391782407
0.3658945322,0.6354166667
0.3999307658,0.6429398148
0.3658945322,0.6467013889
0.3658945322,0.6429398148
0.3999307658,0.6504629630
0.3658945322,0.6542245370
0.3658945322,0.6504629630
0.3999307658,0.6579861111
0.3658945322,0.6617476852
0.3658945322,0.6579861111
0.3999307658,0.6655092593
0.3658945322,0.6692708333
0.3658945322,0.6655092593
0.3999307658,0.6730324074
0.3658945322,0.6767939815
0.3658945322,0.6730324074
0.3999307658,0.6805555556
0.3658945322,0.6843171296
0.3658945322,0.6805555556
0.3999307658,0.6880787037
0.3658945322,0.6918402778
0.3658945322,0.6880787037
0.3999307658,0.6956018519
0.3658945322,0.6993634259
0.3658945322,0.6956018519
0.3999307658,0.7031250000
0.3658945322,0.7068865741
0.3658945322,0.7031250000
0.3999307658,0.7106481481
0.3658945322,0.7144097222
0.3658945322,0.7106481481
0.3999307658,0.7181712963
0.3658945322,0.7219328704
0.3658945322,0.7181712963
0.3999307658,0.7256944444
0.3658945322,0.7294560185
0.3658945322,0.7256944444
0.3999307658,0.7332175926
0.3658945322,0.7369791667
0.3658945322,0.7332175926
0.3999307658,0.7407407407
0.3658945322,0.7445023148
0.3658945322,0.7407407407
0.3999307658,0.7482638889
0.3658945322,0.7520254630
0.3658945322,0.7482638889
0.3999307658,0.7557870370
0.3658945322,0.7595486111
0.3658945322,0.7557870370
0.3999307658,0.7633101852
0.3658945322,0.7670717593
0.3658945322,0.7633101852
0.3999307658,0.7708333333
0.3658945322,0.7745949074
0.3658945322,0.7708333333
0.3999307658,0.7783564815
0.3658945322,0.7821180556
0.3658945322,0.7783564815
0.3999307658,0.7858796296
0.3658945322,0.7896412037
0.3658945322,0.7858796296
0.3999307658,0.7934027778
0.3658945322,0.7971643519
0.3658945322,0.7934027778
0.3999307658,0.8009259259
0.3658945322,0.8046875000
0.3658945322,0.8009259259
0.3999307658,0.8084490741
0.3658945322,0.8122106481
0.3658945322,0.8084490741
0.3999307658,0.8159722222
0.3658945322,0.8197337963
0.3658945322,0.8159722222
0.3999307658,0.8234953704
0.3658945322,0.8272569444
0.3658945322,0.8234953704
0.3999307658,0.8310185185
0.3658945322,0.8347800926
0.3658945322,0.8310185185
0.3999307658,0.8385416667
0.3658945322,0.8423032407
0.3658945322,0.8385416667
0.3999307658,0.8460648148
0.3658945322,0.8498263889
0.3658945322,0.8460648148
0.3999307658,0.8535879630
0.3658945322,0.8573495370
0.3658945322,0.8535879630
0.3999307658,0.8611111111
0.3658945322,0.8648726852
0.3658945322,0.8611111111
0.3999307658,0.8686342593
0.3658945322,0.8723958333
0.3658945322,0.8686342593
0.3999307658,0.8761574074
0.3658945322,0.8799189815
0.3658945322,0.8761574074
0.3999307658,0.8836805556
0.3658945322,0.8874421296
0.3658945322,0.8836805556
0.3999307658,0.8912037037
0.3658945322,0.8949652778
0.3658945322,0.8912037037
0.3999307658,0.8987268519
0.3658945322,0.9024884259
0.3658945322,0.8987268519
0.3999307658,0.9062500000
0.3658945322,0.9100115741
0.3658945322,0.9062500000
0.3999307658,0.9137731481
0.3658945322,0.9175347222
0.3658945322,0.9137731481
0.3999307658,0.9212962963
0.3658945322,0.9250578704
0.3658945322,0.9212962963
0.3999307658,0.9288194444
0.3658945322,0.9325810185
0.3658945322,0.9288194444
0.3999307658,0.9363425926
0.3658945322,0.9401041667
0.3658945322,0.9363425926
0.3999307658,0.9438657407
0.3658945322,0.9476273148
0.3658945322,0.9438657407
0.3999307658,0.9513888889
0.3658945322,0.9551504630
0.3658945322,0.9513888889
0.3999307658,0.9589120370
0.3658945322,0.9626736111
0.3658945322,0.9589120370
0.3999307658,0.9664351852
0.3658945322,0.9701967593
0.3658945322,0.9664351852
0.3999307658,0.9739583333
0.3658945322,0.9777199074
0.3658945322,0.9739583333
0.3999307658,0.9814814815
0.3658945322,0.9852430556
0.3658945322,0.9814814815
0.3999307658,0.9890046296
0.3658945322,0.9927662037
0.3658945322,0.9890046296
0.3999307658,0.9965277778
0.3658945322,1.0002893519
0.3658945322,0.9965277778
0.3999307658,1.0040509259
0.3658945322,1.0040509259
0.4816177282,-0.0040509259
0.4407742470,-0.0002893519
0.4407742470,-0.0040509259
0.4816177282,0.0034722222
0.4407742470,0.0072337963
0.4407742470,0.0034722222
0.4816177282,0.0109953704
0.4407742470,0.0147569444
0.4407742470,0.0109953704
0.4816177282,0.0185185185
0.4407742470,0.0222800926
0.4407742470,0.0185185185
0.4816177282,0.0260416667
0.4407742470,0.0298032407
0.4407742470,0.0260416667
0.4816177282,0.0335648148
0.4407742470,0.0373263889
0.4407742470,0.0335648148
0.4816177282,0.0410879630
0.4407742470,0.0448495370
0.4407742470,0.0410879630
0.4816177282,0.0486111111
0.4407742470,0.0523726852
0.4407742470,0.0486111111
0.4816177282,0.0561342593
0.4407742470,0.0598958333
0.4407742470,0.0561342593
0.4816177282,0.0636574074
0.4407742470,0.0674189815
0.4407742470,0.0636574074
0.4816177282,0.0711805556
0.4407742470,0.0749421296
0.4407742470,0.0711805556
0.4816177282,0.0787037037
0.4407742470,0.0824652778
0.4407742470,0.0787037037
0.4816177282,0.0862268519
0.4407742470,0.0899884259
0.4407742470,0.0862268519
0.4816177282,0.0937500000
0.4407742470,0.0975115741
0.4407742470,0.0937500000
0.4816177282,0.1012731481
0.4407742470,0.1050347222
0.4407742470,0.1012731481
0.4816177282,0.1087962963
0.4407742470,0.1125578704
0.4407742470,0.1087962963
0.4816177282,0.1163194444
0.4407742470,0.1200810185
0.4407742470,0.1163194444
0.4816177282,0.1238425926
0.4407742470,0.1276041667
0.4407742470,0.1238425926
0.4816177282,0.1313657407
0.4407742470,0.1351273148
0.4407742470,0.1313657407
0.4816177282,0.1388888889
0.4407742470,0.1426504630
0.4407742470,0.1388888889
0.4816177282,0.1464120370
0.4407742470,0.1501736111
0.4407742470,0.1464120370
0.4816177282,0.1539351852
0.4407742470,0.1576967593
0.4407742470,0.1539351852
0.4816177282,0.1614583333
0.4407742470,0.1652199074
0.4407742470,0.1614583333
0.4816177282,0.1689814815
0.4407742470,0.1727430556
0.4407742470,0.1689814815
0.4816177282,0.1765046296
0.4407742470,0.1802662037
0.4407742470,0.1765046296
0.4816177282,0.1840277778
0.4407742470,0.1877893519
0.4407742470,0.1840277778
0.4816177282,0.1915509259
0.4407742470,0.1953125000
0.4407742470,0.1915509259
0.4816177282,0.1990740741
0.4407742470,0.2028356481
0.4407742470,0.1990740741
0.4816177282,0.2065972222
0.4407742470,0.2103587963
0.4407742470,0.2065972222
0.4816177282,0.2141203704
0.4407742470,0.2178819444
0.4407742470,0.2141203704
0.4816177282,0.2216435185
0.4407742470,0.2254050926
0.4407742470,0.2216435185
0.4816177282,0.2291666667
0.4407742470,0.2329282407
0.4407742470,0.2291666667
0.4816177282,0.2366898148
0.4407742470,0.2404513889
0.4407742470,0.2366898148
0.4816177282,0.2442129630
0.4407742470,0.2479745370
0.4407742470,0.2442129630
0.4816177282,0.2517361111
0.4407742470,0.2554976852
0.4407742470,0.2517361111
0.4816177282,0.2592592593
0.4407742470,0.2630208333
0.4407742470,0.2592592593
0.4816177282,0.2667824074
0.4407742470,0.2705439815
0.4407742470,0.2667824074
0.4816177282,0.2743055556
0.4407742470,0.2780671296
0.4407742470,0.2743055556
0.4816177282,0.2818287037
0.4407742470,0.2855902778
0.4407742470,0.2818287037
0.4816177282,0.2893518519
0.4407742470,0.2931134259
0.4407742470,0.2893518519
0.4816177282,0.2968750000
0.4407742470,0.3006365741
0.4407742470,0.2968750000
0.4816177282,0.3043981481
0.4407742470,0.3081597222
0.4407742470,0.3043981481
0.4816177282,0.3119212963
0.4407742470,0.3156828704
0.4407742470,0.3119212963
0.4816177282,0.3194444444
0.4407742470,0.3232060185
0.4407742470,0.3194444444
0.4816177282,0.3269675926
0.4407742470,0.3307291667
0.4407742470,0.3269675926
0.4816177282,0.3344907407
0.4407742470,0.3382523148
0.4407742470,0.3344907407
0.4816177282,0.3420138889
0.4407742470,0.3457754630
0.4407742470,0.3420138889
0.4816177282,0.3495370370
0.4407742470,0.3532986111
0.4407742470,0.3495370370
0.4816177282,0.3570601852
0.4407742470,0.3608217593
0.4407742470,0.3570601852
0.4816177282,0.3645833333
0.4407742470,0.3683449074
0.4407742470,0.3645833333
0.4816177282,0.3721064815
0.4407742470,0.3758680556
0.4407742470,0.3721064815
0.4816177282,0.3796296296
0.4407742470,0.3833912037
0.4407742470,0.3796296296
0.4816177282,0.3871527778
0.4407742470,0.3909143519
0.4407742470,0.3871527778
0.4816177282,0.3946759259
0.4407742470,0.3984375000
0.4407742470,0.3946759259
0.4816177282,0.4021990741
0.4407742470,0.4059606481
0.4407742470,0.4021990741
0.4816177282,0.4097222222
0.4407742470,0.4134837963
0.4407742470,0.4097222222
0.4816177282,0.4172453704
0.4407742470,0.4210069444
0.4407742470,0.4172453704
0.4816177282,0.4247685185
0.4407742470,0.4285300926
0.4407742470,0.4247685185
0.4816177282,0.4322916667
0.4407742470,0.4360532407
0.4407742470,0.4322916667
0.4816177282,0.4398148148
0.4407742470,0.4435763889
0.4407742470,0.4398148148
0.4816177282,0.4473379630
0.4407742470,0.4510995370
0.4407742470,0.4473379630
0.4816177282,0.4548611111
0.4407742470,0.4586226852
0.4407742470,0.4548611111
0.4816177282,0.4623842593
0.4407742470,0.4661458333
0.4407742470,0.4623842593
0.4816177282,0.4699074074
0.4407742470,0.4736689815
0.4407742470,0.4699074074
0.4816177282,0.4774305556
0.4407742470,0.4811921296
0.4407742470,0.4774305556
0.4816177282,0.4849537037
0.4407742470,0.4887152778
0.4407742470,0.4849537037
0.4816177282,0.4924768519
0.4407742470,0.4962384259
0.4407742470,0.4924768519
0.4816177282,0.5000000000
0.4407742470,0.5037615741
0.4407742470,0.5000000000
0.4816177282,0.5075231481
0.4407742470,0.5112847222
0.4407742470,0.5075231481
0.4816177282,0.5150462963
0.4407742470,0.5188078704
0.4407742470,0.5150462963
0.4816177282,0.5225694444
0.4407742470,0.5263310185
0.4407742470,0.5225694444
0.4816177282,0.5300925926
0.4407742470,0.5338541667
0.4407742470,0.5300925926
0.4816177282,0.5376157407
0.4407742470,0.5413773148
0.4407742470,0.5376157407
0.4816177282,0.5451388889
0.4407742470,0.5489004630
0.4407742470,0.5451388889
0.4816177282,0.5526620370
0.4407742470,0.5564236111
0.4407742470,0.5526620370
0.4816177282,0.5601851852
0.4407742470,0.5639467593
0.4407742470,0.5601851852
0.4816177282,0.5677083333
0.4407742470,0.5714699074
0.4407742470,0.5677083333
0.4816177282,0.5752314815
0.4407742470,0.5789930556
0.4407742470,0.5752314815
0.4816177282,0.5827546296
0.4407742470,0.5865162037
0.4407742470,0.5827546296
0.4816177282,0.5902777778
0.4407742470,0.5940393519
0.4407742470,0.5902777778
0.4816177282,0.5978009259
0.4407742470,0.6015625000
0.4407742470,0.5978009259
0.4816177282,0.6053240741
0.4407742470,0.6090856481
0.4407742470,0.6053240741
0.4816177282,0.6128472222
0.4407742470,0.6166087963
0.4407742470,0.6128472222
0.4816177282,0.6203703704
0.4407742470,0.6241319444
0.4407742470,0.6203703704
0.4816177282,0.6278935185
0.4407742470,0.6316550926
0.4407742470,0.6278935185
0.4816177282,0.6354166667
0.4407742470,0.6391782407
0.4407742470,0.6354166667
0.4816177282,0.6429398148
0.4407742470,0.6467013889
0.4407742470,0.6429398148
0.4816177282,0.6504629630
0.4407742470,0.6542245370
0.4407742470,0.6504629630
0.4816177282,0.6579861111
0.4407742470,0.6617476852
0.4407742470,0.6579861111
0.4816177282,0.6655092593
0.4407742470,0.6692708333
0.4407742470,0.6655092593
0.4816177282,0.6730324074
0.4407742470,0.6767939815
0.4407742470,0.6730324074
0.4816177282,0.6805555556
0.4407742470,0.6843171296
0.4407742470,0.6805555556
0.4816177282,0.6880787037
0.4407742470,0.6918402778
0.4407742470,0.6880787037
0.4816177282,0.6956018519
0.4407742470,0.6993634259
0.4407742470,0.6956018519
0.4816177282,0.7031250000
0.4407742470,0.7068865741
0.4407742470,0.7031250000
0.4816177282,0.7106481481
0.4407742470,0.7144097222
0.4407742470,0.7106481481
0.4816177282,0.7181712963
0.4407742470,0.7219328704
0.4407742470,0.7181712963
0.4816177282,0.7256944444
0.4407742470,0.7294560185
0.4407742470,0.7256944444
0.4816177282,0.7332175926
0.4407742470,0.7369791667
0.4407742470,0.7332175926
0.4816177282,0.7407407407
0.4407742470,0.7445023148
0.4407742470,0.7407407407
0.4816177282,0.7482638889
0.4407742470,0.7520254630
0.4407742470,0.7482638889
0.4816177282,0.7557870370
0.4407742470,0.7595486111
0.4407742470,0.7557870370
0.4816177282,0.7633101852
0.4407742470,0.7670717593
0.4407742470,0.7633101852
0.4816177282,0.7708333333
0.4407742470,0.7745949074
0.4407742470,0.7708333333
0.4816177282,0.7783564815
0.4407742470,0.7821180556
0.4407742470,0.7783564815
0.4816177282,0.7858796296
0.4407742470,0.7896412037
0.4407742470,0.7858796296
0.4816177282,0.7934027778
0.4407742470,0.7971643519
0.4407742470,0.7934027778
0.4816177282,0.8009259259
0.4407742470,0.8046875000
0.4407742470,0.8009259259
0.4816177282,0.8084490741
0.4407742470,0.8122106481
0.4407742470,0.8084490741
0.4816177282,0.8159722222
0.4407742470,0.8197337963
0.4407742470,0.8159722222
0.4816177282,0.8234953704
0.4407742470,0.8272569444
0.4407742470,0.8234953704
0.4816177282,0.8310185185
0.4407742470,0.8347800926
0.4407742470,0.8310185185
0.4816177282,0.8385416667
0.4407742470,0.8423032407
0.4407742470,0.8385416667
0.4816177282,0.8460648148
0.4407742470,0.8498263889
0.4407742470,0.8460648148
0.4816177282,0.8535879630
0.4407742470,0.8573495370
0.4407742470,0.8535879630
0.4816177282,0.8611111111
0.4407742470,0.8648726852
0.4407742470,0.8611111111
0.4816177282,0.8686342593
0.4407742470,0.8723958333
0.4407742470,0.8686342593
0.4816177282,0.8761574074
0.4407742470,0.8799189815
0.4407742470,0.8761574074
0.4816177282,0.8836805556
0.4407742470,0.8874421296
0.4407742470,0.8836805556
0.4816177282,0.8912037037
0.4407742470,0.8949652778
0.4407742470,0.8912037037
0.4816177282,0.8987268519
0.4407742470,0.9024884259
0.4407742470,0.8987268519
0.4816177282,0.9062500000
0.4407742470,0.9100115741
0.4407742470,0.9062500000
0.4816177282,0.9137731481
0.4407742470,0.9175347222
0.4407742470,0.9137731481
0.4816177282,0.9212962963
0.4407742470,0.9250578704
0.4407742470,0.9212962963
0.4816177282,0.9288194444
0.4407742470,0.9325810185
0.4407742470,0.9288194444
0.4816177282,0.9363425926
0.4407742470,0.9401041667
0.4407742470,0.9363425926
0.4816177282,0.9438657407
0.4407742470,0.9476273148
0.4407742470,0.9438657407
0.4816177282,0.9513888889
0.4407742470,0.9551504630
0.4407742470,0.9513888889
0.4816177282,0.9589120370
0.4407742470,0.9626736111
0.4407742470,0.9589120370
0.4816177282,0.9664351852
0.4407742470,0.9701967593
0.4407742470,0.9664351852
0.4816177282,0.9739583333
0.4407742470,0.9777199074
0.4407742470,0.9739583333
0.4816177282,0.9814814815
0.4407742470,0.9852430556
0.4407742470,0.9814814815
0.4816177282,0.9890046296
0.4407742470,0.9927662037
0.4407742470,0.9890046296
0.4816177282,0.9965277778
0.4407742470,1.0002893519
0.4407742470,0.9965277778
0.4816177282,1.0040509259
0.4407742470,1.0040509259
0.5796420850,-0.0040509259
0.5306299066,-0.0002893519
0.5306299066,-0.0040509259
0.5796420850,0.0034722222
0.5306299066,0.0072337963
0.5306299066,0.0034722222
0.5796420850,0.0109953704
0.5306299066,0.0147569444
0.5306299066,0.0109953704
0.5796420850,0.0185185185
0.5306299066,0.0222800926
0.5306299066,0.0185185185
0.5796420850,0.0260416667
0.5306299066,0.0298032407
0.5306299066,0.0260416667
0.5796420850,0.0335648148
0.5306299066,0.0373263889
0.5306299066,0.0335648148
0.5796420850,0.0410879630
0.5306299066,0.0448495370
0.5306299066,0.0410879630
0.5796420850,0.0486111111
0.5306299066,0.0523726852
0.5306299066,0.0486111111
0.5796420850,0.0561342593
0.5306299066,0.0598958333
0.5306299066,0.0561342593
0.5796420850,0.0636574074
0.5306299066,0.0674189815
0.5306299066,0.0636574074
0.5796420850,0.0711805556
0.5306299066,0.0749421296
0.5306299066,0.0711805556
0.5796420850,0.0787037037
0.5306299066,0.0824652778
0.5306299066,0.0787037037
0.5796420850,0.0862268519
0.5306299066,0.0899884259
0.5306299066,0.0862268519
0.5796420850,0.0937500000
0.5306299066,0.0975115741
0.5306299066,0.0937500000
0.5796420850,0.1012731481
0.5306299066,0.1050347222
0.5306299066,0.1012731481
0.5796420850,0.1087962963
0.5306299066,0.1125578704
0.5306299066,0.1087962963
0.5796420850,0.1163194444
0.5306299066,0.1200810185
0.5306299066,0.1163194444
0.5796420850,0.1238425926
0.5306299066,0.1276041667
0.5306299066,0.1238425926
0.5796420850,0.1313657407
0.5306299066,0.1351273148
0.5306299066,0.1313657407
0.5796420850,0.1388888889
0.5306299066,0.1426504630
0.5306299066,0.1388888889
0.5796420850,0.1464120370
0.5306299066,0.1501736111
0.5306299066,0.1464120370
0.5796420850,0.1539351852
0.5306299066,0.1576967593
0.5306299066,0.1539351852
0.5796420850,0.1614583333
0.5306299066,0.1652199074
0.5306299066,0.1614583333
0.5796420850,0.1689814815
0.5306299066,0.1727430556
0.5306299066,0.1689814815
0.5796420850,0.1765046296
0.5306299066,0.1802662037
0.5306299066,0.1765046296
0.5796420850,0.1840277778
0.5306299066,0.1877893519
0.5306299066,0.1840277778
0.5796420850,0.1915509259
0.5306299066,0.1953125000
0.5306299066,0.1915509259
0.5796420850,0.1990740741
0.5306299066,0.2028356481
0.5306299066,0.1990740741
0.5796420850,0.2065972222
0.5306299066,0.2103587963
0.5306299066,0.2065972222
0.5796420850,0.2141203704
0.5306299066,0.2178819444
0.5306299066,0.2141203704
0.5796420850,0.2216435185
0.5306299066,0.2254050926
0.5306299066,0.2216435185
0.5796420850,0.2291666667
0.5306299066,0.2329282407
0.5306299066,0.2291666667
0.5796420850,0.2366898148
0.5306299066,0.2404513889
0.5306299066,0.2366898148
0.5796420850,0.2442129630
0.5306299066,0.2479745370
0.5306299066,0.2442129630
0.5796420850,0.2517361111
0.5306299066,0.2554976852
0.5306299066,0.2517361111
0.5796420850,0.2592592593
0.5306299066,0.2630208333
0.5306299066,0.2592592593
0.5796420850,0.2667824074
0.5306299066,0.2705439815
0.5306299066,0.2667824074
0.5796420850,0.2743055556
0.5306299066,0.2780671296
0.5306299066,0.2743055556
0.5796420850,0.2818287037
0.5306299066,0.2855902778
0.5306299066,0.2818287037
0.5796420850,0.2893518519
0.5306299066,0.2931134259
0.5306299066,0.2893518519
0.5796420850,0.2968750000
0.5306299066,0.3006365741
0.5306299066,0.2968750000
0.5796420850,0.3043981481
0.5306299066,0.3081597222
0.5306299066,0.3043981481
0.5796420850,0.3119212963
0.5306299066,0.3156828704
0.5306299066,0.3119212963
0.5796420850,0.3194444444
0.5306299066,0.3232060185
0.5306299066,0.3194444444
0.5796420850,0.3269675926
0.5306299066,0.3307291667
0.5306299066,0.3269675926
0.5796420850,0.3344907407
0.5306299066,0.3382523148
0.5306299066,0.3344907407
0.5796420850,0.3420138889
0.5306299066,0.3457754630
0.5306299066,0.3420138889
0.5796420850,0.3495370370
0.5306299066,0.3532986111
0.5306299066,0.3495370370
0.5796420850,0.3570601852
0.5306299066,0.3608217593
0.5306299066,0.3570601852
0.5796420850,0.3645833333
0.5306299066,0.3683449074
0.5306299066,0.3645833333
0.5796420850,0.3721064815
0.5306299066,0.3758680556
0.5306299066,0.3721064815
0.5796420850,0.3796296296
0.5306299066,0.3833912037
0.5306299066,0.3796296296
0.5796420850,0.3871527778
0.5306299066,0.3909143519
0.5306299066,0.3871527778
0.5796420850,0.3946759259
0.5306299066,0.3984375000
0.5306299066,0.3946759259
0.5796420850,0.4021990741
0.5306299066,0.4059606481
0.5306299066,0.4021990741
0.5796420850,0.4097222222
0.5306299066,0.4134837963
0.5306299066,0.4097222222
0.5796420850,0.4172453704
0.5306299066,0.4210069444
0.5306299066,0.4172453704
0.5796420850,0.4247685185
0.5306299066,0.4285300926
0.5306299066,0.4247685185
0.5796420850,0.4322916667
0.5306299066,0.4360532407
0.5306299066,0.4322916667
0.5796420850,0.4398148148
0.5306299066,0.4435763889
0.5306299066,0.4398148148
0.5796420850,0.4473379630
0.5306299066,0.4510995370
0.5306299066,0.4473379630
0.5796420850,0.4548611111
0.5306299066,0.4586226852
0.5306299066,0.4548611111
0.5796420850,0.4623842593
0.5306299066,0.4661458333
0.5306299066,0.4623842593
0.5796420850,0.4699074074
0.5306299066,0.4736689815
0.5306299066,0.4699074074
0.5796420850,0.4774305556
0.5306299066,0.4811921296
0.5306299066,0.4774305556
0.5796420850,0.4849537037
0.5306299066,0.4887152778
0.5306299066,0.4849537037
0.5796420850,0.4924768519
0.5306299066,0.4962384259
0.5306299066,0.4924768519
0.5796420850,0.5000000000
0.5306299066,0.5037615741
0.5306299066,0.5000000000
0.5796420850,0.5075231481
0.5306299066,0.5112847222
0.5306299066,0.5075231481
0.5796420850,0.5150462963
0.5306299066,0.5188078704
0.5306299066,0.5150462963
0.5796420850,0.5225694444
0.5306299066,0.5263310185
0.5306299066,0.5225694444
0.5796420850,0.5300925926
0.5306299066,0.5338541667
0.5306299066,0.5300925926
0.5796420850,0.5376157407
0.5306299066,0.5413773148
0.5306299066,0.5376157407
0.5796420850,0.5451388889
0.5306299066,0.5489004630
0.5306299066,0.5451388889
0.5796420850,0.5526620370
0.5306299066,0.5564236111
0.5306299066,0.5526620370
0.5796420850,0.5601851852
0.5306299066,0.5639467593
0.5306299066,0.5601851852
0.5796420850,0.5677083333
0.5306299066,0.5714699074
0.5306299066,0.5677083333
0.5796420850,0.5752314815
0.5306299066,0.5789930556
0.5306299066,0.5752314815
0.5796420850,0.5827546296
0.5306299066,0.5865162037
0.5306299066,0.5827546296
0.5796420850,0.5902777778
0.5306299066,0.5940393519
0.5306299066,0.5902777778
0.5796420850,0.5978009259
0.5306299066,0.6015625000
0.5306299066,0.5978009259
0.5796420850,0.6053240741
0.5306299066,0.6090856481
0.5306299066,0.6053240741
0.5796420850,0.6128472222
0.5306299066,0.6166087963
0.5306299066,0.6128472222
0.5796420850,0.6203703704
0.5306299066,0.6241319444
0.5306299066,0.6203703704
0.5796420850,0.6278935185
0.5306299066,0.6316550926
0.5306299066,0.6278935185
0.5796420850,0.6354166667
0.5306299066,0.6391782407
0.5306299066,0.6354166667
0.5796420850,0.6429398148
0.5306299066,0.6467013889
0.5306299066,0.6429398148
0.5796420850,0.6504629630
0.5306299066,0.6542245370
0.5306299066,0.6504629630
0.5796420850,0.6579861111
0.5306299066,0.6617476852
0.5306299066,0.6579861111
0.5796420850,0.6655092593
0.5306299066,0.6692708333
0.5306299066,0.6655092593
0.5796420850,0.6730324074
0.5306299066,0.6767939815
0.5306299066,0.6730324074
0.5796420850,0.6805555556
0.5306299066,0.6843171296
0.5306299066,0.6805555556
0.5796420850,0.6880787037
0.5306299066,0.6918402778
0.5306299066,0.6880787037
0.5796420850,0.6956018519
0.5306299066,0.6993634259
0.5306299066,0.6956018519
0.5796420850,0.7031250000
0.5306299066,0.7068865741
0.5306299066,0.7031250000
0.5796420850,0.7106481481
0.5306299066,0.7144097222
0.5306299066,0.7106481481
0.5796420850,0.7181712963
0.5306299066,0.7219328704
0.5306299066,0.7181712963
0.5796420850,0.7256944444
0.5306299066,0.7294560185
0.5306299066,0.7256944444
0.5796420850,0.7332175926
0.5306299066,0.7369791667
0.5306299066,0.7332175926
0.5796420850,0.7407407407
0.5306299066,0.7445023148
0.5306299066,0.7407407407
0.5796420850,0.7482638889
0.5306299066,0.7520254630
0.5306299066,0.7482638889
0.5796420850,0.7557870370
0.5306299066,0.7595486111
0.5306299066,0.7557870370
0.5796420850,0.7633101852
0.5306299066,0.7670717593
0.5306299066,0.7633101852
0.5796420850,0.7708333333
0.5306299066,0.7745949074
0.5306299066,0.7708333333
0.5796420850,0.7783564815
0.5306299066,0.7821180556
0.5306299066,0.7783564815
0.5796420850,0.7858796296
0.5306299066,0.7896412037
0.5306299066,0.7858796296
0.5796420850,0.7934027778
0.5306299066,0.7971643519
0.5306299066,0.7934027778
0.5796420850,0.8009259259
0.5306299066,0.8046875000
0.5306299066,0.8009259259
0.5796420850,0.8084490741
0.5306299066,0.8122106481
0.5306299066,0.8084490741
0.5796420850,0.8159722222
0.5306299066,0.8197337963
0.5306299066,0.8159722222
0.5796420850,0.8234953704
0.5306299066,0.8272569444
0.5306299066,0.8234953704
0.5796420850,0.8310185185
0.5306299066,0.8347800926
0.5306299066,0.8310185185
0.5796420850,0.8385416667
0.5306299066,0.8423032407
0.5306299066,0.8385416667
0.5796420850,0.8460648148
0.5306299066,0.8498263889
0.5306299066,0.8460648148
0.5796420850,0.8535879630
0.5306299066,0.8573495370
0.5306299066,0.8535879630
0.5796420850,0.8611111111
0.5306299066,0.8648726852
0.5306299066,0.8611111111
0.5796420850,0.8686342593
0.5306299066,0.8723958333
0.5306299066,0.8686342593
0.5796420850,0.8761574074
0.5306299066,0.8799189815
0.5306299066,0.8761574074
0.5796420850,0.8836805556
0.5306299066,0.8874421296
0.5306299066,0.8836805556
0.5796420850,0.8912037037
0.5306299066,0.8949652778
0.5306299066,0.8912037037
0.5796420850,0.8987268519
0.5306299066,0.9024884259
0.5306299066,0.8987268519
0.5796420850,0.9062500000
0.5306299066,0.9100115741
0.5306299066,0.9062500000
0.5796420850,0.9137731481
0.5306299066,0.9175347222
0.5306299066,0.9137731481
0.5796420850,0.9212962963
0.5306299066,0.9250578704
0.5306299066,0.9212962963
0.5796420850,0.9288194444
0.5306299066,0.9325810185
0.5306299066,0.9288194444
0.5796420850,0.9363425926
0.5306299066,0.9401041667
0.5306299066,0.9363425926
0.5796420850,0.9438657407
0.5306299066,0.9476273148
0.5306299066,0.9438657407
0.5796420850,0.9513888889
0.5306299066,0.9551504630
0.5306299066,0.9513888889
0.5796420850,0.9589120370
0.5306299066,0.9626736111
0.5306299066,0.9589120370
0.5796420850,0.9664351852
0.5306299066,0.9701967593
0.5306299066,0.9664351852
0.5796420850,0.9739583333
0.5306299066,0.9777199074
0.5306299066,0.9739583333
0.5796420850,0.9814814815
0.5306299066,0.9852430556
0.5306299066,0.9814814815
0.5796420850,0.9890046296
0.5306299066,0.9927662037
0.5306299066,0.9890046296
0.5796420850,0.9965277778
0.5306299066,1.0002893519
0.5306299066,0.9965277778
0.5796420850,1.0040509259
0.5306299066,1.0040509259
0.6972713169,-0.0040509259
0.6384567010,-0.0002893519
0.6384567010,-0.0040509259
0.6972713169,0.0034722222
0.6384567010,0.0072337963
0.6384567010,0.0034722222
0.6972713169,0.0109953704
0.6384567010,0.0147569444
0.6384567010,0.0109953704
0.6972713169,0.0185185185
0.6384567010,0.0222800926
0.6384567010,0.0185185185
0.6972713169,0.0260416667
0.6384567010,0.0298032407
0.6384567010,0.0260416667
0.6972713169,0.0335648148
0.6384567010,0.0373263889
0.6384567010,0.0335648148
0.6972713169,0.0410879630
0.6384567010,0.0448495370
0.6384567010,0.0410879630
0.6972713169,0.0486111111
0.6384567010,0.0523726852
0.6384567010,0.0486111111
0.6972713169,0.0561342593
0.6384567010,0.0598958333
0.6384567010,0.0561342593
0.6972713169,0.0636574074
0.6384567010,0.0674189815
0.6384567010,0.0636574074
0.6972713169,0.0711805556
0.6384567010,0.0749421296
0.6384567010,0.0711805556
0.6972713169,0.0787037037
0.6384567010,0.0824652778
0.6384567010,0.0787037037
0.6972713169,0.0862268519
0.6384567010,0.0899884259
0.6384567010,0.0862268519
0.6972713169,0.0937500000
0.6384567010,0.0975115741
0.6384567010,0.0937500000
0.6972713169,0.1012731481
0.6384567010,0.1050347222
0.6384567010,0.1012731481
0.6972713169,0.1087962963
0.6384567010,0.1125578704
0.6384567010,0.1087962963
0.6972713169,0.1163194444
0.6384567010,0.1200810185
0.6384567010,0.1163194444
0.6972713169,0.1238425926
0.6384567010,0.1276041667
0.6384567010,0.1238425926
0.6972713169,0.1313657407
0.6384567010,0.1351273148
0.6384567010,0.1313657407
0.6972713169,0.1388888889
0.6384567010,0.1426504630
0.6384567010,0.1388888889
0.6972713169,0.1464120370
0.6384567010,0.1501736111
0.6384567010,0.1464120370
0.6972713169,0.1539351852
0.6384567010,0.1576967593
0.6384567010,0.1539351852
0.6972713169,0.1614583333
0.6384567010,0.1652199074
0.6384567010,0.1614583333
0.6972713169,0.1689814815
0.6384567010,0.1727430556
0.6384567010,0.1689814815
0.6972713169,0.1765046296
0.6384567010,0.1802662037
0.6384567010,0.1765046296
0.6972713169,0.1840277778
0.6384567010,0.1877893519
0.6384567010,0.1840277778
0.6972713169,0.1915509259
0.6384567010,0.1953125000
0.6384567010,0.1915509259
0.6972713169,0.1990740741
0.6384567010,0.2028356481
0.6384567010,0.1990740741
0.6972713169,0.2065972222
0.6384567010,0.2103587963
0.6384567010,0.2065972222
0.6972713169,0.2141203704
0.6384567010,0.2178819444
0.6384567010,0.2141203704
0.6972713169,0.2216435185
0.6384567010,0.2254050926
0.6384567010,0.2216435185
0.6972713169,0.2291666667
0.6384567010,0.2329282407
0.6384567010,0.2291666667
0.6972713169,0.2366898148
0.6384567010,0.2404513889
0.6384567010,0.2366898148
0.6972713169,0.2442129630
0.6384567010,0.2479745370
0.6384567010,0.2442129630
0.6972713169,0.2517361111
0.6384567010,0.2554976852
0.6384567010,0.2517361111
0.6972713169,0.2592592593
0.6384567010,0.2630208333
0.6384567010,0.2592592593
0.6972713169,0.2667824074
0.6384567010,0.2705439815
0.6384567010,0.2667824074
0.6972713169,0.2743055556
0.6384567010,0.2780671296
0.6384567010,0.2743055556
0.6972713169,0.2818287037
0.6384567010,0.2855902778
0.6384567010,0.2818287037
0.6972713169,0.2893518519
0.6384567010,0.2931134259
0.6384567010,0.2893518519
0.6972713169,0.2968750000
0.6384567010,0.3006365741
0.6384567010,0.2968750000
0.6972713169,0.3043981481
0.6384567010,0.3081597222
0.6384567010,0.3043981481
0.6972713169,0.3119212963
0.6384567010,0.3156828704
0.6384567010,0.3119212963
0.6972713169,0.3194444444
0.6384567010,0.3232060185
0.6384567010,0.3194444444
0.6972713169,0.3269675926
0.6384567010,0.3307291667
0.6384567010,0.3269675926
0.6972713169,0.3344907407
0.6384567010,0.3382523148
0.6384567010,0.3344907407
0.6972713169,0.3420138889
0.6384567010,0.3457754630
0.6384567010,0.3420138889
0.6972713169,0.3495370370
0.6384567010,0.3532986111
0.6384567010,0.3495370370
0.6972713169,0.3570601852
0.6384567010,0.3608217593
0.6384567010,0.3570601852
0.6972713169,0.3645833333
0.6384567010,0.3683449074
0.6384567010,0.3645833333
0.6972713169,0.3721064815
0.6384567010,0.3758680556
0.6384567010,0.3721064815
0.6972713169,0.3796296296
0.6384567010,0.3833912037
0.6384567010,0.3796296296
0.6972713169,0.3871527778
0.6384567010,0.3909143519
0.6384567010,0.3871527778
0.6972713169,0.3946759259
0.6384567010,0.3984375000
0.6384567010,0.3946759259
0.6972713169,0.4021990741
0.6384567010,0.4059606481
0.6384567010,0.4021990741
0.6972713169,0.4097222222
0.6384567010,0.4134837963
0.6384567010,0.4097222222
0.6972713169,0.4172453704
0.6384567010,0.4210069444
0.6384567010,0.4172453704
0.6972713169,0.4247685185
0.6384567010,0.4285300926
0.6384567010,0.4247685185
0.6972713169,0.4322916667
0.6384567010,0.4360532407
0.6384567010,0.4322916667
0.6972713169,0.4398148148
0.6384567010,0.4435763889
0.6384567010,0.4398148148
0.6972713169,0.4473379630
0.6384567010,0.4510995370
0.6384567010,0.4473379630
0.6972713169,0.4548611111
0.6384567010,0.4586226852
0.6384567010,0.4548611111
0.6972713169,0.4623842593
0.6384567010,0.4661458333
0.6384567010,0.4623842593
0.6972713169,0.4699074074
0.6384567010,0.4736689815
0.6384567010,0.4699074074
0.6972713169,0.4774305556
0.6384567010,0.4811921296
0.6384567010,0.4774305556
0.6972713169,0.4849537037
0.6384567010,0.4887152778
0.6384567010,0.4849537037
0.6972713169,0.4924768519
0.6384567010,0.4962384259
0.6384567010,0.4924768519
0.6972713169,0.5000000000
0.6384567010,0.5037615741
0.6384567010,0.5000000000
0.6972713169,0.5075231481
0.6384567010,0.5112847222
0.6384567010,0.5075231481
0.6972713169,0.5150462963
0.6384567010,0.5188078704
0.6384567010,0.5150462963
0.6972713169,0.5225694444
0.6384567010,0.5263310185
0.6384567010,0.5225694444
0.6972713169,0.5300925926
0.6384567010,0.5338541667
0.6384567010,0.5300925926
0.6972713169,0.5376157407
0.6384567010,0.5413773148
0.6384567010,0.5376157407
0.6972713169,0.5451388889
0.6384567010,0.5489004630
0.6384567010,0.5451388889
0.6972713169,0.5526620370
0.6384567010,0.5564236111
0.6384567010,0.5526620370
0.6972713169,0.5601851852
0.6384567010,0.5639467593
0.6384567010,0.5601851852
0.6972713169,0.5677083333
0.6384567010,0.5714699074
0.6384567010,0.5677083333
0.6972713169,0.5752314815
0.6384567010,0.5789930556
0.6384567010,0.5752314815
0.6972713169,0.5827546296
0.6384567010,0.5865162037
0.6384567010,0.5827546296
0.6972713169,0.5902777778
0.6384567010,0.5940393519
0.6384567010,0.5902777778
0.6972713169,0.5978009259
0.6384567010,0.6015625000
0.6384567010,0.5978009259
0.6972713169,0.6053240741
0.6384567010,0.6090856481
0.6384567010,0.6053240741
0.6972713169,0.6128472222
0.6384567010,0.6166087963
0.6384567010,0.6128472222
0.6972713169,0.6203703704
0.6384567010,0.6241319444
0.6384567010,0.6203703704
0.6972713169,0.6278935185
0.6384567010,0.6316550926
0.6384567010,0.6278935185
0.6972713169,0.6354166667
0.6384567010,0.6391782407
0.6384567010,0.6354166667
0.6972713169,0.6429398148
0.6384567010,0.6467013889
0.6384567010,0.6429398148
0.6972713169,0.6504629630
0.6384567010,0.6542245370
0.6384567010,0.6504629630
0.6972713169,0.6579861111
0.6384567010,0.6617476852
0.6384567010,0.6579861111
0.6972713169,0.6655092593
0.6384567010,0.6692708333
0.6384567010,0.6655092593
0.6972713169,0.6730324074
0.6384567010,0.6767939815
0.6384567010,0.6730324074
0.6972713169,0.6805555556
0.6384567010,0.6843171296
0.6384567010,0.6805555556
0.6972713169,0.6880787037
0.6384567010,0.6918402778
0.6384567010,0.6880787037
0.6972713169,0.6956018519
0.6384567010,0.6993634259
0.6384567010,0.6956018519
0.6972713169,0.7031250000
0.6384567010,0.7068865741
0.6384567010,0.7031250000
0.6972713169,0.7106481481
0.6384567010,0.7144097222
0.6384567010,0.7106481481
0.6972713169,0.7181712963
0.6384567010,0.7219328704
0.6384567010,0.7181712963
0.6972713169,0.7256944444
0.6384567010,0.7294560185
0.6384567010,0.7256944444
0.6972713169,0.7332175926
0.6384567010,0.7369791667
0.6384567010,0.7332175926
0.6972713169,0.7407407407
0.6384567010,0.7445023148
0.6384567010,0.7407407407
0.6972713169,0.7482638889
0.6384567010,0.7520254630
0.6384567010,0.7482638889
0.6972713169,0.7557870370
0.6384567010,0.7595486111
0.6384567010,0.7557870370
0.6972713169,0.7633101852
0.6384567010,0.7670717593
0.6384567010,0.7633101852
0.6972713169,0.7708333333
0.6384567010,0.7745949074
0.6384567010,0.7708333333
0.6972713169,0.7783564815
0.6384567010,0.7821180556
0.6384567010,0.7783564815
0.6972713169,0.7858796296
0.6384567010,0.7896412037
0.6384567010,0.7858796296
0.6972713169,0.7934027778
0.6384567010,0.7971643519
0.6384567010,0.7934027778
0.6972713169,0.8009259259
0.6384567010,0.8046875000
0.6384567010,0.8009259259
0.6972713169,0.8084490741
0.6384567010,0.8122106481
0.6384567010,0.8084490741
0.6972713169,0.8159722222
0.6384567010,0.8197337963
0.6384567010,0.8159722222
0.6972713169,0.8234953704
0.6384567010,0.8272569444
0.6384567010,0.8234953704
0.6972713169,0.8310185185
0.6384567010,0.8347800926
0.6384567010,0.8310185185
0.6972713169,0.8385416667
0.6384567010,0.8423032407
0.6384567010,0.8385416667
0.6972713169,0.8460648148
0.6384567010,0.8498263889
0.6384567010,0.8460648148
0.6972713169,0.8535879630
0.6384567010,0.8573495370
0.6384567010,0.8535879630
0.6972713169,0.8611111111
0.6384567010,0.8648726852
0.6384567010,0.8611111111
0.6972713169,0.8686342593
0.6384567010,0.8723958333
0.6384567010,0.8686342593
0.6972713169,0.8761574074
0.6384567010,0.8799189815
0.6384567010,0.8761574074
0.6972713169,0.8836805556
0.6384567010,0.8874421296
0.6384567010,0.8836805556
0.6972713169,0.8912037037
0.6384567010,0.8949652778
0.6384567010,0.8912037037
0.6972713169,0.8987268519
0.6384567010,0.9024884259
0.6384567010,0.8987268519
0.6972713169,0.9062500000
0.6384567010,0.9100115741
0.6384567010,0.9062500000
0.6972713169,0.9137731481
0.6384567010,0.9175347222
0.6384567010,0.9137731481
0.6972713169,0.9212962963
0.6384567010,0.9250578704
0.6384567010,0.9212962963
0.6972713169,0.9288194444
0.6384567010,0.9325810185
0.6384567010,0.9288194444
0.6972713169,0.9363425926
0.6384567010,0.9401041667
0.6384567010,0.9363425926
0.6972713169,0.9438657407
0.6384567010,0.9476273148
0.6384567010,0.9438657407
0.6972713169,0.9513888889
0.6384567010,0.9551504630
0.6384567010,0.9513888889
0.6972713169,0.9589120370
0.6384567010,0.9626736111
0.6384567010,0.9589120370
0.6972713169,0.9664351852
0.6384567010,0.9701967593
0.6384567010,0.9664351852
0.6972713169,0.9739583333
0.6384567010,0.9777199074
0.6384567010,0.9739583333
0.6972713169,0.9814814815
0.6384567010,0.9852430556
0.6384567010,0.9814814815
0.6972713169,0.9890046296
0.6384567010,0.9927662037
0.6384567010,0.9890046296
0.6972713169,0.9965277778
0.6384567010,1.0002893519
0.6384567010,0.9965277778
0.6972713169,1.0040509259
0.6384567010,1.0040509259
0.8384263984,-0.0040509259
0.7678488577,-0.0002893519
0.7678488577,-0.0040509259
0.8384263984,0.0034722222
0.7678488577,0.0072337963
0.7678488577,0.0034722222
0.8384263984,0.0109953704
0.7678488577,0.0147569444
0.7678488577,0.0109953704
0.8384263984,0.0185185185
0.7678488577,0.0222800926
0.7678488577,0.0185185185
0.8384263984,0.0260416667
0.7678488577,0.0298032407
0.7678488577,0.0260416667
0.8384263984,0.0335648148
0.7678488577,0.0373263889
0.7678488577,0.0335648148
0.8384263984,0.0410879630
0.7678488577,0.0448495370
0.7678488577,0.0410879630
0.8384263984,0.0486111111
0.7678488577,0.0523726852
0.7678488577,0.0486111111
0.8384263984,0.0561342593
0.7678488577,0.0598958333
0.7678488577,0.0561342593
0.8384263984,0.0636574074
0.7678488577,0.0674189815
0.7678488577,0.0636574074
0.8384263984,0.0711805556
0.7678488577,0.0749421296
0.7678488577,0.0711805556
0.8384263984,0.0787037037
0.7678488577,0.0824652778
0.7678488577,0.0787037037
0.8384263984,0.0862268519
0.7678488577,0.0899884259
0.7678488577,0.0862268519
0.8384263984,0.0937500000
0.7678488577,0.0975115741
0.7678488577,0.0937500000
0.8384263984,0.1012731481
0.7678488577,0.1050347222
0.7678488577,0.1012731481
0.8384263984,0.1087962963
0.7678488577,0.1125578704
0.7678488577,0.1087962963
0.8384263984,0.1163194444
0.7678488577,0.1200810185
0.7678488577,0.1163194444
0.8384263984,0.1238425926
0.7678488577,0.1276041667
0.7678488577,0.1238425926
0.8384263984,0.1313657407
0.7678488577,0.1351273148
0.7678488577,0.1313657407
0.8384263984,0.1388888889
0.7678488577,0.1426504630
0.7678488577,0.1388888889
0.8384263984,0.1464120370
0.7678488577,0.1501736111
0.7678488577,0.1464120370
0.8384263984,0.1539351852
0.7678488577,0.1576967593
0.7678488577,0.1539351852
0.8384263984,0.1614583333
0.7678488577,0.1652199074
0.7678488577,0.1614583333
0.8384263984,0.1689814815
0.7678488577,0.1727430556
0.7678488577,0.1689814815
0.8384263984,0.1765046296
0.7678488577,0.1802662037
0.7678488577,0.1765046296
0.8384263984,0.1840277778
0.7678488577,0.1877893519
0.7678488577,0.1840277778
0.8384263984,0.1915509259
0.7678488577,0.1953125000
0.7678488577,0.1915509259
0.8384263984,0.1990740741
0.7678488577,0.2028356481
0.7678488577,0.1990740741
0.8384263984,0.2065972222
0.7678488577,0.2103587963
0.7678488577,0.2065972222
0.8384263984,0.2141203704
0.7678488577,0.2178819444
0.7678488577,0.2141203704
0.8384263984,0.2216435185
0.7678488577,0.2254050926
0.7678488577,0.2216435185
0.8384263984,0.2291666667
0.7678488577,0.2329282407
0.7678488577,0.2291666667
0.8384263984,0.2366898148
0.7678488577,0.2404513889
0.7678488577,0.2366898148
0.8384263984,0.2442129630
0.7678488577,0.2479745370
0.7678488577,0.2442129630
0.8384263984,0.2517361111
0.7678488577,0.2554976852
0.7678488577,0.2517361111
0.8384263984,0.2592592593
0.7678488577,0.2630208333
0.7678488577,0.2592592593
0.8384263984,0.2667824074
0.7678488577,0.2705439815
0.7678488577,0.2667824074
0.8384263984,0.2743055556
0.7678488577,0.2780671296
0.7678488577,0.2743055556
0.8384263984,0.2818287037
0.7678488577,0.2855902778
0.7678488577,0.2818287037
0.8384263984,0.2893518519
0.7678488577,0.2931134259
0.7678488577,0.2893518519
0.8384263984,0.2968750000
0.7678488577,0.3006365741
0.7678488577,0.2968750000
0.8384263984,0.3043981481
0.7678488577,0.3081597222
0.7678488577,0.3043981481
0.8384263984,0.3119212963
0.7678488577,0.3156828704
0.7678488577,0.3119212963
0.8384263984,0.3194444444
0.7678488577,0.3232060185
0.7678488577,0.3194444444
0.8384263984,0.3269675926
0.7678488577,0.3307291667
0.7678488577,0.3269675926
0.8384263984,0.3344907407
0.7678488577,0.3382523148
0.7678488577,0.3344907407
0.8384263984,0.3420138889
0.7678488577,0.3457754630
0.7678488577,0.3420138889
0.8384263984,0.3495370370
0.7678488577,0.3532986111
0.7678488577,0.3495370370
0.8384263984,0.3570601852
0.7678488577,0.3608217593
0.7678488577,0.3570601852
0.8384263984,0.3645833333
0.7678488577,0.3683449074
0.7678488577,0.3645833333
0.8384263984,0.3721064815
0.7678488577,0.3758680556
0.7678488577,0.3721064815
0.8384263984,0.3796296296
0.7678488577,0.3833912037
0.7678488577,0.3796296296
0.8384263984,0.3871527778
0.7678488577,0.3909143519
0.7678488577,0.3871527778
0.8384263984,0.3946759259
0.7678488577,0.3984375000
0.7678488577,0.3946759259
0.8384263984,0.4021990741
0.7678488577,0.4059606481
0.7678488577,0.4021990741
0.8384263984,0.4097222222
0.7678488577,0.4134837963
0.7678488577,0.4097222222
0.8384263984,0.4172453704
0.7678488577,0.4210069444
0.7678488577,0.4172453704
0.8384263984,0.4247685185
0.7678488577,0.4285300926
0.7678488577,0.4247685185
0.8384263984,0.4322916667
0.7678488577,0.4360532407
0.7678488577,0.4322916667
0.8384263984,0.4398148148
0.7678488577,0.4435763889
0.7678488577,0.4398148148
0.8384263984,0.4473379630
0.7678488577,0.4510995370
0.7678488577,0.4473379630
0.8384263984,0.4548611111
0.7678488577,0.4586226852
0.7678488577,0.4548611111
0.8384263984,0.4623842593
0.7678488577,0.4661458333
0.7678488577,0.4623842593
0.8384263984,0.4699074074
0.7678488577,0.4736689815
0.7678488577,0.4699074074
0.8384263984,0.4774305556
0.7678488577,0.4811921296
0.7678488577,0.4774305556
0.8384263984,0.4849537037
0.7678488577,0.4887152778
0.7678488577,0.4849537037
0.8384263984,0.4924768519
0.7678488577,0.4962384259
0.7678488577,0.4924768519
0.8384263984,0.5000000000
0.7678488577,0.5037615741
0.7678488577,0.5000000000
0.8384263984,0.5075231481
0.7678488577,0.5112847222
0.7678488577,0.5075231481
0.8384263984,0.5150462963
0.7678488577,0.5188078704
0.7678488577,0.5150462963
0.8384263984,0.5225694444
0.7678488577,0.5263310185
0.7678488577,0.5225694444
0.8384263984,0.5300925926
0.7678488577,0.5338541667
0.7678488577,0.5300925926
0.8384263984,0.5376157407
0.7678488577,0.5413773148
0.7678488577,0.5376157407
0.8384263984,0.5451388889
0.7678488577,0.5489004630
0.7678488577,0.5451388889
0.8384263984,0.5526620370
0.7678488577,0.5564236111
0.7678488577,0.5526620370
0.8384263984,0.5601851852
0.7678488577,0.5639467593
0.7678488577,0.5601851852
0.8384263984,0.5677083333
0.7678488577,0.5714699074
0.7678488577,0.5677083333
0.8384263984,0.5752314815
0.7678488577,0.5789930556
0.7678488577,0.5752314815
0.8384263984,0.5827546296
0.7678488577,0.5865162037
0.7678488577,0.5827546296
0.8384263984,0.5902777778
0.7678488577,0.5940393519
0.7678488577,0.5902777778
0.8384263984,0.5978009259
0.7678488577,0.6015625000
0.7678488577,0.5978009259
0.8384263984,0.6053240741
0.7678488577,0.6090856481
0.7678488577,0.6053240741
0.8384263984,0.6128472222
0.7678488577,0.6166087963
0.7678488577,0.6128472222
0.8384263984,0.6203703704
0.7678488577,0.6241319444
0.7678488577,0.6203703704
0.8384263984,0.6278935185
0.7678488577,0.6316550926
0.7678488577,0.6278935185
0.8384263984,0.6354166667
0.7678488577,0.6391782407
0.7678488577,0.6354166667
0.8384263984,0.6429398148
0.7678488577,0.6467013889
0.7678488577,0.6429398148
0.8384263984,0.6504629630
0.7678488577,0.6542245370
0.7678488577,0.6504629630
0.8384263984,0.6579861111
0.7678488577,0.6617476852
0.7678488577,0.6579861111
0.8384263984,0.6655092593
0.7678488577,0.6692708333
0.7678488577,0.6655092593
0.8384263984,0.6730324074
0.7678488577,0.6767939815
0.7678488577,0.6730324074
0.8384263984,0.6805555556
0.7678488577,0.6843171296
0.7678488577,0.6805555556
0.8384263984,0.6880787037
0.7678488577,0.6918402778
0.7678488577,0.6880787037
0.8384263984,0.6956018519
0.7678488577,0.6993634259
0.7678488577,0.6956018519
0.8384263984,0.7031250000
0.7678488577,0.7068865741
0.7678488577,0.7031250000
0.8384263984,0.7106481481
0.7678488577,0.7144097222
0.7678488577,0.7106481481
0.8384263984,0.7181712963
0.7678488577,0.7219328704
0.7678488577,0.7181712963
0.8384263984,0.7256944444
0.7678488577,0.7294560185
0.7678488577,0.7256944444
0.8384263984,0.7332175926
0.7678488577,0.7369791667
0.7678488577,0.7332175926
0.8384263984,0.7407407407
0.7678488577,0.7445023148
0.7678488577,0.7407407407
0.8384263984,0.7482638889
0.7678488577,0.7520254630
0.7678488577,0.7482638889
0.8384263984,0.7557870370
0.7678488577,0.7595486111
0.7678488577,0.7557870370
0.8384263984,0.7633101852
0.7678488577,0.7670717593
0.7678488577,0.7633101852
0.8384263984,0.7708333333
0.7678488577,0.7745949074
0.7678488577,0.7708333333
0.8384263984,0.7783564815
0.7678488577,0.7821180556
0.7678488577,0.7783564815
0.8384263984,0.7858796296
0.7678488577,0.7896412037
0.7678488577,0.7858796296
0.8384263984,0.7934027778
0.7678488577,0.7971643519
0.7678488577,0.7934027778
0.8384263984,0.8009259259
0.7678488577,0.8046875000
0.7678488577,0.8009259259
0.8384263984,0.8084490741
0.7678488577,0.8122106481
0.7678488577,0.8084490741
0.8384263984,0.8159722222
0.7678488577,0.8197337963
0.7678488577,0.8159722222
0.8384263984,0.8234953704
0.7678488577,0.8272569444
0.7678488577,0.8234953704
0.8384263984,0.8310185185
0.7678488577,0.8347800926
0.7678488577,0.8310185185
0.8384263984,0.8385416667
0.7678488577,0.8423032407
0.7678488577,0.8385416667
0.8384263984,0.8460648148
0.7678488577,0.8498263889
0.7678488577,0.8460648148
0.8384263984,0.8535879630
0.7678488577,0.8573495370
0.7678488577,0.8535879630
0.8384263984,0.8611111111
0.7678488577,0.8648726852
0.7678488577,0.8611111111
0.8384263984,0.8686342593
0.7678488577,0.8723958333
0.7678488577,0.8686342593
0.8384263984,0.8761574074
0.7678488577,0.8799189815
0.7678488577,0.8761574074
0.8384263984,0.8836805556
0.7678488577,0.8874421296
0.7678488577,0.8836805556
0.8384263984,0.8912037037
0.7678488577,0.8949652778
0.7678488577,0.8912037037
0.8384263984,0.8987268519
0.7678488577,0.9024884259
0.7678488577,0.8987268519
0.8384263984,0.9062500000
0.7678488577,0.9100115741
0.7678488577,0.9062500000
0.8384263984,0.9137731481
0.7678488577,0.9175347222
0.7678488577,0.9137731481
0.8384263984,0.9212962963
0.7678488577,0.9250578704
0.7678488577,0.9212962963
0.8384263984,0.9288194444
0.7678488577,0.9325810185
0.7678488577,0.9288194444
0.8384263984,0.9363425926
0.7678488577,0.9401041667
0.7678488577,0.9363425926
0.8384263984,0.9438657407
0.7678488577,0.9476273148
0.7678488577,0.9438657407
0.8384263984,0.9513888889
0.7678488577,0.9551504630
0.7678488577,0.9513888889
0.8384263984,0.9589120370
0.7678488577,0.9626736111
0.7678488577,0.9589120370
0.8384263984,0.9664351852
0.7678488577,0.9701967593
0.7678488577,0.9664351852
0.8384263984,0.9739583333
0.7678488577,0.9777199074
0.7678488577,0.9739583333
0.8384263984,0.9814814815
0.7678488577,0.9852430556
0.7678488577,0.9814814815
0.8384263984,0.9890046296
0.7678488577,0.9927662037
0.7678488577,0.9890046296
0.8384263984,0.9965277778
0.7678488577,1.0002893519
0.7678488577,0.9965277778
0.8384263984,1.0040509259
0.7678488577,1.0040509259
0.9231194492,-0.0002893519
0.9231194492,-0.0040509259
0.9231194492,0.0072337963
0.9231194492,0.0034722222
0.9231194492,0.0147569444
0.9231194492,0.0109953704
0.9231194492,0.0222800926
0.9231194492,0.0185185185
0.9231194492,0.0298032407
0.9231194492,0.0260416667
0.9231194492,0.0373263889
0.9231194492,0.0335648148
0.9231194492,0.0448495370
0.9231194492,0.0410879630
0.9231194492,0.0523726852
0.9231194492,0.0486111111
0.9231194492,0.0598958333
0.9231194492,0.0561342593
0.9231194492,0.0674189815
0.9231194492,0.0636574074
0.9231194492,0.0749421296
0.9231194492,0.0711805556
0.9231194492,0.0824652778
0.9231194492,0.0787037037
0.9231194492,0.0899884259
0.9231194492,0.0862268519
0.9231194492,0.0975115741
0.9231194492,0.0937500000
0.9231194492,0.1050347222
0.9231194492,0.1012731481
0.9231194492,0.1125578704
0.9231194492,0.1087962963
0.9231194492,0.1200810185
0.9231194492,0.1163194444
0.9231194492,0.1276041667
0.9231194492,0.1238425926
0.9231194492,0.1351273148
0.9231194492,0.1313657407
0.9231194492,0.1426504630
0.9231194492,0.1388888889
0.9231194492,0.1501736111
0.9231194492,0.1464120370
0.9231194492,0.1576967593
0.9231194492,0.1539351852
0.9231194492,0.1652199074
0.9231194492,0.1614583333
0.9231194492,0.1727430556
0.9231194492,0.1689814815
0.9231194492,0.1802662037
0.9231194492,0.1765046296
0.9231194492,0.1877893519
0.9231194492,0.1840277778
0.9231194492,0.1953125000
0.9231194492,0.1915509259
0.9231194492,0.2028356481
0.9231194492,0.1990740741
0.9231194492,0.2103587963
0.9231194492,0.2065972222
0.9231194492,0.2178819444
0.9231194492,0.2141203704
0.9231194492,0.2254050926
0.9231194492,0.2216435185
0.9231194492,0.2329282407
0.9231194492,0.2291666667
0.9231194492,0.2404513889
0.9231194492,0.2366898148
0.9231194492,0.2479745370
0.9231194492,0.2442129630
0.9231194492,0.2554976852
0.9231194492,0.2517361111
0.9231194492,0.2630208333
0.9231194492,0.2592592593
0.9231194492,0.2705439815
0.9231194492,0.2667824074
0.9231194492,0.2780671296
0.9231194492,0.2743055556
0.9231194492,0.2855902778
0.9231194492,0.2818287037
0.9231194492,0.2931134259
0.9231194492,0.2893518519
0.9231194492,0.3006365741
0.9231194492,0.2968750000
0.9231194492,0.3081597222
0.9231194492,0.3043981481
0.9231194492,0.3156828704
0.9231194492,0.3119212963
0.9231194492,0.3232060185
0.9231194492,0.3194444444
0.9231194492,0.3307291667
0.9231194492,0.3269675926
0.9231194492,0.3382523148
0.9231194492,0.3344907407
0.9231194492,0.3457754630
0.9231194492,0.3420138889
0.9231194492,0.3532986111
0.9231194492,0.3495370370
0.9231194492,0.3608217593
0.9231194492,0.3570601852
0.9231194492,0.3683449074
0.9231194492,0.3645833333
0.9231194492,0.3758680556
0.9231194492,0.3721064815
0.9231194492,0.3833912037
0.9231194492,0.3796296296
0.9231194492,0.3909143519
0.9231194492,0.3871527778
0.9231194492,0.3984375000
0.9231194492,0.3946759259
0.9231194492,0.4059606481
0.9231194492,0.4021990741
0.9231194492,0.4134837963
0.9231194492,0.4097222222
0.9231194492,0.4210069444
0.9231194492,0.4172453704
0.9231194492,0.4285300926
0.9231194492,0.4247685185
0.9231194492,0.4360532407
0.9231194492,0.4322916667
0.9231194492,0.4435763889
0.9231194492,0.4398148148
0.9231194492,0.4510995370
0.9231194492,0.4473379630
0.9231194492,0.4586226852
0.9231194492,0.4548611111
0.9231194492,0.4661458333
0.9231194492,0.4623842593
0.9231194492,0.4736689815
0.9231194492,0.4699074074
0.9231194492,0.4811921296
0.9231194492,0.4774305556
0.9231194492,0.4887152778
0.9231194492,0.4849537037
0.9231194492,0.4962384259
0.9231194492,0.4924768519
0.9231194492,0.5037615741
0.9231194492,0.5000000000
0.9231194492,0.5112847222
0.9231194492,0.5075231481
0.9231194492,0.5188078704
0.9231194492,0.5150462963
0.9231194492,0.5263310185
0.9231194492,0.5225694444
0.9231194492,0.5338541667
0.9231194492,0.5300925926
0.9231194492,0.5413773148
0.9231194492,0.5376157407
0.9231194492,0.5489004630
0.9231194492,0.5451388889
0.9231194492,0.5564236111
0.9231194492,0.5526620370
0.9231194492,0.5639467593
0.9231194492,0.5601851852
0.9231194492,0.5714699074
0.9231194492,0.5677083333
0.9231194492,0.5789930556
0.9231194492,0.5752314815
0.9231194492,0.5865162037
0.9231194492,0.5827546296
0.9231194492,0.5940393519
0.9231194492,0.5902777778
0.9231194492,0.6015625000
0.9231194492,0.5978009259
0.9231194492,0.6090856481
0.9231194492,0.6053240741
0.9231194492,0.6166087963
0.9231194492,0.6128472222
0.9231194492,0.6241319444
0.9231194492,0.6203703704
0.9231194492,0.6316550926
0.9231194492,0.6278935185
0.9231194492,0.6391782407
0.9231194492,0.6354166667
0.9231194492,0.6467013889
0.9231194492,0.6429398148
0.9231194492,0.6542245370
0.9231194492,0.6504629630
0.9231194492,0.6617476852
0.9231194492,0.6579861111
0.9231194492,0.6692708333
0.9231194492,0.6655092593
0.9231194492,0.6767939815
0.9231194492,0.6730324074
0.9231194492,0.6843171296
0.9231194492,0.6805555556
0.9231194492,0.6918402778
0.9231194492,0.6880787037
0.9231194492,0.6993634259
0.9231194492,0.6956018519
0.9231194492,0.7068865741
0.9231194492,0.7031250000
0.9231194492,0.7144097222
0.9231194492,0.7106481481
0.9231194492,0.7219328704
0.9231194492,0.7181712963
0.9231194492,0.7294560185
0.9231194492,0.7256944444
0.9231194492,0.7369791667
0.9231194492,0.7332175926
0.9231194492,0.7445023148
0.9231194492,0.7407407407
0.9231194492,0.7520254630
0.9231194492,0.7482638889
0.9231194492,0.7595486111
0.9231194492,0.7557870370
0.9231194492,0.7670717593
0.9231194492,0.7633101852
0.9231194492,0.7745949074
0.9231194492,0.7708333333
0.9231194492,0.7821180556
0.9231194492,0.7783564815
0.9231194492,0.7896412037
0.9231194492,0.7858796296
0.9231194492,0.7971643519
0.9231194492,0.7934027778
0.9231194492,0.8046875000
0.9231194492,0.8009259259
0.9231194492,0.8122106481
0.9231194492,0.8084490741
0.9231194492,0.8197337963
0.9231194492,0.8159722222
0.9231194492,0.8272569444
0.9231194492,0.8234953704
0.9231194492,0.8347800926
0.9231194492,0.8310185185
0.9231194492,0.8423032407
0.9231194492,0.8385416667
0.9231194492,0.8498263889
0.9231194492,0.8460648148
0.9231194492,0.8573495370
0.9231194492,0.8535879630
0.9231194492,0.8648726852
0.9231194492,0.8611111111
0.9231194492,0.8723958333
0.9231194492,0.8686342593
0.9231194492,0.8799189815
0.9231194492,0.8761574074
0.9231194492,0.8874421296
0.9231194492,0.8836805556
0.9231194492,0.8949652778
0.9231194492,0.8912037037
0.9231194492,0.9024884259
0.9231194492,0.8987268519
0.9231194492,0.9100115741
0.9231194492,0.9062500000
0.9231194492,0.9175347222
0.9231194492,0.9137731481
0.9231194492,0.9250578704
0.9231194492,0.9212962963
0.9231194492,0.9325810185
0.9231194492,0.9288194444
0.9231194492,0.9401041667
0.9231194492,0.9363425926
0.9231194492,0.9476273148
0.9231194492,0.9438657407
0.9231194492,0.9551504630
0.9231194492,0.9513888889
0.9231194492,0.9626736111
0.9231194492,0.9589120370
0.9231194492,0.9701967593
0.9231194492,0.9664351852
0.9231194492,0.9777199074
0.9231194492,0.9739583333
0.9231194492,0.9852430556
0.9231194492,0.9814814815
0.9231194492,0.9927662037
0.9231194492,0.9890046296
0.9231194492,1.0002893519
0.9231194492,0.9965277778
0.9231194492,1.0040509259
